"id","studentId","stats","avatar","weekChlId","knowledgeLvl","weekChlScore","weekChlWinner"
1,847,"{""c"":[0.01,0.86,0.72,0.86,0.72,0.86,0.72,0.86],""m"":[[0,0,0,0],[37.71,1324,72,1385],[13.96,112,8,119],[9.79,295,24,315],[6.89,50,3,53],[10.32,63,7,66],[11.42,72,7,78,0.16],[1.17,9,2,11,0.13]],""t"":[[0,0,0,0],[9.35,4.25,3,5],[1.64,1,0,1],[6.37,4.75,5,6],[0.82,0.75,1,1],[0.76,0.5,2,1],[1.31,0.75,1,1],[0,0,0,0,0]],""g"":[[0,0,0,0],[8.06,51,13,64],[2.6,10,14,18],[2.08,8,7,11],[7.28,28,7,32],[11.7,45,5,49],[12.74,49,16,62,0.26],[0,0,0,0,0]],""d"":20501}","g08860102",759,1,"0.00",0
2,851,"{""c"":[0.01,0.57,0.72,0.72,0.72,0.58,0.3,0.86],""m"":[[0,0,0,0],[8.41,157,4,159],[7.54,58,1,59],[7.09,52,1,53],[16.04,116,2,118],[19.4,115,3,118],[7.52,47,3,50],[0,0,0,0,0]],""t"":[[0,0,0,0],[7.71,3,0,3],[1.64,1,0,1],[0.66,1,4,2],[1.97,2.25,7,4],[0.76,0.5,2,1],[0,0,0,0],[0,0,0,0,0]],""g"":[[0,0,0,0],[7.54,29,3,32],[5.72,22,3,25],[1.82,7,1,8],[8.32,32,5,36],[8.32,32,11,42],[1.3,5,33,20],[0,0,0,0,0]],""d"":20500}","x430708c6",759,1,"0.00",0
6,1918,"{""c"":[0,0,0,0.43,0.57,0.29,0.43,0.86],""m"":[[0,0,0,0],[0,0,0,0],[0,0,0,0],[0,161,5,165],[16.8,210,2,212],[19.84,148,14,153],[21.3,213,4,217],[8.26,91,0,91]],""t"":[[0,0,0,0],[0,0,0,0],[0,0,0,0],[0,0,0,0],[0,0,0,0],[0,0,0,0],[0,0,0,0],[0,0,0,0]],""g"":[[0,0,0,0],[0,0,0,0],[0,0,0,0],[0,0,0,0],[0,0,0,0],[0,0,0,0],[0,0,0,0],[0,0,0,0]],""d"":20495}","023484003",729,3,"0.00",0
10,838,"{""c"":[0.01,0.71,0.44,0.58,0,0.72,0.58,0.86],""m"":[[0,0,0,0],[24.34,139,14,151],[18.34,178,11,187],[23.08,172,15,183],[0,0,0,0],[9.08,143,130,159],[15.59,179,12,188],[0,0,0,0,0]],""t"":[[0,0,0,0],[7.86,8,26,13],[0.82,0.75,5,2],[0.66,0.75,6,2],[0,0,0,0],[0,0,4,1],[0,0,0,0],[0,0,0,0,0]],""g"":[[0,0,0,0],[6.5,25,10,29],[8.06,31,6,36],[3.38,13,2,15],[0,0,0,0],[6.24,24,2,26],[10.66,41,13,53],[0,0,0,0,0]],""d"":20500}","x43070003",759,1,"0.00",0
11,834,"{""c"":[0.58,0.71,0.86,0.86,0.72,0.72,0.02,0.86],""m"":[[22.13,118,19,134],[10.14,78,19,94],[12.87,99,7,106],[17.88,133,10,140],[26.79,169,11,180],[14.41,97,14,109],[0,0,0,0],[0,0,0,0,0]],""t"":[[0,0,0,0],[3.86,2.25,4,3],[0.82,0.75,1,1],[4.58,4.25,7,6],[1.64,1,0,1],[3.04,1,0,1],[0,0,0,0],[0,0,0,0,0]],""g"":[[0,0,0,0],[5.2,20,5,24],[6.24,24,1,25],[4.42,17,1,18],[8.06,31,3,33],[8.32,32,0,32],[0,0,0,0],[0,0,0,0,0]],""d"":20500}","w63060003",759,1,"0.00",0
12,833,"{""c"":[0.01,0.01,0.72,0.72,0.72,0.72,0.72,0.86],""m"":[[0,0,0,0],[0,0,0,0],[4.62,90,2,92],[8.82,135,3,137],[14.55,423,6,428],[7.23,138,3,141],[24.48,153,0,153,0.16],[0,0,0,0,0]],""t"":[[0,0,0,0],[0,0,0,0],[8.19,6,0,6],[1.31,1,0,1],[6.88,5,5,6],[1.52,0.75,1,1],[0,0,0,0],[0,0,0,0,0]],""g"":[[0,0,0,0],[0,0,0,0],[4.94,19,2,20],[3.64,14,1,15],[11.44,44,1,45],[7.02,27,4,30],[10.92,42,28,61,0.26],[0,0,0,0,0]],""d"":20500}","878060646",759,1,"0.00",0
13,843,"{""c"":[0.01,0.57,0.72,0.72,0.72,0.58,0.58,0.86],""m"":[[0,0,0,0],[3.22,130,5,135],[9.36,72,11,80],[6.03,45,5,49],[10.11,67,7,73],[20.52,137,3,140],[12.52,97,7,101,0.16],[0,0,0,0,0]],""t"":[[0,0,0,0],[3.04,2.25,6,3],[0.82,0.75,1,1],[1.31,1,0,1],[0.82,0.75,1,1],[0,0,0,0],[0,0,0,0],[0,0,0,0,0]],""g"":[[0,0,0,0],[10.66,41,0,41],[7.54,29,4,31],[1.82,7,3,8],[6.76,26,3,27],[4.42,17,1,18],[14.82,57,26,72,0.26],[0,0,0,0,0]],""d"":20500}","f45086026",759,1,"0.00",0
14,857,"{""c"":[1,1,1,1,1,1,1,1],""m"":[[92.24,329,41,355],[65.23,448,31,478],[128.72,857,43,895],[165.43,1063,49,1107],[160.52,1058,31,1085],[190.1,1190,31,1218],[218.42,1367,50,1416,0.16],[84.94,547,21,568,0.16]],""t"":[[262.78,84.5,30,92],[139.56,65.5,14,69],[204.95,80.75,25,86],[240.9,108.75,17,113],[222.79,97,12,100],[211,89.25,12,92],[165.25,67,5,69,2.43],[140.34,57.75,10,62,2.43]],""g"":[[131.57,262,25,277],[91,350,13,358],[83.46,321,33,343],[78.26,301,44,330],[106.08,408,26,428],[97.5,375,19,390],[105.3,405,63,459,0.26],[26.26,101,20,115,0.26]],""d"":20502}","001181152",759,1,"30.00",2
15,841,"{""c"":[0.58,1,0.86,1,1,1,1,1],""m"":[[11.94,96,5,100],[16.87,139,5,144],[27.02,216,6,222],[18.6,192,10,202],[42.85,429,11,440],[30.09,372,15,386],[117.73,1257,34,1284,0.12],[27.39,303,2,305,0.09]],""t"":[[0,0,0,0],[6.89,2.75,1,3],[1.64,1,0,1],[1.31,1,0,1],[10.16,7.5,2,8],[7.63,4,0,4],[7.02,4.75,1,5,2.43],[1.71,1.5,7,4,1.46]],""g"":[[0,0,0,0],[7.54,29,2,31],[13.78,53,2,55],[13,50,0,50],[21.06,81,1,82],[26.78,103,2,105],[10.66,41,1,42,0.26],[0,0,0,0,0]],""d"":20501}","058569832",759,1,"34.00",0
16,850,"{""c"":[0.86,1,0.86,0.86,0.86,0.86,0.86,1],""m"":[[10.95,85,13,97],[17.68,136,8,144],[15.73,118,22,134],[18.12,141,15,152],[13.04,95,6,101],[16.64,104,5,109],[18.56,116,13,126,0.16],[0,0,0,0,0]],""t"":[[334,192,36,201],[381.57,291.25,29,298],[449.65,340.25,15,344],[268.46,206.5,10,209],[120.54,73.75,1,74],[91.94,58,8,60],[119.44,76.25,6,78,1.64],[179.51,83.75,38,96,2.15]],""g"":[[2.6,10,2,12],[13.78,53,3,55],[8.06,31,4,35],[3.9,15,4,18],[25.48,98,11,107],[20.54,79,3,82],[9.1,35,10,43,0.26],[0,0,0,0,0]],""d"":20501}","j01181953",759,1,"0.00",0
17,846,"{""c"":[0.3,0.86,0.72,0.72,0.72,0.58,0.72,0.86],""m"":[[52.65,135,6,140],[435.43,2734,19,2752],[44.92,295,6,301],[10.79,80,4,84],[8.75,65,5,68],[8.16,51,5,56],[14.4,90,7,94,0.16],[0,0,0,0,0]],""t"":[[0,0,0,0],[116.96,51.25,3,52],[66.42,25.75,1,26],[0,0.25,7,2],[1.64,1,0,1],[0.76,0.5,2,1],[0,0,0,0],[0,0,0,0,0]],""g"":[[0,0,0,0],[9.62,37,3,39],[9.88,38,4,40],[7.54,29,0,29],[8.84,34,2,36],[10.14,39,7,42],[13,50,15,63,0.26],[0,0,0,0,0]],""d"":20500}","k40350023",759,1,"0.00",0
18,853,"{""c"":[0.01,0.71,0.72,0.86,0.72,0.72,0.72,0.86],""m"":[[0,0,0,0],[25.4,195,9,204],[15.86,122,10,131],[34.06,224,14,235],[13.74,118,9,125],[21.26,146,354,160],[26.13,179,12,187,0.15],[0,0,0,0,0]],""t"":[[0,0,0,0],[10.12,7,12,10],[2.13,2,4,3],[13.11,10.75,5,12],[1.64,1.5,2,2],[4.68,2,0,2],[0,0,0,0],[0,0,0,0,0]],""g"":[[0,0,0,0],[5.72,22,2,24],[3.38,13,3,15],[3.9,15,0,15],[8.58,33,3,36],[13.52,52,1,53],[10.92,42,8,48,0.26],[0,0,0,0,0]],""d"":20500}","g68110913",759,1,"0.00",0
19,844,"{""c"":[1,1,1,1,1,1,0.86,1],""m"":[[878.46,5443,100,5539],[511.18,2946,47,2988],[147.64,894,13,904],[59.66,391,7,398],[295.47,1728,8,1736],[655.18,3714,30,3743],[401.38,2272,170,2286,0.16],[2.16,12,0,12,0.18]],""t"":[[0,0,0,0],[0,0.5,25,4],[2.3,2.75,46,7],[1.31,2,20,6],[22.6,19,8,21],[3.04,1,0,1],[0,0,0,0],[0,0,0,0,0]],""g"":[[18.92,33,0,33],[5.98,23,5,26],[6.24,24,13,34],[4.68,18,0,18],[23.4,90,4,94],[5.72,22,5,24],[13.26,51,14,64,0.26],[0,0,0,0,0]],""d"":20500}","j11180333",759,1,"1.00",0
20,840,"{""c"":[0.01,0.71,0.72,0.58,0.72,0.72,0.72,0.86],""m"":[[0,0,0,0],[6.72,144,7,150],[7.02,54,10,60],[30.17,208,20,225],[17.22,281,16,297],[12.42,108,6,112],[18.76,160,15,175,0.16],[0,0,0,0,0]],""t"":[[0,0,0,0],[1.52,1,4,2],[1.64,1,0,1],[1.31,1,0,1],[3.58,2,0,2],[3.04,1,0,1],[0,0,0,0],[0,0,0,0,0]],""g"":[[0,0,0,0],[5.2,20,7,24],[4.42,17,5,20],[3.38,13,2,15],[6.5,25,4,29],[7.8,30,4,34],[4.94,19,14,30,0.26],[0,0,0,0,0]],""d"":20500}","w63060003",759,1,"0.00",0
21,858,"{""c"":[0.01,0.71,0.72,0.72,0.72,0.43,0.72,0.86],""m"":[[0,0,0,0],[14.04,108,2,110],[10.66,82,12,90],[12.15,183,1,184],[21.66,153,4,157],[8.32,52,2,54],[102.26,889,30,916,0.16],[0,0,0,0,0]],""t"":[[0,0,0,0],[4.55,2.25,3,3],[4.04,3,4,4],[6.62,4.5,2,5],[7.38,5.25,3,6],[9.6,5.5,2,6],[3.28,2,0,2],[0,0,0,0,0]],""g"":[[0,0,0,0],[8.58,33,2,35],[5.2,20,2,22],[5.98,23,1,24],[6.5,25,2,27],[0,0,0,0],[9.62,37,2,39,0.26],[0,0,0,0,0]],""d"":20500}","028062443",759,1,"0.00",0
22,849,"{""c"":[0.01,0.57,0.3,0.44,0.72,0.58,0.72,0.86],""m"":[[0,0,0,0],[6.11,47,2,49],[4.68,36,4,39],[4.73,35,3,38],[12.47,134,2,136],[9.53,68,7,74],[16.32,102,9,111,0.16],[0,0,0,0,0]],""t"":[[0,0,0,0],[4.56,2,22,5],[1.64,1,0,1],[1.31,1,4,2],[1.64,1,0,1],[3.04,1,0,1],[0,0,0,0],[0,0,0,0,0]],""g"":[[0,0,0,0],[4.94,19,5,22],[0,0,0,0],[1.82,7,1,8],[6.24,24,1,25],[3.9,15,4,17],[13,50,28,62,0.26],[0,0,0,0,0]],""d"":20500}","880082ba6",759,1,"0.00",0
23,856,"{""c"":[0.72,0.86,0.86,1,0.72,0.57,0.58,0.86],""m"":[[200.68,2242,35,2276],[56.48,632,19,650],[70.44,810,26,835],[58.05,699,21,716],[28.79,192,12,203],[72.72,516,9,525],[35.05,235,19,253,0.16],[0,0,0,0,0]],""t"":[[33.57,29.75,1,30],[3.86,2,4,3],[11.28,7.75,1,8],[7.5,4.5,2,5],[4.55,2.75,1,3],[2.86,2.5,2,3],[0,0,0,0],[0,0,0,0,0]],""g"":[[11.7,45,3,48],[13.26,51,8,57],[11.96,46,7,52],[4.16,16,3,19],[12.22,47,1,48],[16.12,62,1,63],[6.5,25,5,30,0.26],[0,0,0,0,0]],""d"":20500}","943013b41",759,1,"0.00",0
24,855,"{""c"":[0.15,1,0.86,0.72,0.86,0.86,1,1],""m"":[[1.15,83,8,88],[14.75,291,59,336],[19.4,158,28,178],[14.4,147,19,161],[27.67,235,26,256],[57.37,672,47,708],[283.57,2231,120,2339,0.16],[27.12,714,37,751,0.04]],""t"":[[0,0,0,0],[7.86,7.75,31,13],[6.56,4.25,3,5],[2.03,2.5,7,4],[0,0.5,2,1],[7.32,5.5,22,10],[56.4,39.25,33,50,1.64],[0,0,0,0,0]],""g"":[[0,0,0,0],[11.18,43,13,51],[8.84,34,10,40],[7.28,28,1,29],[37.96,146,17,161],[16.84,64,7,70],[40.08,148,53,184,0.26],[3.64,14,2,16,0.26]],""d"":20501}","c45260614",759,1,"18.00",3
25,839,"{""c"":[0.44,0.86,0.72,0.72,1,0.86,0.58,0.86],""m"":[[67.44,216,20,233],[18.72,144,11,155],[60.37,439,28,463],[44.85,336,14,348],[114.98,732,30,757],[89.96,564,18,581],[155.36,971,82,1046,0.16],[0,0,0,0,0]],""t"":[[49.73,14.5,2,15],[31.1,20.5,2,21],[3.86,1.75,1,2],[7.21,6,4,7],[1.64,1,0,1],[32.52,25.25,7,27],[0,0,0,0],[0,0,0,0,0]],""g"":[[0.52,2,0,2],[8.58,33,4,36],[9.36,36,2,38],[7.8,30,1,31],[10.66,41,5,46],[19.5,75,0,75],[7.28,28,2,30,0.26],[0,0,0,0,0]],""d"":20500}","m17280223",759,1,"13.00",0
26,845,"{""c"":[0.15,0.71,0.72,0.72,0.58,0.58,0.72,0.86],""m"":[[0,0,0,0],[15.66,186,7,193],[16.13,116,4,120],[6.43,46,1,47],[7.7,56,0,56],[21.22,125,8,132],[24.91,182,6,188,0.14],[0,0,0,0,0]],""t"":[[0,0,0,0],[6.07,2,4,3],[1.64,1,0,1],[0.66,0.75,5,2],[1.64,1,0,1],[3.04,1,0,1],[0,0,0,0],[0,0,0,0,0]],""g"":[[4.38,6,1,7],[24.18,93,7,100],[8.32,32,1,33],[5.98,23,1,24],[9.62,37,3,40],[13.26,51,1,52],[6.76,26,8,32,0.26],[0,0,0,0,0]],""d"":20500}","m41050090",759,1,"0.00",0
27,854,"{""c"":[0.01,0.71,0.72,0.72,0.72,0.58,0.58,0.86],""m"":[[0,0,0,0],[17.88,156,12,167],[20.28,156,6,162],[15.53,113,3,116],[71.41,409,15,424],[19.2,123,3,126],[32.16,201,2,203,0.16],[0,0,0,0,0]],""t"":[[0,0,0,0],[3.04,1,18,3],[1.64,1,0,1],[0,0.25,3,1],[1.64,1,0,1],[0,0,8,1],[0,0,0,0],[0,0,0,0,0]],""g"":[[0,0,0,0],[5.72,22,2,24],[4.16,16,6,20],[2.86,11,0,11],[7.54,29,0,29],[12.48,48,0,48],[7.28,28,3,30,0.26],[0,0,0,0,0]],""d"":20500}","6414674b3",759,1,"0.00",0
28,842,"{""c"":[0.16,0.71,0.72,0.72,0.72,0.72,0.72,0.86],""m"":[[20.93,161,4,165],[12.4,100,16,110],[18.46,142,12,154],[14.25,105,9,114],[12.87,96,6,102],[10.72,67,5,72],[18.25,115,3,118,0.16],[0,0,0,0,0]],""t"":[[0,0,0,0],[0.82,0.75,9,3],[4.68,2,0,2],[2.52,1.75,1,2],[1.64,1,0,1],[3.04,1,0,1],[0,0,0,0],[0,0,0,0,0]],""g"":[[0,0,0,0],[10.14,39,3,42],[10.4,40,5,42],[4.16,16,2,18],[11.18,43,7,48],[16.12,62,6,68],[13.52,52,16,63,0.26],[0,0,0,0,0]],""d"":20500}","632645a10",759,1,"0.00",0
29,837,"{""c"":[1,1,1,1,1,1,1,1],""m"":[[139.7,860,15,874],[179.23,1208,24,1229],[203.31,1326,20,1345],[177.87,1234,31,1262],[348.87,2345,42,2385],[749.59,4929,60,4985],[994.77,6493,69,6561,0.16],[233.77,1507,12,1517,0.16]],""t"":[[58.36,26.5,14,30],[35.76,18.25,13,21],[30.25,24.75,26,31],[33.09,30.5,42,41],[16.06,8.5,2,9],[24.63,13.5,6,15],[18.9,12.25,22,18,1.68],[7.45,5,9,9,1.5]],""g"":[[33,98,5,103],[70.72,272,6,278],[41.34,159,10,169],[39.26,151,28,179],[56.68,218,28,245],[72.54,279,17,296],[20.8,80,47,110,0.26],[3.38,13,6,17,0.26]],""d"":20501}","o28069912",759,1,"23.00",1
30,852,"{""c"":[0.01,0.43,0.58,0.86,0.43,0.86,0.72,0.86],""m"":[[0,0,0,0],[6.24,48,5,53],[14.69,113,4,117],[14.27,122,8,129],[44.58,347,13,357],[56.16,403,22,425],[57.73,390,14,402,0.16],[0,0,0,0,0]],""t"":[[0,0,0,0],[6.07,2,0,2],[1.64,1,0,1],[0.66,0.75,1,1],[0,0,0,0],[6.56,4.5,8,6],[0,0,0,0],[0,0,0,0,0]],""g"":[[0,0,0,0],[2.86,11,2,13],[5.2,20,10,25],[3.9,15,0,15],[4.94,19,0,19],[15.6,60,3,62],[13.26,51,33,69,0.26],[0,0,0,0,0]],""d"":20500}","028485b93",759,1,"0.00",0
31,1941,"{""c"":[0,0,0,0.43,0.43,0.15,0.29,0.86],""m"":[[0,0,0,0],[0,0,0,0],[0,0,0,0],[0,332,7,338],[21.36,267,7,274],[22.08,162,11,172],[15.9,159,6,165],[11.08,127,4,131]],""t"":[[0,0,0,0],[0,0,0,0],[0,0,0,0],[0,0,0,0],[0,0,0,0],[0,0,0,0],[0,0,0,0],[0,0,0,0]],""g"":[[0,0,0,0],[0,0,0,0],[0,0,0,0],[0,0,0,0],[0,0,0,0],[0,0,0,0],[0,0,0,0],[0,0,0,0]],""d"":20495}","w63060003",729,3,"0.00",0
33,2029,"{""c"":[0,0,0,0.14,0.29,0.44],""m"":[[218.7,729,17,746],[0,0,0,0],[0,0,0,0],[3.4,34,4,36],[12.86,141,9,149],[13.79,135,7,142]],""t"":[[0,0,0,0],[0,0,0,0],[0,0,0,0],[0,0,0,0],[0,0,0,0],[14.11,18.5,6,20]],""g"":[[0,0,0,0],[0,0,0,0],[0,0,0,0],[0,0,0,0],[0,0,0,0],[0,0,0,0]],""d"":20477}","p21081093",819,2,"0.00",0
35,3323,"{""c"":[0.28,0,0.86],""m"":[[4.97,37,4,40],[0,0,0,0],[0,0,0,0,0]],""t"":[[0,0,0,0],[0,0,0,0],[0,0,0,0,0]],""g"":[[0,0,0,0],[0,0,0,0],[0,0,0,0,0]],""d"":20500}","w63060003",770,1,"0.00",0
36,1309,"{""c"":[0.71,0.14,0.28,0.57],""m"":[[2.66,19,1,20],[6.44,46,4,50],[0,5,0,5],[90.8,471,26,497]],""t"":[[0.87,3,8,5],[0,0,0,0],[1.44,4.5,33,12],[0.72,2.5,10,5]],""g"":[[0,0,0,0],[0,0,0,0],[0,0,0,0],[0,0,0,0]],""d"":20491}","d64070021",810,4,"0.00",0
37,1187,"{""c"":[0,0,0.15,0.42,0.14,0.43,0.28,1],""m"":[[0,0,0,0],[0,0,0,0],[0,0,0,0],[6.58,47,3,50],[0,0,0,0],[6.24,59,4,63],[0.06,2,0,2],[2.05,5,0,5]],""t"":[[0,0,0,0],[0,0,0,0],[0,0,0,0],[0.72,1.25,3,2],[0,0,0,0],[0,0,0,0],[1.8,2.75,1,3],[0,0,0,0]],""g"":[[0,0,0,0],[0,0,0,0],[0.24,6,17,13],[1.4,35,40,55],[1.48,37,7,44],[1.8,45,6,47],[6.4,160,21,178],[0,0,0,0]],""d"":20493}","c18010006",810,4,"0.00",0
39,1307,"{""c"":[0.57,0,0.14,0.15,0.71],""m"":[[2.73,13,10,20],[0,0,0,0],[2.1,15,0,15],[0,0,0,0],[0,42,1,43]],""t"":[[0,0,0,0],[0,0,0,0],[0,0,0,0],[0,0,0,0],[0,0,62,5]],""g"":[[1.04,26,5,28],[0,0,0,0],[1.32,33,7,37],[1.44,36,3,37],[0,0,0,0]],""d"":20496}","e28064043",810,4,"0.00",0
40,3217,"{""c"":[0,0.14,0,0,0],""m"":[[0,0,0,0],[0,0,0,0],[0,0,0,0],[0,0,0,0],[0,0,0,0]],""t"":[[0,0,0,0],[11.204999999999998,6.75,13,10],[0,0,0,0],[0,0,0,0],[0,0,0,0]],""g"":[[0,0,0,0],[0,0,0,0],[0,0,0,0],[0,0,0,0],[0,0,0,0]],""d"":20464}","w63060003",157,4,"0.00",0
41,3291,"{""c"":[0,0.14,0,0,0,1],""m"":[[0,0,0,0],[0,0,0,0],[0,0,0,0],[0,0,0,0],[0,0,0,0],[0,0,0,0]],""t"":[[0,0,0,0],[3.32,2,42,10],[0,0,0,0],[0,0,0,0],[0,0,0,0],[0.36,1.75,13,5]],""g"":[[0,0,0,0],[0,0,0,0],[0,0,0,0],[0,0,0,0],[0,0,0,0],[0,0,0,0]],""d"":20465}","w63060003",157,4,"0.00",0
42,3290,"{""c"":[0,0.14,0,0,0],""m"":[[0,0,0,0],[4.42,13,2,15],[0,0,0,0],[0,0,0,0],[0,0,0,0]],""t"":[[0,0,0,0],[0,0,0,0],[0,0,0,0],[0,0,0,0],[0,0,0,0]],""g"":[[0,0,0,0],[0,0,0,0],[0,0,0,0],[0,0,0,0],[0,0,0,0]],""d"":20464}","h81475923",157,4,"0.00",0
43,3287,"{""c"":[0,0.14,0,0,0],""m"":[[0,0,0,0],[0,0,0,0],[0,0,0,0],[0,0,0,0],[0,0,0,0]],""t"":[[0,0,0,0],[2.91,1.75,151,15],[0,0,0,0],[0,0,0,0],[0,0,0,0]],""g"":[[0,0,0,0],[0,0,0,0],[0,0,0,0],[0,0,0,0],[0,0,0,0]],""d"":20464}","w63060003",157,4,"0.00",0
44,3289,"{""c"":[0,0.14,0,0,0],""m"":[[0,0,0,0],[0,0,0,0],[0,0,0,0],[0,0,0,0],[0,0,0,0]],""t"":[[0,0,0,0],[5.81,3.5,32,10],[0,0,0,0],[0,0,0,0],[0,0,0,0]],""g"":[[0,0,0,0],[0,0,0,0],[0,0,0,0],[0,0,0,0],[0,0,0,0]],""d"":20464}","w63060003",157,4,"0.00",0
45,3286,"{""c"":[0,0.14,0,0,0],""m"":[[0,0,0,0],[0,0,0,0],[0,0,0,0],[0,0,0,0],[0,0,0,0]],""t"":[[0,0,0,0],[8.299999999999999,5,20,10],[0,0,0,0],[0,0,0,0],[0,0,0,0]],""g"":[[0,0,0,0],[0,0,0,0],[0,0,0,0],[0,0,0,0],[0,0,0,0]],""d"":20464}","w63060003",157,4,"0.00",0
46,3284,"{""c"":[0,0.14,0,0,0],""m"":[[0,0,0,0],[0,0,0,0],[0,0,0,0],[0,0,0,0],[0,0,0,0]],""t"":[[0,0,0,0],[8.299999999999999,5,22,10],[0,0,0,0],[0,0,0,0],[0,0,0,0]],""g"":[[0,0,0,0],[0,0,0,0],[0,0,0,0],[0,0,0,0],[0,0,0,0]],""d"":20464}","w63060003",157,4,"0.00",0
47,3292,"{""c"":[0,0.14,0,0,0],""m"":[[0,0,0,0],[0,0,0,0],[0,0,0,0],[0,0,0,0],[0,0,0,0]],""t"":[[0,0,0,0],[3.32,2,49,10],[0,0,0,0],[0,0,0,0],[0,0,0,0]],""g"":[[0,0,0,0],[0,0,0,0],[0,0,0,0],[0,0,0,0],[0,0,0,0]],""d"":20464}","w63060003",157,4,"0.00",0
48,3294,"{""c"":[0,0,0,0,0],""m"":[[0,0,0,0],[0,0,0,0],[0,0,0,0],[0,0,0,0],[0,0,0,0]],""t"":[[0,0,0,0],[0,0,0,0],[0,0,0,0],[0,0,0,0],[0,0,0,0]],""g"":[[0,0,0,0],[0,0,0,0],[0,0,0,0],[0,0,0,0],[0,0,0,0]],""d"":20464}","w63060003",157,4,"0.00",0
49,3283,"{""c"":[0,0.14,0,0,0],""m"":[[0,0,0,0],[0,0,0,0],[0,0,0,0],[0,0,0,0],[0,0,0,0]],""t"":[[0,0,0,0],[1.66,1,64,10],[0,0,0,0],[0,0,0,0],[0,0,0,0]],""g"":[[0,0,0,0],[0,0,0,0],[0,0,0,0],[0,0,0,0],[0,0,0,0]],""d"":20464}","w63060003",157,4,"0.00",0
50,3288,"{""c"":[0,0,0,0,0,1],""m"":[[0,0,0,0],[0,0,0,0],[0,0,0,0],[0,0,0,0],[0,0,0,0],[0,0,0,0]],""t"":[[0,0,0,0],[0,0,0,0],[0,0,0,0],[0,0,0,0],[0,0,0,0],[1.8,5.25,77,15]],""g"":[[0,0,0,0],[0,0,0,0],[0,0,0,0],[0,0,0,0],[0,0,0,0],[0,0,0,0]],""d"":20465}","w63060003",157,4,"0.00",0
51,3218,"{""c"":[0,0,0,0,0],""m"":[[0,0,0,0],[0,0,0,0],[0,0,0,0],[0,0,0,0],[0,0,0,0]],""t"":[[0,0,0,0],[0,0,0,0],[0,0,0,0],[0,0,0,0],[0,0,0,0]],""g"":[[0,0,0,0],[0,0,0,0],[0,0,0,0],[0,0,0,0],[0,0,0,0]],""d"":20464}","w63060003",157,4,"0.00",0
52,1136,"{""c"":[0,0,0,0.14,0,0.29,0.28,0.86],""m"":[[0,0,0,0],[0,0,0,0],[0,0,0,0],[3.57,17,5,20],[0,0,0,0],[0,0,0,0],[0,0,0,0],[5.65,113,0,113]],""t"":[[0,0,0,0],[0,0,0,0],[0,0,0,0],[0,0,0,0],[0,0,0,0],[0,0,0,0],[3.6,3.75,10,6],[3.3,3.25,3,4]],""g"":[[0,0,0,0],[0,0,0,0],[0,0,0,0],[0,0,0,0],[0,0,0,0],[1.48,37,3,39],[1.52,38,21,49],[0,0,0,0]],""d"":20495}","p310610a3",810,4,"0.00",0
56,3272,"{""c"":[1],""m"":[[2.31,11,0,11]],""t"":[[0,0,0,0]],""g"":[[0,0,0,0]],""d"":20437}","w63060003",NULL,1,"0.00",0
58,2372,"{""c"":[1],""m"":[[7.199999999999999,10,0,10]],""t"":[[3.25,1.25,27,5]],""g"":[[0,0,0,0]],""d"":20437}","w63060003",181,3,"0.00",0
59,2426,"{""c"": [], ""m"": [], ""t"": [], ""g"": [], ""d"": null}","w63060003",181,3,"0.00",0
60,2380,"{""c"":[1],""m"":[[0.41,1,2,1]],""t"":[[0,0,0,0]],""g"":[[0,32,21,44]],""d"":20437}","w63060003",181,3,"0.00",0
61,2378,"{""c"":[1],""m"":[[0.82,2,4,3]],""t"":[[0,0,0,0]],""g"":[[0,38,9,44]],""d"":20437}","w63060003",181,3,"0.00",0
62,2373,"{""c"": [], ""m"": [], ""t"": [], ""g"": [], ""d"": null}","w63060003",181,3,"0.00",0
63,2393,"{""c"": [], ""m"": [], ""t"": [], ""g"": [], ""d"": null}","w63060003",181,3,"0.00",0
64,2395,"{""c"":[1],""m"":[[0,0,0,0]],""t"":[[0,0,0,0]],""g"":[[0,24,26,39]],""d"":20437}","w63060003",181,3,"0.00",0
65,2428,"{""c"":[1],""m"":[[1.64,4,2,5]],""t"":[[0,0,0,0]],""g"":[[0,0,0,0]],""d"":20437}","w63060003",181,3,"0.00",0
67,2404,"{""c"":[1],""m"":[[10.6,10,3,12]],""t"":[[0,0,0,0]],""g"":[[66.01,23,4,25]],""d"":20437}","w63060003",181,0,"0.00",0
69,2899,"{""c"":[1],""m"":[[5.16,36,10,40]],""t"":[[0,0,0,0]],""g"":[[0,0,0,0]],""d"":20487}","c07340023",775,4,"0.00",0
72,2432,"{""c"":[1],""m"":[[0.82,2,5,2]],""t"":[[0,0,0,0]],""g"":[[0,0,0,0]],""d"":20437}","w63060003",181,3,"0.00",0
73,2263,"{""c"":[0,0,0.28,0.29,0.15,0.28,0.3,0.86],""m"":[[0,0,0,0],[0,0,0,0],[9.08,104,2,106],[9.66,109,16,117],[6.8,74,4,77],[10.47,240,5,244],[7.53,134,2,136],[6.19,69,6,74]],""t"":[[0,0,0,0],[0,0,0,0],[0,0,0,0],[0,0,0,0],[0,0,0,0],[0,0,0,0],[2.72,3,13,5],[0,0,0,0]],""g"":[[0,0,0,0],[0,0,0,0],[0,0,0,0],[0,0,0,0],[0,0,0,0],[0,0,0,0],[0,0,0,0],[8.69,79,19,89]],""d"":20495}","w63060003",814,2,"0.00",0
75,2379,"{""c"":[1],""m"":[[0.41,1,6,1]],""t"":[[0,0,0,0]],""g"":[[0,0,0,0]],""d"":20437}","j63063003",181,3,"0.00",0
77,2376,"{""c"":[1],""m"":[[0,37,3,40]],""t"":[[0,0,0,0]],""g"":[[0,0,0,0]],""d"":20462}","w63060003",181,3,"0.00",0
79,2423,"{""c"":[1],""m"":[[4.1,10,1,11]],""t"":[[0,0,0,0]],""g"":[[0,0,0,0]],""d"":20437}","w63060003",181,3,"0.00",0
81,2827,"{""c"":[0.28,0,0,0.15,0.14,0,0.15,0.29],""m"":[[0,0,0,0],[0,0,0,0],[0,0,0,0],[2.68,28,0,28],[11.8,142,3,145],[0,0,0,0],[0,0,0,0],[5.4,59,5,64,0.09]],""t"":[[28.5,18.75,5,20],[0,0,0,0],[0,0,0,0],[27.38,35.25,11,38],[31.53,39.5,6,41],[0,0,0,0],[4.24,5,4,6],[6.01,6.5,3,8,0.98]],""g"":[[0,0,0,0],[0,0,0,0],[0,0,0,0],[0,0,0,0],[0,0,0,0],[0,0,0,0],[0,0,0,0],[8.91,81,7,85,0.11]],""d"":20498}","266350c83",777,2,"0.00",1
84,2402,"{""c"": [], ""m"": [], ""t"": [], ""g"": [], ""d"": null}","w63060003",181,3,"0.00",0
85,2392,"{""c"": [], ""m"": [], ""t"": [], ""g"": [], ""d"": null}","635062063",181,3,"0.00",1
89,2598,"{""c"": [], ""m"": [], ""t"": [], ""g"": [], ""d"": null}","w63060003",181,-1,"0.00",0
91,2406,"{""c"":[1],""m"":[[0,20,0,20]],""t"":[[0,0,0,0]],""g"":[[0,0,0,0]],""d"":20443}","w63060003",181,3,"0.00",2
93,1800,"{""c"":[0.14,0,0,0,0.44],""m"":[[0,108,3,111],[0,0,0,0],[0,0,0,0],[0,0,0,0],[0,0,0,0]],""t"":[[0,0,0,0],[0,0,0,0],[0,0,0,0],[0,0,0,0],[0,0,0,0]],""g"":[[0,0,0,0],[0,0,0,0],[0,0,0,0],[0,0,0,0],[0,0,0,0]],""d"":20468}","w63060a03",NULL,3,"0.00",0
94,436,"{""c"":[0,0,0,0.43,0.15,0.14,0,0.72],""m"":[[0,0,0,0],[0,0,0,0],[0,0,0,0],[2.66,19,4,20],[0,0,0,0],[0,0,0,0],[0,0,0,0],[0,0,0,0]],""t"":[[0,0,0,0],[0,0,0,0],[0,0,0,0],[0,0,0,0],[5.16,5.75,1,6],[4.92,5.25,3,6],[0,0,0,0],[7.14,7.75,9,10]],""g"":[[0,0,0,0],[0,0,0,0],[0,0,0,0],[5.6,140,11,147],[0,0,0,0],[0.56,14,5,17],[0,0,0,0],[1.6,40,12,49]],""d"":20495}","o05580003",716,4,"0.00",0
96,2349,"{""c"":[0,0,0.14,0.14,0,0,0.44,0.29],""m"":[[0,0,0,0],[0,0,0,0],[0.72,6,2,8],[1.4,30,1,31],[0,0,0,0],[0,0,0,0],[3.12,13,3,15],[0,0,0,0,0]],""t"":[[0,0,0,0],[0,0,0,0],[0,0,0,0],[0,0,0,0],[0,0,0,0],[0,0,0,0],[1.8,1.75,154,15],[0,0,0,0,0]],""g"":[[0,0,0,0],[0,0,0,0],[0,0,0,0],[0,0,0,0],[0,0,0,0],[0,0,0,0],[0.4,10,16,17],[0,0,0,0,0]],""d"":20497}","e21582b03",688,4,"0.00",0
97,2342,"{""c"":[0,0,0,0.14,0,0,0.15,0.29],""m"":[[0,0,0,0],[0,0,0,0],[0,0,0,0],[0,56,4,60],[0,0,0,0],[0,0,0,0],[0,0,0,0],[0,0,0,0,0]],""t"":[[0,0,0,0],[0,0,0,0],[0,0,0,0],[0,0,0,0],[0,0,0,0],[0,0,0,0],[1.5,2.25,11,5],[0,0,0,0,0]],""g"":[[0,0,0,0],[0,0,0,0],[0,0,0,0],[0,0,0,0],[0,0,0,0],[0,0,0,0],[1.08,27,19,35],[0,0,0,0,0]],""d"":20497}","w63060003",688,4,"0.00",0
98,2367,"{""c"":[0.14,0,0,0.14,0.15,0,0.58,0.29],""m"":[[3.04,19,1,20],[0,0,0,0],[0,0,0,0],[2,16,1,16],[0,20,0,20],[0,0,0,0],[12.38,62,4,65],[0,0,0,0,0]],""t"":[[0,0,0,0],[0,0,0,0],[0,0,0,0],[0,0,0,0],[0,0,0,0],[0,0,0,0],[4.8,5.75,19,10],[0,0,0,0,0]],""g"":[[0,0,0,0],[0,0,0,0],[0,0,0,0],[0,0,0,0],[0,0,0,0],[0,0,0,0],[1.52,38,15,49],[0,0,0,0,0]],""d"":20497}","063081703",688,4,"0.00",1
99,2319,"{""c"":[0.14,0,0,0.14,0,0,0.01,0.29],""m"":[[8.96,56,2,58],[0,0,0,0],[0,0,0,0],[4.62,82,5,85],[0,0,0,0],[0,0,0,0],[0,0,0,0],[0,0,0,0,0]],""t"":[[0,0,0,0],[0,0,0,0],[0,0,0,0],[0,0,0,0],[0,0,0,0],[0,0,0,0],[0,0,0,0],[0,0,0,0,0]],""g"":[[0,0,0,0],[0,0,0,0],[0,0,0,0],[0,0,0,0],[0,0,0,0],[0,0,0,0],[0,0,0,0],[0,0,0,0,0]],""d"":20497}","w63060003",688,4,"0.00",0
100,2290,"{""c"":[0,0,0,0,0,0,0.01,0.29],""m"":[[0,0,0,0],[0,0,0,0],[0,0,0,0],[0,0,0,0],[0,0,0,0],[0,0,0,0],[0,0,0,0],[0,0,0,0,0]],""t"":[[0,0,0,0],[0,0,0,0],[0,0,0,0],[0,0,0,0],[0,0,0,0],[0,0,0,0],[0,0,0,0],[0,0,0,0,0]],""g"":[[0,0,0,0],[0,0,0,0],[0,0,0,0],[0,0,0,0],[0,0,0,0],[0,0,0,0],[0,0,0,0],[0,0,0,0,0]],""d"":20497}","w63060003",688,-1,"0.00",0
101,2368,"{""c"":[0,0,0,0,0,0,0.15,0.29],""m"":[[0,0,0,0],[0,0,0,0],[0,0,0,0],[0,0,0,0],[0,0,0,0],[0,0,0,0],[0,0,0,0],[0,0,0,0,0]],""t"":[[0,0,0,0],[0,0,0,0],[0,0,0,0],[0,0,0,0],[0,0,0,0],[0,0,0,0],[0,0,88,5],[0,0,0,0,0]],""g"":[[0,0,0,0],[0,0,0,0],[0,0,0,0],[0,0,0,0],[0,0,0,0],[0,0,0,0],[0,0,0,0],[0,0,0,0,0]],""d"":20497}","w63060003",688,4,"0.00",0
102,2371,"{""c"":[0,0,0.29,0.28,0,0,0.43,0.29],""m"":[[0,0,0,0],[0,0,0,0],[3.66,35,7,40],[3.36,21,3,22],[0,0,0,0],[0,0,0,0],[0,0,0,0],[0,0,0,0,0]],""t"":[[0,0,0,0],[0,0,0,0],[0,0,0,0],[0,0,0,0],[0,0,0,0],[0,0,0,0],[1.2,1.5,89,15],[0,0,0,0,0]],""g"":[[0,0,0,0],[0,0,0,0],[0,0,0,0],[0,0,0,0],[0,0,0,0],[0,0,0,0],[0.88,22,21,35],[0,0,0,0,0]],""d"":20497}","648310043",688,4,"0.00",0
103,2345,"{""c"":[0,0,0,0,0,0,0.44,0.29],""m"":[[0,0,0,0],[0,0,0,0],[0,0,0,0],[0,0,0,0],[0,0,0,0],[0,0,0,0],[0.84,7,3,8],[0,0,0,0,0]],""t"":[[0,0,0,0],[0,0,0,0],[0,0,0,0],[0,0,0,0],[0,0,0,0],[0,0,0,0],[1.2,2.5,106,16],[0,0,0,0,0]],""g"":[[0,0,0,0],[0,0,0,0],[0,0,0,0],[0,0,0,0],[0,0,0,0],[0,0,0,0],[3.48,87,50,115],[0,0,0,0,0]],""d"":20497}","w63060003",688,4,"0.00",0
104,2340,"{""c"":[0,0,0.14,0.14,0,0,0.44,0.29],""m"":[[0,0,0,0],[0,0,0,0],[2.1,10,0,10],[2.08,8,0,8],[0,0,0,0],[0,0,0,0],[0,0,0,0],[0,0,0,0,0]],""t"":[[0,0,0,0],[0,0,0,0],[0,0,0,0],[0,0,0,0],[0,0,0,0],[0,0,0,0],[6.38,2.75,109,15],[0,0,0,0,0]],""g"":[[0,0,0,0],[0,0,0,0],[0,0,0,0],[0,0,0,0],[0,0,0,0],[0,0,0,0],[8.74,19,24,32],[0,0,0,0,0]],""d"":20497}","n57646386",688,1,"0.00",0
106,2317,"{""c"":[0,0,0,0,0,0,0.29,0.29],""m"":[[0,0,0,0],[0,0,0,0],[0,0,0,0],[0,0,0,0],[0,0,0,0],[0,0,0,0],[2.54,20,5,24],[0,0,0,0,0]],""t"":[[0,0,0,0],[0,0,0,0],[0,0,0,0],[0,0,0,0],[0,0,0,0],[0,0,0,0],[7.5,8.25,36,15],[0,0,0,0,0]],""g"":[[0,0,0,0],[0,0,0,0],[0,0,0,0],[0,0,0,0],[0,0,0,0],[0,0,0,0],[3.44,86,19,102],[0,0,0,0,0]],""d"":20497}","w63060003",688,4,"0.00",0
107,2318,"{""c"":[0,0.14,0.14,0.14,0,0,0.01,0.57],""m"":[[0,0,0,0],[4.23,47,0,47],[2.4,20,0,20],[1.26,9,0,9],[0,0,0,0],[0,0,0,0],[0,0,0,0],[0,0,0,0]],""t"":[[0,0,0,0],[0,0,0,0],[0,0,0,0],[0,0,0,0],[0,0,0,0],[0,0,0,0],[0,0,0,0],[9,9.5,22,15]],""g"":[[0,0,0,0],[0,0,0,0],[0,0,0,0],[0,0,0,0],[0,0,0,0],[0,0,0,0],[0,0,0,0],[2.2,55,6,60]],""d"":20497}","w63060003",688,4,"0.00",0
108,2347,"{""c"":[0,0,0,0.14,0,0,0.58,0.29],""m"":[[0,0,0,0],[0,0,0,0],[0,0,0,0],[2.18,17,3,19],[0,0,0,0],[0,0,0,0],[0,0,0,0],[0,0,0,0,0]],""t"":[[0,0,0,0],[0,0,0,0],[0,0,0,0],[0,0,0,0],[0,0,0,0],[0,0,0,0],[0,0,210,15],[0,0,0,0,0]],""g"":[[0,0,0,0],[0,0,0,0],[0,0,0,0],[0,0,0,0],[0,0,0,0],[0,0,0,0],[0.32,8,2,10],[0,0,0,0,0]],""d"":20497}","w63060003",688,4,"0.00",0
109,1114,"{""c"": [], ""m"": [], ""t"": [], ""g"": [], ""d"": null}","w63060003",NULL,-1,"0.00",0
110,481,"{""c"":[0.15,0,0.15,0.43,0.15,0.14,0,0.72],""m"":[[0,19,1,20],[0,0,0,0],[2.05,5,0,5],[2.52,18,2,20],[0,0,0,0],[0,0,0,0],[0,0,0,0],[0,0,0,0]],""t"":[[0,0,0,0],[0,0,0,0],[0,0,0,0],[0,0,0,0],[4.37,5.5,14,9],[2.28,3.25,11,6],[0,0,0,0],[0,0,0,0]],""g"":[[0,0,0,0],[0,0,0,0],[0,0,0,0],[5.68,142,54,163],[0,0,0,0],[0.64,16,3,19],[0,0,0,0],[1.52,38,23,49]],""d"":20495}","p830627a3",716,4,"0.00",0
111,1797,"{""c"":[0,0,0,0.29,0.57,0.57,0.57,0.86],""m"":[[0,0,0,0],[0,0,0,0],[0,0,0,0],[0,401,23,421],[24.48,306,11,317],[37.48,316,17,331],[26.8,269,6,274],[14.38,162,6,168]],""t"":[[0,0,0,0],[0,0,0,0],[0,0,0,0],[0,0,0,0],[0,0,0,0],[0,0,0,0],[0,0,0,0],[0,0,0,0]],""g"":[[0,0,0,0],[0,0,0,0],[0,0,0,0],[0,0,0,0],[0,0,0,0],[0,0,0,0],[0,0,0,0],[0,0,0,0]],""d"":20495}","w63060003",729,3,"0.00",0
114,370,"{""c"":[0,0,0,0.43,0.15,0.14,0.43,0.72],""m"":[[0,0,0,0],[0,0,0,0],[0,0,0,0],[0,0,0,0],[0,0,0,0],[0,0,0,0],[31.03,121,5,125],[0,0,0,0]],""t"":[[0,0,0,0],[0,0,0,0],[0,0,0,0],[2.7,3.25,7,5],[2.88,4,8,6],[5.28,5.25,3,6],[14.04,16,19,20],[0,0,0,0]],""g"":[[0,0,0,0],[0,0,0,0],[0,0,0,0],[12.88,322,61,366],[0,0,0,0],[0.72,18,1,19],[0,0,0,0],[1.72,43,10,49]],""d"":20495}","m48761323",716,4,"0.00",0
115,1437,"{""c"":[0,0,0.15,0.15,0,0.14,0.43,0.57],""m"":[[0,0,0,0],[0,0,0,0],[2.6,20,0,20],[2.09,19,1,20],[0,0,0,0],[2.86,58,2,60],[9.41,68,2,70],[2.66,38,2,40]],""t"":[[0,0,0,0],[0,0,0,0],[0,0,0,0],[0,0,0,0],[0,0,0,0],[0,0,0,0],[0,0,0,0],[0,0,0,0]],""g"":[[0,0,0,0],[0,0,0,0],[0,0,0,0],[5.46,21,0,21],[0,0,0,0],[0,0,0,0],[0,0,0,0],[0,0,0,0]],""d"":20496}","q25060023",800,1,"0.00",0
117,925,"{""c"":[0,0.15,0,0,0,0.72],""m"":[[0,0,0,0],[5.88,121,2,122],[0,0,0,0],[0,0,0,0],[0,0,0,0],[0,0,0,0]],""t"":[[0,0,0,0],[0,0,0,0],[0,0,0,0],[0,0,0,0],[0,0,0,0],[0,0,0,0]],""g"":[[0,0,0,0],[0,0,0,0],[0,0,0,0],[0,0,0,0],[0,0,0,0],[0,0,0,0]],""d"":20466}","w63060003",NULL,4,"0.00",0
118,3334,"{""c"":[1],""m"":[[18.72,78,35,90]],""t"":[[0,0,0,0]],""g"":[[0,0,0,0]],""d"":20438}","w63060003",NULL,2,"0.00",0
124,2322,"{""c"":[0.29,0.44,0.43,0.29,0.15,0.28,0.44,1],""m"":[[58.2,213,8,220],[49.5,234,8,240],[18.12,201,3,203],[9.16,102,2,104],[5.8,63,4,67],[5.25,73,7,77],[7.06,169,1,170],[5.94,66,4,69]],""t"":[[0,0,0,0],[0,0,0,0],[0,0,0,0],[0,0,0,0],[0,0,0,0],[0,0,0,0],[9.09,7.75,13,10],[0,0,0,0]],""g"":[[0,0,0,0],[0,0,0,0],[0,0,0,0],[0,0,0,0],[0,0,0,0],[0,0,0,0],[0,0,0,0],[9.24,84,7,89]],""d"":20495}","955372041",814,2,"0.00",2
126,2296,"{""c"":[0,0,0.58,0.29,0.15,0.28,0.44,1],""m"":[[0,0,0,0],[0,0,0,0],[9.87,184,4,188],[11.43,138,11,147],[7.2,78,0,78],[4.98,77,5,82],[5.86,100,2,102],[13.55,142,3,145]],""t"":[[0,0,0,0],[0,0,0,0],[0,0,0,0],[0,0,0,0],[0,0,0,0],[0,0,0,0],[2.51,2.5,12,5],[0,0,0,0]],""g"":[[0,0,0,0],[0,0,0,0],[0,0,0,0],[0,0,0,0],[0,0,0,0],[0,0,0,0],[0,0,0,0],[9.46,86,3,89]],""d"":20495}","440063c13",814,2,"0.00",1
128,1435,"{""c"":[0,0.15,0.57,0.29,0.28,0.57,0.42,0.86],""m"":[[0,0,0,0],[2.47,19,1,20],[41.28,523,26,548],[12.18,132,1,133],[5.03,57,2,59],[41.14,401,15,416],[22.84,169,17,185,0.14],[25.09,193,18,210,0.12]],""t"":[[0,0,0,0],[0,0,0,0],[0,0,0,0],[0,0,0,0],[0,0,0,0],[0,0,0,0],[0,0,0,0],[0,0,0,0,0]],""g"":[[0,0,0,0],[0,0,0,0],[0,0,0,0],[0,0,0,0],[0,0,0,0],[0,0,0,0],[10.66,41,34,67],[0,0,0,0,0]],""d"":20501}","o53060b96",800,1,"0.00",0
129,2281,"{""c"":[0,0,0.14,0.29,0.15,0.14,0.3,1],""m"":[[0,0,0,0],[0,0,0,0],[8.42,98,0,98],[12.34,150,3,153],[3.58,41,2,43],[2.39,69,4,73],[2.82,65,4,68],[6.2,69,10,74]],""t"":[[0,0,0,0],[0,0,0,0],[0,0,0,0],[0,0,0,0],[0,0,0,0],[0,0,0,0],[0,0,0,0],[1.91,2.75,11,5]],""g"":[[0,0,0,0],[0,0,0,0],[0,0,0,0],[0,0,0,0],[0,0,0,0],[0,0,0,0],[0,0,0,0],[8.8,80,16,89]],""d"":20495}","p430629a3",814,2,"0.00",0
132,1676,"{""c"": [], ""m"": [], ""t"": [], ""g"": [], ""d"": null}","w63060003",NULL,-1,"0.00",0
133,1862,"{""c"":[0,0,0,0.01,0.29,0.15,0.29,0.72],""m"":[[0,0,0,0],[0,0,0,0],[0,0,0,0],[0,0,0,0],[1.52,59,19,69],[11.66,126,27,145],[10,120,28,130],[0,0,0,0]],""t"":[[0,0,0,0],[0,0,0,0],[0,0,0,0],[0,0,0,0],[0,0,0,0],[0,0,0,0],[0,0,0,0],[0,0,0,0]],""g"":[[0,0,0,0],[0,0,0,0],[0,0,0,0],[0,0,0,0],[0,0,0,0],[0,0,0,0],[0,0,0,0],[0,0,0,0]],""d"":20494}","w63060003",729,3,"0.00",0
134,3152,"{""c"":[0,0,0,0.28,0,0.14,0,0.14],""m"":[[0,0,0,0],[0,0,0,0],[0,0,0,0],[2.87,41,1,42],[0,0,0,0],[0,0,0,0],[0,0,0,0],[0,0,0,0]],""t"":[[0,0,0,0],[0,0,0,0],[0,0,0,0],[12,10,0,10],[0,0,0,0],[6,6.25,7,8],[0,0,0,0],[0,0,0,0]],""g"":[[0,0,0,0],[0,0,0,0],[0,0,0,0],[0,0,0,0],[0,0,0,0],[0,0,0,0],[0,0,0,0],[0,0,0,0]],""d"":20491}","w63060003",758,4,"0.00",0
137,910,"{""c"":[0,0.14,0,0.3,0.15,0.14,0,0.72],""m"":[[0,0,0,0],[3.2,40,0,40],[0,0,0,0],[2.52,18,3,20],[6.65,127,3,130],[0,0,0,0],[0,0,0,0],[0,0,0,0]],""t"":[[0,0,0,0],[0,0,0,0],[0,0,0,0],[0,0,0,0],[2.16,3.5,38,9],[1.92,2.5,38,6],[0,0,0,0],[3.9,5.5,25,10]],""g"":[[0,0,0,0],[0,0,0,0],[0,0,0,0],[8.24,206,43,235],[0,0,0,0],[0.64,16,5,19],[0,0,0,0],[0,0,0,0]],""d"":20495}","p410643a3",716,4,"0.00",0
139,2282,"{""c"":[0,0.14,0.29,0.29,0.57,0.14,0.44,0.86],""m"":[[0,0,0,0],[2.3,23,2,25],[5.66,66,3,69],[4,50,1,50],[10.5,136,6,142],[1.59,69,3,72],[5.89,92,15,103],[5.88,117,12,127]],""t"":[[0,0,0,0],[0,0,0,0],[0,0,0,0],[0,0,0,0],[3.73,5.25,22,10],[0,0,0,0],[5.86,4.5,2,5],[0,0,0,0]],""g"":[[0,0,0,0],[0,0,0,0],[0,0,0,0],[0,0,0,0],[0,0,0,0],[0,0,0,0],[0,0,0,0],[0,0,0,0]],""d"":20496}","o13562243",814,2,"0.00",0
140,3121,"{""c"": [], ""m"": [], ""t"": [], ""g"": [], ""d"": null}","w63060003",NULL,1,"0.00",0
143,1873,"{""c"":[0,0,0,0.43,0.57,0.57,0.43,0.86],""m"":[[0,0,0,0],[0,0,0,0],[0,0,0,0],[0,270,14,283],[23.12,310,15,321],[47.7,435,27,454],[29.9,299,7,306],[19.18,214,1,215]],""t"":[[0,0,0,0],[0,0,0,0],[0,0,0,0],[0,0,0,0],[0,0,0,0],[0,0,0,0],[0,0,0,0],[0,0,0,0]],""g"":[[0,0,0,0],[0,0,0,0],[0,0,0,0],[0,0,0,0],[0,0,0,0],[0,0,0,0],[0,0,0,0],[0,0,0,0]],""d"":20495}","w63060003",729,3,"0.00",0
147,1876,"{""c"":[0,0,0,0.43,0.57,0.57,0.43,0.86],""m"":[[0,0,0,0],[0,0,0,0],[0,0,0,0],[0,295,9,302],[15.68,196,12,208],[28.46,230,34,253],[14.8,148,24,159],[9.26,106,9,115]],""t"":[[0,0,0,0],[0,0,0,0],[0,0,0,0],[0,0,0,0],[0,0,0,0],[0,0,0,0],[0,0,0,0],[0,0,0,0]],""g"":[[0,0,0,0],[0,0,0,0],[0,0,0,0],[0,0,0,0],[0,0,0,0],[0,0,0,0],[0,0,0,0],[0,0,0,0]],""d"":20495}","p25185043",729,3,"0.00",0
148,1871,"{""c"":[0,0,0,0.57,0.43,0.43,0.43,0.86],""m"":[[0,0,0,0],[0,0,0,0],[0,0,0,0],[13.36,854,11,865],[65.52,819,8,827],[48.74,437,14,450],[33.4,334,6,340],[35.12,373,3,376]],""t"":[[0,0,0,0],[0,0,0,0],[0,0,0,0],[0,0,0,0],[0,0,0,0],[0,0,0,0],[0,0,0,0],[0,0,0,0]],""g"":[[0,0,0,0],[0,0,0,0],[0,0,0,0],[0,0,0,0],[0,0,0,0],[0,0,0,0],[0,0,0,0],[0,0,0,0]],""d"":20495}","w63060003",729,3,"0.00",0
149,1879,"{""c"":[0,0,0,0.43,0.57,0.43,0.29,0.86],""m"":[[0,0,0,0],[0,0,0,0],[0,0,0,0],[0,50,13,55],[6.64,83,2,85],[5.7,57,0,57],[12.82,82,23,93],[4.74,54,2,56]],""t"":[[0,0,0,0],[0,0,0,0],[0,0,0,0],[0,0,0,0],[0,0,0,0],[0,0,0,0],[0,0,0,0],[0,0,0,0]],""g"":[[0,0,0,0],[0,0,0,0],[0,0,0,0],[0,0,0,0],[0,0,0,0],[0,0,0,0],[0,0,0,0],[0,0,0,0]],""d"":20495}","w63060003",729,3,"0.00",0
150,1993,"{""c"":[0,0,0,0.43,0.43,0.57,0.43,0.86],""m"":[[0,0,0,0],[0,0,0,0],[0,0,0,0],[0,243,33,268],[30.3,317,22,337],[61.64,1039,38,1073],[32,320,18,336],[22.92,254,18,272]],""t"":[[0,0,0,0],[0,0,0,0],[0,0,0,0],[0,0,0,0],[0,0,0,0],[0,0,0,0],[0,0,0,0],[0,0,0,0]],""g"":[[0,0,0,0],[0,0,0,0],[0,0,0,0],[0,0,0,0],[0,0,0,0],[0,0,0,0],[0,0,0,0],[0,0,0,0]],""d"":20495}","g28732b23",729,3,"0.00",0
153,1906,"{""c"":[0,0,0,0.43,0.57,0.57,0.43,0.86],""m"":[[0,0,0,0],[0,0,0,0],[0,0,0,0],[0,738,5,743],[42.24,528,8,536],[58.26,528,14,541],[66.8,668,23,690],[29.78,344,17,361]],""t"":[[0,0,0,0],[0,0,0,0],[0,0,0,0],[0,0,0,0],[0,0,0,0],[0,0,0,0],[0,0,0,0],[0,0,0,0]],""g"":[[0,0,0,0],[0,0,0,0],[0,0,0,0],[0,0,0,0],[0,0,0,0],[0,0,0,0],[0,0,0,0],[0,0,0,0]],""d"":20495}","w63060003",729,3,"0.00",0
154,2295,"{""c"":[0,0,0.28,0.29,0.14,0.28,0.44,1],""m"":[[0,0,0,0],[0,0,0,0],[15.65,178,3,181],[10.94,125,7,131],[9.44,99,9,107],[4.28,96,13,109],[5.86,100,7,106],[7.75,105,3,108]],""t"":[[0,0,0,0],[0,0,0,0],[0,0,0,0],[0,0,0,0],[0,0,0,0],[0,0,0,0],[0.99,4.75,1,5],[0,0,0,0]],""g"":[[0,0,0,0],[0,0,0,0],[0,0,0,0],[0,0,0,0],[0,0,0,0],[0,0,0,0],[0,0,0,0],[9.46,86,12,89]],""d"":20495}","o43062a93",814,2,"0.00",0
155,2339,"{""c"":[0,0,0,0,0,0,0.01,0.29],""m"":[[0,0,0,0],[0,0,0,0],[0,0,0,0],[0,0,0,0],[0,0,0,0],[0,0,0,0],[0,0,0,0],[0,0,0,0,0]],""t"":[[0,0,0,0],[0,0,0,0],[0,0,0,0],[0,0,0,0],[0,0,0,0],[0,0,0,0],[0,0,0,0],[0,0,0,0,0]],""g"":[[0,0,0,0],[0,0,0,0],[0,0,0,0],[0,0,0,0],[0,0,0,0],[0,0,0,0],[0,0,0,0],[0,0,0,0,0]],""d"":20497}","w63060003",688,4,"0.00",0
156,927,"{""c"":[0.29,0,0,0.29,0.29,0.14,0.14,0.86],""m"":[[357.84,994,28,1021],[0,0,0,0],[0,0,0,0],[1.82,13,10,20],[0,19,1,20],[0,0,0,0],[2.52,18,3,20],[0,0,0,0]],""t"":[[0,0,0,0],[0,0,0,0],[0,0,0,0],[0,0,0,0],[3.36,4.5,23,9],[3.54,4.25,7,6],[5.64,7,12,10],[0,0,0,0]],""g"":[[0,0,0,0],[0,0,0,0],[0,0,0,0],[4.92,123,212,163],[0,0,0,0],[0.52,13,13,19],[0,0,0,0],[1.36,34,39,49]],""d"":20494}","c68270036",716,4,"0.00",0
160,2259,"{""c"":[0,0,0.57,0.29,0.15,0.43,0.3,1],""m"":[[0,0,0,0],[0,0,0,0],[67.66,704,19,720],[11.38,131,12,138],[14.56,153,13,165],[9.29,277,8,282],[28.86,371,22,387],[21.25,227,18,240]],""t"":[[0,0,0,0],[0,0,0,0],[1.64,1.75,13,5],[2.49,3.75,5,5],[0,0,0,0],[3.73,4.75,1,5],[3.93,3.75,5,5],[0,0,0,0]],""g"":[[0,0,0,0],[0,0,0,0],[0,0,0,0],[0,0,0,0],[0,0,0,0],[0,0,0,0],[0,0,0,0],[8.58,78,27,89]],""d"":20495}","j48161043",814,2,"0.00",0
161,2308,"{""c"":[0.14,0.57,0.86,0.71,0.58,0.72,0.86,1],""m"":[[29.02,105,20,120],[88.88,407,163,471],[51.01,568,103,624],[67.29,693,385,851],[27.99,455,141,526],[31.2,488,202,571],[41.16,492,127,570],[6.73,75,20,86]],""t"":[[0,0,0,0],[0,0,0,0],[0,0,0,0],[2.9,3.75,10,5],[2.07,3.75,5,5],[0,0,0,0],[3.27,3,18,5],[0,0,0,0]],""g"":[[0,0,0,0],[0,0,0,0],[0,0,0,0],[0,0,0,0],[0,0,0,0],[0,0,0,0],[0,0,0,0],[26.07,237,57,267]],""d"":20495}","w63060003",814,2,"0.00",0
162,1890,"{""c"":[0.14,0.14,0.57,0.43,0.28,0.58,0.29,0.71],""m"":[[65.44,382,5,387],[6.47,59,1,60],[3.45,55,0,55],[8.63,238,4,242],[4.25,25,0,25],[3.38,26,4,30],[12.68,113,4,117],[5.84,34,1,35]],""t"":[[0,0,0,0],[0,0,0,0],[6.56,7.75,37,15],[3.45,3.5,29,10],[10.02,8.25,50,16],[14.42,12.5,6,14],[1.97,2.75,10,5],[0,0,0,0]],""g"":[[118.26,162,1,163],[14.56,56,8,64],[41.6,160,42,184],[0,0,0,0],[0.52,2,0,2],[0,0,0,0],[24.44,94,37,120],[0,0,0,0]],""d"":20496}","r41252023",795,1,"0.00",1
163,1874,"{""c"":[0,0,0,0.43,0.57,0.29,0.43,0.86],""m"":[[0,0,0,0],[0,0,0,0],[0,0,0,0],[1.36,609,15,623],[57.36,717,17,734],[47.74,427,20,445],[59.3,593,11,604],[21.44,240,5,245]],""t"":[[0,0,0,0],[0,0,0,0],[0,0,0,0],[0,0,0,0],[0,0,0,0],[0,0,0,0],[0,0,0,0],[0,0,0,0]],""g"":[[0,0,0,0],[0,0,0,0],[0,0,0,0],[0,0,0,0],[0,0,0,0],[0,0,0,0],[0,0,0,0],[0,0,0,0]],""d"":20495}","w63060003",729,3,"0.00",0
164,2261,"{""c"":[0,0,0.28,0.43,0.43,0.14,0.44,0.86],""m"":[[0,0,0,0],[0,0,0,0],[10.32,119,7,126],[8.9,99,1,100],[7.99,114,4,118],[7.13,113,4,115],[21.12,240,23,258],[9.23,106,4,110]],""t"":[[0,0,0,0],[0,0,0,0],[0,0,0,0],[0,0,0,0],[0,0,0,0],[0,0,0,0],[6.12,5.75,17,8],[0,0,0,0]],""g"":[[0,0,0,0],[0,0,0,0],[0,0,0,0],[0,0,0,0],[0,0,0,0],[0,0,0,0],[5.83,53,0,53],[9.35,85,6,89]],""d"":20496}","o210840a6",814,2,"0.00",0
165,2287,"{""c"":[0,0,0,0.57,0.14,0.29,0.16,1],""m"":[[0,0,0,0],[0,0,0,0],[0,0,0,0],[9.8,109,9,114],[4.86,53,5,57],[7.65,88,3,91],[0,0,0,0],[3.62,66,6,69]],""t"":[[0,0,0,0],[0,0,0,0],[0,0,0,0],[0,0,171,16],[0,0,0,0],[0,0,0,0],[0,0.5,30,5],[0,0,0,0]],""g"":[[0,0,0,0],[0,0,0,0],[0,0,0,0],[0,0,0,0],[0,0,0,0],[0,0,0,0],[0,0,0,0],[0,0,0,0]],""d"":20494}","n526660b4",814,2,"0.00",0
166,3336,"{""c"":[1],""m"":[[15.600000000000001,24,1,25]],""t"":[[0,0,0,0]],""g"":[[0,0,0,0]],""d"":20437}","w63060003",NULL,2,"0.00",0
167,1875,"{""c"":[0,0,0,0.29,0.29,0.43,0.29,0.86],""m"":[[0,0,0,0],[0,0,0,0],[0,0,0,0],[0,216,9,223],[32.16,402,7,409],[30.88,250,20,268],[25.1,251,14,265],[11.62,133,9,142]],""t"":[[0,0,0,0],[0,0,0,0],[0,0,0,0],[0,0,0,0],[0,0,0,0],[0,0,0,0],[0,0,0,0],[0,0,0,0]],""g"":[[0,0,0,0],[0,0,0,0],[0,0,0,0],[0,0,0,0],[0,0,0,0],[0,0,0,0],[0,0,0,0],[0,0,0,0]],""d"":20495}","e780660a3",729,3,"0.00",0
168,1882,"{""c"":[0,0,0,0.43,0.57,0.57,0.43,0.86],""m"":[[0,0,0,0],[0,0,0,0],[0,0,0,0],[0,616,10,626],[55.04,688,17,704],[42.64,376,27,403],[36.1,361,20,380],[21.84,246,18,262]],""t"":[[0,0,0,0],[0,0,0,0],[0,0,0,0],[0,0,0,0],[0,0,0,0],[0,0,0,0],[0,0,0,0],[0,0,0,0]],""g"":[[0,0,0,0],[0,0,0,0],[0,0,0,0],[7.56,42,11,48],[8.64,48,19,58],[0,0,0,0],[0,0,0,0],[0,0,0,0]],""d"":20495}","m06060003",729,3,"0.00",0
169,2300,"{""c"":[0,0,0.28,0.29,0.15,0.28,0.3,0.72],""m"":[[0,0,0,0],[0,0,0,0],[9.08,100,1,101],[8.38,93,4,97],[3.42,38,3,41],[2.66,45,17,55],[3.97,76,2,78],[4.6,50,11,58]],""t"":[[0,0,0,0],[0,0,0,0],[0,0,0,0],[0,0,0,0],[0,0,0,0],[0,0,0,0],[3,2.75,9,5],[0,0,0,0]],""g"":[[0,0,0,0],[0,0,0,0],[0,0,0,0],[0,0,0,0],[0,0,0,0],[1.65,15,16,23],[0,0,0,0],[8.03,73,28,89]],""d"":20495}","w63060003",814,2,"0.00",0
170,2652,"{""c"":[0.15,0,0,0,0,0,0.44,0.29],""m"":[[2.4,15,2,17],[0,0,0,0],[0,0,0,0],[0,0,0,0],[0,0,0,0],[0,0,0,0],[0,0,0,0],[0,0,0,0,0]],""t"":[[0,0,0,0],[0,0,0,0],[0,0,0,0],[0,0,0,0],[0,0,0,0],[0,0,0,0],[16.8,14,4,15],[0,0,0,0,0]],""g"":[[0,0,0,0],[0,0,0,0],[0,0,0,0],[0,0,0,0],[0,0,0,0],[0,0,0,0],[1.8,45,28,60],[0,0,0,0,0]],""d"":20497}","q43164006",688,4,"0.00",0
171,1569,"{""c"":[0,0,0.15,0.01,0,0,0.01,0.57],""m"":[[0,0,0,0],[0,0,0,0],[9.76,98,2,100],[0,0,0,0],[0,0,0,0],[0,0,0,0],[0,0,0,0],[0,0,0,0]],""t"":[[0,0,0,0],[0,0,0,0],[0,0,0,0],[0,0,0,0],[0,0,0,0],[0,0,0,0],[0,0,0,0],[0,0,0,0]],""g"":[[0,0,0,0],[0,0,0,0],[0,0,0,0],[0,0,0,0],[0,0,0,0],[0,0,0,0],[0,0,0,0],[0,0,0,0]],""d"":20495}","w63060003",800,1,"0.00",0
172,3337,"{""c"":[0.29,0,0,0.57,0.71],""m"":[[119.76,499,1,500],[0,0,0,0],[0,0,0,0],[26.54,307,3,310],[17.52,195,5,200]],""t"":[[0,0,0,0],[0,0,0,0],[0,0,0,0],[0,0,0,0],[0,0,0,0]],""g"":[[0,0,0,0],[0,0,0,0],[0,0,0,0],[0,0,0,0],[0,0,0,0]],""d"":20468}","w63060003",NULL,2,"0.00",0
174,1894,"{""c"":[0,0,0,0.29,0.57,0.29,0.43,0.86],""m"":[[0,0,0,0],[0,0,0,0],[0,0,0,0],[0,165,25,186],[71.2,890,41,922],[29.2,250,17,264],[17.7,177,11,187],[16.28,181,14,195]],""t"":[[0,0,0,0],[0,0,0,0],[0,0,0,0],[0,0,0,0],[0,0,0,0],[0,0,0,0],[0,0,0,0],[0,0,0,0]],""g"":[[0,0,0,0],[0,0,0,0],[0,0,0,0],[0,0,0,0],[0,0,0,0],[0,0,0,0],[0,0,0,0],[0,0,0,0]],""d"":20495}","w63060003",729,3,"0.00",0
177,2284,"{""c"":[0,0,0.28,0.29,0.29,0.28,0.44,1],""m"":[[0,0,0,0],[0,0,0,0],[11.82,136,2,138],[9.94,112,3,115],[10.7,115,1,116],[7.34,147,3,150],[5.76,127,2,128],[13.3,149,6,155]],""t"":[[0,0,0,0],[0,0,0,0],[0,0,0,0],[0,0,0,0],[7.06,9.75,14,13],[0,0,0,0],[5.84,4.75,1,5],[0,0,0,0]],""g"":[[0,0,0,0],[0,0,0,0],[0,0,0,0],[0,0,0,0],[0,0,0,0],[0,0,0,0],[0,0,0,0],[9.57,87,4,89]],""d"":20495}","g35063013",814,2,"0.00",0
179,3137,"{""c"":[0,0.86,0.15,0.14,0.14,0.28],""m"":[[0,0,0,0],[5.23,54,1,55],[0,0,0,0],[0,0,0,0],[7.83,29,0,29],[0,40,0,40]],""t"":[[0,0,0,0],[66.13,83.5,64,95],[10.02,12.75,9,15],[5.7,5.75,10,8],[0,0,0,0],[0,0,0,0]],""g"":[[0,0,0,0],[0,0,0,0],[0,0,0,0],[0,0,0,0],[0,0,0,0],[0,0,0,0]],""d"":20491}","g47250943",758,4,"0.00",0
186,2892,"{""c"":[0.29,0,0,0,0.71],""m"":[[24.4,80,0,80],[0,0,0,0],[0,0,0,0],[0,0,0,0],[0,0,0,0]],""t"":[[0,0,0,0],[0,0,0,0],[0,0,0,0],[0,0,0,0],[0,0,0,0]],""g"":[[12.15,15,0,15],[0,0,0,0],[0,0,0,0],[0,0,0,0],[0,0,0,0]],""d"":20466}","w63060003",690,1,"0.00",0
187,548,"{""c"":[0,0,0,0.15,0.15,0.14,0.29,0.86],""m"":[[0,0,0,0],[0,0,0,0],[0,0,0,0],[0,20,0,20],[0,0,0,0],[8.84,154,6,160],[37.85,548,14,560],[0,0,0,0]],""t"":[[0,0,0,0],[0,0,0,0],[0,0,0,0],[0,0,0,0],[1.08,2.25,3,3],[2.7,4,8,6],[7.08,8,8,10],[0,0,0,0]],""g"":[[0,0,0,0],[0,0,0,0],[0,0,0,0],[0,0,0,0],[0,0,0,0],[0.56,14,14,19],[0,0,0,0],[1,25,52,49]],""d"":20494}","441013723",716,4,"0.00",0
189,3339,"{""c"":[1],""m"":[[4.8,20,0,20]],""t"":[[0,0,0,0]],""g"":[[0,0,0,0]],""d"":20437}","w63060003",NULL,2,"0.00",0
190,1957,"{""c"":[0,0,0,0.43,0.57,0.72,0.43,0.86],""m"":[[0,0,0,0],[0,0,0,0],[0,0,0,0],[0,305,6,311],[35.52,444,3,447],[60.68,548,7,555],[30.3,303,4,305],[33.98,365,4,369]],""t"":[[0,0,0,0],[0,0,0,0],[0,0,0,0],[0,0,0,0],[0,0,0,0],[0,0,0,0],[0,0,0,0],[0,0,0,0]],""g"":[[0,0,0,0],[0,0,0,0],[0,0,0,0],[0,0,0,0],[0,0,0,0],[0,0,0,0],[0,0,0,0],[0,0,0,0]],""d"":20495}","w63060003",729,3,"0.00",0
191,2341,"{""c"":[0,0,0.14,0.14,0,0.14,0.15,0.29],""m"":[[0,0,0,0],[0,0,0,0],[0.12,1,2,2],[0.14,1,1,1],[0,0,0,0],[2.21,13,6,15],[0,0,0,0],[0,0,0,0,0]],""t"":[[0,0,0,0],[0,0,0,0],[0,0,0,0],[0,0,0,0],[0,0,0,0],[0,0,18,1],[0.6,1,44,5],[0,0,0,0,0]],""g"":[[0,0,0,0],[0,0,0,0],[0,0,0,0],[0,0,0,0],[0,0,0,0],[0,0,0,0],[1,25,31,37],[0,0,0,0,0]],""d"":20497}","w63060003",688,4,"0.00",0
192,3340,"{""c"":[0.14,0,0,0,0,0.43,0.43,0.57],""m"":[[13.92,58,2,60],[0,0,0,0],[0,0,0,0],[0,0,0,0],[0,0,0,0],[6.88,86,4,90],[24.45,471,30,497],[0.29,29,1,30]],""t"":[[0,0,0,0],[0,0,0,0],[0,0,0,0],[0,0,0,0],[0,0,0,0],[0,0,0,0],[0,0,0,0],[0,0,0,0]],""g"":[[0,0,0,0],[0,0,0,0],[0,0,0,0],[0,0,0,0],[0,0,0,0],[0,0,0,0],[0,0,0,0],[0,0,0,0]],""d"":20489}","w63060003",NULL,2,"0.00",0
193,2311,"{""c"":[0,0,0.29,0.43,0.15,0.28,0.44,1],""m"":[[0,0,0,0],[0,0,0,0],[7.73,103,5,108],[12.14,154,8,162],[2.72,31,3,34],[3.68,68,24,85],[2.77,93,4,97],[5.52,60,4,64]],""t"":[[0,0,0,0],[0,0,0,0],[0,0,0,0],[0,0,0,0],[0,0,0,0],[0,0,0,0],[1.32,2,36,5],[0,0,0,0]],""g"":[[0,0,0,0],[0,0,0,0],[0,0,0,0],[0,0,0,0],[0,0,0,0],[0,0,0,0],[0,0,0,0],[7.59,69,34,89]],""d"":20495}","w63060003",814,2,"0.00",0
194,1934,"{""c"":[0,0,0,0.15,0.43,0.01,0.43,0.86],""m"":[[0,0,0,0],[0,0,0,0],[0,0,0,0],[0,69,2,71],[21.92,491,28,519],[0,0,0,0],[66.16,607,56,654],[14.12,156,4,160]],""t"":[[0,0,0,0],[0,0,0,0],[0,0,0,0],[0,0,0,0],[0,0,0,0],[0,0,0,0],[0,0,0,0],[0,0,0,0]],""g"":[[0,0,0,0],[0,0,0,0],[0,0,0,0],[0,0,0,0],[0,0,0,0],[0,0,0,0],[0,0,0,0],[0,0,0,0]],""d"":20495}","w63060003",729,3,"0.00",0
195,3307,"{""c"":[0.29,0,0.71],""m"":[[175.43,331,9,340],[0,0,0,0],[35.2,55,5,60]],""t"":[[0,0,0,0],[0,0,0,0],[0,0,0,0]],""g"":[[0,0,0,0],[0,0,0,0],[0,0,0,0]],""d"":20453}","w63060003",NULL,0,"0.00",0
196,395,"{""c"":[0.14,0,0,0.14,0.29,0.29,0.43,0.86],""m"":[[21.89,92,15,100],[0,0,0,0],[0,0,0,0],[4,40,6,45],[3.68,52,32,60],[4.19,68,2,70],[3.5,35,20,40],[1.92,39,4,40]],""t"":[[0,0,0,0],[0,0,0,0],[0,0,0,0],[0,0,0,0],[2.48,5.75,28,12],[0,0,0,0],[7.47,15.75,38,25],[0,0,0,0]],""g"":[[0,0,0,0],[0,0,0,0],[0,0,0,0],[0,0,0,0],[0,0,0,0],[0,0,0,0],[0,0,0,0],[0,0,0,0]],""d"":20487}","w63060003",NULL,2,"0.00",0
198,2292,"{""c"":[0.57,0,0,0.14,0.29,0.86],""m"":[[222.3,741,6,747],[0,0,0,0],[0,0,0,0],[2.2,22,2,24],[26.06,353,16,366],[6.35,61,9,69]],""t"":[[0,0,0,0],[0,0,0,0],[0,0,0,0],[0,0,0,0],[0,0,0,0],[0,0,0,0]],""g"":[[0,0,0,0],[0,0,0,0],[0,0,0,0],[0,0,0,0],[0,0,0,0],[0,0,0,0]],""d"":20474}","843062013",819,2,"0.00",0
199,1992,"{""c"":[0,0,0,0.29,0.01,0.29,0.57,0.86],""m"":[[0,0,0,0],[0,0,0,0],[0,0,0,0],[0,245,12,256],[0,0,0,0],[21.66,225,31,252],[32.5,283,34,309],[21.02,223,9,232]],""t"":[[0,0,0,0],[0,0,0,0],[0,0,0,0],[0,0,0,0],[0,0,0,0],[0,0,0,0],[0,0,0,0],[0,0,0,0]],""g"":[[0,0,0,0],[0,0,0,0],[0,0,0,0],[0,0,0,0],[0,0,0,0],[0,0,0,0],[0,0,0,0],[0,0,0,0]],""d"":20495}","w63060003",729,3,"0.00",0
201,2257,"{""c"":[0,0,0.44,0.29,0.14,0.28,0.44,1],""m"":[[0,0,0,0],[0,0,0,0],[14.27,215,8,222],[9.46,106,3,109],[9.46,107,2,109],[5.86,97,5,101],[5.78,102,1,103],[6.15,69,5,74]],""t"":[[0,0,0,0],[0,0,0,0],[0,0,0,0],[0,0,0,0],[0,0,0,0],[0,0,0,0],[2.33,2.75,9,5],[0,0,0,0]],""g"":[[0,0,0,0],[0,0,0,0],[0,0,0,0],[0,0,0,0],[0,0,0,0],[0,0,0,0],[0,0,0,0],[8.69,79,17,89]],""d"":20495}","o430667a3",814,2,"0.00",0
202,930,"{""c"":[0.29,0,0,0.29,0.15,0.14,0.14,0.86],""m"":[[384.7,1052,60,1109],[0,0,0,0],[0,0,0,0],[2.8,20,0,20],[0,0,0,0],[5.25,25,0,25],[1,20,0,20],[0,0,0,0]],""t"":[[0,0,0,0],[0,0,0,0],[0,0,0,0],[0,0,0,0],[8.34,8,4,9],[4.44,4.5,8,6],[0,0,0,0],[9.12,8.75,5,10]],""g"":[[0,0,0,0],[0,0,0,0],[0,0,0,0],[5.76,144,35,163],[0,0,0,0],[0.52,13,1,14],[0,0,0,0],[1.68,42,17,49]],""d"":20494}","v02012526",716,4,"0.00",0
205,2369,"{""c"":[0.14,0,0.15,0.14,0,0,0.15,0.29],""m"":[[2.72,17,1,18],[0,0,0,0],[1.2,10,1,11],[1.4,10,0,10],[0,0,0,0],[0,0,0,0],[0,0,0,0],[0,0,0,0,0]],""t"":[[0,0,0,0],[0,0,0,0],[0,0,0,0],[0,0,0,0],[0,0,0,0],[0,0,0,0],[0,0,0,0],[0,0,0,0,0]],""g"":[[0,0,0,0],[0,0,0,0],[0,0,0,0],[0,0,0,0],[0,0,0,0],[0,0,0,0],[0.96,24,13,32],[0,0,0,0,0]],""d"":20497}","w63060003",688,4,"0.00",0
206,369,"{""c"":[0,0,0,0.43,0.15,0,0.14,0.86],""m"":[[0,0,0,0],[0,0,0,0],[0,0,0,0],[1.82,13,11,20],[0,0,0,0],[0,0,0,0],[2.24,16,4,20],[0,0,0,0]],""t"":[[0,0,0,0],[0,0,0,0],[0,0,0,0],[0,0,0,0],[4.68,6.25,33,9],[0,0,0,0],[3.24,3.75,123,16],[0,0,0,0]],""g"":[[0,0,0,0],[0,0,0,0],[0,0,0,0],[5.24,131,56,163],[0,0,0,0],[0,0,0,0],[0,0,0,0],[1.84,46,7,49]],""d"":20494}","v494708c6",716,4,"0.00",0
207,2326,"{""c"":[0.14,0,0,0,0,0,0.01,0.29],""m"":[[3.84,24,3,27],[0,0,0,0],[0,0,0,0],[0,0,0,0],[0,0,0,0],[0,0,0,0],[0,0,0,0],[0,0,0,0,0]],""t"":[[0,0,0,0],[0,0,0,0],[0,0,0,0],[0,0,0,0],[0,0,0,0],[0,0,0,0],[0,0,0,0],[0,0,0,0,0]],""g"":[[0,0,0,0],[0,0,0,0],[0,0,0,0],[0,0,0,0],[0,0,0,0],[0,0,0,0],[0,0,0,0],[0,0,0,0,0]],""d"":20497}","w63060003",688,4,"0.00",0
208,1998,"{""c"":[0,0,0,0.43,0.57,0.57,0.43,0.86],""m"":[[0,0,0,0],[0,0,0,0],[0,0,0,0],[0,133,1,134],[28.88,361,5,366],[31.48,276,5,279],[28.2,282,5,287],[10.48,115,0,115]],""t"":[[0,0,0,0],[0,0,0,0],[0,0,0,0],[0,0,0,0],[0,0,0,0],[0,0,0,0],[0,0,0,0],[0,0,0,0]],""g"":[[0,0,0,0],[0,0,0,0],[0,0,0,0],[0,0,0,0],[0,0,0,0],[0,0,0,0],[0,0,0,0],[0,0,0,0]],""d"":20495}","o25584023",729,3,"0.00",0
212,392,"{""c"":[0,0,0,0.43,0.15,0.28,0.14,0.86],""m"":[[0,0,0,0],[0,0,0,0],[0,0,0,0],[1.68,12,14,20],[0,0,0,0],[0,0,0,0],[1.4,10,15,20],[0,0,0,0]],""t"":[[0,0,0,0],[0,0,0,0],[0,0,0,0],[0,0,0,0],[1.32,2.75,23,6],[0,0.25,34,6],[2.22,3.5,32,10],[0,0,0,0]],""g"":[[0,0,0,0],[0,0,0,0],[0,0,0,0],[1.8,45,102,91],[0,0,0,0],[0.48,12,13,19],[0,0,0,0],[0.84,21,78,49]],""d"":20494}","x44070373",716,4,"0.00",0
213,2301,"{""c"":[0,0,0.28,0.29,0.15,0.28,0.44,1],""m"":[[0,0,0,0],[0,0,0,0],[6.16,67,6,73],[9.2,103,4,107],[4.32,47,6,53],[3.89,68,7,73],[3.17,66,2,68],[5.92,66,9,74]],""t"":[[0,0,0,0],[0,0,0,0],[0,0,0,0],[0,0,0,0],[0,0,0,0],[0,0,0,0],[0,0.75,28,5],[0,0,0,0]],""g"":[[0,0,0,0],[0,0,0,0],[0,0,0,0],[0,0,0,0],[0,0,0,0],[0,0,0,0],[0,0,0,0],[9.46,86,4,89]],""d"":20495}","615862043",814,2,"0.00",0
216,3342,"{""c"":[1],""m"":[[4.32,18,2,20]],""t"":[[0,0,0,0]],""g"":[[0,0,0,0]],""d"":20437}","w63060003",NULL,2,"0.00",0
217,926,"{""c"":[0,0,0,0.43,0.15,0.14,0.14,0.86],""m"":[[0,0,0,0],[0,0,0,0],[0,0,0,0],[2.66,19,1,20],[0,0,0,0],[0,0,0,0],[2.8,20,0,20],[0,0,0,0]],""t"":[[0,0,0,0],[0,0,0,0],[0,0,0,0],[0,0,0,0],[9,8.25,3,9],[6.48,6,0,6],[9.6,9,5,10],[0,0,0,0]],""g"":[[0,0,0,0],[0,0,0,0],[0,0,0,0],[6.04,151,12,163],[0,0,0,0],[0.76,19,0,19],[0,0,0,0],[1.96,49,0,49]],""d"":20494}","q88084003",716,4,"0.00",0
219,1891,"{""c"":[0,0,0,0.43,0.29,0.29,0.43,0.86],""m"":[[0,0,0,0],[0,0,0,0],[0,0,0,0],[0,483,12,495],[22.32,279,9,286],[57.58,542,21,561],[24.1,241,16,255],[14.8,167,17,181]],""t"":[[0,0,0,0],[0,0,0,0],[0,0,0,0],[0,0,0,0],[0,0,0,0],[0,0,0,0],[0,0,0,0],[0,0,0,0]],""g"":[[0,0,0,0],[0,0,0,0],[0,0,0,0],[0,0,0,0],[0,0,0,0],[0,0,0,0],[0,0,0,0],[0,0,0,0]],""d"":20495}","w63060003",729,3,"0.00",0
221,1681,"{""c"":[0,0,0.29,0,0,0,0.43,0.72],""m"":[[0,0,0,0],[0,0,0,0],[9.4,26,4,30],[0,0,0,0],[0,0,0,0],[0,0,0,0],[19.84,37,4,40],[7.48,44,1,45]],""t"":[[0,0,0,0],[0,0,0,0],[0,0,0,0],[0,0,0,0],[0,0,0,0],[0,0,0,0],[0,0,0,0],[0,0,0,0]],""g"":[[0,0,0,0],[0,0,0,0],[0,0,0,0],[0,0,0,0],[0,0,0,0],[0,0,0,0],[0,0,0,0],[0,0,0,0]],""d"":20496}","g66060403",636,3,"0.00",0
226,1500,"{""c"":[0,0,0,0,0,0,0,0.86],""m"":[[0,0,0,0,0],[0,0,0,0,0],[0,0,0,0,0],[0,0,0,0,0],[0,0,0,0,0],[0,0,0,0,0],[0,0,0,0,0],[5.7,57,3,60,0.1]],""t"":[[0,0,0,0,0],[0,0,0,0,0],[0,0,0,0,0],[0,0,0,0,0],[0,0,0,0,0],[0,0,0,0,0],[0,0,0,0,0],[0,0,0,0,0]],""g"":[[0,0,0,0,0],[0,0,0,0,0],[0,0,0,0,0],[0,0,0,0,0],[0,0,0,0,0],[0,0,0,0,0],[0,0,0,0,0],[0,0,0,0,0]],""d"":20501}","w63060003",NULL,3,"0.00",0
227,531,"{""c"": [], ""m"": [], ""t"": [], ""g"": [], ""d"": null}","w63060003",NULL,-1,"0.00",0
228,1971,"{""c"":[0,0,0,0.43,0.57,0.57,0.43,0.86],""m"":[[0,0,0,0],[0,0,0,0],[0,0,0,0],[0,441,2,443],[51.68,646,12,657],[57.54,525,16,537],[51.8,518,7,525],[21.56,246,10,252]],""t"":[[0,0,0,0],[0,0,0,0],[0,0,0,0],[0,0,0,0],[0,0,0,0],[0,0,0,0],[0,0,0,0],[0,0,0,0]],""g"":[[0,0,0,0],[0,0,0,0],[0,0,0,0],[0,0,0,0],[0,0,0,0],[0,0,0,0],[0,0,0,0],[0,0,0,0]],""d"":20495}","w63060003",729,3,"0.00",0
229,2285,"{""c"":[0,0,0.28,0.29,0.14,0.15,0.44,1],""m"":[[0,0,0,0],[0,0,0,0],[6.32,70,2,72],[8.24,91,5,94],[3.94,42,3,45],[1.59,21,7,22],[3.08,66,2,68],[4.23,46,26,57]],""t"":[[0,0,0,0],[0,0,0,0],[0,0,0,0],[0,0,0,0],[0,0,0,0],[0,0,0,0],[3.99,4,4,5],[0,0,0,0]],""g"":[[0,0,0,0],[0,0,0,0],[0,0,0,0],[0,0,0,0],[0,0,0,0],[0,0,0,0],[0,0,0,0],[8.03,73,20,89]],""d"":20495}","o430622a5",814,2,"0.00",0
231,2346,"{""c"":[0.14,0,0,0,0,0.14,0.57,0.29],""m"":[[3.36,21,0,21],[0,0,0,0],[0,0,0,0],[0,0,0,0],[0,0,0,0],[2.16,18,0,18],[0.14,1,4,2],[0,0,0,0,0]],""t"":[[0,0,0,0],[0,0,0,0],[0,0,0,0],[0,0,0,0],[0,0,0,0],[0,0,0,0],[0,0,143,10],[0,0,0,0,0]],""g"":[[0,0,0,0],[0,0,0,0],[0,0,0,0],[0,0,0,0],[0,0,0,0],[0,0,0,0],[0.6,15,19,27],[0,0,0,0,0]],""d"":20497}","j66506033",688,4,"0.00",0
234,2344,"{""c"":[0,0,0,0.14,0,0,0.43,0.29],""m"":[[0,0,0,0],[0,0,0,0],[0,0,0,0],[1.4,11,4,12],[0,0,0,0],[0,0,0,0],[0,0,0,0],[0,0,0,0,0]],""t"":[[0,0,0,0],[0,0,0,0],[0,0,0,0],[0,0,0,0],[0,0,0,0],[0,0,0,0],[4.8,5.25,46,15],[0,0,0,0,0]],""g"":[[0,0,0,0],[0,0,0,0],[0,0,0,0],[0,0,0,0],[0,0,0,0],[0,0,0,0],[1.48,37,17,49],[0,0,0,0,0]],""d"":20497}","w63060003",688,4,"0.00",0
235,3145,"{""c"":[0.71],""m"":[[4.24,17,6,20]],""t"":[[0,0,0,0]],""g"":[[0,0,0,0]],""d"":20490}","505279020",775,4,"0.00",0
236,3344,"{""c"":[0,0,0.14,0.71,0.57,0.43,0.29,1],""m"":[[0,0,0,0],[0,0,0,0],[3.84,48,2,50],[19.76,219,11,230],[13.22,144,6,150],[7.2,76,4,80],[3.9,39,1,40],[2.6,26,0,26]],""t"":[[0,0,0,0],[0,0,0,0],[0,0,0,0],[0,0,0,0],[0,0,0,0],[0,0,0,0],[0,0,0,0],[0,0,0,0]],""g"":[[0,0,0,0],[0,0,0,0],[0,0,0,0],[0,0,0,0],[0,0,0,0],[0,0,0,0],[0,0,0,0],[0,0,0,0]],""d"":20493}","w63060003",NULL,2,"0.00",0
237,2734,"{""c"": [], ""m"": [], ""t"": [], ""g"": [], ""d"": null}","w63060003",NULL,-1,"0.00",0
238,2809,"{""c"":[0,0,0,0,0.58,0.57,0.43,0.86],""m"":[[0,0,0,0],[0,0,0,0],[0,0,0,0],[0,0,0,0],[23.92,314,8,322],[36.64,458,9,467],[36.56,457,7,464],[22.4,280,3,283]],""t"":[[0,0,0,0],[0,0,0,0],[0,0,0,0],[0,0,0,0],[4.26,1.75,1,2],[0,0,0,0],[0,0,0,0],[0,0,0,0]],""g"":[[0,0,0,0],[0,0,0,0],[0,0,0,0],[0,0,0,0],[0,0,0,0],[0,0,0,0],[0,0,0,0],[0,0,0,0]],""d"":20495}","615150006",804,3,"0.00",0
240,2294,"{""c"":[0,0,0.29,0.29,0.14,0.14,0.02,0.72],""m"":[[0,0,0,0],[0,0,0,0],[7.26,84,11,92],[9.26,104,5,108],[4.8,51,8,58],[4.49,70,3,73],[0,0,0,0],[0,0,0,0]],""t"":[[0,0,0,0],[0,0,0,0],[0,0,0,0],[0,0,0,0],[0,0,0,0],[0,0,0,0],[0,0,0,0],[0,0,0,0]],""g"":[[0,0,0,0],[0,0,0,0],[0,0,0,0],[0,0,0,0],[0,0,0,0],[0,0,0,0],[0,0,0,0],[0,0,0,0]],""d"":20494}","w63060003",814,2,"0.00",0
241,2337,"{""c"":[0,0,0,0.01,0,0.29,0.3,0.72],""m"":[[0,0,0,0],[0,0,0,0],[0,0,0,0],[0,0,0,0],[0,0,0,0],[2.15,35,4,39],[1.52,28,4,30],[0.5,34,12,40]],""t"":[[0,0,0,0],[0,0,0,0],[0,0,0,0],[0,0,0,0],[0,0,0,0],[0,0,0,0],[0,0,0,0],[0,0,0,0]],""g"":[[0,0,0,0],[0,0,0,0],[0,0,0,0],[0,0,0,0],[0,0,0,0],[0,0,0,0],[0,0,0,0],[0,0,0,0]],""d"":20495}","w63060003",814,2,"0.00",0
242,2470,"{""c"":[0,0,0.14,0.29,0.15,0.42,0.3,1],""m"":[[0,0,0,0],[0,0,0,0],[1.38,17,1,17],[8.98,100,2,102],[3.22,37,1,38],[5.38,86,6,91],[8.94,146,4,150],[6.2,69,3,72]],""t"":[[0,0,0,0],[0,0,0,0],[0,0,0,0],[0,0,0,0],[0,0,0,0],[0,0,0,0],[0,0,0,0],[0,0,0,0]],""g"":[[0,0,0,0],[0,0,0,0],[0,0,0,0],[0,0,0,0],[0,0,0,0],[2.09,19,8,23],[0,0,0,0],[8.91,81,13,89]],""d"":20495}","w63060003",814,2,"0.00",0
243,2466,"{""c"":[0,0,0,0.01,0,0,0.16,0.72],""m"":[[0,0,0,0],[0,0,0,0],[0,0,0,0],[0,0,0,0],[0,0,0,0],[0,0,0,0],[0,0,0,0],[0,0,0,0]],""t"":[[0,0,0,0],[0,0,0,0],[0,0,0,0],[0,0,0,0],[0,0,0,0],[0,0,0,0],[3.99,3.5,6,5],[0,0,0,0]],""g"":[[0,0,0,0],[0,0,0,0],[0,0,0,0],[0,0,0,0],[0,0,0,0],[0,0,0,0],[0,0,0,0],[0,0,0,0]],""d"":20494}","w63060003",814,2,"0.00",0
244,2363,"{""c"":[0,0,0.14,0.29,0.14,0.28,0.3,1],""m"":[[0,0,0,0],[0,0,0,0],[3.68,41,0,41],[8.34,94,25,111],[7.78,86,5,90],[4.61,69,10,76],[7.93,130,11,135],[89.52,1437,138,1473]],""t"":[[0,0,0,0],[0,0,0,0],[0,0,0,0],[0,0,0,0],[0,0,0,0],[0,0,0,0],[5.1,4.25,3,5],[5.08,3.75,13,6]],""g"":[[0,0,0,0],[0,0,0,0],[0,0,0,0],[0,0,0,0],[0,0,0,0],[0,0,0,0],[0,0,0,0],[9.02,82,9,89]],""d"":20496}","641082023",814,2,"0.00",0
245,2328,"{""c"":[0,0,0,0,0,0,0.43,0.29],""m"":[[0,0,0,0],[0,0,0,0],[0,0,0,0],[0,0,0,0],[0,0,0,0],[0,0,0,0],[0,0,0,0],[0,0,0,0,0]],""t"":[[0,0,0,0],[0,0,0,0],[0,0,0,0],[0,0,0,0],[0,0,0,0],[0,0,0,0],[13.2,12.5,10,15],[0,0,0,0,0]],""g"":[[0,0,0,0],[0,0,0,0],[0,0,0,0],[0,0,0,0],[0,0,0,0],[0,0,0,0],[1.6,40,30,52],[0,0,0,0,0]],""d"":20497}","w63060003",688,4,"0.00",0
247,2163,"{""c"":[0,0,0.15,0.15,0,0.14,0.29,0.71],""m"":[[0,0,0,0],[0,0,0,0],[3.19,79,1,80],[2.09,19,1,20],[0,0,0,0],[2.6,20,0,20],[14.46,120,11,130],[0,0,0,0]],""t"":[[0,0,0,0],[0,0,0,0],[0,0,0,0],[0,0,0,0],[0,0,0,0],[0,0,0,0],[0,0,0,0],[0,0,0,0]],""g"":[[0,0,0,0],[0,0,0,0],[0,0,0,0],[0,0,0,0],[0,0,0,0],[0,0,0,0],[0,0,0,0],[19.76,76,22,92]],""d"":20495}","p51083093",800,1,"0.00",0
249,3347,"{""c"":[1],""m"":[[12.84,23,2,25]],""t"":[[0,0,0,0]],""g"":[[0,0,0,0]],""d"":20439}","w63060003",NULL,0,"0.00",0
250,1272,"{""c"":[0,0,0.15,0.42,0.14,0.28,0.15,1],""m"":[[0,0,0,0],[0,0,0,0],[0,0,0,0],[8.4,60,0,60],[2.8,20,0,20],[9.8,70,0,70],[0,0,0,0],[0,0,0,0]],""t"":[[0,0,0,0],[0,0,0,0],[1.56,2.75,35,8],[25.41,42.75,128,68],[2.59,7.25,19,12],[2.32,4.5,2,5],[4.93,10.25,14,13],[8.12,17,16,21]],""g"":[[0,0,0,0],[0,0,0,0],[0,0,0,0],[0.08,2,2,3],[0,0,0,0],[0.72,18,11,23],[2.24,56,23,68],[0,0,0,0]],""d"":20495}","o31086923",810,4,"0.00",0
251,1308,"{""c"":[0.71,0,0,0.14,0.86],""m"":[[0,0,0,0],[0,0,0,0],[0,0,0,0],[0,1,1,2],[0,6,0,6]],""t"":[[2.9,10.5,35,18],[0,0,0,0],[0,0,0,0],[0,7.75,45,18],[0,0,0,0]],""g"":[[0,0,0,0],[0,0,0,0],[0,0,0,0],[0,0,0,0],[0,0,0,0]],""d"":20494}","033160003",810,4,"0.00",0
253,1174,"{""c"":[0,0,0.15,0,0,0,0.29,0.71],""m"":[[0,0,0,0],[0,0,0,0],[0,99,1,100],[0,0,0,0],[0,0,0,0],[0,0,0,0],[5.45,47,5,51],[0,5,0,5]],""t"":[[0,0,0,0],[0,0,0,0],[0,0,0,0],[0,0,0,0],[0,0,0,0],[0,0,0,0],[0,0,0,0],[0,0,0,0]],""g"":[[0,0,0,0],[0,0,0,0],[0,0,0,0],[0,0,0,0],[0,0,0,0],[0,0,0,0],[4.36,109,17,118],[0,0,0,0]],""d"":20495}","e530620a3",810,4,"0.00",0
254,1175,"{""c"":[0,0,0.15,0.14,0,0.42,0.15,1],""m"":[[0,0,0,0],[0,0,0,0],[0,0,0,0],[2.73,13,7,20],[0,0,0,0],[0,0,0,0],[0,0,0,0],[0,0,0,0]],""t"":[[0,0,0,0],[0,0,0,0],[0,0,0,0],[1.45,3.25,3,4],[0,0,0,0],[1.56,1.75,7,3],[1.2,1,0,1],[0.72,1,0,1]],""g"":[[0,0,0,0],[0,0,0,0],[0.2,5,0,5],[0,0,0,0],[0,0,0,0],[0.6,15,3,18],[0.8,20,1,21],[0,0,0,0]],""d"":20493}","645760003",810,4,"0.00",0
255,1262,"{""c"":[0.71,0.29,0,0.14,0.86],""m"":[[2.52,19,3,21],[0,2,0,2],[0,0,0,0],[0,0,0,0],[20.79,77,0,77]],""t"":[[1.2,1.75,13,5],[0,0,0,0],[0,0,0,0],[0,0.25,11,3],[0,0,0,0]],""g"":[[1.08,27,25,40],[1.04,26,8,32],[0,0,0,0],[0,0,0,0],[0.04,1,0,1]],""d"":20495}","601582033",810,4,"0.00",0
258,512,"{""c"":[0,0,0,0.15,0.15,0,0,0.86],""m"":[[0,0,0,0],[0,0,0,0],[0,0,0,0],[0,0,0,0],[0,0,0,0],[0,0,0,0],[0,0,0,0],[0,0,0,0]],""t"":[[0,0,0,0],[0,0,0,0],[0,0,0,0],[0,0,0,0],[3.48,3.75,46,9],[0,0,0,0],[0,0,0,0],[0,0,0,0]],""g"":[[0,0,0,0],[0,0,0,0],[0,0,0,0],[5.08,127,70,163],[0,0,0,0],[0,0,0,0],[0,0,0,0],[1.16,29,45,49]],""d"":20494}","028463003",716,4,"0.00",0
259,556,"{""c"":[0,0,0.14,0.43,0.15,0.14,0.14,0.86],""m"":[[0,0,0,0],[0,0,0,0],[0,20,0,20],[2.1,15,6,20],[0,0,0,0],[0,0,0,0],[2.24,16,5,20],[0,0,0,0]],""t"":[[0,0,0,0],[0,0,0,0],[0,0,0,0],[0,0,0,0],[1.97,3.75,24,9],[4.5,5,4,6],[4.2,5.5,26,10],[0,0,0,0]],""g"":[[0,0,0,0],[0,0,0,0],[0,0,0,0],[7.64,191,83,235],[0,0,0,0],[0.72,18,1,19],[0,0,0,0],[1.72,43,10,49]],""d"":20494}","x35150403",716,4,"0.00",0
261,915,"{""c"":[0.29,0.43,0.72,0.71,0.58,0.43,0.28,0.86],""m"":[[586.6,2332,92,2415],[435.74,2197,58,2253],[192.31,806,20,825],[16.25,74,42,85],[15.93,59,1,60],[11.34,74,1,75],[12.97,75,5,80],[2.66,19,1,20]],""t"":[[0,0,0,0],[0,0,0,0],[0,0,0,0],[0,0,0,0],[3.72,5.5,54,15],[2.76,4,30,10],[0,0,0,0],[0,0,0,0]],""g"":[[0,0,0,0],[0,38,1,39],[0,0,0,0],[7.28,182,35,206],[0,0,0,0],[2,50,9,57],[0,0,0,0],[1.68,42,9,49]],""d"":20495}","068110ba3",716,4,"0.00",0
262,480,"{""c"":[0,0,0,0.15,0.15,0.14,0.14,0.72],""m"":[[0,0,0,0],[0,0,0,0],[0,0,0,0],[0,0,0,0],[1.64,4,1,5],[0,0,0,0],[2.1,15,6,20],[0,0,0,0]],""t"":[[0,0,0,0],[0,0,0,0],[0,0,0,0],[0,0,0,0],[1.92,3,47,9],[2.7,3.5,12,6],[5.88,7.25,11,10],[0,0,0,0]],""g"":[[0,0,0,0],[0,0,0,0],[0,0,0,0],[1.04,26,10,30],[0,0,0,0],[0.56,14,8,19],[0,0,0,0],[0,0,0,0]],""d"":20494}","e48562033",716,4,"0.00",0
264,912,"{""c"":[0,0,0.14,0.43,0.15,0.14,0.14,0.72],""m"":[[0,0,0,0],[0,0,0,0],[0,20,0,20],[2.24,16,9,20],[0,0,0,0],[0,0,0,0],[2.38,17,4,20],[0,0,0,0]],""t"":[[0,0,0,0],[0,0,0,0],[0,0,0,0],[0,0,0,0],[3.6,5,4,6],[2.22,3.25,13,6],[3.9,3.5,7,5],[2.64,3.75,5,5]],""g"":[[0,0,0,0],[0,0,0,0],[0,0,0,0],[7.56,189,70,227],[0,0,0,0],[0.6,15,3,17],[0,0,0,0],[1.44,36,15,49]],""d"":20495}","w63060003",716,4,"0.00",0
265,970,"{""c"":[0,0,0,0.15,0.15,0.14,0,0.72],""m"":[[0,0,0,0],[0,0,0,0],[0,0,0,0],[2.52,18,2,20],[0,0,0,0],[0,0,0,0],[0,0,0,0],[0,0,0,0]],""t"":[[0,0,0,0],[0,0,0,0],[0,0,0,0],[0,0,0,0],[8.64,9.25,11,12],[4.5,5,4,6],[0,0,0,0],[0,0,0,0]],""g"":[[0,0,0,0],[0,0,0,0],[0,0,0,0],[7.44,186,34,211],[0,0,0,0],[0.72,18,2,19],[0,0,0,0],[0,0,0,0]],""d"":20494}","o83581ba3",716,4,"0.00",0
266,467,"{""c"":[0,0,0,0.01,0.01,0.14,0,0.72],""m"":[[0,0,0,0],[0,0,0,0],[0,0,0,0],[0,0,0,0],[0,0,0,0],[0,0,0,0],[0,0,0,0],[0,0,0,0]],""t"":[[0,0,0,0],[0,0,0,0],[0,0,0,0],[0,0,0,0],[0,0,0,0],[0.24,0.75,51,9],[0,0,0,0],[0,0,0,0]],""g"":[[0,0,0,0],[0,0,0,0],[0,0,0,0],[0,0,0,0],[0,0,0,0],[0,0,0,0],[0,0,0,0],[0,0,0,0]],""d"":20494}","w63060003",716,4,"0.00",0
269,1162,"{""c"":[0.29,0,0,0,0.57,0.57,0.57,0.57],""m"":[[0,0,0,0],[0,0,0,0],[0,0,0,0],[0,0,0,0],[61.39,423,10,433],[24.72,286,8,294],[12.46,108,2,110],[14.97,113,5,118]],""t"":[[4.1499999999999995,2.5,69,10],[0,0,0,0],[0,0,0,0],[0,0,0,0],[1.36,7.25,87,16],[0,0,0,0],[0,0,0,0],[0,0,0,0]],""g"":[[0,0,0,0],[0,0,0,0],[0,0,0,0],[0,0,0,0],[0,0,0,0],[0.44,11,21,20],[0.56,34,7,37],[0,19,15,21]],""d"":20490}","552670a41",810,4,"0.00",0
272,1562,"{""c"":[0.71,0.29,0.28,0.15,0.71],""m"":[[4.69,24,3,25],[0,0,0,0],[2.8,20,0,20],[0,0,0,0],[0,0,0,0]],""t"":[[0,0.5,15,3],[0,0,0,0],[0,0,0,0],[0,0,0,0],[0.72,1.5,6,3]],""g"":[[0,14,1,15],[0.84,21,10,27],[1.84,46,6,49],[0.4,10,0,10],[0,0,0,0]],""d"":20495}","0587764b3",810,4,"0.00",0
277,3050,"{""c"":[0,0,0,0,0.29,0.58,0.43,0.86],""m"":[[0,0,0,0],[0,0,0,0],[0,0,0,0],[0,0,0,0],[14.8,185,1,186],[65.84,823,1,824],[63.92,799,3,802],[39.12,489,0,489]],""t"":[[0,0,0,0],[0,0,0,0],[0,0,0,0],[0,0,0,0],[3.55,1.5,2,2],[0,0,0,0],[0,0,0,0],[0,0,0,0]],""g"":[[0,0,0,0],[0,0,0,0],[0,0,0,0],[0,0,0,0],[0,0,0,0],[15.84,88,11,96],[14.22,79,0,79],[0,0,0,0]],""d"":20495}","p18060a42",804,3,"0.00",0
280,2050,"{""c"":[0.14,0,0.29,0.29,0,0.14,0.29,0.71],""m"":[[7.41,57,3,60],[0,0,0,0],[14.44,58,2,60],[7.88,68,2,70],[0,0,0,0],[2.47,19,1,20],[9.12,66,4,70],[2.47,19,1,20]],""t"":[[0,0,0,0],[0,0,0,0],[25.6,14.75,1,15],[0,0,0,0],[0,0,0,0],[0,0,0,0],[0,0,0,0],[0,0,0,0]],""g"":[[0,0,0,0],[0,0,0,0],[0,0,0,0],[0,0,0,0],[0,0,0,0],[0,0,0,0],[0,0,0,0],[17.16,66,1,67]],""d"":20496}","w63060003",800,1,"0.00",0
281,2893,"{""c"":[0,0,0,0,0.86],""m"":[[0,0,0,0],[0,0,0,0],[0,0,0,0],[0,0,0,0],[2.6,20,0,20]],""t"":[[0,0,0,0],[0,0,0,0],[0,0,0,0],[0,0,0,0],[0,0,0,0]],""g"":[[0,0,0,0],[0,0,0,0],[0,0,0,0],[0,0,0,0],[3.9,15,0,15]],""d"":20466}","j65152066",690,1,"0.00",0
283,2004,"{""c"":[0.43,0.14,0,0.14,0.29,0.71,0.72],""m"":[[78.47,211,11,220],[99,330,0,330],[0,0,0,0],[4.2,42,2,44],[19.6,196,8,202],[25.74,262,13,274],[0,0,0,0]],""t"":[[0,0,0,0],[0,0,0,0],[0,0,0,0],[0,0,0,0],[0,0,0,0],[6.11,5.75,1,6],[9.09,9.5,2,10]],""g"":[[0,0,0,0],[0,0,0,0],[0,0,0,0],[0,0,0,0],[0,0,0,0],[17.6,160,7,165],[37.29,339,8,347]],""d"":20482}","608162033",819,2,"0.00",1
284,2849,"{""c"":[0,0,0,0,0.29,0.29,0.57,0.86],""m"":[[0,0,0,0],[0,0,0,0],[0,0,0,0],[0,0,0,0],[38.26,379,29,406],[17.36,217,7,222],[102.8,1285,42,1326],[12.24,153,8,159]],""t"":[[0,0,0,0],[0,0,0,0],[0,0,0,0],[0,0,0,0],[2.84,1.5,2,2],[0,0,0,0],[0,0,0,0],[0,0,0,0]],""g"":[[0,0,0,0],[0,0,0,0],[0,0,0,0],[0,0,0,0],[0,0,0,0],[0,0,0,0],[0,0,0,0],[0,0,0,0]],""d"":20495}","p53034b43",804,3,"0.00",0
287,3350,"{""c"":[1],""m"":[[4.8,20,0,20]],""t"":[[0,0,0,0]],""g"":[[0,0,0,0]],""d"":20438}","w63060003",NULL,2,"0.00",0
289,2798,"{""c"":[0,0,0,0,0.29,0.57,0.43,0.86],""m"":[[0,0,0,0],[0,0,0,0],[0,0,0,0],[0,0,0,0],[2.48,31,6,36],[15.04,188,19,205],[14.08,176,15,183],[7.2,90,9,97]],""t"":[[0,0,0,0],[0,0,0,0],[0,0,0,0],[0,0,0,0],[3.55,1.5,2,2],[0,0,0,0],[0,0,0,0],[0,0,0,0]],""g"":[[0,0,0,0],[0,0,0,0],[0,0,0,0],[0,0,0,0],[0,0,0,0],[0,0,0,0],[0,0,0,0],[0,0,0,0]],""d"":20495}","w63060003",804,3,"0.00",0
291,3302,"{""c"":[1],""m"":[[72.72,303,16,317]],""t"":[[0,0,0,0]],""g"":[[0,0,0,0]],""d"":20439}","w63060003",NULL,2,"0.00",0
292,2867,"{""c"":[0.43,0,0,0,0,0,0.86],""m"":[[16.73,59,1,60],[0,0,0,0],[0,0,0,0],[0,0,0,0],[0,0,0,0],[0,0,0,0],[2.1,15,0,15]],""t"":[[3.02,1,0,1],[0,0,0,0],[0,0,0,0],[0,0,0,0],[0,0,0,0],[0,0,0,0],[20.37,13.25,65,16]],""g"":[[16.2,20,0,20],[0,0,0,0],[0,0,0,0],[0,0,0,0],[0,0,0,0],[0,0,0,0],[0,0,0,0]],""d"":20480}","w21010023",690,1,"0.00",0
295,1896,"{""c"":[0,0.43,0.42,0.58,0.44,0.72,0.14,0.86],""m"":[[0,0,0,0],[37.12,267,8,275],[11.32,88,3,91],[11.88,87,3,90],[2.26,14,2,16],[6.97,49,1,50],[0,0,0,0],[3.9,30,0,30,0.13]],""t"":[[0,0,0,0],[35.19,25.75,16,29],[2.6,1.75,1,2],[36.49,18,22,23],[2.19,2,17,6],[13.2,11.25,21,16],[4.56,4.25,19,8],[0,0,0,0,0]],""g"":[[0,0,0,0],[10.66,41,8,46],[6.76,26,4,29],[10.4,40,8,47],[2.86,11,3,14],[4.42,17,2,19],[0.78,3,4,5],[0,0,0,0,0]],""d"":20501}","v46452026",795,1,"4.25",2
296,3089,"{""c"":[0,0,0,0,0,0,0.72],""m"":[[0,0,0,0],[0,0,0,0],[0,0,0,0],[0,0,0,0],[0,0,0,0],[0,0,0,0],[0,0,0,0]],""t"":[[0,0,0,0],[0,0,0,0],[0,0,0,0],[0,0,0,0],[0,0,0,0],[0,0,0,0],[0,0,0,0]],""g"":[[0,0,0,0],[0,0,0,0],[0,0,0,0],[0,0,0,0],[0,0,0,0],[0,0,0,0],[0,0,0,0]],""d"":20480}","w63060003",402,1,"0.00",0
297,3042,"{""c"":[0,0,0,0,0,0,0.86],""m"":[[0,0,0,0],[0,0,0,0],[0,0,0,0],[0,0,0,0],[0,0,0,0],[0,0,0,0],[0,0,0,0]],""t"":[[0,0,0,0],[0,0,0,0],[0,0,0,0],[0,0,0,0],[0,0,0,0],[0,0,0,0],[0,0,0,0]],""g"":[[0,0,0,0],[0,0,0,0],[0,0,0,0],[0,0,0,0],[0,0,0,0],[0,0,0,0],[0,0,0,0]],""d"":20479}","w63060003",690,1,"0.00",0
299,2199,"{""c"":[0,0,0,0.14,0.71,0.71,0.43,0.86],""m"":[[0,0,0,0],[0,0,0,0],[0,0,0,0],[1.9,19,0,19],[16.79,165,4,169],[9.1,91,15,100],[5.7,57,3,60],[4.34,61,1,62]],""t"":[[0,0,0,0],[0,0,0,0],[0,0,0,0],[0,0,0,0],[0,0,0,0],[0,0,0,0],[0,0,0,0],[0,0,0,0]],""g"":[[0,0,0,0],[0,0,0,0],[0,0,0,0],[0,0,0,0],[0,0,0,0],[0,0,0,0],[0,0,0,0],[0,0,0,0]],""d"":20496}","o080884a3",819,2,"0.00",0
300,2888,"{""c"":[0.43,0,0,0,0.71],""m"":[[20.35,77,3,80],[0,0,0,0],[0,0,0,0],[0,0,0,0],[0,0,0,0]],""t"":[[0,0,0,0],[0,0,0,0],[0,0,0,0],[0,0,0,0],[0,0,0,0]],""g"":[[12.15,15,0,15],[0,0,0,0],[0,0,0,0],[0,0,0,0],[0,0,0,0]],""d"":20466}","w63060003",690,1,"0.00",0
301,3059,"{""c"":[0,0,0,0,0.15,0.57,0.43,0.72],""m"":[[0,0,0,0],[0,0,0,0],[0,0,0,0],[0,0,0,0],[15.2,190,2,192],[49.76,622,6,627],[32.56,407,7,414],[19.6,245,1,246]],""t"":[[0,0,0,0],[0,0,0,0],[0,0,0,0],[0,0,0,0],[4.26,1.75,1,2],[0,0,0,0],[0,0,0,0],[0,0,0,0]],""g"":[[0,0,0,0],[0,0,0,0],[0,0,0,0],[0,0,0,0],[0,0,0,0],[0,0,0,0],[0,0,0,0],[0,27,5,31,0]],""d"":20497}","p43082043",804,3,"0.00",0
302,2028,"{""c"":[0.29,0,0,0.14,0.29,0.43,0.28,0.86],""m"":[[17.4,58,3,60],[0,0,0,0],[0,0,0,0],[7.5,75,3,78],[6.8,68,18,78],[11.32,128,3,130],[7.3,94,7,101],[2.73,39,1,40]],""t"":[[0,0,0,0],[0,0,0,0],[0,0,0,0],[0,0,0,0],[0,0,0,0],[0,0,0,0],[0,0,0,0],[0,0,0,0]],""g"":[[0,0,0,0],[0,0,0,0],[0,0,0,0],[0,0,0,0],[0,0,0,0],[0,0,0,0],[0,0,0,0],[0,0,0,0]],""d"":20487}","k48068043",819,2,"0.00",0
305,3274,"{""c"": [], ""m"": [], ""t"": [], ""g"": [], ""d"": null}","w63060003",NULL,2,"0.00",0
306,2787,"{""c"":[0,0,0,0,0.29,0.57,0.71,0.71],""m"":[[0,0,0,0],[0,0,0,0],[0,0,0,0],[0,0,0,0],[7.6,95,2,97],[48.8,610,8,618],[144.8,753,22,774],[681.41,2588,78,2660,0.43]],""t"":[[0,0,0,0],[0,0,0,0],[0,0,0,0],[0,0,0,0],[5.68,2,0,2],[0,0,0,0],[0,0,0,0],[0,0,0,0]],""g"":[[0,0,0,0],[0,0,0,0],[0,0,0,0],[0,0,0,0],[0,0,0,0],[0,0,0,0],[0,0,0,0],[0,0,0,0]],""d"":20499}","p18760302",804,3,"0.00",0
307,3062,"{""c"":[0,0,0,0,0.29,0.57,0.43,0.86],""m"":[[0,0,0,0],[0,0,0,0],[0,0,0,0],[0,0,0,0],[10.48,131,1,132],[42.56,532,11,543],[78.4,980,17,989],[18.8,235,4,239]],""t"":[[0,0,0,0],[0,0,0,0],[0,0,0,0],[0,0,0,0],[1.42,0.75,7,2],[0,0,0,0],[0,0,0,0],[0,0,0,0]],""g"":[[0,0,0,0],[0,0,0,0],[0,0,0,0],[0,0,0,0],[0,0,0,0],[0,0,0,0],[0,0,0,0],[0,0,0,0]],""d"":20495}","p53034743",804,3,"0.00",0
308,2051,"{""c"":[0.29,0,0,0.14,0.29,0.72],""m"":[[18,60,0,60],[0,0,0,0],[0,0,0,0],[12.1,121,2,123],[13.1,131,2,133],[0,0,0,0]],""t"":[[0,0,0,0],[0,0,0,0],[0,0,0,0],[0,0,0,0],[0,0,0,0],[0,0,0,0]],""g"":[[0,0,0,0],[0,0,0,0],[0,0,0,0],[0,0,0,0],[0,0,0,0],[0,0,0,0]],""d"":20473}","w63060003",819,2,"0.00",0
310,2875,"{""c"":[0,0,0,0,0.71],""m"":[[7.4,20,0,20],[0,0,0,0],[0,0,0,0],[0,0,0,0],[0,0,0,0]],""t"":[[0,0,0,0],[0,0,0,0],[0,0,0,0],[0,0,0,0],[0,0,0,0]],""g"":[[12.15,15,0,15],[0,0,0,0],[0,0,0,0],[0,0,0,0],[0,0,0,0]],""d"":20466}","w63060003",690,1,"0.00",0
311,2818,"{""c"":[0,0,0,0,0.29,0.43,0.57,0.86],""m"":[[0,0,0,0],[0,0,0,0],[0,0,0,0],[0,0,0,0],[8.96,112,4,116],[79.36,992,38,1026],[73.92,944,12,956],[37.28,466,9,474]],""t"":[[0,0,0,0],[0,0,0,0],[0,0,0,0],[0,0,0,0],[10.85,5,22,9],[0,0,0,0],[0,0,0,0],[0,0,0,0]],""g"":[[0,0,0,0],[0,0,0,0],[0,0,0,0],[0,0,0,0],[0,0,0,0],[0,0,0,0],[0,0,0,0],[0,0,0,0]],""d"":20495}","g45350022",804,3,"0.00",0
313,3352,"{""c"":[0,0.57,0.57,0.57,0.71,0.57,0.43,1],""m"":[[0,0,0,0],[44.73,338,37,371],[30.32,116,17,129],[13.35,44,12,55],[38.59,455,47,498],[90.76,424,18,440],[55.33,141,13,152],[0,0,0,0,0]],""t"":[[0,0,0,0],[3.89,5.25,37,11],[0,0,40,4],[2.4,2.75,24,6],[1.44,3,47,10],[3.87,6.5,48,13],[7.26,10,35,17],[2.88,4,2,5,0.72]],""g"":[[0,0,0,0],[3,75,10,83],[5,125,55,154],[3.6,90,20,107],[7.04,176,63,209],[5.4,135,82,184],[2.04,51,29,65],[0,0,0,0,0]],""d"":20500}","984680416",815,4,"0.00",0
314,2327,"{""c"":[0,0,0.28,0.14,0,0,0.44,0.29],""m"":[[0,0,0,0],[0,0,0,0],[0.99,9,0,9],[0.84,6,0,6],[0,0,0,0],[0,0,0,0],[0,0,0,0],[0,0,0,0,0]],""t"":[[0,0,0,0],[0,0,0,0],[0,0,0,0],[0,0,0,0],[0,0,0,0],[0,0,0,0],[1.8,2.5,124,15],[0,0,0,0,0]],""g"":[[0,0,0,0],[0,0,0,0],[0,0,0,0],[0,0,0,0],[0,0,0,0],[0,0,0,0],[1.04,26,31,36],[0,0,0,0,0]],""d"":20497}","w63060003",688,4,"0.00",0
317,2726,"{""c"":[0,0,0,0.71,0.15,0.14,0.14,0.71],""m"":[[0,0,0,0],[0,0,0,0],[0,0,0,0],[57.52,568,10,577],[11.55,105,0,105],[6.24,48,0,48],[23.8,376,0,376],[39.34,436,3,439]],""t"":[[0,0,0,0],[0,0,0,0],[0,0,0,0],[13.88,8.5,2,9],[9.15,6.75,1,7],[0,0,0,0],[0,0,0,0],[0,0,0,0]],""g"":[[0,0,0,0],[0,0,0,0],[0,0,0,0],[5.98,23,1,24],[2.86,11,0,11],[0,0,0,0],[1.56,6,0,6],[2.6,10,1,11]],""d"":20495}","613060903",788,1,"0.00",3
318,2877,"{""c"":[0,0,0,0,0.71],""m"":[[7.4,20,0,20],[0,0,0,0],[0,0,0,0],[0,0,0,0],[0,0,0,0]],""t"":[[0,0,0,0],[0,0,0,0],[0,0,0,0],[0,0,0,0],[0,0,0,0]],""g"":[[12.15,15,0,15],[0,0,0,0],[0,0,0,0],[0,0,0,0],[0,0,0,0]],""d"":20466}","w63060003",690,1,"0.00",0
319,2889,"{""c"":[0.29,0,0,0,0.71],""m"":[[12.26,38,3,40],[0,0,0,0],[0,0,0,0],[0,0,0,0],[0,0,0,0]],""t"":[[0,0,0,0],[0,0,0,0],[0,0,0,0],[0,0,0,0],[0,0,0,0]],""g"":[[0,0,0,0],[0,0,0,0],[0,0,0,0],[0,0,0,0],[0,0,0,0]],""d"":20466}","w63060003",690,1,"0.00",0
320,2795,"{""c"":[0,0,0,0,0.29,0.57,0.43,0.86],""m"":[[0,0,0,0],[0,0,0,0],[0,0,0,0],[0,0,0,0],[7.44,93,3,95],[39.28,491,16,504],[44.56,557,14,571],[30.48,381,1,382]],""t"":[[0,0,0,0],[0,0,0,0],[0,0,0,0],[0,0,0,0],[3.55,1.5,2,2],[0,0,0,0],[0,0,0,0],[0,0,0,0]],""g"":[[0,0,0,0],[0,0,0,0],[0,0,0,0],[0,0,0,0],[0,0,0,0],[0,0,0,0],[0,0,0,0],[0,0,0,0]],""d"":20495}","w63060003",804,3,"0.00",0
322,2880,"{""c"":[0,0,0,0,0.71],""m"":[[6.29,17,5,20],[0,0,0,0],[0,0,0,0],[0,0,0,0],[0,0,0,0]],""t"":[[0,0,0,0],[0,0,0,0],[0,0,0,0],[0,0,0,0],[0,0,0,0]],""g"":[[12.15,15,0,15],[0,0,0,0],[0,0,0,0],[0,0,0,0],[0,0,0,0]],""d"":20466}","w63060003",690,1,"0.00",0
323,2840,"{""c"":[0,0,0,0,0.29,0.57,0.43,0.72],""m"":[[0,0,0,0],[0,0,0,0],[0,0,0,0],[0,0,0,0],[9.44,118,1,119],[19.36,242,16,253],[14.8,205,17,221],[10.08,126,8,134]],""t"":[[0,0,0,0],[0,0,0,0],[0,0,0,0],[0,0,0,0],[0,0,95,2],[0,0,0,0],[0,0,0,0],[0,0,0,0]],""g"":[[0,0,0,0],[0,0,0,0],[0,0,0,0],[0,0,0,0],[0,0,0,0],[0,0,0,0],[0,0,0,0],[0,0,0,0]],""d"":20495}","663065983",804,3,"0.00",0
326,3354,"{""c"":[0.43,0.15,0,0.43,0.72,1],""m"":[[17.76,74,6,80],[22.8,95,5,100],[0,0,0,0],[13.92,174,14,187],[21.52,269,12,280],[11.72,164,6,170]],""t"":[[0,0,0,0],[0,0,0,0],[0,0,0,0],[0,0,0,0],[0,0,0,0],[0,0,0,0]],""g"":[[0,0,0,0],[0,0,0,0],[0,0,0,0],[0,0,0,0],[0,0,0,0],[0,0,0,0]],""d"":20473}","w63060003",NULL,2,"0.00",0
327,2049,"{""c"":[0.71],""m"":[[23.24,79,6,84]],""t"":[[0,0,0,0]],""g"":[[0,0,0,0]],""d"":20441}","w63060003",NULL,2,"0.00",0
328,2881,"{""c"":[0,0,0,0,0.71],""m"":[[7.4,20,0,20],[0,0,0,0],[0,0,0,0],[0,0,0,0],[0,0,0,0]],""t"":[[0,0,0,0],[0,0,0,0],[0,0,0,0],[0,0,0,0],[0,0,0,0]],""g"":[[11.34,14,1,15],[0,0,0,0],[0,0,0,0],[0,0,0,0],[0,0,0,0]],""d"":20466}","w63060003",690,1,"0.00",0
330,3355,"{""c"":[0.57,0,0.14,0.29,0.14],""m"":[[60,250,26,271],[0,0,0,0],[1.12,14,5,16],[4.72,59,3,62],[2.64,33,1,34]],""t"":[[0,0,0,0],[0,0,0,0],[0,0,0,0],[0,0,0,0],[0,0,0,0]],""g"":[[0,0,0,0],[0,0,0,0],[0,0,0,0],[0,0,0,0],[0,0,0,0]],""d"":20471}","w63060003",NULL,2,"0.00",0
332,2793,"{""c"":[0,0,0,0,0.29,0.58,0.43,1],""m"":[[0,0,0,0],[0,0,0,0],[0,0,0,0],[0,0,0,0],[12.08,151,0,151],[86.8,1086,2,1088],[58.92,724,0,724],[64.08,801,1,802]],""t"":[[0,0,0,0],[0,0,0,0],[0,0,0,0],[0,0,0,0],[1.42,0.75,7,2],[0,0,0,0],[45.58,25,25,31],[9.77,4.75,1,5]],""g"":[[0,0,0,0],[0,0,0,0],[0,0,0,0],[0,0,0,0],[0,0,0,0],[0,0,0,0],[0,0,0,0],[0,0,0,0]],""d"":20496}","g45255986",804,3,"0.00",0
334,2048,"{""c"":[0.29,0,0,0.28,0.29,0.86],""m"":[[21.6,72,11,80],[0,0,0,0],[0,0,0,0],[16.28,197,25,212],[11.46,112,24,133],[7.28,70,4,72]],""t"":[[0,0,0,0],[0,0,0,0],[0,0,0,0],[0,0,0,0],[0,0,0,0],[0,0,0,0]],""g"":[[0,0,0,0],[0,0,0,0],[0,0,0,0],[0,0,0,0],[0,0,0,0],[0,0,0,0]],""d"":20474}","o600840a6",819,2,"0.00",0
337,2016,"{""c"":[0.29,0,0,0.14,0.29,0.72],""m"":[[15.6,52,9,60],[0,0,0,0],[0,0,0,0],[4.9,49,2,51],[10.4,104,10,110],[10.85,101,13,111]],""t"":[[0,0,0,0],[0,0,0,0],[0,0,0,0],[0,0,0,0],[0,0,0,0],[0,0,0,0]],""g"":[[0,0,0,0],[0,0,0,0],[0,0,0,0],[0,0,0,0],[0,0,0,0],[0,0,0,0]],""d"":20475}","w63060003",819,2,"0.00",0
339,2008,"{""c"":[0,0,0,0,0,0.72],""m"":[[0,0,0,0],[0,0,0,0],[0,0,0,0],[0,0,0,0],[0,0,0,0],[0,0,0,0]],""t"":[[0,0,0,0],[0,0,0,0],[0,0,0,0],[0,0,0,0],[0,0,0,0],[0,0,0,0]],""g"":[[0,0,0,0],[0,0,0,0],[0,0,0,0],[0,0,0,0],[0,0,0,0],[0,0,0,0]],""d"":20473}","w63060003",819,2,"0.00",0
340,3061,"{""c"":[0,0,0,0,0.15,0.43,0.43,0.86],""m"":[[0,0,0,0],[0,0,0,0],[0,0,0,0],[0,0,0,0],[14.96,187,1,188],[51.76,647,6,653],[117.68,1471,36,1505],[50.8,635,10,645]],""t"":[[0,0,0,0],[0,0,0,0],[0,0,0,0],[0,0,0,0],[0,0,0,0],[0,0,0,0],[0,0,0,0],[0,0,0,0]],""g"":[[0,0,0,0],[0,0,0,0],[0,0,0,0],[0,0,0,0],[0,0,0,0],[0,0,0,0],[0,0,0,0],[0,0,0,0]],""d"":20495}","p03082633",804,3,"0.00",0
342,3356,"{""c"":[1],""m"":[[4.56,19,7,20]],""t"":[[0,0,0,0]],""g"":[[0,0,0,0]],""d"":20438}","w63060003",NULL,2,"0.00",0
344,2814,"{""c"":[0,0,0,0,0.15,0.57,0.43,0.86],""m"":[[0,0,0,0],[0,0,0,0],[0,0,0,0],[0,0,0,0],[5.04,63,6,67],[19.76,247,8,254],[16.72,209,1,210],[15.92,199,6,205]],""t"":[[0,0,0,0],[0,0,0,0],[0,0,0,0],[0,0,0,0],[2.84,1,5,2],[0,0,0,0],[0,0,0,0],[0,0,0,0]],""g"":[[0,0,0,0],[0,0,0,0],[0,0,0,0],[0,0,0,0],[0,0,0,0],[0,0,0,0],[0,0,0,0],[0,0,0,0]],""d"":20495}","w63060003",804,3,"0.00",0
346,2882,"{""c"":[0.43,0,0,0,0.71],""m"":[[7.4,20,0,20],[0,0,0,0],[0,0,0,0],[0,0,0,0],[0,0,0,0]],""t"":[[0,0,0,0],[0,0,0,0],[0,0,0,0],[0,0,0,0],[0,0,0,0]],""g"":[[11.34,14,1,15],[0,0,0,0],[0,0,0,0],[0,0,0,0],[0,0,0,0]],""d"":20466}","w63060003",690,1,"0.00",0
347,3357,"{""c"":[0,0,0,0,0.15,0.15,0.29,0.72],""m"":[[0,0,0,0],[0,0,0,0],[0,0,0,0],[0,0,0,0],[12.58,37,22,50],[9.1,111,36,123],[19.44,243,47,272],[5.92,74,21,87]],""t"":[[0,0,0,0],[0,0,0,0],[0,0,0,0],[0,0,0,0],[0,0,0,0],[0,0,0,0],[0,0,0,0],[0,0,0,0]],""g"":[[0,0,0,0],[0,0,0,0],[0,0,0,0],[0,0,0,0],[0,0,0,0],[5.4,30,38,51],[0,0,0,0],[0,0,0,0]],""d"":20495}","w63060003",804,3,"0.00",0
348,2885,"{""c"":[0.29,0,0,0,0.71],""m"":[[7.03,19,1,20],[0,0,0,0],[0,0,0,0],[0,0,0,0],[0,0,0,0]],""t"":[[0,0,0,0],[0,0,0,0],[0,0,0,0],[0,0,0,0],[0,0,0,0]],""g"":[[12.15,15,0,15],[0,0,0,0],[0,0,0,0],[0,0,0,0],[0,0,0,0]],""d"":20466}","w63060003",690,1,"0.00",0
349,3141,"{""c"":[0,0.43,0.14,0.14,0,0.14],""m"":[[0,0,0,0],[5.81,83,8,90],[2.1,30,0,30],[0,0,0,0],[0,0,0,0],[0,0,0,0]],""t"":[[0,0,0,0],[5.4,5.5,20,10],[0,0,0,0],[4.8,5.25,15,8],[0,0,0,0],[0,0,0,0]],""g"":[[0,0,0,0],[0,0,0,0],[0,0,0,0],[0,0,0,0],[0,0,0,0],[0,0,0,0]],""d"":20491}","o78083083",758,4,"0.00",0
351,3053,"{""c"":[0,0,0,0,0.29,0.57,0.43,0.86],""m"":[[0,0,0,0],[0,0,0,0],[0,0,0,0],[0,0,0,0],[4.4,55,1,56],[20.48,256,4,260],[14.32,179,3,182],[8,100,7,105]],""t"":[[0,0,0,0],[0,0,0,0],[0,0,0,0],[0,0,0,0],[0,0,16,2],[0,0,0,0],[0,0,0,0],[0,0,0,0]],""g"":[[0,0,0,0],[0,0,0,0],[0,0,0,0],[0,0,0,0],[0,0,0,0],[0,0,0,0],[0,0,0,0],[0,0,0,0]],""d"":20495}","813083093",804,3,"0.00",0
354,2894,"{""c"":[0,0,0,0,0.29,0.57,0.43,0.72],""m"":[[0,0,0,0],[0,0,0,0],[0,0,0,0],[0,0,0,0],[2.4,30,9,34],[10,125,21,141],[16.24,203,37,230],[5.36,67,4,69]],""t"":[[0,0,0,0],[0,0,0,0],[0,0,0,0],[0,0,0,0],[0,0,13,2],[0,0,0,0],[0,0,0,0],[0,0,0,0]],""g"":[[0,0,0,0],[0,0,0,0],[0,0,0,0],[0,0,0,0],[0,0,0,0],[0,0,0,0],[0,0,0,0],[0,0,0,0]],""d"":20495}","w63060003",804,3,"0.00",0
355,2785,"{""c"":[0.15,0,0,0.43,0.86,0.57,0.43,1],""m"":[[9.2,40,0,40],[0,0,0,0],[0,0,0,0],[5.6,260,0,260],[112.7,660,20,678],[86.7,507,14,520],[75.04,366,23,386,0.31],[26.62,275,8,280,0.1]],""t"":[[0,0,0,0],[0,0,0,0],[0,0,0,0],[2.84,1,7,2],[0,0,0,0],[0,0,0,0],[0,0,0,0],[0,0,0,0,0]],""g"":[[0,0,0,0],[0,0,0,0],[0,0,0,0],[0,0,0,0],[0,0,0,0],[0,0,0,0],[0,0,0,0],[0,0,0,0,0]],""d"":20501}","4700644c6",804,3,"0.00",0
356,3071,"{""c"":[0,0,0,0,0.29,0.57,0.43,0.86],""m"":[[0,0,0,0],[0,0,0,0],[0,0,0,0],[0,0,0,0],[14.72,756,17,773],[32.88,411,27,433],[50.48,631,9,639],[19.52,295,7,302]],""t"":[[0,0,0,0],[0,0,0,0],[0,0,0,0],[0,0,0,0],[0,0.25,7,2],[0,0,0,0],[0,0,0,0],[0,0,0,0]],""g"":[[0,0,0,0],[0,0,0,0],[0,0,0,0],[0,0,0,0],[0,0,0,0],[0,0,0,0],[0,0,0,0],[0,0,0,0]],""d"":20495}","p28772a16",804,3,"0.00",0
357,2799,"{""c"":[0,0,0,0,0.29,0.43,0.43,0.86],""m"":[[0,0,0,0],[0,0,0,0],[0,0,0,0],[0,0,0,0],[3.92,147,9,155],[18.64,233,70,271],[17.84,223,25,244],[14.64,183,22,200]],""t"":[[0,0,0,0],[0,0,0,0],[0,0,0,0],[0,0,0,0],[0,0,0,0],[0,0,0,0],[0,0,0,0],[0,0,0,0]],""g"":[[0,0,0,0],[0,0,0,0],[0,0,0,0],[0,0,0,0],[0,0,0,0],[0,0,0,0],[0,0,0,0],[0,0,0,0]],""d"":20495}","w63060003",804,3,"0.00",0
358,2828,"{""c"":[0,0,0,0,0.15,0.29,0.43,0.72],""m"":[[0,0,0,0],[0,0,0,0],[0,0,0,0],[0,0,0,0],[4.56,57,20,65],[8.8,110,16,121],[25.12,314,30,333],[11.28,141,16,153]],""t"":[[0,0,0,0],[0,0,0,0],[0,0,0,0],[0,0,0,0],[0,0,0,0],[0,0,0,0],[0,0,0,0],[0,0,0,0]],""g"":[[0,0,0,0],[0,0,0,0],[0,0,0,0],[0,0,0,0],[0,0,0,0],[0,0,0,0],[0,0,0,0],[0,0,0,0]],""d"":20495}","w63060003",804,3,"0.00",0
359,2801,"{""c"":[0,0,0,0,0.01,0.71,0.29,0.86],""m"":[[0,0,0,0],[0,0,0,0],[0,0,0,0],[0,0,0,0],[0,0,0,0],[25.68,321,19,335],[9.2,115,26,131],[19.28,241,12,249]],""t"":[[0,0,0,0],[0,0,0,0],[0,0,0,0],[0,0,0,0],[0,0,0,0],[0,0,0,0],[0,0,0,0],[0,0,0,0]],""g"":[[0,0,0,0],[0,0,0,0],[0,0,0,0],[0,0,0,0],[0,0,0,0],[0,0,0,0],[0,0,0,0],[0,0,0,0]],""d"":20495}","p28776453",804,3,"0.00",0
360,3052,"{""c"":[0.14,0.15,0,0,0.15,0.15,0.43,0.86],""m"":[[4.1,10,2,12],[0.6,1,7,4],[0,0,0,0],[0,0,0,0],[10.48,131,12,143],[7.68,96,25,112],[17.44,218,14,230],[11.92,149,9,157]],""t"":[[0,0,0,0],[0,0,0,0],[0,0,0,0],[0,0,0,0],[0,0,0,0],[0,0,0,0],[0,0,0,0],[0,0,0,0]],""g"":[[0,0,0,0],[0,0,0,0],[0,0,0,0],[0,0,0,0],[0,0,0,0],[0,0,0,0],[0,0,0,0],[0,0,0,0]],""d"":20495}","w63060003",804,3,"0.00",0
362,2870,"{""c"":[0.43,0,0,0,0.71],""m"":[[6.66,18,2,20],[0,0,0,0],[0,0,0,0],[0,0,0,0],[0,0,0,0]],""t"":[[0,0,0,0],[0,0,0,0],[0,0,0,0],[0,0,0,0],[0,0,0,0]],""g"":[[12.15,15,0,15],[0,0,0,0],[0,0,0,0],[0,0,0,0],[0,0,0,0]],""d"":20466}","w63060003",690,1,"0.00",0
363,545,"{""c"":[0,0,0,0.29,0.15,0.28,0,0.86],""m"":[[0,0,0,0],[0,0,0,0],[0,0,0,0],[2.66,19,1,20],[0,0,0,0],[2.66,19,1,20],[0,0,0,0],[0,0,0,0]],""t"":[[0,0,0,0],[0,0,0,0],[0,0,0,0],[0,0,0,0],[5.88,6.25,13,9],[15.12,15,4,16],[0,0,0,0],[0,0,0,0]],""g"":[[0,0,0,0],[0,0,0,0],[0,0,0,0],[6,150,19,163],[0,0,0,0],[0.76,19,0,19],[0,0,0,0],[1.84,46,8,49]],""d"":20494}","w63060003",716,4,"0.00",0
364,432,"{""c"":[0],""m"":[[0,0,0,0]],""t"":[[0,0,0,0]],""g"":[[0,0,0,0]],""d"":20439}","w63060003",NULL,-1,"0.00",0
365,913,"{""c"":[0,0,0,0.43,0.01,0.14,0.14,0.72],""m"":[[0,0,0,0],[0,0,0,0],[0,0,0,0],[2.52,18,2,20],[0,0,0,0],[0,0,0,0],[0,0,0,0],[0,0,0,0]],""t"":[[0,0,0,0],[0,0,0,0],[0,0,0,0],[0,0,0,0],[0,0,0,0],[1.2,1.25,21,6],[1.44,2.25,45,10],[0,0,0,0]],""g"":[[0,0,0,0],[0,0,0,0],[0,0,0,0],[5.4,135,35,163],[0,0,0,0],[0.56,14,9,19],[0,0,0,0],[0,0,0,0]],""d"":20494}","w63060003",716,4,"0.00",0
366,516,"{""c"":[0,0,0,0,0.01,0.01,0.71],""m"":[[13.12,173,6,177],[0,0,0,0],[0,0,0,0],[0,0,0,0],[0,0,0,0],[0,0,0,0],[0,0,0,0]],""t"":[[0,0,0,0],[0,0,0,0],[0,0,0,0],[0,0,0,0],[0,0,0,0],[0,0,0,0],[0,0,0,0]],""g"":[[0,0,0,0],[0,0,0,0],[0,0,0,0],[0,0,0,0],[0,0,0,0],[0,0,0,0],[0,0,0,0]],""d"":20480}","p73061043",NULL,4,"0.00",0
367,2898,"{""c"":[0,0,0,0,0.01,0.01,0.71],""m"":[[0,0,0,0],[0,0,0,0],[0,0,0,0],[0,0,0,0],[0,0,0,0],[0,0,0,0],[0,0,0,0]],""t"":[[0,0,0,0],[0,0,0,0],[0,0,0,0],[0,0,0,0],[0,0,0,0],[0,0,0,0],[0,0,0,0]],""g"":[[0,0,0,0],[0,0,0,0],[0,0,0,0],[0,0,0,0],[0,0,0,0],[0,0,0,0],[0,0,0,0]],""d"":20480}","w63060003",NULL,-1,"0.00",0
368,529,"{""c"":[0,0,0,0.43,0.15,0.28,0.29,0.86],""m"":[[0,0,0,0],[0,0,0,0],[0,0,0,0],[2.8,20,0,20],[0,0,0,0],[0,20,0,20],[8.81,34,1,35],[0,0,0,0]],""t"":[[0,0,0,0],[0,0,0,0],[0,0,0,0],[0,0,0,0],[3.72,4.75,5,6],[2.46,3.25,11,6],[9.12,9.25,3,10],[0,0,0,0]],""g"":[[0,0,0,0],[0,0,0,0],[0,0,0,0],[8.04,201,17,211],[0,0,0,0],[0.76,19,0,19],[0,0,0,0],[1.92,48,1,49]],""d"":20494}","o40016c26",716,4,"0.00",0
370,3157,"{""c"":[1],""m"":[[8.4,40,0,40]],""t"":[[0,0,0,0]],""g"":[[0,0,0,0]],""d"":20439}","w63060003",NULL,1,"0.00",0
381,3362,"{""c"":[1],""m"":[[5,20,0,20]],""t"":[[0,0,0,0]],""g"":[[0,0,0,0]],""d"":20439}","w63060003",NULL,1,"0.00",0
382,2811,"{""c"":[0.57,0,0.86],""m"":[[20.7,87,4,90],[0,0,0,0],[0,0,0,0]],""t"":[[0,0,0,0],[0,0,0,0],[0,0,0,0]],""g"":[[0,0,0,0],[0,0,0,0],[0,0,0,0]],""d"":20451}","w63060003",777,2,"0.00",0
383,1922,"{""c"": [], ""m"": [], ""t"": [], ""g"": [], ""d"": null}","w63060003",612,2,"0.00",0
384,2851,"{""c"":[0.71,0.15,0,1],""m"":[[47.4,158,8,166],[0,0,0,0],[0,0,0,0],[1.93,59,1,60]],""t"":[[189.62,124.75,89,147],[31.54,20.75,9,23],[0,0,0,0],[11.96,18.75,34,27]],""g"":[[0,0,0,0],[0,0,0,0],[0,0,0,0],[4.07,37,8,42]],""d"":20460}","c17470033",777,2,"0.00",0
386,2864,"{""c"":[0.43,0,0,0,0.71],""m"":[[7.03,19,1,20],[0,0,0,0],[0,0,0,0],[0,0,0,0],[0,0,0,0]],""t"":[[0,0,0,0],[0,0,0,0],[0,0,0,0],[0,0,0,0],[0,0,0,0]],""g"":[[12.15,15,0,15],[0,0,0,0],[0,0,0,0],[0,0,0,0],[0,0,0,0]],""d"":20466}","w63060003",690,1,"0.00",0
388,2954,"{""c"":[0,0,0.43,0.28,0,0,0,0.29],""m"":[[0,0,0,0],[0,0,0,0],[0,0,0,0],[2,20,0,20],[0,0,0,0,0],[0,0,0,0,0],[0,0,0,0,0],[0,0,0,0,0]],""t"":[[0,0,0,0],[0,0,0,0],[53.11,68.75,25,75],[11.2,16,211,20],[0,0,0,0,0],[0,0,0,0,0],[0,0,0,0,0],[4.15,5,2,6,0.83]],""g"":[[0,0,0,0],[0,0,0,0],[0,0,0,0],[0,0,0,0],[0,0,0,0,0],[0,0,0,0,0],[0,0,0,0,0],[0,0,0,0,0]],""d"":20498}","x11050722",777,2,"0.00",0
390,2977,"{""c"":[0,0.14,0.14,0.43,0.14,0.71],""m"":[[32.57,147,8,154],[15.62,77,4,80],[34.44,134,6,140],[29.38,204,19,220],[9.7,97,3,100],[9.7,97,3,100]],""t"":[[0,0,0,0],[0,0,0,0],[0,0,0,0],[0,0,0,0],[0,0,0,0],[0,0,0,0]],""g"":[[0,0,0,0],[0,0,0,0],[0,0,0,0],[0,0,0,0],[0,0,0,0],[0,0,0,0]],""d"":20475}","w63060366",777,2,"0.00",0
391,916,"{""c"": [], ""m"": [], ""t"": [], ""g"": [], ""d"": null}","w63060003",NULL,4,"0.00",0
396,2806,"{""c"":[0,0,0.14,0.57,0.14,0.14,0.43,1],""m"":[[0,0,0,0],[0,0,0,0],[0.19,19,1,20],[16.91,149,6,155],[0,0,0,0],[8.66,194,6,200],[9.38,206,3,209],[0.26,26,0,26]],""t"":[[0,0,0,0],[0,0,0,0],[0,0,0,0],[0,0,0,0],[0,0,0,0],[0,0,0,0],[0,0,0,0],[0,0,0,0]],""g"":[[0,0,0,0],[0,0,0,0],[0,0,0,0],[0,0,0,0],[3.9,15,7,21],[0,0,0,0],[0,0,0,0],[0,0,0,0]],""d"":20494}","o38084796",788,1,"0.00",0
398,2822,"{""c"":[0.28,0,0.57,0.43,0.57,0.15,0,0.57],""m"":[[6,20,0,20],[0,0,0,0],[25.01,267,4,271],[31.11,410,5,415],[34.7,347,9,356],[0,0,0,0],[0,0,0,0],[0,0,0,0]],""t"":[[6.58,1.75,1,2],[0,0,0,0],[19.76,18,4,19],[14.7,12.75,1,13],[11.17,7.75,1,8],[3.79,2.75,1,3],[0,0,0,0],[0,0,0,0]],""g"":[[0,0,0,0],[0,0,0,0],[0,0,0,0],[0,0,0,0],[0,0,0,0],[0,0,0,0],[0,0,0,0],[2.97,27,1,28]],""d"":20496}","818716493",777,2,"0.00",0
400,3365,"{""c"":[1],""m"":[[0,69,2,71]],""t"":[[0,0,0,0]],""g"":[[0,0,0,0]],""d"":20439}","w63060003",NULL,4,"0.00",0
405,2887,"{""c"":[0.43,0,0,0,0.71],""m"":[[7.4,20,0,20],[0,0,0,0],[0,0,0,0],[0,0,0,0],[0,0,0,0]],""t"":[[0,0,0,0],[0,0,0,0],[0,0,0,0],[0,0,0,0],[0,0,0,0]],""g"":[[0,0,0,0],[0,0,0,0],[0,0,0,0],[0,0,0,0],[0,0,0,0]],""d"":20466}","w63060003",690,1,"0.00",0
407,2831,"{""c"":[0,0.15,0,0.14,0,0.14,0,0.29],""m"":[[0,0,0,0],[3.9,219,1,220],[0,0,0,0],[4.7,47,3,50],[0,0,0,0],[0.19,19,1,20],[0,0,0,0,0],[0.5,50,10,59,0.01]],""t"":[[0,0,0,0],[0,0,0,0],[0,0,0,0],[0,0,0,0],[0,0,0,0],[0,0,0,0],[0,0,0,0,0],[0,0,0,0,0]],""g"":[[0,0,0,0],[0,0,0,0],[0,0,0,0],[0,0,0,0],[0,0,0,0],[0,0,0,0],[0,0,0,0,0],[0,0,0,0,0]],""d"":20499}","s04073022",777,2,"0.00",0
408,544,"{""c"":[0,0,0,0.71],""m"":[[18.26,173,1,173],[0,0,0,0],[0,0,0,0],[0,0,0,0]],""t"":[[0,0,0,0],[0,0,0,0],[0,0,0,0],[0,0,0,0]],""g"":[[0,0,0,0],[0,0,0,0],[0,0,0,0],[0,0,0,0]],""d"":20459}","w63060003",NULL,4,"0.00",0
410,433,"{""c"":[0,0,0,0.01,0.15,0.14,0,0.72],""m"":[[0,0,0,0],[0,0,0,0],[0,0,0,0],[0,0,0,0],[0,0,0,0],[0,0,0,0],[0,0,0,0],[0,0,0,0]],""t"":[[0,0,0,0],[0,0,0,0],[0,0,0,0],[0,0,0,0],[3.6,4.75,5,6],[3.18,3.75,9,6],[0,0,0,0],[0,0,0,0]],""g"":[[0,0,0,0],[0,0,0,0],[0,0,0,0],[0,0,0,0],[0,0,0,0],[0.6,15,2,17],[0,0,0,0],[0,0,0,0]],""d"":20494}","8530649b3",716,4,"0.00",0
417,3371,"{""c"": [], ""m"": [], ""t"": [], ""g"": [], ""d"": null}","w63060003",NULL,4,"0.00",0
418,3374,"{""c"":[0],""m"":[[0,0,0,0]],""t"":[[0,0,0,0]],""g"":[[0,0,0,0]],""d"":20439}","w63060003",NULL,3,"0.00",0
419,3375,"{""c"":[0,0,0,0,0.86],""m"":[[0,0,0,0],[0,0,0,0],[0,0,0,0],[0,0,0,0],[0,0,0,0]],""t"":[[0,0,0,0],[0,0,0,0],[0,0,0,0],[0,0,0,0],[0,0,0,0]],""g"":[[0,0,0,0],[0,0,0,0],[0,0,0,0],[0,0,0,0],[0,0,0,0]],""d"":20465}","w63060003",727,3,"0.00",0
420,3376,"{""c"":[0,0,0.43,0.15,0,0,0,0.71],""m"":[[0,0,0,0],[0,0,0,0],[24.52,76,4,80],[0,0,0,0],[0,0,0,0],[0,0,0,0],[0,0,0,0],[0,86,3,89]],""t"":[[0,0,0,0],[0,0,0,0],[0,0,0,0],[0,0,0,0],[0,0,0,0],[0,0,0,0],[0,0,0,0],[0,0,0,0]],""g"":[[0,0,0,0],[0,0,0,0],[0.18,1,2,3],[7.92,44,2,46],[0,0,0,0],[0,0,0,0],[0,0,0,0],[0,0,0,0]],""d"":20495}","p28713c43",727,3,"0.00",0
422,3379,"{""c"":[0,0,0,0,0.86],""m"":[[0,0,0,0],[0,0,0,0],[0,0,0,0],[0,0,0,0],[0,0,0,0]],""t"":[[0,0,0,0],[0,0,0,0],[0,0,0,0],[0,0,0,0],[0,0,0,0]],""g"":[[0,0,0,0],[0,0,0,0],[0,0,0,0],[0,0,0,0],[0,0,0,0]],""d"":20465}","w63060003",727,3,"0.00",0
423,3380,"{""c"":[0,0,0,0,0.58,0.43,0.29,1],""m"":[[0,0,0,0],[0,0,0,0],[0,0,0,0],[0,0,0,0],[40.97,149,19,160],[12.87,96,4,100],[0.77,7,4,10],[0,0,0,0]],""t"":[[0,0,0,0],[0,0,0,0],[0,0,0,0],[0,0,0,0],[4.95,3.75,27,7],[0.67,0.75,1,1],[0,0,0,0],[0,0,0,0]],""g"":[[0,0,0,0],[0,0,0,0],[0,0,0,0],[0,0,0,0],[0.96,24,22,34],[1.36,34,7,37],[5.04,126,33,148],[3.88,97,29,110]],""d"":20496}","d12630020",646,4,"0.00",0
424,3381,"{""c"":[0,0,0,0,0.58,0.57,0.57,1],""m"":[[0,0,0,0],[0,0,0,0],[0,0,0,0],[0,0,0,0],[84.87,368,21,385],[23.66,120,12,130],[58.46,220,7,227],[5.36,28,2,30]],""t"":[[0,0,0,0],[0,0,0,0],[0,0,0,0],[0,0,0,0],[1.77,2.25,22,6],[0.67,0.75,1,1],[0,0,0,0],[0,0,0,0]],""g"":[[0,0,0,0],[0,0,0,0],[0,0,0,0],[0,0,0,0],[2.32,58,11,67],[2.24,56,6,61],[5.48,137,11,148],[6.32,158,0,158]],""d"":20496}","q48062a23",646,4,"0.00",1
425,3382,"{""c"":[0,0,0,0,0.86],""m"":[[0,0,0,0],[0,0,0,0],[0,0,0,0],[0,0,0,0],[0,0,0,0]],""t"":[[0,0,0,0],[0,0,0,0],[0,0,0,0],[0,0,0,0],[0,0,0,0]],""g"":[[0,0,0,0],[0,0,0,0],[0,0,0,0],[0,0,0,0],[0,0,0,0]],""d"":20465}","0661827a6",727,3,"0.00",0
426,3383,"{""c"":[0,0,0,0,0.44,0.15,0.01,0.44],""m"":[[0,0,0,0],[0,0,0,0],[0,0,0,0],[0,0,0,0],[68.29,286,52,320],[0,38,4,41],[0,0,0,0],[0,0,0,0]],""t"":[[0,0,0,0],[0,0,0,0],[0,0,0,0],[0,0,0,0],[0,0.25,69,5],[0,0,0,0],[0,0,0,0],[0,0,0,0]],""g"":[[0,0,0,0],[0,0,0,0],[0,0,0,0],[0,0,0,0],[0.64,16,48,34],[0,0,0,0],[0,0,0,0],[0,0,0,0]],""d"":20496}","n63067000",646,4,"0.00",0
428,3386,"{""c"":[0,0,0,0,0.86],""m"":[[0,0,0,0],[0,0,0,0],[0,0,0,0],[0,0,0,0],[4.42,17,3,20]],""t"":[[0,0,0,0],[0,0,0,0],[0,0,0,0],[0,0,0,0],[0,0,0,0]],""g"":[[0,0,0,0],[0,0,0,0],[0,0,0,0],[0,0,0,0],[0,0,0,0]],""d"":20466}","o45164703",727,3,"0.00",0
429,2023,"{""c"":[0,0,0,0,0.14,0.01,0.15,0.57],""m"":[[0,0,0,0],[0,0,0,0],[0,0,0,0],[0,0,0,0],[4.8,48,24,60],[0,0,0,0],[3.5,35,9,39],[7.09,69,43,91]],""t"":[[0,0,0,0],[0,0,0,0],[0,0,0,0],[0,0,0,0],[0,0,0,0],[0,0,0,0],[0,0,0,0],[0,0,0,0]],""g"":[[0,0,0,0],[0,0,0,0],[0,0,0,0],[0,0,0,0],[0,0,0,0],[0,0,0,0],[0,0,0,0],[0,0,0,0]],""d"":20490}","w63060003",819,2,"0.00",0
430,2031,"{""c"":[0,0,0,0.14,0.43,0.57],""m"":[[0,0,0,0],[0,0,0,0],[0,0,0,0],[13.5,135,2,137],[8.02,97,5,102],[13.5,135,4,139]],""t"":[[0,0,0,0],[0,0,0,0],[0,0,0,0],[0,0,0,0],[0,0,0,0],[0,0,0,0]],""g"":[[0,0,0,0],[0,0,0,0],[0,0,0,0],[0,0,0,0],[0,0,0,0],[0,0,0,0]],""d"":20476}","058086ca3",819,2,"0.00",0
431,2179,"{""c"":[0,0,0,0,0.14,0.43,0.86],""m"":[[0,0,0,0],[0,0,0,0],[0,0,0,0],[0,0,0,0],[18.8,188,13,200],[12.49,138,20,154],[2.21,17,10,20]],""t"":[[0,0,0,0],[0,0,0,0],[0,0,0,0],[0,0,0,0],[0,0,0,0],[0,0,0,0],[0,0,0,0]],""g"":[[0,0,0,0],[0,0,0,0],[0,0,0,0],[0,0,0,0],[0,0,0,0],[0,0,0,0],[0,0,0,0]],""d"":20480}","w63060003",819,2,"0.00",0
432,2071,"{""c"":[0,0,0,0,0,0.72],""m"":[[0,0,0,0],[0,0,0,0],[0,0,0,0],[0,0,0,0],[0,0,0,0],[0,0,0,0]],""t"":[[0,0,0,0],[0,0,0,0],[0,0,0,0],[0,0,0,0],[0,0,0,0],[0,0,0,0]],""g"":[[0,0,0,0],[0,0,0,0],[0,0,0,0],[0,0,0,0],[0,0,0,0],[0,0,0,0]],""d"":20473}","w63060003",819,-1,"0.00",0
438,2802,"{""c"":[0,0,0,0.14,0.28,0.57],""m"":[[48.9,163,4,167],[0,0,0,0],[0,0,0,0],[3.7,37,3,40],[3.7,37,3,40],[2.2,22,1,23]],""t"":[[0,0,0,0],[0,0,0,0],[0,0,0,0],[0,0,0,0],[0,0,0,0],[0,0,0,0]],""g"":[[0,0,0,0],[0,0,0,0],[0,0,0,0],[0,0,0,0],[0,0,0,0],[0,0,0,0]],""d"":20475}","w63060003",777,2,"0.00",0
439,2830,"{""c"":[0,0.14,0.28,0.57],""m"":[[135.9,453,21,473],[120.3,401,7,408],[6.6,38,2,40],[74.59,807,30,835]],""t"":[[0,0,0,0],[0,0,0,0],[0,0,0,0],[0,0,0,0]],""g"":[[0,0,0,0],[0,0,0,0],[0,0,0,0],[0,0,0,0]],""d"":20464}","p78060096",777,2,"0.00",0
440,2832,"{""c"":[0,0,0.86],""m"":[[34.2,114,4,118],[0,0,0,0],[0,0,0,0]],""t"":[[0,0,0,0],[0,0,0,0],[0,0,0,0]],""g"":[[0,0,0,0],[0,0,0,0],[0,0,0,0]],""d"":20451}","o03084433",777,2,"0.00",0
441,2816,"{""c"":[0,0.14,0.86],""m"":[[45.3,151,3,154],[91.2,304,6,310],[0,0,0,0]],""t"":[[0,0,0,0],[0,0,0,0],[0,0,0,0]],""g"":[[0,0,0,0],[0,0,0,0],[0,0,0,0]],""d"":20451}","w63060003",777,2,"0.00",0
442,2821,"{""c"":[0,0,0,0.15,1],""m"":[[26.7,107,0,107],[0,0,0,0],[0,0,0,0],[0.95,95,5,100],[0,0,0,0]],""t"":[[0,0,0,0],[0,0,0,0],[0,0,0,0],[0,0,0,0],[2.9,3.75,5,5]],""g"":[[0,0,0,0],[0,0,0,0],[0,0,0,0],[0,0,0,0],[0,0,0,0]],""d"":20465}","w63060003",777,2,"0.00",0
443,2810,"{""c"":[0,0.14,0,0.14,0.43,0.86],""m"":[[0,0,0,0],[22.8,76,3,78],[0,0,0,0],[2,20,0,20],[5.98,98,2,100],[5.86,67,3,69]],""t"":[[0,0,0,0],[0,0,0,0],[0,0,0,0],[0,0,0,0],[0,0,0,0],[0,0,0,0]],""g"":[[0,0,0,0],[0,0,0,0],[0,0,0,0],[0,0,0,0],[0,0,0,0],[0,0,0,0]],""d"":20473}","k07206006",777,2,"0.00",0
444,2823,"{""c"":[0.57,1,0.86,0.72,0.43,0.15,0,1],""m"":[[181.59,1703,29,1732],[126.04,1286,34,1318],[80,800,17,816],[25.48,267,7,274],[46.58,522,6,527],[19.84,248,2,250],[0,0,0,0,0],[20.36,234,6,240,0.09]],""t"":[[0,0,0,0],[0,0,0,0],[0,0,0,0],[0,0,0,0],[0,0,0,0],[0,0,0,0],[0,0,0,0,0],[0,0,0,0,0]],""g"":[[0,0,0,0],[0,0,0,0],[0,0,0,0],[0,0,0,0],[0,0,0,0],[0,0,0,0],[0,0,0,0,0],[0,0,0,0,0]],""d"":20501}","g45868993",777,2,"0.00",0
445,2813,"{""c"":[0,0.14,0.28,0.57,0.71,0.86,0.29,0.71],""m"":[[23.66,134,6,140],[0,0,0,0],[7.3,35,8,41],[7.24,76,7,80],[16.8,168,125,220],[46.8,513,25,533],[5.9,59,1,60],[3.6,36,4,40]],""t"":[[17.1,11.25,15,15],[0,0,0,0],[0,0,0,0],[23.21,32.5,22,38],[0,0,0,0],[1.89,2.75,9,5],[0,0,0,0],[0,0,0,0]],""g"":[[0,0,0,0],[6,25,28,38],[0,0,0,0],[0,0,0,0],[0,0,0,0],[0,0,0,0],[0,0,0,0],[0,0,0,0]],""d"":20488}","q03083066",777,2,"0.00",0
446,2835,"{""c"":[0,0,0.43,0.43,0.14,0.57],""m"":[[254.53,1339,45,1380],[0,0,0,0],[240.96,1402,54,1452],[36.52,473,8,480],[8.78,95,5,100],[18.87,205,5,210]],""t"":[[0,0,0,0],[0,0,0,0],[3.73,4.75,1,5],[0,0,0,0],[0,0,0,0],[0,0,0,0]],""g"":[[0,0,0,0],[0,0,0,0],[0,0,0,0],[0,0,0,0],[0,0,0,0],[0,0,0,0]],""d"":20475}","p54061023",777,2,"0.00",0
447,2844,"{""c"":[0,0,0,0.14,0.29],""m"":[[61.3,265,3,268],[0,0,0,0],[0,0,0,0],[5.5,59,1,60],[14.78,202,30,216]],""t"":[[0,0,0,0],[0,0,0,0],[0,0,0,0],[0,0,0,0],[0,0,0,0]],""g"":[[0,0,0,0],[0,0,0,0],[0,0,0,0],[0,0,0,0],[0,0,0,0]],""d"":20471}","p28760a12",777,2,"0.00",0
448,2855,"{""c"":[0,0,0,0.14,0.14,0.57],""m"":[[6.57,39,1,40],[0,0,0,0],[0,0,0,0],[6.7,67,0,67],[9.8,98,2,100],[14.92,153,10,160]],""t"":[[0,0,0,0],[0,0,0,0],[0,0,0,0],[0,0,0,0],[0,0,0,0],[0,0,0,0]],""g"":[[0,0,0,0],[0,0,0,0],[0,0,0,0],[0,0,0,0],[0,0,0,0],[0,0,0,0]],""d"":20475}","w63060003",777,2,"0.00",0
449,2972,"{""c"":[0,0,0.86],""m"":[[28.8,96,12,104],[0,0,0,0],[0,0,0,0]],""t"":[[0,0,0,0],[0,0,0,0],[0,0,0,0]],""g"":[[0,0,0,0],[0,0,0,0],[0,0,0,0]],""d"":20451}","w63060003",777,2,"0.00",0
450,2829,"{""c"":[0,0,0.29,0.28,0.58,0,0,1],""m"":[[0,0,0,0],[0,0,0,0],[36.52,413,7,420],[13.4,134,7,140],[31.9,319,1,320],[0,0,0,0,0],[0,0,0,0,0],[12.9,129,3,132,0.1]],""t"":[[0,0,0,0],[0,0,0,0],[0,0,0,0],[0,0,0,0],[0,0,0,0],[0,0,0,0,0],[0,0,0,0,0],[0,0,0,0,0]],""g"":[[0,0,0,0],[0,0,0,0],[0,0,0,0],[0,0,0,0],[0,0,0,0],[0,0,0,0,0],[0,0,0,0,0],[0,0,0,0,0]],""d"":20501}","p48172023",777,2,"0.00",0
451,2817,"{""c"":[0,0,0,0,0.42,0.29,0.71],""m"":[[56.7,189,7,194],[0,0,0,0],[0,0,0,0],[0,0,0,0],[20.6,246,4,250],[24.02,365,2,367],[0.8,40,0,40]],""t"":[[0,0,0,0],[0,0,0,0],[0,0,0,0],[0,0,0,0],[0,0,0,0],[0,0,0,0],[0,0,0,0]],""g"":[[0,0,0,0],[0,0,0,0],[0,0,0,0],[0,0,0,0],[0,0,0,0],[0,0,0,0],[0,0,0,0]],""d"":20481}","o310667c6",777,2,"0.00",0
452,2973,"{""c"":[0,0,0,1],""m"":[[12.3,41,17,49],[0,0,0,0],[0,0,0,0],[6.84,75,11,85]],""t"":[[0,0,0,0],[0,0,0,0],[0,0,0,0],[0,0,0,0]],""g"":[[0,0,0,0],[0,0,0,0],[0,0,0,0],[0,0,0,0]],""d"":20460}","642362402",777,2,"0.00",0
453,2824,"{""c"":[0,0,0,0,0.28,0.57],""m"":[[35.1,117,4,121],[0,0,0,0],[0,0,0,0],[0,0,0,0],[12.1,137,3,140],[2,20,0,20]],""t"":[[0,0,0,0],[0,0,0,0],[0,0,0,0],[0,0,0,0],[0,0,0,0],[0,0,0,0]],""g"":[[0,0,0,0],[0,0,0,0],[0,0,0,0],[0,0,0,0],[0,0,0,0],[0,0,0,0]],""d"":20475}","w63060003",777,2,"0.00",0
454,2860,"{""c"":[0,0,0,0,1],""m"":[[34.4,132,9,138],[0,0,0,0],[0,0,0,0],[0,0,0,0],[3.2,32,15,40]],""t"":[[0,0,0,0],[0,0,0,0],[0,0,0,0],[0,0,0,0],[0,0,0,0]],""g"":[[0,0,0,0],[0,0,0,0],[0,0,0,0],[0,0,0,0],[0,0,0,0]],""d"":20465}","w63060003",777,2,"0.00",0
458,3390,"{""c"":[0,0,0,0.15,0.86],""m"":[[0,0,0,0],[0,0,0,0],[0,0,0,0],[3.6,20,0,20],[3.64,14,8,20]],""t"":[[0,0,0,0],[0,0,0,0],[0,0,0,0],[0,0,0,0],[0,0,0,0]],""g"":[[0,0,0,0],[0,0,0,0],[0,0,0,0],[0,0,0,0],[0,0,0,0]],""d"":20466}","w63060003",727,3,"0.00",0
459,3391,"{""c"":[0,0,0,0,0.86],""m"":[[0,0,0,0],[0,0,0,0],[0,0,0,0],[0,0,0,0],[0,0,0,0]],""t"":[[0,0,0,0],[0,0,0,0],[0,0,0,0],[0,0,0,0],[0,0,0,0]],""g"":[[0,0,0,0],[0,0,0,0],[0,0,0,0],[0,0,0,0],[0,0,0,0]],""d"":20465}","w63060303",727,3,"0.00",0
460,3392,"{""c"":[0.57,0,0,0.15,0.86],""m"":[[0,10,0,10],[0,0,0,0],[0,0,0,0],[11.56,56,4,60],[0,0,0,0]],""t"":[[0,0,0,0],[0,0,0,0],[0,0,0,0],[0,0,0,0],[0,0,0,0]],""g"":[[0,0,0,0],[0,0,0,0],[0,0,0,0],[0,0,0,0],[0,0,0,0]],""d"":20465}","0480660a3",727,3,"0.00",0
466,3393,"{""c"":[0,0,0,0,0.86],""m"":[[0,0,0,0],[0,0,0,0],[0,0,0,0],[0,0,0,0],[0,0,0,0]],""t"":[[0,0,0,0],[0,0,0,0],[0,0,0,0],[0,0,0,0],[0,0,0,0]],""g"":[[0,0,0,0],[0,0,0,0],[0,0,0,0],[0,0,0,0],[0,0,0,0]],""d"":20465}","p06160003",727,3,"0.00",0
477,3395,"{""c"":[0,0.86],""m"":[[9.18,34,0,34],[0,0,0,0]],""t"":[[0,0,0,0],[0,0,0,0]],""g"":[[0,0,0,0],[0,0,0,0]],""d"":20465}","063076c93",727,3,"0.00",0
478,3396,"{""c"":[0,0.86],""m"":[[0,0,0,0],[0,0,0,0]],""t"":[[0,0,0,0],[0,0,0,0]],""g"":[[0,0,0,0],[0,0,0,0]],""d"":20465}","w63060003",727,3,"0.00",0
479,3397,"{""c"":[1],""m"":[[8.13,131,0,131]],""t"":[[0,0,0,0]],""g"":[[0,0,0,0]],""d"":20441}","w63060003",NULL,2,"0.00",0
481,3164,"{""c"":[0.57,0,0,0,0.71],""m"":[[7.4,20,0,20],[0,0,0,0],[0,0,0,0],[0,0,0,0],[0,0,0,0]],""t"":[[0,0,0,0],[0,0,0,0],[0,0,0,0],[0,0,0,0],[0,0,0,0]],""g"":[[12.15,15,0,15],[0,0,0,0],[0,0,0,0],[0,0,0,0],[0,0,0,0]],""d"":20466}","w63060003",690,1,"0.00",0
487,3402,"{""c"":[0.86,0,0,0.15,0.86],""m"":[[27.36,75,7,80],[0,0,0,0],[0,0,0,0],[2.75,5,0,5],[6.46,19,1,20]],""t"":[[0,0,0,0],[0,0,0,0],[0,0,0,0],[0,0,0,0],[0,0,0,0]],""g"":[[0,0,0,0],[0,0,0,0],[0,0,0,0],[0,0,0,0],[0,0,0,0]],""d"":20466}","c185308c3",727,3,"0.00",0
488,3403,"{""c"":[0,0.86],""m"":[[0,0,0,0],[0,0,0,0]],""t"":[[0,0,0,0],[0,0,0,0]],""g"":[[0,0,0,0],[0,0,0,0]],""d"":20465}","w63060003",727,3,"0.00",0
491,3406,"{""c"":[0,0,0.14,0,0.16,0.57,0.43,1],""m"":[[0,0,0,0],[0,0,0,0],[2.22,37,4,40],[0,0,0,0],[0,0,0,0],[42.21,178,12,189],[5.28,43,3,46],[0.95,19,2,20]],""t"":[[0,0,0,0],[0,0,0,0],[0,0,0,0],[0,0,0,0],[0,0,7,1],[0,0,0,0],[0,0,0,0],[0,0,0,0]],""g"":[[0,0,0,0],[0,0,0,0],[0,0,0,0],[0,0,0,0],[1,25,43,42],[1.08,27,78,61],[4.96,124,245,222],[3.56,89,172,158]],""d"":20496}","m62300003",646,4,"0.00",0
492,1920,"{""c"":[0,0,0.44,0.15,0,0.14,0.43,0.71],""m"":[[0,0,0,0],[0,0,0,0],[2.8,40,0,40],[1.54,14,10,20],[0,0,0,0],[2.28,36,5,40],[18.42,138,13,150],[2.21,17,3,20]],""t"":[[0,0,0,0],[0,0,0,0],[0,0,0,0],[0,0,0,0],[0,0,0,0],[0,0,0,0],[0,0,0,0],[0,0,0,0]],""g"":[[0,0,0,0],[0,0,0,0],[9.88,38,4,42],[0,0,0,0],[0,0,0,0],[0,0,0,0],[0,0,0,0],[8.84,34,57,67]],""d"":20496}","w63060003",800,1,"0.00",0
493,2037,"{""c"":[0.14,0,0.15,0.15,0,0.14,0.43,0.71],""m"":[[17.4,120,0,120],[0,0,0,0],[2.6,20,0,20],[2.2,20,0,20],[0,0,0,0],[2.6,20,0,20],[9.7,70,0,70],[0,0,0,0]],""t"":[[22.3,6.5,2,7],[0,0,0,0],[0,0,0,0],[0,0,0,0],[0,0,0,0],[0,0,0,0],[0,0,0,0],[0,0,0,0]],""g"":[[0,0,0,0],[0,0,0,0],[0,0,0,0],[0,0,0,0],[0,0,0,0],[0,0,0,0],[0,0,0,0],[10.14,39,9,46]],""d"":20495}","x63064346",800,1,"0.00",0
494,1436,"{""c"":[0.29,0,0.29,0.43,0,0.14,0.43,0.71],""m"":[[13.39,103,4,107],[0,0,0,0],[2.63,47,2,49],[2.77,127,9,134],[0,0,0,0],[7.28,56,4,60],[15.42,114,11,120],[4.55,35,5,40]],""t"":[[0,0,0,0],[0,0,0,0],[0,0,0,0],[0,0,0,0],[0,0,0,0],[0,0,0,0],[0,0,0,0],[0,0,0,0]],""g"":[[0,0,0,0],[0,0,0,0],[0,0,0,0],[0,0,0,0],[0,0,0,0],[0,0,0,0],[0,0,0,0],[14.04,54,22,67]],""d"":20496}","w63060003",800,1,"0.00",0
495,1404,"{""c"":[0.14,0,0.15,0.15,0,0.14,0.43,0.71],""m"":[[15.21,117,0,117],[0,0,0,0],[2.99,59,0,59],[2.2,20,0,20],[0,0,0,0],[5.68,58,2,60],[9.34,85,5,90],[20.42,119,1,120]],""t"":[[0,0,0,0],[0,0,0,0],[0,0,0,0],[0,0,0,0],[0,0,0,0],[0,0,0,0],[2.3,1.5,25,5],[0,0,0,0]],""g"":[[0,0,0,0],[0,0,0,0],[0,0,0,0],[0,0,0,0],[0,0,0,0],[1.3,5,2,6],[0,0,0,0],[15.34,59,10,67]],""d"":20496}","w63060003",800,1,"0.00",0
496,1434,"{""c"":[0.14,0,0.15,0.15,0.15,0.14,0.43,0.71],""m"":[[4.4,20,0,20],[0,0,0,0],[2.34,18,2,20],[2.09,19,1,20],[5.89,38,2,40],[17.39,95,8,100],[8.7,63,9,70],[2.08,16,5,20]],""t"":[[0,0,0,0],[0,0,0,0],[0,0,0,0],[0,0,0,0],[0,0,0,0],[0,0,0,0],[0,0,0,0],[0,0,0,0]],""g"":[[0,0,0,0],[0,0,0,0],[0,0,0,0],[0,0,0,0],[0,0,0,0],[0,0,0,0],[0,0,0,0],[15.08,58,14,67]],""d"":20496}","w63060003",800,1,"0.00",0
497,1684,"{""c"":[0,0,0.43,0.29,0,0.14,0.29,0.86],""m"":[[0,0,0,0],[0,0,0,0],[40.54,214,6,220],[5.25,43,7,50],[0,0,0,0],[2.47,19,1,20],[6.11,47,4,50],[6.59,39,1,40]],""t"":[[0,0,0,0],[0,0,0,0],[0,0,0,0],[0,0,0,0],[0,0,0,0],[0,0,0,0],[0,0,0,0],[0,0,0,0]],""g"":[[0,0,0,0],[0,0,0,0],[0,0,0,0],[0,0,0,0],[0,0,0,0],[0,0,0,0],[0,0,0,0],[11.7,45,35,67]],""d"":20496}","m43482423",800,1,"0.00",3
498,2014,"{""c"":[0,0,0.15,0.15,0,0.14,0.29,0.71],""m"":[[0,0,0,0],[0,0,0,0],[2.6,20,0,20],[2.1,15,0,15],[0,0,0,0],[2.6,20,0,20],[6.5,50,0,50],[0,0,0,0]],""t"":[[0,0,0,0],[0,0,0,0],[0,0,0,0],[0,0,0,0],[0,0,0,0],[0,0,0,0],[0,0,0,0],[0,0,0,0]],""g"":[[0,0,0,0],[0,0,0,0],[5.2,20,1,21],[0,0,0,0],[0,0,0,0],[0,0,0,0],[0,0,0,0],[16.64,64,8,67]],""d"":20495}","w63060003",800,1,"0.00",0
499,1572,"{""c"":[0,0,0.15,0.15,0,0.14,0.29,0.86],""m"":[[0,0,0,0],[0,0,0,0],[2.6,20,0,20],[2.2,20,0,20],[0,0,0,0],[7.06,78,2,80],[6.68,47,3,50],[2.34,18,2,20]],""t"":[[0,0,0,0],[0,0,0,0],[0,0,0,0],[0,0,0,0],[0,0,0,0],[0,0,0,0],[0,0,0,0],[0,0,0,0]],""g"":[[0,0,0,0],[0,0,0,0],[0,0,0,0],[0,0,0,0],[0,0,0,0],[0,0,0,0],[0,0,0,0],[16.38,63,5,67]],""d"":20495}","w63060003",800,1,"0.00",0
500,2013,"{""c"":[0,0,0.15,0.15,0,0.14,0.43,0.71],""m"":[[0,0,0,0],[0,0,0,0],[1.95,15,8,20],[1.32,12,17,20],[0,0,0,0],[2.47,19,1,20],[8.38,61,14,70],[6.54,38,2,40]],""t"":[[0,0,0,0],[0,0,0,0],[0,0,0,0],[0,0,69,5],[0,0,0,0],[0,0,0,0],[0,0,0,0],[0,0,0,0]],""g"":[[0,0,0,0],[0,0,0,0],[0,0,0,0],[0,0,0,0],[0,0,0,0],[0,0,0,0],[0,0,0,0],[25.74,99,14,113]],""d"":20496}","w63060003",800,1,"0.00",0
501,1426,"{""c"":[0,0,0.15,0.29,0,0.14,0.43,0.71],""m"":[[0,0,0,0],[0,0,0,0],[2.79,39,1,40],[4.12,48,2,50],[0,0,0,0],[2.6,20,0,20],[9.57,69,1,70],[0,0,0,0]],""t"":[[0,0,0,0],[0,0,0,0],[0,0,0,0],[0,0,0,0],[0,0,0,0],[0,0,0,0],[0,0,0,0],[0,0,0,0]],""g"":[[0,0,0,0],[0,0,0,0],[0,0,0,0],[0,0,0,0],[0,0,0,0],[0,0,0,0],[0,0,0,0],[9.62,37,11,46]],""d"":20495}","w63060003",800,1,"0.00",0
502,2059,"{""c"":[0,0.14,0.29,0.15,0,0.14,0.29,0.71],""m"":[[0,0,0,0],[30.97,319,1,320],[15.15,144,1,145],[7.97,72,5,75],[0,0,0,0],[2.6,20,0,20],[9.28,67,3,70],[2.47,19,2,20]],""t"":[[0,0,0,0],[0,0,0,0],[0,0,0,0],[0,0,0,0],[0,0,0,0],[0,0,0,0],[0,0,0,0],[0,0,0,0]],""g"":[[0,0,0,0],[0,0,0,0],[0,0,0,0],[0,0,0,0],[0,0,0,0],[0,0,0,0],[0,0,0,0],[12.48,48,33,67]],""d"":20496}","w63060003",800,1,"0.00",0
503,1501,"{""c"":[0,0,0.15,0.15,0,0.14,0.01,0.71],""m"":[[0,0,0,0],[0,0,0,0],[0,0,0,0],[5,60,0,60],[0,0,0,0],[13.33,121,10,130],[0,0,0,0],[5.2,40,0,40]],""t"":[[0,0,0,0],[0,0,0,0],[0,0,0,0],[0,0,0,0],[0,0,0,0],[1.58,2.25,10,4],[0,0,0,0],[0,0,0,0]],""g"":[[0,0,0,0],[0,0,0,0],[4.16,16,8,21],[0,0,0,0],[0,0,0,0],[0,0,0,0],[0,0,0,0],[15.86,61,6,67]],""d"":20496}","o05783793",800,1,"0.00",1
504,2068,"{""c"":[0,0,0.29,0.29,0,0.14,0.43,0.71],""m"":[[0,0,0,0],[0,0,0,0],[2.73,57,3,60],[2.55,95,5,100],[0,0,0,0],[2.6,20,0,20],[9.18,66,4,70],[2.6,20,0,20]],""t"":[[0,0,0,0],[0,0,0,0],[0,0,0,0],[0,0,0,0],[0,0,0,0],[0,0,0,0],[0,0,0,0],[0,0,0,0]],""g"":[[0,0,0,0],[0,0,0,0],[0,0,0,0],[0,0,0,0],[0,0,0,0],[0,0,0,0],[0,0,0,0],[14.56,56,12,67]],""d"":20496}","w63060003",800,1,"0.00",0
505,1417,"{""c"":[0.14,0,0.42,0.15,0.43,0.43,0.29,0.86],""m"":[[6.89,53,2,55],[0,0,0,0],[9.75,149,12,158],[6.87,59,1,60],[0.38,38,2,40],[6.46,92,25,100],[5.91,63,7,70],[2.21,17,3,20]],""t"":[[22.29,6.5,2,7],[0,0,0,0],[19,15.25,3,16],[0,0,0,0],[44.55,37,8,39],[9.83,7.75,1,8],[0,0,0,0],[0,0.5,106,2]],""g"":[[0,0,0,0],[0,0,0,0],[0,0,0,0],[0.52,2,1,3],[2.6,10,3,13],[1.04,4,2,6],[5.72,22,2,24],[18.72,72,8,80]],""d"":20496}","o21060063",800,1,"0.00",2
506,2194,"{""c"":[0.14,0.15,0.15,0,0.14,0.01,0,1],""m"":[[21.73,185,10,194],[1.95,15,5,20],[1.76,16,7,20],[0,0,0,0],[3.01,85,5,88],[0,0,0,0],[0,0,0,0],[4.29,33,9,40,0.13]],""t"":[[0,0,0,0],[0,0,0,0],[0,0,0,0],[0,0,0,0],[0,0,0,0],[0,0,0,0],[0,0,0,0],[0,0,0,0,0]],""g"":[[0,0,0,0],[0,0,0,0],[0,0,0,0],[0,0,0,0],[0,0,0,0],[0,0,0,0],[0,0,0,0],[7.8,30,53,67,0.26]],""d"":20500}","048582b93",800,1,"0.00",0
507,1498,"{""c"":[0,0,0.01,0.01,0,0,0.01,0.57],""m"":[[0,0,0,0],[0,0,0,0],[0,0,0,0],[0,0,0,0],[0,0,0,0],[0,0,0,0],[0,0,0,0],[0,0,0,0]],""t"":[[0,0,0,0],[0,0,0,0],[0,0,0,0],[0,0,0,0],[0,0,0,0],[0,0,0,0],[0,0,0,0],[0,0,0,0]],""g"":[[0,0,0,0],[0,0,0,0],[0,0,0,0],[0,0,0,0],[0,0,0,0],[0,0,0,0],[0,0,0,0],[0,0,0,0]],""d"":20495}","w63060003",800,1,"0.00",0
525,1883,"{""c"":[0.71,0.29,0,0.71],""m"":[[105.07,414,19,430],[6.8,20,0,20],[0,0,0,0],[0,0,0,0]],""t"":[[6.51,4,4,5],[53.15,28.5,26,35],[0,0,0,0],[18.43,11,16,15]],""g"":[[0,0,0,0],[0,0,0,0],[0,0,0,0],[0,0,0,0]],""d"":20495}","o43063946",636,3,"0.00",0
527,3409,"{""c"":[0.71,0,0,0,0,0.29,0,0.57],""m"":[[54.15,117,4,120],[0,0,0,0],[0,0,0,0],[0,0,0,0],[0,0,0,0],[49,91,2,93],[0,0,0,0],[34.1,62,0,62]],""t"":[[13.56,6.25,21,10],[0,0,0,0],[0,0,0,0],[0,0,0,0],[0,0,0,0],[0,0,0,0],[0,0,0,0],[0,0,0,0]],""g"":[[0,0,0,0],[0,0,0,0],[0,0,0,0],[0,0,0,0],[0,0,0,0],[0,0,0,0],[0,0,0,0],[0,0,0,0]],""d"":20489}","w63060003",779,3,"0.00",0
528,3410,"{""c"":[0.86,0,0.43,0.28,0,0.57,0.14,0.86],""m"":[[11.2,140,5,145],[0,0,0,0],[9.3,186,5,190],[2.46,26,6,30],[0,0,0,0],[4.9,35,12,42],[0.76,4,1,5],[6.53,33,17,42,0.19]],""t"":[[0,0,0,0],[0,0,0,0],[0,0,0,0],[0,0,0,0],[0,0,0,0],[0,0,0,0],[0,0,0,0],[0,0,0,0]],""g"":[[0,0,0,0],[0,0,0,0],[0,0,0,0],[0,0,0,0],[0,0,0,0],[0,0,0,0],[0,0,0,0],[0,0,0,0]],""d"":20497}","w63060003",NULL,4,"0.00",0
530,3412,"{""c"":[0.86,0,0,0.29,0,0.29,0.42],""m"":[[90.97,738,42,776],[0,0,0,0],[0,0,0,0],[41.15,485,13,498],[0,0,0,0],[8.64,108,2,109],[0,0,0,0]],""t"":[[0,0,0,0],[0,0,0,0],[0,0,0,0],[0,0,0,0],[0,0,0,0],[0,0,0,0],[0,0,0,0]],""g"":[[0,0,0,0],[0,0,0,0],[0,0,0,0],[0,0,0,0],[0,0,0,0],[0,0,0,0],[0,0,0,0]],""d"":20482}","k47081023",779,3,"0.00",0
536,3415,"{""c"":[0.86,0.14,0,0,0.28,0.29,0,1],""m"":[[32.27,193,14,205],[20.13,61,3,64],[0,0,0,0],[0,0,0,0],[32.4,405,16,418],[54.64,683,33,713],[0,0,0,0],[3.04,38,3,40]],""t"":[[0,0,0,0],[0,0,0,0],[0,0,0,0],[0,0,0,0],[0,0,0,0],[0,0,0,0],[0,0,0,0],[0,0,0,0]],""g"":[[0,0,0,0],[0,0,0,0],[0,0,0,0],[0,0,0,0],[0,0,0,0],[0,0,0,0],[0,0,0,0],[0,0,0,0]],""d"":20486}","o23161b43",779,3,"0.00",0
540,3419,"{""c"":[0],""m"":[[5.88,21,1,22]],""t"":[[0,0,0,0]],""g"":[[0.24,1,0,1]],""d"":20441}","w63060003",41,2,"0.00",0
541,3421,"{""c"":[0.71,0.43,0.86,0.43,0.15,0.42,0.29,0.86],""m"":[[225.08,1828,31,1858],[42.76,353,8,360],[180.36,545,35,577],[0,0,0,0],[0,20,0,20],[0,0,0,0],[0,0,0,0],[0,0,0,0]],""t"":[[15.19,11.75,13,15],[39.06,18,8,20],[1009,516.25,290,586],[345.8,144.75,21,150],[14.35,5.75,1,6],[26.1,10.25,3,11],[48.16,23,42,33],[0,0.5,2,1]],""g"":[[0,0,0,0],[0,0,0,0],[0,0,0,0],[0,0,0,0],[0,0,0,0],[0.54,3,1,4],[0,0,0,0],[0,0,0,0]],""d"":20494}","q410620a3",779,3,"0.00",0
544,3424,"{""c"":[0,0,0,0.15,0,0,0.14,1],""m"":[[0,0,0,0],[0,0,0,0],[0,0,0,0],[16.3,167,3,170],[0,0,0,0],[0,0,0,0],[4.32,54,10,60],[9.9,18,3,20]],""t"":[[0,0,0,0],[0,0,0,0],[0,0,0,0],[2.17,1,0,1],[0,0,0,0],[0,0,0,0],[0,0,0,0],[0,0,0,0]],""g"":[[0,0,0,0],[0,0,0,0],[0,0,0,0],[0,0,0,0],[0,0,0,0],[0,0,0,0],[0,0,0,0],[0,0,0,0]],""d"":20493}","p71071003",779,3,"0.00",0
545,3425,"{""c"":[0.86,0,0.43,0,0.14,0.29,0.43,1],""m"":[[31.95,181,7,187],[0,0,0,0],[17.97,183,42,217],[0,0,0,0],[18.91,264,14,276],[11.8,94,6,99],[15.96,115,27,135],[4.36,29,2,30]],""t"":[[0,0,0,0],[0,0,0,0],[0,0,0,0],[0,0,0,0],[0,0,0,0],[0,0,0,0],[0,0,0,0],[0,0,0,0]],""g"":[[0,0,0,0],[0,0,0,0],[0,0,0,0],[0,0,0,0],[0,0,0,0],[0,0,0,0],[0,0,0,0],[0,0,0,0]],""d"":20486}","w63060003",NULL,1,"0.00",0
546,3426,"{""c"": [], ""m"": [], ""t"": [], ""g"": [], ""d"": null}","w63060003",NULL,1,"0.00",0
547,3427,"{""c"":[0,0.14,0,0.14],""m"":[[0,0,0,0],[0.03,3,3,5],[0,0,0,0],[0,0,0,0]],""t"":[[0,0,0,0],[1.24,1.75,1,2],[0,0,0,0],[0,0,0,0]],""g"":[[0,0,0,0],[1.54,14,2,16],[0,0,0,0],[0,0,0,0]],""d"":20484}","w63060003",453,2,"0.00",0
548,1416,"{""c"":[0.57,0,0.43,0.29,0.58,0.28,1],""m"":[[125.1,1251,38,1280],[0,0,0,0],[84.6,846,47,875],[24.77,236,4,240],[47.79,534,26,556],[20.9,209,1,210,0.1],[0,0,0,0,0]],""t"":[[17.42,37.5,3,38],[0,0,0,0],[0,0,0,0],[6.66,8.25,33,13],[4.59,10.5,2,11],[7.44,5,13,8,1.51],[0.96,0.5,1,1,1.93]],""g"":[[0,0,0,0],[0,0,0,0],[9.46,86,2,88],[3.96,36,17,39],[12.32,112,26,124],[0,0,0,0],[0,0,0,0,0]],""d"":20500}","k18061003",778,2,"5.00",2
551,3430,"{""c"":[0.86,0.28,0.28,0.42],""m"":[[2.2,4,1,5],[58.3,50,0,50],[4.55,35,6,39],[0,0,0,0]],""t"":[[0,0,0,0],[5.18,1,0,1],[0,0,0,0],[0,0,0,0]],""g"":[[0,0,0,0],[2.55,1,0,1],[0,0,0,0],[0,0,0,0]],""d"":20482}","w63060003",779,3,"0.00",0
552,3431,"{""c"":[0,0.15,0.28,0.29,0.57,0.58,0.57,0.43],""m"":[[0,0,0,0],[7.84,56,9,60],[43.66,180,14,190],[1.89,9,10,15],[22.2,132,48,148],[17.94,72,6,77],[30.77,483,30,502],[8.53,221,60,258]],""t"":[[0,0,0,0],[0,0,0,0],[0,0,0,0],[0,0,0,0],[1.98,3.25,15,7],[0,0,80,10],[0.72,1.25,40,8],[0,0,0,0]],""g"":[[0,0,0,0],[0,0,0,0],[0,0,0,0],[0.52,13,26,24],[3.2,80,21,93],[2.96,74,12,82],[4,100,34,119],[4.52,113,59,151]],""d"":20499}","w68060986",639,4,"0.00",0
555,3432,"{""c"":[1],""m"":[[24.6,250,8,258]],""t"":[[0,0,0,0]],""g"":[[0,0,0,0]],""d"":20443}","w63060003",NULL,4,"0.00",0
557,3161,"{""c"":[0,0.29,0,0.14,0,0.14],""m"":[[0,0,0,0],[1.26,18,2,20],[0,0,0,0],[0,0,0,0],[0,0,0,0],[0,0,0,0]],""t"":[[0,0,0,0],[9.9,9,4,10],[0,0,0,0],[6.3,6.25,7,8],[0,0,0,0],[0,0,0,0]],""g"":[[0,0,0,0],[0,0,0,0],[0,0,0,0],[0,0,0,0],[0,0,0,0],[0,0,0,0]],""d"":20491}","w63060003",758,4,"0.00",0
561,3436,"{""c"":[1,0,0,0,0.86],""m"":[[0,20,0,20],[0,0,0,0],[0,0,0,0],[0,0,0,0],[0,0,0,0]],""t"":[[0,0,0,0],[0,0,0,0],[0,0,0,0],[0,0,0,0],[0,0,0,0]],""g"":[[0,0,0,0],[0,0,0,0],[0,0,0,0],[0,0,0,0],[0,0,0,0]],""d"":20465}","w63060926",727,3,"0.00",0
562,1432,"{""c"":[0,0.15,0,0.71],""m"":[[0,0,0,0],[5.16,30,25,40],[0,0,0,0],[0,0,0,0]],""t"":[[0,0,0,0],[0,0,20,2],[0,0,0,0],[0,0,0,0]],""g"":[[0,0,0,0],[4.12,103,28,120],[0,0,0,0],[0,0,0,0]],""d"":20473}","w63060003",743,4,"0.00",0
563,3437,"{""c"":[1,0.14,0.57],""m"":[[14.4,48,6,53],[1.05,21,15,23],[5.32,62,43,80]],""t"":[[0,0,0,0],[0,0,0,0],[0,0,0,0]],""g"":[[0,0,0,0],[0,0,0,0],[0,0,0,0]],""d"":20454}","w63060003",NULL,2,"0.00",0
564,3438,"{""c"": [], ""m"": [], ""t"": [], ""g"": [], ""d"": null}","w63060003",NULL,1,"0.00",0
565,2664,"{""c"": [], ""m"": [], ""t"": [], ""g"": [], ""d"": null}","w63060003",181,-1,"0.00",0
568,3439,"{""c"":[0.14,0.15,0.14,0.15,0.15,0.28,0.28,0.57],""m"":[[22.77,69,1,70],[9.9,55,1,56],[5.04,28,3,30],[3.42,19,1,20],[5.4,30,0,30],[12.56,97,3,100],[9.74,98,3,100],[37.29,237,4,240]],""t"":[[0,0,0,0],[18.45,10,29,15],[0,0,0,0],[0,0,0,0],[0,0,0,0],[2.09,1.75,5,3],[0,0,0,0],[0,0,0,0]],""g"":[[0,0,0,0],[0,0,0,0],[0,0,0,0],[0,0,0,0],[0,0,0,0],[0,0,0,0],[0,0,0,0],[0,0,0,0]],""d"":20496}","043580343",779,3,"0.00",0
569,1880,"{""c"":[0,0,0,0.43,0.57,0.57,0.43,0.86],""m"":[[0,0,0,0],[0,0,0,0],[0,0,0,0],[0,263,2,265],[24.08,301,5,305],[48.66,369,10,379],[23.1,231,2,233],[19.24,221,11,232]],""t"":[[0,0,0,0],[0,0,0,0],[0,0,0,0],[0,0,0,0],[0,0,0,0],[0,0,0,0],[0,0,0,0],[0,0,0,0]],""g"":[[0,0,0,0],[0,0,0,0],[0,0,0,0],[0,0,0,0],[0,0,0,0],[0,0,0,0],[0,0,0,0],[0,0,0,0]],""d"":20495}","w63060003",729,3,"0.00",0
570,3440,"{""c"":[1],""m"":[[21,60,0,60]],""t"":[[0,0,0,0]],""g"":[[0,0,0,0]],""d"":20444}","w63060003",NULL,1,"0.00",0
571,3441,"{""c"": [], ""m"": [], ""t"": [], ""g"": [], ""d"": null}","w63060003",NULL,1,"0.00",0
572,2005,"{""c"": [], ""m"": [], ""t"": [], ""g"": [], ""d"": null}","w63060003",NULL,-1,"0.00",0
574,1151,"{""c"": [], ""m"": [], ""t"": [], ""g"": [], ""d"": null}","w63060003",748,4,"0.00",0
576,3301,"{""c"":[0],""m"":[[0,0,0,0]],""t"":[[0,0,0,0]],""g"":[[0,0,0,0]],""d"":20459}","w63060003",NULL,4,"0.00",0
582,1903,"{""c"":[1,0.57,0.86,0.72,0.57,0.86,0.58,0.43],""m"":[[186.49,978,11,989],[32.27,146,3,149],[32.35,219,10,229],[13.09,104,1,105],[17.57,122,4,126],[11.31,81,0,81],[16.74,123,6,127],[9.36,94,1,95,0.13]],""t"":[[29.58,8.5,2,9],[13.07,5,0,5],[13.76,10,0,10],[9.12,6,9,7],[15.29,7.5,2,8],[14.23,9.75,1,10],[16.62,13.5,6,15],[4.86,3.75,1,4,1.64]],""g"":[[76.65,105,13,112],[72.23,135,10,144],[32.24,124,1,125],[39.78,153,2,155],[47.32,182,3,185],[34.32,132,2,134],[24.18,93,4,97],[5.98,23,0,23,0.26]],""d"":20498}","c02488433",795,1,"2.00",3
584,2330,"{""c"":[0,0,0.14,0.14,0,0,0.43,0.29],""m"":[[0,0,0,0],[0,0,0,0],[0.48,4,2,6],[0.7,25,1,26],[0,0,0,0],[0,0,0,0],[1.23,3,5,5],[0,0,0,0,0]],""t"":[[0,0,0,0],[0,0,0,0],[0,0,0,0],[0,0,0,0],[0,0,0,0],[0,0,0,0],[0.9,2,84,15],[0,0,0,0,0]],""g"":[[0,0,0,0],[0,0,0,0],[0,0,0,0],[0,0,0,0],[0,0,0,0],[0,0,0,0],[0.28,7,12,13],[0,0,0,0,0]],""d"":20497}","o43184c03",688,4,"0.00",0
585,3451,"{""c"":[0.86,0.29,0,0,0,0,0.14,0.86],""m"":[[101.44,964,7,971],[2.4,30,0,30],[0,0,0,0],[0,0,0,0],[0,0,0,0],[0,0,0,0],[0,50,0,50,0],[5.6,70,1,71,0.08]],""t"":[[0,0,0,0],[0,0,0,0],[0,0,0,0],[0,0,0,0],[0,0,0,0],[0,0,0,0],[0,0,0,0],[0,0,0,0,0]],""g"":[[0,0,0,0],[4.86,27,2,29],[0,0,0,0],[0,0,0,0],[0,0,0,0],[0,0,0,0],[0,0,0,0],[0,0,0,0,0]],""d"":20501}","o53563b63",811,3,"0.00",1
588,3452,"{""c"":[0.14,0.29,0,0,0,0,0,0.72],""m"":[[2,20,0,20],[0,39,1,40],[0,0,0,0],[0,0,0,0],[0,0,0,0],[0,0,0,0],[0,0,0,0],[0,0,0,0,0]],""t"":[[0,0,0,0],[0,0,0,0],[0,0,0,0],[0,0,0,0],[0,0,0,0],[0,0,0,0],[0,0,0,0],[0,0,0,0,0]],""g"":[[0,0,0,0],[5.04,28,1,29],[0,0,0,0],[0,0,0,0],[0,0,0,0],[0,0,0,0],[0,0,0,0],[0,0,0,0,0]],""d"":20501}","605151422",811,3,"0.00",0
589,2738,"{""c"":[0,0,0.43],""m"":[[24.51,288,2,290],[0,0,0,0],[10.66,82,0,82]],""t"":[[0,0,0,0],[0,0,0,0],[0,0,0,0]],""g"":[[0,0,0,0],[0,0,0,0],[0,0,0,0]],""d"":20483}","k08061053",788,1,"0.00",0
591,3453,"{""c"":[0.29,0.29,0,0,0,0,0,0.72],""m"":[[4.75,59,2,61],[0,217,3,220],[0,0,0,0],[0,0,0,0],[0,0,0,0],[0,0,0,0],[0,0,0,0],[0,0,0,0,0]],""t"":[[0,0,0,0],[0,0,0,0],[0,0,0,0],[0,0,0,0],[0,0,0,0],[0,0,0,0],[0,0,0,0],[0,0,0,0,0]],""g"":[[0,0,0,0],[5.22,29,0,29],[0,0,0,0],[0,0,0,0],[0,0,0,0],[0,0,0,0],[0,0,0,0],[0,0,0,0,0]],""d"":20501}","408062c93",811,3,"0.00",0
592,3454,"{""c"":[0,0.15,0,0,0,0,0,0.72],""m"":[[53.1,531,9,540],[0,20,0,20],[0,0,0,0],[0,0,0,0],[0,0,0,0],[0,0,0,0],[0,0,0,0],[0,0,0,0,0]],""t"":[[0,0,0,0],[0,0,0,0],[0,0,0,0],[0,0,0,0],[0,0,0,0],[0,0,0,0],[0,0,0,0],[0,0,0,0,0]],""g"":[[0,0,0,0],[5.04,28,1,29],[0,0,0,0],[0,0,0,0],[0,0,0,0],[0,0,0,0],[0,0,0,0],[0,0,0,0,0]],""d"":20501}","w63060003",811,3,"0.00",0
594,3456,"{""c"":[0,0.15,0,0,0,0,0,0.72],""m"":[[0,0,0,0],[0,18,2,20],[0,0,0,0],[0,0,0,0],[0,0,0,0],[0,0,0,0],[0,0,0,0],[0,0,0,0,0]],""t"":[[0,0,0,0],[0,0,0,0],[0,0,0,0],[0,0,0,0],[0,0,0,0],[0,0,0,0],[0,0,0,0],[0,0,0,0,0]],""g"":[[0,0,0,0],[4.68,26,3,29],[0,0,0,0],[0,0,0,0],[0,0,0,0],[0,0,0,0],[0,0,0,0],[0,0,0,0,0]],""d"":20501}","w63060003",811,3,"0.00",0
595,3457,"{""c"":[0,0.86,0.57,0.28,0.43,0.14,0,0.72],""m"":[[19.44,355,5,360],[60.75,308,15,320],[22.86,119,1,120],[30.46,99,1,100],[20.4,60,0,60],[10.06,39,1,40],[0,0,0,0],[0,0,0,0,0]],""t"":[[0,0,0,0],[0,0,0,0],[0,0,0,0],[0,0,0,0],[0,0,0,0],[0,0,0,0],[0,0,0,0],[0,0,0,0,0]],""g"":[[0,0,0,0],[5.04,28,3,29],[0,0,0,0],[0,0,0,0],[0,0,0,0],[0,0,0,0],[0,0,0,0],[0,0,0,0,0]],""d"":20501}","x14375083",811,3,"0.00",0
596,3458,"{""c"":[0.29,0.15,0,0,0,0,0,0.72],""m"":[[9.72,203,8,210],[0,19,1,20],[0,0,0,0],[0,0,0,0],[0,0,0,0],[0,0,0,0],[0,0,0,0],[0,0,0,0,0]],""t"":[[0,0,0,0],[0,0,0,0],[0,0,0,0],[0,0,0,0],[0,0,0,0],[0,0,0,0],[0,0,0,0],[0,0,0,0,0]],""g"":[[0,0,0,0],[0,0,0,0],[0,0,0,0],[0,0,0,0],[0,0,0,0],[0,0,0,0],[0,0,0,0],[0,0,0,0,0]],""d"":20501}","o48763023",811,3,"0.00",0
597,3459,"{""c"":[0,0.29,0.14,0,0,0,0.14,0.86],""m"":[[5.2,47,3,50],[1.52,39,1,40],[4.64,78,2,80],[0,0,0,0],[0,0,0,0],[0,0,0,0],[0,77,0,77,0],[3.6,45,1,46,0.08]],""t"":[[0,0,0,0],[0,0,0,0],[4.97,2.5,10,5],[0,0,0,0],[0,0,0,0],[0,0,0,0],[0,0,0,0],[0,0,0,0,0]],""g"":[[8.28,46,7,49],[4.68,26,3,29],[0,0,0,0],[0,0,0,0],[0,0,0,0],[0,0,0,0],[0,0,0,0],[0,0,0,0,0]],""d"":20501}","w67060333",811,3,"0.00",0
598,3460,"{""c"":[0,0.29,0.44,0.14,0,0,0,0.72],""m"":[[0,0,0,0],[5.2,50,0,50],[255.22,685,34,715],[114.56,270,12,280],[0,0,0,0],[0,0,0,0],[0,0,0,0],[0,0,0,0,0]],""t"":[[0,0,0,0],[0,0,8,1],[0,0,0,0],[0,0,0,0],[0,0,0,0],[0,0,0,0],[0,0,0,0],[0,0,0,0,0]],""g"":[[0,0,0,0],[5.22,29,0,29],[0,0,0,0],[0,0,0,0],[0,0,0,0],[0,0,0,0],[0,0,0,0],[0,0,0,0,0]],""d"":20501}","w63060003",811,3,"0.00",0
599,3461,"{""c"":[0,0.29,0,0,0,0,0,0.72],""m"":[[5.8,58,2,60],[14.68,77,3,80],[0,0,0,0],[0,0,0,0],[0,0,0,0],[0,0,0,0],[0,0,0,0],[0,0,0,0,0]],""t"":[[0,0,0,0],[0,0,0,0],[0,0,0,0],[0,0,0,0],[0,0,0,0],[0,0,0,0],[0,0,0,0],[0,0,0,0,0]],""g"":[[0,0,0,0],[0,0,0,0],[0,0,0,0],[0,0,0,0],[0,0,0,0],[0,0,0,0],[0,0,0,0],[0,0,0,0,0]],""d"":20501}","863060003",811,3,"0.00",0
600,1892,"{""c"":[0.29,0,0.28,0.01,0.43,0,1],""m"":[[0.77,77,3,80],[0,0,0,0],[4.48,28,3,30],[0,0,0,0],[2.27,32,12,40],[0,0,0,0,0],[2.1,15,0,15,0.14]],""t"":[[0,0,0,0],[0,0,0,0],[5.4,1.5,2,2],[0,0,0,0],[2.62,2.75,9,5],[0,0,0,0,0],[8.42,5.25,2,6,1.71]],""g"":[[0,0,0,0],[0,0,0,0],[0,0,0,0],[0,0,0,0],[1.3,5,0,5],[0,0,0,0,0],[1.3,5,0,5,0.26]],""d"":20500}","p23073a23",795,1,"0.00",0
601,3463,"{""c"":[0,0.86],""m"":[[0,0,0,0],[0,0,0,0]],""t"":[[0,0,0,0],[0,0,0,0]],""g"":[[0,0,0,0],[0,0,0,0]],""d"":20458}","w63060003",NULL,3,"0.00",0
602,3464,"{""c"":[0.15,0.29,0,0.15,0,0,0,0.72],""m"":[[11.44,134,6,140],[265.64,2803,28,2830],[0,0,0,0],[0,0,0,0],[0,0,0,0],[0,0,0,0],[0,0,0,0],[0,0,0,0,0]],""t"":[[0,0,0,0],[0,0,0,0],[0,0,0,0],[0,0,0,0],[0,0,0,0],[0,0,0,0],[0,0,0,0],[0,0,0,0,0]],""g"":[[0,0,0,0],[27,150,17,165],[0,0,0,0],[0,34,2,36],[0,0,0,0],[0,0,0,0],[0,0,0,0],[0,0,0,0,0]],""d"":20501}","x630600c3",811,3,"0.00",0
604,3465,"{""c"":[0.57,0,0,0.15,0.15,0.42],""m"":[[17.45,144,4,148],[0,0,0,0],[0,0,0,0],[10.8,135,3,138],[9,50,0,50],[0,0,0,0]],""t"":[[0,0,0,0],[0,0,0,0],[0,0,0,0],[0,0,0,0],[0,0,0,0],[0,0,0,0]],""g"":[[0,0,0,0],[0,0,0,0],[0,0,0,0],[0,0,0,0],[0,0,0,0],[0,0,0,0]],""d"":20482}","015465b16",779,3,"0.00",0
605,3466,"{""c"":[1],""m"":[[2.47,19,1,20]],""t"":[[0,0,0,0]],""g"":[[0,0,0,0]],""d"":20451}","w63060003",NULL,1,"0.00",0
606,3468,"{""c"":[1],""m"":[[0,18,2,20]],""t"":[[0,10,0,10]],""g"":[[0,0,0,0]],""d"":20449}","w63060003",NULL,4,"0.00",0
607,3470,"{""c"":[0.86,0,0,0,0,0,0.86],""m"":[[4.37,19,1,20],[0,0,0,0],[0,0,0,0],[0,0,0,0],[0,0,0,0],[0,0,0,0],[4.72,46,4,50]],""t"":[[0,0,0,0],[0,0,0,0],[0,0,0,0],[0,0,0,0],[0,0,0,0],[0,0,0,0],[0,0,0,0]],""g"":[[0,0,0,0],[0,0,0,0],[0,0,0,0],[0,0,0,0],[0,0,0,0],[0,0,0,0],[0,0,0,0]],""d"":20487}","w63060003",NULL,5,"0.00",0
608,3471,"{""c"":[1],""m"":[[2.16,38,2,40]],""t"":[[0,0,0,0]],""g"":[[0,0,0,0]],""d"":20449}","w63060003",NULL,4,"0.00",0
609,3473,"{""c"":[0.01,0.29,0,0,0,0,0,0.72],""m"":[[0,0,0,0],[6.46,58,2,60],[0,0,0,0],[0,0,0,0],[0,0,0,0],[0,0,0,0],[0,0,0,0],[0,0,0,0,0]],""t"":[[0,0,0,0],[0,0,0,0],[0,0,0,0],[0,0,0,0],[0,0,0,0],[0,0,0,0],[0,0,0,0],[0,0,0,0,0]],""g"":[[0,0,0,0],[3.96,22,11,30],[0,0,0,0],[0,0,0,0],[0,0,0,0],[0,0,0,0],[0,0,0,0],[0,0,0,0,0]],""d"":20501}","w63060003",811,3,"0.00",0
610,3474,"{""c"":[0],""m"":[[10.35,15,10,20]],""t"":[[0,0,0,0]],""g"":[[0,0,0,0]],""d"":20471}","w63060003",215,3,"0.00",0
611,3475,"{""c"":[1],""m"":[[10.2,60,0,60]],""t"":[[0,0,0,0]],""g"":[[15.33,21,0,21]],""d"":20450}","w63060003",NULL,1,"0.00",0
612,3476,"{""c"":[1],""m"":[[2.16,18,3,20]],""t"":[[0,0,0,0]],""g"":[[0,0,0,0]],""d"":20450}","w63060003",NULL,4,"0.00",0
613,3478,"{""c"":[1],""m"":[[0.19,19,1,20]],""t"":[[0,0,0,0]],""g"":[[0,0,0,0]],""d"":20454}","w63060003",NULL,2,"0.00",0
615,3482,"{""c"":[0.86,0.43,0,0,0,0,0.14,0.72],""m"":[[158.28,1440,13,1453],[4,79,1,80],[0,0,0,0],[0,0,0,0],[0,0,0,0],[0,0,0,0],[0,71,0,71,0],[0,0,0,0,0]],""t"":[[0,0,0,0],[0,0,0,0],[0,0,0,0],[0,0,0,0],[0,0,0,0],[0,0,0,0],[0,0,0,0],[0,0,0,0,0]],""g"":[[0,0,0,0],[5.22,29,0,29],[0,0,0,0],[0,0,0,0],[0,0,0,0],[0,0,0,0],[0,0,0,0],[0,0,0,0,0]],""d"":20501}","008486083",811,3,"0.00",0
616,1724,"{""c"":[0.42,0,0,0.29,0.43,0.72,0.29,0.86],""m"":[[16.94,74,7,80],[0,0,0,0],[0,0,0,0],[66.33,275,20,292],[65.81,607,36,640],[99.31,707,40,734],[58.75,291,13,303,0.2],[51.93,228,14,241,0.24]],""t"":[[7.05,3.25,9,5],[0,0,0,0],[0,0,0,0],[0,0,0,0],[0.85,0.5,10,2],[0,0,0,0],[0,0.25,14,3],[0,0,0,0,0]],""g"":[[0,0,0,0],[0,0,0,0],[0,0,0,0],[0,0,0,0],[0,0,0,0],[0,0,0,0],[0,0,0,0],[0,0,0,0,0]],""d"":20501}","s68466086",820,1,"0.00",0
618,3484,"{""c"":[1],""m"":[[4.48,16,5,20]],""t"":[[6.22,3.75,6,5]],""g"":[[0,0,0,0]],""d"":20452}","w63060003",NULL,4,"0.00",0
619,3485,"{""c"":[0.71,0.29,0.28,0,0,0,0,0.72],""m"":[[183.44,1832,39,1870],[0,20,0,20],[25,250,0,250],[0,0,0,0],[0,0,0,0],[0,0,0,0],[0,0,0,0],[0,0,0,0,0]],""t"":[[0,0,0,0],[0,0,0,0],[0,0,0,0],[0,0,0,0],[0,0,0,0],[0,0,0,0],[0,0,0,0],[0,0,0,0,0]],""g"":[[0,0,0,0],[5.22,29,0,29],[0,0,0,0],[0,0,0,0],[0,0,0,0],[0,0,0,0],[0,0,0,0],[0,0,0,0,0]],""d"":20501}","k46164733",811,3,"0.00",0
620,3124,"{""c"":[0,0,0,0,0,0.14],""m"":[[0,0,0,0],[0,0,0,0],[0,0,0,0],[0,0,0,0],[0,0,0,0],[0,0,0,0]],""t"":[[0,0,0,0],[0,0,0,0],[0,0,0,0],[0,0,0,0],[0,0,0,0],[0,0,0,0]],""g"":[[0,0,0,0],[0,0,0,0],[0,0,0,0],[0,0,0,0],[0,0,0,0],[0,0,0,0]],""d"":20491}","w63060003",758,-1,"0.00",0
621,3486,"{""c"": [], ""m"": [], ""t"": [], ""g"": [], ""d"": null}","w63060003",NULL,1,"0.00",0
622,3488,"{""c"":[1],""m"":[[0,59,2,61]],""t"":[[0,0,0,0]],""g"":[[0,0,0,0]],""d"":20454}","w63060003",NULL,4,"0.00",0
623,3489,"{""c"":[0.86,0.86],""m"":[[18.64,233,11,242],[0.3,3,0,3]],""t"":[[0,0,0,0],[0,0,0,0]],""g"":[[0,0,0,0],[0,0,0,0]],""d"":20459}","w63060003",NULL,2,"0.00",0
624,3490,"{""c"":[0.86,0.43,0,0.15,0.57],""m"":[[5.82,90,0,90],[9.75,75,3,78],[0,0,0,0],[1.04,8,0,8],[1.95,15,1,16]],""t"":[[0,0,0,0],[0,0,0,0],[0,0,0,0],[0,0,0,0],[0,0,0,0]],""g"":[[0,0,0,0],[0,0,0,0],[0,0,0,0],[0,0,0,0],[0,0,0,0]],""d"":20482}","w63060003",NULL,1,"0.00",0
625,3491,"{""c"":[1],""m"":[[2.6,20,0,20]],""t"":[[0,0,0,0]],""g"":[[0,0,0,0]],""d"":20454}","w63060003",NULL,1,"0.00",0
626,3492,"{""c"":[0.57,0,0.14],""m"":[[2,80,0,80],[0,0,0,0],[2,20,2,22]],""t"":[[0,0,0,0],[0,0,0,0],[0,0,0,0]],""g"":[[0,0,0,0],[0,0,0,0],[0,0,0,0]],""d"":20471}","w63060003",NULL,2,"0.00",0
627,3493,"{""c"":[1],""m"":[[7.26,96,14,108]],""t"":[[0,0,0,0]],""g"":[[0,0,0,0]],""d"":20454}","w63060003",NULL,2,"0.00",0
628,3494,"{""c"":[1],""m"":[[23.42,175,2,177]],""t"":[[0,0,0,0]],""g"":[[0,0,0,0]],""d"":20454}","w63060003",NULL,1,"0.00",0
629,3495,"{""c"":[1,0.29,0,0,0,0,0,0.72],""m"":[[52.38,548,39,577],[0,36,5,40],[0,0,0,0],[0,0,0,0],[0,0,0,0],[0,0,0,0],[0,0,0,0],[0,0,0,0,0]],""t"":[[0,0,0,0],[0,0,0,0],[0,0,0,0],[0,0,0,0],[0,0,0,0],[0,0,0,0],[0,0,0,0],[0,0,0,0,0]],""g"":[[0,0,0,0],[8.82,49,9,58],[0,0,0,0],[0,0,0,0],[0,0,0,0],[0,0,0,0],[0,0,0,0],[0,0,0,0,0]],""d"":20501}","065064603",811,3,"0.00",0
630,3496,"{""c"":[1],""m"":[[14.38,158,7,163]],""t"":[[0,0,0,0]],""g"":[[0,0,0,0]],""d"":20456}","w63060003",NULL,1,"0.00",0
631,3498,"{""c"":[1],""m"":[[0.36,36,4,40]],""t"":[[0,0,0,0]],""g"":[[0,0,0,0]],""d"":20467}","w63060003",NULL,0,"0.00",0
632,3499,"{""c"":[1],""m"":[[2.34,18,3,20]],""t"":[[0,0,0,0]],""g"":[[0,0,0,0]],""d"":20454}","w63060003",NULL,1,"0.00",0
633,3501,"{""c"":[0.71,0,0.14,0.15,0,0.14,0.57],""m"":[[4.08,51,0,51],[0,0,0,0],[1.6,20,0,20],[1.52,19,0,19],[0,0,0,0],[5.33,253,3,256],[2.95,295,0,295,0.01]],""t"":[[0,0,0,0],[0,0,0,0],[0,0,0,0],[0,0,0,0],[0,0,0,0],[7.9,10,22,12],[9.78,10.25,16,14,0.99]],""g"":[[0,0,0,0],[0,0,0,0],[0,0,0,0],[0,0,0,0],[0,0,0,0],[0,0,0,0],[3.08,28,9,33]],""d"":20498}","008710aa2",822,2,"0.00",0
634,3502,"{""c"":[1],""m"":[[3.04,38,2,40]],""t"":[[0,0,0,0]],""g"":[[0,0,0,0]],""d"":20454}","w63060003",NULL,2,"0.00",0
635,3503,"{""c"":[1,0.43],""m"":[[10.4,80,30,100],[5.71,133,7,140]],""t"":[[0,0,0,0],[0,0,0,0]],""g"":[[0,0,0,0],[0,0,0,0]],""d"":20464}","w63060003",NULL,1,"0.00",0
636,3504,"{""c"":[1],""m"":[[3.6,20,0,20]],""t"":[[6.22,4.75,1,5]],""g"":[[0,0,0,0]],""d"":20454}","w63060003",NULL,1,"0.00",0
637,3505,"{""c"":[0.72,0,0.29,0.29,0.15,0.28,0.57,0.86],""m"":[[6.1,69,1,70],[0,0,0,0],[2.87,67,3,70],[4,44,2,45],[5.34,103,2,105],[30.47,380,7,386],[43.47,162,3,165],[5.94,22,1,23,0.27]],""t"":[[0,0,0,0],[0,0,0,0],[0.36,1,8,3],[0,0,0,0],[0,0,26,2],[0,0,0,0],[0.6,1.25,7,3],[0,0,0,0,0]],""g"":[[0,0,0,0],[0,0,0,0],[1.52,38,76,70],[0,62,2,64],[0,70,2,72],[0,0,0,0],[0,0,0,0],[0,0,0,0,0]],""d"":20501}","p63066703",821,4,"0.00",0
638,3506,"{""c"":[1],""m"":[[0.19,19,2,20]],""t"":[[0,0,0,0]],""g"":[[0,0,0,0]],""d"":20454}","w63060003",NULL,1,"0.00",0
639,3510,"{""c"":[1,0.42,0.57,0.71],""m"":[[10.72,134,7,140],[28.28,307,39,336],[31.54,350,11,360],[7.49,73,7,80]],""t"":[[0,0,0,0],[0,0,0,0],[0,0,0,0],[0,0,0,0]],""g"":[[0,0,0,0],[0,0,0,0],[0,0,0,0],[0,0,0,0]],""d"":20474}","w63060003",NULL,2,"0.00",0
640,3514,"{""c"":[1,0.14,0.29,0,0.14,0.86],""m"":[[1.89,29,1,30],[0,0,0,0],[1.4,10,0,10],[0,0,0,0],[1.12,8,2,10],[0,0,0,0]],""t"":[[0,0,0,0],[0.3,0.5,2,1],[0.17,0.25,12,3],[0,0,0,0],[0,0,0,0],[0,0,0,0]],""g"":[[4.36,109,23,124],[0.52,13,4,15],[1.44,36,14,43],[0,0,0,0],[0,0,0,0],[0.92,23,1,24]],""d"":20487}","w63060003",NULL,4,"0.00",0
641,3515,"{""c"":[0.86],""m"":[[3.36,48,8,55]],""t"":[[0,0,0,0]],""g"":[[0,0,0,0]],""d"":20457}","w63060003",NULL,4,"0.00",0
642,3516,"{""c"":[0.86,0.71],""m"":[[16.59,308,11,318],[0.26,26,0,26]],""t"":[[8.51,10.25,11,13],[0,0,0,0]],""g"":[[0,0,0,0],[0,0,0,0]],""d"":20460}","w63060003",NULL,2,"0.00",0
643,3517,"{""c"":[1,0.71],""m"":[[24.62,254,6,260],[7.9,79,1,80]],""t"":[[0,0,0,0],[0,0,0,0]],""g"":[[0,0,0,0],[0,0,0,0]],""d"":20461}","w63060003",NULL,2,"0.00",0
645,3521,"{""c"":[1],""m"":[[0.58,58,2,60]],""t"":[[0,0,0,0]],""g"":[[0,0,0,0]],""d"":20455}","w63060003",NULL,1,"0.00",0
646,3522,"{""c"":[1,0.86,0.86,0.43,0.43,0.72,0.86],""m"":[[4.86,18,2,20],[268.66,1120,44,1155],[58.09,181,13,190],[16.25,55,0,55],[19.14,62,0,62],[13.83,38,2,40],[34.5,99,6,103,0.41]],""t"":[[0,0,0,0],[1.95,1.75,44,9],[7.33,5.75,14,7],[5.4,4.75,1,5],[3.97,4.75,22,7],[15.62,18.75,1,19],[22.5,27,13,30]],""g"":[[0,0,0,0],[5.36,134,25,148],[15.68,392,215,514],[3.6,90,2,92],[4.36,109,0,109],[6.44,161,3,164],[3.72,93,32,107]],""d"":20497}","p40482923",815,4,"0.00",0
647,3523,"{""c"": [], ""m"": [], ""t"": [], ""g"": [], ""d"": null}","w63060003",NULL,2,"0.00",0
648,3524,"{""c"":[1],""m"":[[9.8,140,0,140]],""t"":[[0,0,0,0]],""g"":[[0,0,0,0]],""d"":20455}","w63060003",NULL,1,"0.00",0
649,3525,"{""c"":[0.86,0.57],""m"":[[7.8,78,2,80],[2.7,27,3,30]],""t"":[[0,0,0,0],[0,0,0,0]],""g"":[[0,0,0,0],[0,0,0,0]],""d"":20461}","w63060003",NULL,2,"0.00",0
650,3526,"{""c"": [], ""m"": [], ""t"": [], ""g"": [], ""d"": null}","w63060003",NULL,0,"0.00",0
651,3527,"{""c"":[0.86,0.86],""m"":[[3.12,39,7,45],[3.92,49,1,50]],""t"":[[0,0,0,0],[0,0,0,0]],""g"":[[0,0,0,0],[0,0,0,0]],""d"":20459}","w63060003",NULL,2,"0.00",0
652,3528,"{""c"":[0.14,0,0,0,1],""m"":[[2.47,57,3,60],[0,0,0,0],[0,0,0,0],[0,0,0,0],[2.82,31,10,35]],""t"":[[0,0,0,0],[0,0,0,0],[0,0,0,0],[0,0,0,0],[0,0,0,0]],""g"":[[0,0,0,0],[0,0,0,0],[0,0,0,0],[0,0,0,0],[0,0,0,0]],""d"":20493}","w63060003",NULL,2,"0.00",0
653,3529,"{""c"":[0.86,0.86],""m"":[[9.04,108,22,120],[16.2,162,27,180]],""t"":[[0,0,0,0],[0,0,0,0]],""g"":[[0,0,0,0],[0,0,0,0]],""d"":20461}","w63060003",NULL,2,"0.00",0
654,3530,"{""c"":[0.71,0.14,0.14,1],""m"":[[4.56,57,3,60],[3.12,39,2,40],[3.69,54,8,60],[5.38,78,11,86]],""t"":[[0,0,0,0],[0,0,0,0],[0,0,0,0],[0,0,0,0]],""g"":[[0,0,0,0],[0,0,0,0],[0,0,0,0],[0,0,0,0]],""d"":20473}","w63060003",NULL,2,"0.00",0
655,3532,"{""c"":[1],""m"":[[30.6,18,2,20]],""t"":[[0,0,0,0]],""g"":[[0,0,0,0]],""d"":20455}","w63060003",NULL,0,"0.00",0
656,3534,"{""c"":[1,0.43,0.43],""m"":[[22.4,280,24,300],[27.16,338,11,349],[23.36,292,9,300]],""t"":[[0,0,0,0],[0,0,0,0],[0,0,0,0]],""g"":[[0,0,0,0],[0,0,0,0],[0,0,0,0]],""d"":20471}","w63060003",NULL,2,"0.00",0
658,3536,"{""c"":[0.86,0.29,0.15,0,1],""m"":[[23.08,134,19,149],[5.04,37,13,47],[0,0,0,0],[0,0,0,0],[0.98,19,1,20]],""t"":[[1.8,2.25,13,5],[0,0,0,0],[0,0,0,0],[0,0,0,0],[0,0,0,0]],""g"":[[2.6,65,13,72],[0,0,0,0],[2.08,52,35,69],[0,0,0,0],[0,0,0,0]],""d"":20479}","w63060003",NULL,4,"0.00",0
659,3537,"{""c"":[0.86,0.14,0.29,0.29,0,0.14,0,0.86],""m"":[[10.24,128,2,130],[2.96,37,3,40],[10.14,117,3,120],[12.56,157,3,160],[0,0,0,0],[3.76,47,3,50],[0,0,0,0,0],[7.68,96,4,100,0.08]],""t"":[[0,0,0,0],[0,0,0,0],[0,0,0,0],[0,0,0,0],[0,0,0,0],[0,0,0,0],[0,0,0,0,0],[0,0,0,0,0]],""g"":[[0,0,0,0],[0,0,0,0],[0,0,0,0],[0,0,0,0],[0,0,0,0],[0,0,0,0],[0,0,0,0,0],[0,0,0,0,0]],""d"":20501}","w63060003",NULL,2,"0.00",0
660,3538,"{""c"": [], ""m"": [], ""t"": [], ""g"": [], ""d"": null}","w63060003",NULL,0,"0.00",0
661,3539,"{""c"":[1],""m"":[[4.32,36,5,40]],""t"":[[0,0,0,0]],""g"":[[0,0,0,0]],""d"":20455}","w63060003",NULL,3,"0.00",0
662,3540,"{""c"":[1,0.29,0.29,0.57,0.43,0,0,1],""m"":[[8.38,136,5,140],[2.73,39,1,40],[4.13,59,1,60],[18.74,374,6,380],[1.04,104,5,107],[0,0,0,0,0],[0,0,0,0,0],[0.19,19,2,20,0.01]],""t"":[[0,0,0,0],[0,0,0,0],[0,0,0,0],[11.13,10.5,25,15],[0,0.75,26,5],[0,0,0,0,0],[0,0,0,0,0],[0,0,0,0,0]],""g"":[[0,0,0,0],[0,0,0,0],[0,0,0,0],[0,0,0,0],[0,0,0,0],[0,0,0,0,0],[0,0,0,0,0],[0,0,0,0,0]],""d"":20500}","w63060003",NULL,1,"0.00",0
663,3541,"{""c"":[0.71,0.29,0.14,0,0.14,1],""m"":[[3.99,19,1,20],[5.46,39,1,40],[1.6,20,0,20],[0,0,0,0],[2.7,30,0,30],[1.52,13,0,13]],""t"":[[0,0,0,0],[0,0,0,0],[0,0,0,0],[0,0,0,0],[0,0,0,0],[0,0,0,0]],""g"":[[0,0,0,0],[0,0,0,0],[0,0,0,0],[0,0,0,0],[0,0,0,0],[0,0,0,0]],""d"":20486}","w63060003",NULL,2,"0.00",0
664,945,"{""c"":[0,0.14,0,0.71],""m"":[[0,0,0,0],[2.6,13,48,20],[0,0,0,0],[0,0,0,0]],""t"":[[0,0,0,0],[1.2,1.5,2,2],[0,0,0,0],[0,0,0,0]],""g"":[[0,0,0,0],[1.68,42,57,71],[0,0,0,0],[0,0,0,0]],""d"":20473}","w63060003",743,4,"0.00",0
665,964,"{""c"":[0,0.15,0,0.71],""m"":[[0,0,0,0],[0,0,0,0],[0,0,0,0],[0,0,0,0]],""t"":[[0,0,0,0],[1.8,1.75,1,2],[0,0,0,0],[0,0,0,0]],""g"":[[0,0,0,0],[4.12,103,35,120],[0,0,0,0],[0,0,0,0]],""d"":20473}","w63060003",743,4,"0.00",0
666,954,"{""c"":[0,0,0,0.28],""m"":[[0,0,0,0],[0,0,0,0],[0,0,0,0],[28.51,123,3,125]],""t"":[[0,0,0,0],[0,0,0,0],[0,0,0,0],[0,0,0,0]],""g"":[[0,0,0,0],[0,0,0,0],[0,0,0,0],[0,0,0,0]],""d"":20478}","o11060033",743,4,"0.00",0
667,952,"{""c"":[0,0.15,0,0.71],""m"":[[0,0,0,0],[5.92,35,22,40],[0,0,0,0],[0,0,0,0]],""t"":[[0,0,0,0],[1.8,1.75,1,2],[0,0,0,0],[0,0,0,0]],""g"":[[0,0,0,0],[6.76,169,46,191],[0,0,0,0],[0,0,0,0]],""d"":20473}","w63060003",743,4,"0.00",0
668,1186,"{""c"":[0,0.15,0,0,0,0,0.57],""m"":[[0,0,0,0],[5.46,33,12,40],[0,0,0,0],[0,0,0,0],[0,0,0,0],[0,0,0,0],[0,0,0,0]],""t"":[[0,0,0,0],[1.8,1.75,1,2],[0,0,0,0],[0,0,0,0],[0,0,0,0],[0,0,0,0],[3.3,3.75,5,5]],""g"":[[0,0,0,0],[3.32,83,69,112],[0,0,0,0],[0,0,0,0],[0,0,0,0],[0,0,0,0],[3.16,79,24,94]],""d"":20496}","w63060003",743,4,"0.00",0
669,951,"{""c"":[0,0.15,0,0.71],""m"":[[0,0,0,0],[3.2,36,4,40],[0,0,0,0],[0,0,0,0]],""t"":[[0,0,0,0],[0,0,0,0],[0,0,0,0],[0,0,0,0]],""g"":[[0,0,0,0],[0,0,0,0],[0,0,0,0],[0,0,0,0]],""d"":20473}","w63060003",743,4,"0.00",0
672,950,"{""c"":[0,0.29,0,0.71],""m"":[[0,0,0,0],[6.06,36,7,40],[0,0,0,0],[0,0,0,0]],""t"":[[0,0,0,0],[1.8,1.75,1,2],[0,0,0,0],[0,0,0,0]],""g"":[[0,0,0,0],[3.84,96,66,124],[0,0,0,0],[0,0,0,0]],""d"":20473}","w63060003",743,4,"0.00",0
673,949,"{""c"":[0,0,0,0.71],""m"":[[0,0,0,0],[0,0,0,0],[0,0,0,0],[0,0,0,0]],""t"":[[0,0,0,0],[0,0,0,0],[0,0,0,0],[0,0,0,0]],""g"":[[0,0,0,0],[0,0,0,0],[0,0,0,0],[0,0,0,0]],""d"":20473}","w63060003",743,-1,"0.00",0
674,948,"{""c"":[0,0,0,0.71],""m"":[[0,0,0,0],[0,0,0,0],[0,0,0,0],[0,0,0,0]],""t"":[[0,0,0,0],[0,0,0,0],[0,0,0,0],[0,0,0,0]],""g"":[[0,0,0,0],[0,0,0,0],[0,0,0,0],[0,0,0,0]],""d"":20473}","w63060003",743,4,"0.00",0
676,1057,"{""c"":[0,0,0,0.71],""m"":[[0,0,0,0],[0,0,0,0],[0,0,0,0],[0,0,0,0]],""t"":[[0,0,0,0],[0,0,0,0],[0,0,0,0],[0,0,0,0]],""g"":[[0,0,0,0],[0,0,0,0],[0,0,0,0],[0,0,0,0]],""d"":20473}","w63060003",743,4,"0.00",0
677,1181,"{""c"":[0,0,0,0.71],""m"":[[0,0,0,0],[0,0,0,0],[0,0,0,0],[0,0,0,0]],""t"":[[0,0,0,0],[0,0,0,0],[0,0,0,0],[0,0,0,0]],""g"":[[0,0,0,0],[0,0,0,0],[0,0,0,0],[0,0,0,0]],""d"":20473}","w63060003",743,4,"0.00",0
678,1638,"{""c"":[0,0.15,0,0.71],""m"":[[0,0,0,0],[4.5,27,32,40],[0,0,0,0],[0,0,0,0]],""t"":[[0,0,0,0],[0,0,0,0],[0,0,0,0],[0,0,0,0]],""g"":[[0,0,0,0],[0,0,0,0],[0,0,0,0],[0,0,0,0]],""d"":20473}","w63060003",743,4,"0.00",0
679,1654,"{""c"":[0,0,0,0.71],""m"":[[0,0,0,0],[0,0,0,0],[0,0,0,0],[0,0,0,0]],""t"":[[0,0,0,0],[0,0,0,0],[0,0,0,0],[0,0,0,0]],""g"":[[0,0,0,0],[0,0,0,0],[0,0,0,0],[0,0,0,0]],""d"":20473}","w63060003",743,-1,"0.00",0
680,1733,"{""c"":[0,0,0,0.71],""m"":[[0,0,0,0],[0,0,0,0],[0,0,0,0],[0,0,0,0]],""t"":[[0,0,0,0],[0,0,0,0],[0,0,0,0],[0,0,0,0]],""g"":[[0,0,0,0],[0,0,0,0],[0,0,0,0],[0,0,0,0]],""d"":20473}","w63060003",743,-1,"0.00",0
681,1808,"{""c"":[0,0,0,0.71],""m"":[[0,0,0,0],[0,0,0,0],[0,0,0,0],[0,0,0,0]],""t"":[[0,0,0,0],[0,0,0,0],[0,0,0,0],[0,0,0,0]],""g"":[[0,0,0,0],[0,0,0,0],[0,0,0,0],[0,0,0,0]],""d"":20473}","w63060003",743,-1,"0.00",0
682,2003,"{""c"":[0,0,0,0.71],""m"":[[0,0,0,0],[0,0,0,0],[0,0,0,0],[0,0,0,0]],""t"":[[0,0,0,0],[0,0,0,0],[0,0,0,0],[0,0,0,0]],""g"":[[0,0,0,0],[0,0,0,0],[0,0,0,0],[0,0,0,0]],""d"":20473}","w63060003",743,-1,"0.00",0
683,958,"{""c"":[0,0,0,0.71],""m"":[[0,0,0,0],[0,0,0,0],[0,0,0,0],[0,0,0,0]],""t"":[[0,0,0,0],[0,0,0,0],[0,0,0,0],[0,0,0,0]],""g"":[[0,0,0,0],[0,0,0,0],[0,0,0,0],[0,0,0,0]],""d"":20473}","w63060003",743,-1,"0.00",0
684,3542,"{""c"":[1],""m"":[[0,0,0,0]],""t"":[[2.52,3.75,12,5]],""g"":[[0,0,0,0]],""d"":20457}","w63060003",NULL,4,"0.00",0
685,3543,"{""c"":[0.86],""m"":[[18.17,173,9,180]],""t"":[[0,0,0,0]],""g"":[[0,0,0,0]],""d"":20457}","w63060003",NULL,1,"0.00",0
686,3544,"{""c"":[1,0,0.43,0.29,0.57,0.29,0.86],""m"":[[13.68,171,21,190],[0,0,0,0],[18.48,231,25,250],[11.52,144,6,150],[39.92,409,23,430],[18.44,203,19,220],[14.5,145,5,150]],""t"":[[0,0,0,0],[0,0,0,0],[0,0,0,0],[0,0,0,0],[0,0,0,0],[0,0,0,0],[0,0,0,0]],""g"":[[0,0,0,0],[0,0,0,0],[0,0,0,0],[0,0,0,0],[0,0,0,0],[0,0,0,0],[0,0,0,0]],""d"":20495}","w63060003",NULL,2,"0.00",0
687,3545,"{""c"":[0.71,0.57],""m"":[[1.05,5,21,14],[2.66,38,1,39]],""t"":[[0,0,0,0],[0,0,0,0]],""g"":[[5.72,22,0,22],[0,0,0,0]],""d"":20461}","w63060003",NULL,1,"0.00",0
688,3546,"{""c"":[0.71,0,0,0,0.43],""m"":[[3.3,33,10,40],[0,0,0,0],[0,0,0,0],[0,0,0,0],[2.72,89,13,100]],""t"":[[0,0,0,0],[0,0,0,0],[0,0,0,0],[0,0,0,0],[0,0,0,0]],""g"":[[0,0,0,0],[0,0,0,0],[0,0,0,0],[0,0,0,0],[0,0,0,0]],""d"":20483}","w63060003",NULL,3,"0.00",0
689,3548,"{""c"": [], ""m"": [], ""t"": [], ""g"": [], ""d"": null}","w63060003",NULL,1,"0.00",0
690,3552,"{""c"":[1],""m"":[[10.6,20,0,20]],""t"":[[0,0,0,0]],""g"":[[45.9,18,7,25]],""d"":20456}","w63060003",NULL,0,"0.00",0
691,3553,"{""c"": [], ""m"": [], ""t"": [], ""g"": [], ""d"": null}","w63060003",NULL,1,"0.00",0
692,3554,"{""c"":[1],""m"":[[5.5,55,5,60]],""t"":[[0,0,0,0]],""g"":[[0,0,0,0]],""d"":20456}","w63060003",NULL,3,"0.00",0
693,3555,"{""c"":[0],""m"":[[1.6,16,5,19]],""t"":[[0,0,0,0]],""g"":[[0,0,0,0]],""d"":20456}","w63060003",64,2,"0.00",0
694,2710,"{""c"":[0],""m"":[[0,0,0,0]],""t"":[[0,0,0,0]],""g"":[[0,0,0,0]],""d"":20455}","w63060003",NULL,-1,"0.00",0
696,3556,"{""c"":[1],""m"":[[0.18,18,2,20]],""t"":[[6.55,5,0,5]],""g"":[[5.46,21,4,24]],""d"":20456}","w63060003",NULL,1,"0.00",0
699,3559,"{""c"":[0.86,0.29,0,0,0,0.71],""m"":[[2.88,36,6,40],[11.2,140,14,150],[0,0,0,0],[0,0,0,0],[0,0,0,0],[1.52,19,1,20]],""t"":[[0,0,0,0],[0,0,0,0],[0,0,0,0],[0,0,0,0],[0,0,0,0],[0,0,0,0]],""g"":[[0,0,0,0],[0,0,0,0],[0,0,0,0],[0,0,0,0],[0,0,0,0],[0,0,0,0]],""d"":20488}","w63060003",NULL,3,"0.00",0
700,3560,"{""c"":[1,0.28,0.43,0.28,0.42,0.29,0.57],""m"":[[0,80,0,80],[0,95,5,100],[0,138,2,140],[0,175,7,180],[0,196,6,200],[0,240,0,240],[0,159,1,160,0]],""t"":[[0,0,0,0],[0,0,0,0],[0,0,0,0],[0,0,0,0],[0,0,0,0],[0,0,0,0],[0,0,0,0]],""g"":[[0,0,0,0],[0,0,0,0],[0,0,0,0],[0,0,0,0],[0,0,0,0],[0,0,0,0],[0,0,0,0]],""d"":20499}","w63060003",NULL,5,"0.00",0
701,3561,"{""c"":[0.86,0.14,0.14,0,0.86],""m"":[[2.88,36,4,40],[1.52,19,1,20],[1.6,20,0,20],[0,0,0,0],[1.52,19,2,20]],""t"":[[0,0,0,0],[0,0,0,0],[0,0,0,0],[0,0,0,0],[0,0,0,0]],""g"":[[0,0,0,0],[0,0,0,0],[0,0,0,0],[0,0,0,0],[0,0,0,0]],""d"":20480}","w63060003",NULL,2,"0.00",0
702,3562,"{""c"":[1],""m"":[[4.93,39,1,40]],""t"":[[7.86,8,8,10]],""g"":[[0,0,0,0]],""d"":20456}","w63060003",NULL,1,"0.00",0
704,3564,"{""c"":[1,0.29,0,0,0,0,0,0.86],""m"":[[8.08,114,1,115],[0,20,0,20],[0,0,0,0],[0,0,0,0],[0,0,0,0],[0,0,0,0],[0,0,0,0],[4.32,109,10,114,0.04]],""t"":[[0,0,0,0],[0,0,0,0],[0,0,0,0],[0,0,0,0],[0,0,0,0],[0,0,0,0],[0,0,0,0],[0,0,0,0,0]],""g"":[[0,0,0,0],[9.9,55,3,56],[0,0,0,0],[0,0,0,0],[0,0,0,0],[0,0,0,0],[0,0,0,0],[0,0,0,0,0]],""d"":20501}","q507520b2",811,3,"0.00",0
705,3565,"{""c"":[0.86,0.14,0,0,0,0,0,1],""m"":[[1.18,55,6,60],[5.12,57,3,60],[0,0,0,0,0],[0,0,0,0,0],[0,0,0,0,0],[0,0,0,0,0],[0,0,0,0,0],[30.51,440,25,462,0.07]],""t"":[[0,0,0,0],[0,0,0,0],[0,0,0,0,0],[0,0,0,0,0],[0,0,0,0,0],[0,0,0,0,0],[0,0,0,0,0],[0,0,0,0,0]],""g"":[[0,0,0,0],[0,0,0,0],[0,0,0,0,0],[0,0,0,0,0],[0,0,0,0,0],[0,0,0,0,0],[0,0,0,0,0],[0,0,0,0,0]],""d"":20502}","w63060003",NULL,4,"0.00",0
706,3567,"{""c"":[1],""m"":[[1.6,20,0,20]],""t"":[[0,0,0,0]],""g"":[[0,0,0,0]],""d"":20456}","w63060003",NULL,2,"0.00",0
707,3569,"{""c"": [], ""m"": [], ""t"": [], ""g"": [], ""d"": null}","w63060003",NULL,2,"0.00",0
708,3570,"{""c"":[0.86,0,0.29,0,0,0.29],""m"":[[7.9,79,1,80],[0,0,0,0],[10,100,0,100],[0,0,0,0],[0,0,0,0],[35.3,353,7,360]],""t"":[[0,0,0,0],[0,0,0,0],[0,0,0,0],[0,0,0,0],[0,0,0,0],[0,0,0,0]],""g"":[[0,0,0,0],[0,0,0,0],[0,0,0,0],[0,0,0,0],[0,0,0,0],[0,0,0,0]],""d"":20492}","w63060003",NULL,3,"0.00",0
709,3571,"{""c"":[1],""m"":[[6.16,77,7,80]],""t"":[[0,0,0,0]],""g"":[[0,0,0,0]],""d"":20456}","w63060003",NULL,2,"0.00",0
711,3574,"{""c"":[1],""m"":[[0.79,79,1,80]],""t"":[[0,0,0,0]],""g"":[[0,0,0,0]],""d"":20456}","w63060003",NULL,2,"0.00",0
712,3575,"{""c"":[1,0,0,0,0,0.29],""m"":[[6.4,80,0,80],[0,0,0,0],[0,0,0,0],[0,0,0,0],[0,0,0,0],[1.6,20,0,20]],""t"":[[0,0,0,0],[0,0,0,0],[0,0,0,0],[0,0,0,0],[0,0,0,0],[0,0,0,0]],""g"":[[0,0,0,0],[0,0,0,0],[0,0,0,0],[0,0,0,0],[0,0,0,0],[0,0,0,0]],""d"":20491}","w63060003",NULL,2,"0.00",0
713,3576,"{""c"":[0.86,0.29,0,0,0,0,0,0.72],""m"":[[0,20,0,20],[0,18,3,20],[0,0,0,0],[0,0,0,0],[0,0,0,0],[0,0,0,0],[0,0,0,0],[0,0,0,0,0]],""t"":[[0,0,0,0],[0,0,0,0],[0,0,0,0],[0,0,0,0],[0,0,0,0],[0,0,0,0],[0,0,0,0],[0,0,0,0,0]],""g"":[[0,0,0,0],[4.86,27,2,29],[0,0,0,0],[0,0,0,0],[0,0,0,0],[0,0,0,0],[0,0,0,0],[0,0,0,0,0]],""d"":20501}","w63060003",811,3,"0.00",0
714,3578,"{""c"":[1,0.57,0.14,0.57],""m"":[[7.44,93,7,100],[15.68,196,6,202],[6.32,79,1,80],[7.44,93,7,100]],""t"":[[0,0,0,0],[0,0,0,0],[0,0,0,0],[0,0,0,0]],""g"":[[0,0,0,0],[0,0,0,0],[0,0,0,0],[0,0,0,0]],""d"":20475}","w63060003",NULL,2,"0.00",0
715,3579,"{""c"": [], ""m"": [], ""t"": [], ""g"": [], ""d"": null}","w63060003",NULL,3,"0.00",0
717,3581,"{""c"":[1,0.29,0,0,0,0,0,0.72],""m"":[[7.6,119,2,120],[0,57,3,60],[0,0,0,0],[0,0,0,0],[0,0,0,0],[0,0,0,0],[0,0,0,0],[0,0,0,0,0]],""t"":[[0,0,0,0],[0,0,0,0],[0,0,0,0],[0,0,0,0],[0,0,0,0],[0,0,0,0],[0,0,0,0],[0,0,0,0,0]],""g"":[[0,0,0,0],[3.96,22,0,22],[0,0,0,0],[0,0,0,0],[0,0,0,0],[0,0,0,0],[0,0,0,0],[0,0,0,0,0]],""d"":20501}","w63060003",811,3,"0.00",0
719,3583,"{""c"":[1,0.71],""m"":[[0,0,0,0],[0,19,1,20]],""t"":[[5.42,3.25,3,4],[10.85,6.25,10,8]],""g"":[[0,0,0,0],[0,0,0,0]],""d"":20460}","w63060003",NULL,3,"0.00",0
720,3584,"{""c"":[1,0.86],""m"":[[2.72,51,115,60],[2.72,34,7,40]],""t"":[[0,0,0,0],[0,0,0,0]],""g"":[[0,0,0,0],[0,0,0,0]],""d"":20459}","w63060003",NULL,3,"0.00",0
721,3585,"{""c"":[1,0.14,0.14,0.86],""m"":[[5.07,39,1,40],[3.77,29,1,30],[6.37,49,2,50],[19.77,141,8,147]],""t"":[[0,0,0,0],[0,0,0,0],[0,0,0,0],[0,0,0,0]],""g"":[[0,0,0,0],[0,0,0,0],[0,0,0,0],[0,0,0,0]],""d"":20473}","w63060003",NULL,1,"0.00",0
722,3586,"{""c"":[1],""m"":[[4.2,20,0,20]],""t"":[[0,0,0,0]],""g"":[[0,0,0,0]],""d"":20457}","w63060003",NULL,1,"0.00",0
723,3587,"{""c"":[1,0.14,0.14,0.86,1,0.71],""m"":[[18.39,215,4,219],[0.08,1,1,2],[9.41,77,10,83],[597.91,6275,145,6413],[339.35,3443,43,3486],[0,0,0,0]],""t"":[[3.44,5.5,88,14],[0,0,0,0],[7.46,11.5,15,15],[129.44,176.5,121,205],[0,0,0,0],[0,0,0,0]],""g"":[[6.6,60,3,63],[0,0,0,0],[0,0,0,0],[0,0,0,0],[0,0,0,0],[0,0,0,0]],""d"":20487}","637330004",829,2,"0.00",0
724,3588,"{""c"":[1,0.29],""m"":[[5.25,75,13,80],[9.66,98,3,100]],""t"":[[0,0,0,0],[0,0,0,0]],""g"":[[0,0,0,0],[0,0,0,0]],""d"":20464}","w63060003",NULL,1,"0.00",0
725,3590,"{""c"":[1],""m"":[[6.3,126,19,140]],""t"":[[0,0,0,0]],""g"":[[0,0,0,0]],""d"":20457}","w63060003",NULL,4,"0.00",0
726,3592,"{""c"":[1],""m"":[[9.5,95,5,100]],""t"":[[0,0,0,0]],""g"":[[0,0,0,0]],""d"":20457}","w63060003",NULL,3,"0.00",0
727,3593,"{""c"":[1,0.43,0.71,0.57,0.58,0.43,0.57,1],""m"":[[4.65,93,7,100],[23.37,498,50,540],[30.75,615,42,650],[8.69,143,7,150],[21.84,234,33,260],[19.7,197,102,240],[19.2,192,49,220],[1.9,19,1,20,0.1]],""t"":[[0,0,0,0],[0,0,0,0],[0,0,0,0],[0,0,0,0],[0,0,0,0],[0,0,0,0],[0,0,0,0],[0,0,0,0,0]],""g"":[[0,0,0,0],[0,0,0,0],[0,0,0,0],[0,0,0,0],[0,0,0,0],[0,0,0,0],[0,0,0,0],[0,0,0,0,0]],""d"":20500}","w63060003",NULL,2,"0.00",0
728,3594,"{""c"": [], ""m"": [], ""t"": [], ""g"": [], ""d"": null}","w63060003",NULL,2,"0.00",0
729,3595,"{""c"":[1],""m"":[[11.25,65,5,70]],""t"":[[0,0,0,0]],""g"":[[0,0,0,0]],""d"":20457}","w63060003",NULL,1,"0.00",0
730,3596,"{""c"":[1,0.14,0.14,0,0.43],""m"":[[9.8,98,2,100],[5.8,58,2,60],[15.74,221,4,225],[0,0,0,0],[3.12,39,1,40]],""t"":[[0,0,0,0],[0,0,0,0],[0,3.75,5,5],[0,0,0,0],[0,0,0,0]],""g"":[[0,0,0,0],[0,0,0,0],[0,0,0,0],[0,0,0,0],[0,0,0,0]],""d"":20483}","w63060003",NULL,3,"0.00",0
731,3597,"{""c"":[1,0,1],""m"":[[0.53,53,1,54],[0,0,0,0],[0.4,40,0,40]],""t"":[[0,0,0,0],[0,0,0,0],[0,0,0,0]],""g"":[[0,0,0,0],[0,0,0,0],[0,0,0,0]],""d"":20465}","w63060003",NULL,1,"0.00",0
732,3598,"{""c"":[1],""m"":[[4.64,58,4,60]],""t"":[[0,0,0,0]],""g"":[[0,0,0,0]],""d"":20457}","w63060003",NULL,2,"0.00",0
733,3599,"{""c"":[1],""m"":[[8.88,111,12,120]],""t"":[[0,0,0,0]],""g"":[[0,0,0,0]],""d"":20457}","w63060003",NULL,2,"0.00",0
734,3600,"{""c"": [], ""m"": [], ""t"": [], ""g"": [], ""d"": null}","w63060003",NULL,4,"0.00",0
737,3605,"{""c"":[1,0.29],""m"":[[1.26,14,13,20],[2.59,75,5,80]],""t"":[[0,0,0,0],[0,0,0,0]],""g"":[[1.6,40,47,62],[3.76,94,113,148]],""d"":20464}","w63060003",NULL,4,"0.00",0
738,3606,"{""c"":[0,0.15,0,0,0,0,0,1],""m"":[[1.9,39,1,40],[0,0,0,0],[0,0,0,0],[0,0,0,0],[0,0,0,0],[0,0,0,0],[0,0,0,0],[6.14,118,7,124,0.07]],""t"":[[0,0,0,0],[0,0,0,0],[0,0,0,0],[0,0,0,0],[0,0,0,0],[0,0,0,0],[0,0,0,0],[0,0,0,0,0]],""g"":[[0,0,0,0],[4.5,25,4,29],[0,0,0,0],[0,0,0,0],[0,0,0,0],[0,0,0,0],[0,0,0,0],[0,0,0,0,0]],""d"":20501}","045062093",811,3,"0.00",0
739,3607,"{""c"":[1,0.14,0.43,0.28,0.14,0.57],""m"":[[23.3,30,0,30],[89.46,42,3,43],[121.89,155,6,160],[330.15,155,8,163],[83.07,39,1,40],[317.37,149,9,157]],""t"":[[0,0,0,0],[0,0,0,0],[0,0,0,0],[0,0,0,0],[0,0,0,0],[0,0,0,0]],""g"":[[0,0,0,0],[0,0,0,0],[0,0,0,0],[0,0,0,0],[0,0,0,0],[0,0,0,0]],""d"":20489}","w63060003",NULL,0,"0.00",0
740,3608,"{""c"":[1],""m"":[[4.4,40,0,40]],""t"":[[0,0,0,0]],""g"":[[0,0,0,0]],""d"":20457}","w63060003",NULL,1,"0.00",0
741,3609,"{""c"":[1,0.71],""m"":[[1.36,17,6,20],[2.96,37,4,40]],""t"":[[0,0,0,0],[0,0,0,0]],""g"":[[0,0,0,0],[0,0,0,0]],""d"":20461}","w63060003",NULL,2,"0.00",0
742,3610,"{""c"": [], ""m"": [], ""t"": [], ""g"": [], ""d"": null}","w63060003",NULL,4,"0.00",0
743,3611,"{""c"":[0,0.86],""m"":[[0,0,0,0],[0,0,0,0]],""t"":[[0,0,0,0],[0,0,0,0]],""g"":[[0,0,0,0],[0,0,0,0]],""d"":20465}","078432063",727,3,"0.00",0
744,3612,"{""c"":[1],""m"":[[1.44,18,2,20]],""t"":[[0,0,0,0]],""g"":[[0,0,0,0]],""d"":20457}","w63060003",NULL,2,"0.00",0
745,3613,"{""c"":[1,0,0,0,0,0.14,0.29],""m"":[[0,5,0,5],[0,0,0,0],[0,0,0,0],[0,0,0,0],[0,0,0,0],[1.96,14,1,15],[2.8,20,0,20,0.14]],""t"":[[0,0,0,0],[0,0,0,0],[0,0,0,0],[0,0,0,0],[0,0,0,0],[0,0,0,0],[0,0,0,0,0]],""g"":[[0,0,0,0],[0,0,0,0],[0,0,0,0],[0,0,0,0],[0,0,0,0],[0,0,0,0],[0,0,0,0,0]],""d"":20498}","w63060003",801,4,"0.00",0
748,3616,"{""c"":[1],""m"":[[2.76,31,11,40]],""t"":[[0,0,0,0]],""g"":[[0,0,0,0]],""d"":20457}","w63060003",NULL,3,"0.00",0
749,3618,"{""c"": [], ""m"": [], ""t"": [], ""g"": [], ""d"": null}","w63060003",NULL,2,"0.00",0
752,1820,"{""c"": [], ""m"": [], ""t"": [], ""g"": [], ""d"": null}","w63060003",NULL,4,"0.00",0
753,3621,"{""c"":[1,0.57,0.71,0.57,0.57,0.57,1],""m"":[[7.92,99,1,100],[35.82,398,2,400],[49.9,499,1,500],[39.6,396,4,400],[39.5,395,5,400],[34.3,343,7,350],[29.9,299,3,302]],""t"":[[0,0,0,0],[0,0,0,0],[0,0,0,0],[0,0,0,0],[0,0,0,0],[0,0,0,0],[0,0,0,0]],""g"":[[0,0,0,0],[0,0,0,0],[0,0,0,0],[0,0,0,0],[0,0,0,0],[0,0,0,0],[0,0,0,0]],""d"":20496}","w63060003",NULL,2,"0.00",0
755,3622,"{""c"":[1],""m"":[[2.96,37,4,40]],""t"":[[0,0,0,0]],""g"":[[0,0,0,0]],""d"":20457}","w63060003",NULL,2,"0.00",0
757,3624,"{""c"":[0,0.15,0,0,0,0,0.14,0.86],""m"":[[0,0,0,0],[1.52,57,3,60],[0,0,0,0],[0,0,0,0],[0,0,0,0],[0,0,0,0],[0,58,10,66,0],[4.16,52,1,53,0.08]],""t"":[[0,0,0,0],[0,0,0,0],[0,0,0,0],[0,0,0,0],[0,0,0,0],[0,0,0,0],[0,0,0,0],[0,0,0,0,0]],""g"":[[0,0,0,0],[0,0,0,0],[0,0,0,0],[0,0,0,0],[0,0,0,0],[0,0,0,0],[0,0,0,0],[0,0,0,0,0]],""d"":20501}","0640655a3",811,3,"0.00",0
758,3626,"{""c"":[1],""m"":[[4.81,37,9,45]],""t"":[[0,0,0,0]],""g"":[[0,0,0,0]],""d"":20459}","w63060003",NULL,5,"0.00",0
759,3627,"{""c"": [], ""m"": [], ""t"": [], ""g"": [], ""d"": null}","w63060003",NULL,2,"0.00",0
760,3631,"{""c"":[1,0.15,0,0,0,0,0.14,0.86],""m"":[[7.76,136,4,140],[0,0,0,0],[0,0,0,0],[0,0,0,0],[0,0,0,0],[0,0,0,0],[0,58,1,59,0],[9.92,124,0,124,0.08]],""t"":[[0,0,0,0],[0,0,0,0],[0,0,0,0],[0,0,0,0],[0,0,0,0],[0,0,0,0],[0,0,0,0],[0,0,0,0,0]],""g"":[[0,0,0,0],[4.86,27,3,29],[0,0,0,0],[0,0,0,0],[0,0,0,0],[0,0,0,0],[0,0,0,0],[0,0,0,0,0]],""d"":20501}","w63060003",811,3,"0.00",0
761,3633,"{""c"":[1,0,0,0.14,0.86],""m"":[[2.32,29,1,30],[0,0,0,0],[0,0,0,0],[2.87,79,3,82],[1.1,110,1,111]],""t"":[[0,0,0,0],[0,0,0,0],[0,0,0,0],[4.15,5,0,5],[8.3,10.25,85,17]],""g"":[[0,0,0,0],[0,0,0,0],[0,0,0,0],[0,0,0,0],[0,0,0,0]],""d"":20480}","w63060003",NULL,2,"0.00",0
762,3639,"{""c"": [], ""m"": [], ""t"": [], ""g"": [], ""d"": null}","w63060003",NULL,3,"0.00",0
764,3645,"{""c"":[1,0.29],""m"":[[0.28,4,0,4],[1.68,32,0,32]],""t"":[[0,0,0,0],[0,0,0,0]],""g"":[[0,0,0,0],[0,0,0,0]],""d"":20464}","w63060003",NULL,4,"0.00",0
765,3648,"{""c"":[1,0,0,0.28,0,0,0,1],""m"":[[7.1,79,1,80],[0,0,0,0],[0,0,0,0],[6,60,0,60],[0,0,0,0,0],[0,0,0,0,0],[0,0,0,0,0],[0,0,0,0,0]],""t"":[[0,0,0,0],[0,0,0,0],[0,0,0,0],[0,0,0,0],[0,0,0,0,0],[0,0,0,0,0],[0,0,0,0,0],[0,0,0,0,0]],""g"":[[0,0,0,0],[0,0,0,0],[0,0,0,0],[6.38,58,15,68],[0,0,0,0,0],[0,0,0,0,0],[0,0,0,0,0],[3.63,33,15,40,0.11]],""d"":20500}","w63060003",NULL,2,"0.00",0
766,3652,"{""c"":[1,0,0.14,0.29,0.57],""m"":[[8.12,92,9,100],[0,0,0,0],[3.42,38,2,40],[14.16,177,3,180],[22.48,248,53,260]],""t"":[[0,0,0,0],[0,0,0,0],[0,0,0,0],[0,0,0,0],[0,0,0,0]],""g"":[[0,0,0,0],[0,0,0,0],[0,0,0,0],[0,0,0,0],[0,0,0,0]],""d"":20484}","w63060003",NULL,2,"0.00",0
767,3653,"{""c"":[1,0.29,0,1],""m"":[[6.72,74,13,80],[9.98,111,12,120],[0,0,0,0],[13.76,172,11,180]],""t"":[[0,0,0,0],[0,0,0,0],[0,0,0,0],[0,0,0,0]],""g"":[[0,0,0,0],[0,0,0,0],[0,0,0,0],[0,0,0,0]],""d"":20473}","w63060003",NULL,2,"0.00",0
768,3655,"{""c"": [], ""m"": [], ""t"": [], ""g"": [], ""d"": null}","w63060003",NULL,4,"0.00",0
769,3656,"{""c"":[1,0,0,0,0,0.14,0.86],""m"":[[0.28,4,22,9],[0,0,0,0],[0,0,0,0],[0,0,0,0],[0,0,0,0],[0,0,0,0],[0,0,0,0]],""t"":[[0,0,0,0],[0,0,0,0],[0,0,0,0],[0,0,0,0],[0,0,0,0],[0,0.5,2,1],[0,0,0,0]],""g"":[[0,0,0,0],[0,0,0,0],[0,0,0,0],[0,0,0,0],[0,0,0,0],[0,0,0,0],[2.04,51,131,109]],""d"":20495}","w63060003",NULL,4,"0.00",0
770,3658,"{""c"":[1,0.15,0.29],""m"":[[0.39,39,2,40],[0.18,18,3,20],[0.18,18,2,20]],""t"":[[0,0,0,0],[0,0,0,0],[0,0,0,0]],""g"":[[0,0,0,0],[0,0,0,0],[0,0,0,0]],""d"":20470}","w63060003",NULL,1,"0.00",0
771,3660,"{""c"":[0,0.86],""m"":[[0,0,0,0],[0,0,0,0]],""t"":[[0,0,0,0],[0,0,0,0]],""g"":[[0,0,0,0],[0,0,0,0]],""d"":20465}","w63060203",727,3,"0.00",0
772,3663,"{""c"":[0,0.01,0.01,0,0,0,0.57],""m"":[[0,0,0,0],[0,0,0,0],[0,0,0,0],[0,0,0,0],[0,0,0,0],[0,0,0,0],[0,0,0,0]],""t"":[[0,0,0,0],[0,0,0,0],[0,0,0,0],[0,0,0,0],[0,0,0,0],[0,0,0,0],[0,0,0,0]],""g"":[[0,0,0,0],[0,0,0,0],[0,0,0,0],[0,0,0,0],[0,0,0,0],[0,0,0,0],[0,0,0,0]],""d"":20495}","w68060003",785,4,"0.00",0
773,3664,"{""c"":[0,0,0.01,0,0.01,0.86],""m"":[[0,0,0,0],[0,0,0,0],[0,0,0,0],[0,0,0,0],[0,0,0,0],[0,0,0,0]],""t"":[[0,0,0,0],[0,0,0,0],[0,0,0,0],[0,0,0,0],[0,0,0,0],[0,0,0,0]],""g"":[[0,0,0,0],[0,0,0,0],[0,0,0,0],[0,0,0,0],[0,0,0,0],[0,0,0,0]],""d"":20486}","063060083",818,4,"0.00",0
774,3188,"{""c"":[0,0,0.01,0,0.01,0.86],""m"":[[0,0,0,0],[0,0,0,0],[0,0,0,0],[0,0,0,0],[0,0,0,0],[0,0,0,0]],""t"":[[0,0,0,0],[0,0,0,0],[0,0,0,0],[0,0,0,0],[0,0,0,0],[0,0,0,0]],""g"":[[0,0,0,0],[0,0,0,0],[0,0,0,0],[0,0,0,0],[0,0,0,0],[0,0,0,0]],""d"":20486}","w63060003",818,-1,"0.00",0
775,3662,"{""c"":[0,0.01,0.01,0,0,0,0.57],""m"":[[0,0,0,0],[0,0,0,0],[0,0,0,0],[0,0,0,0],[0,0,0,0],[0,0,0,0],[0,0,0,0]],""t"":[[0,0,0,0],[0,0,0,0],[0,0,0,0],[0,0,0,0],[0,0,0,0],[0,0,0,0],[0,0,0,0]],""g"":[[0,0,0,0],[0,0,0,0],[0,0,0,0],[0,0,0,0],[0,0,0,0],[0,0,0,0],[0,0,0,0]],""d"":20495}","w63060003",785,-1,"0.00",0
777,1936,"{""c"":[0.43,1],""m"":[[3.36,12,7,15],[8.57,157,3,160]],""t"":[[0,0,0,0],[0,0,0,0]],""g"":[[0.6,15,35,28],[0,0,0,0]],""d"":20465}","w63060003",725,4,"0.00",0
780,3672,"{""c"":[0.14,0.28,0.01,0.29,0.29,0.72],""m"":[[0,0,0,0],[0,19,1,20],[0,0,0,0],[0,0,0,0],[0,0,0,0],[0,0,0,0]],""t"":[[1.44,3.25,7,5],[0,0,0,0],[0,0,0,0],[1.5,1,6,2],[0.48,0.75,5,2],[0,0,0,0]],""g"":[[0,0,0,0],[2.48,62,36,81],[0,0,0,0],[0.44,11,0,11],[0.8,20,3,22],[1.24,31,10,40]],""d"":20495}","w63060003",701,4,"0.00",0
781,3673,"{""c"":[1],""m"":[[0,0,0,0]],""t"":[[0.72,5.25,20,10]],""g"":[[0,0,0,0]],""d"":20458}","w63060003",NULL,4,"0.00",0
782,3674,"{""c"":[1],""m"":[[0,0,0,0]],""t"":[[0.36,2,15,5]],""g"":[[0,0,0,0]],""d"":20458}","w63060003",NULL,4,"0.00",0
783,3675,"{""c"":[0.14,0.29,0,0,1],""m"":[[0,0,0,0],[0,39,3,40],[0,0,0,0],[0,0,0,0],[0,19,1,20]],""t"":[[0,0,0,0],[0,0,0,0],[0,0,0,0],[0,0,0,0],[0,0,0,0]],""g"":[[2.04,51,20,62],[0,0,0,0],[0,0,0,0],[0,0,0,0],[0,0,0,0]],""d"":20493}","w63060003",NULL,4,"0.00",0
784,3676,"{""c"": [], ""m"": [], ""t"": [], ""g"": [], ""d"": null}","w63060003",NULL,4,"0.00",0
785,3677,"{""c"":[0.14,1],""m"":[[0,10,0,10],[0,0,0,0]],""t"":[[0,0,0,0],[0,0,0,0]],""g"":[[0,0,0,0],[4.2,105,31,119]],""d"":20465}","w63060003",NULL,4,"0.00",0
786,3678,"{""c"":[1],""m"":[[0,0,0,0]],""t"":[[0,0,0,0]],""g"":[[1.28,32,9,37]],""d"":20465}","w63060003",NULL,4,"0.00",0
787,3679,"{""c"":[1],""m"":[[0,0,0,0]],""t"":[[0,0,0,0]],""g"":[[1.48,37,9,45]],""d"":20465}","w63060003",NULL,4,"0.00",0
790,3682,"{""c"":[0.14,0.72],""m"":[[0,0,0,0],[0,41,0,41]],""t"":[[0.72,2,12,5],[0,0,0,0]],""g"":[[0,0,0,0],[0,5,3,6]],""d"":20469}","w63060003",NULL,4,"0.00",0
791,3683,"{""c"":[0.14,0,1],""m"":[[0,0,0,0],[0,0,0,0],[10.8,79,1,80]],""t"":[[0,4.25,3,5],[0,0,0,0],[0,0,0,0]],""g"":[[0,0,0,0],[0,0,0,0],[0,0,0,0]],""d"":20472}","w63060003",NULL,4,"0.00",0
792,3684,"{""c"":[0.14,0.28,0,0,0,1],""m"":[[0,0,0,0],[0.7,6,0,6],[0,0,0,0],[0,0,0,0],[0,0,0,0],[0,0,0,0]],""t"":[[1.44,2.5,11,5],[0,0,83,6],[0,0,0,0],[0,0,0,0],[0,0,0,0],[0,0,44,5]],""g"":[[0,0,0,0],[1.44,36,11,44],[0,0,0,0],[0,0,0,0],[0,0,0,0],[0,0,0,0]],""d"":20493}","w63060003",NULL,4,"0.00",0
793,3685,"{""c"": [], ""m"": [], ""t"": [], ""g"": [], ""d"": null}","w63060003",NULL,4,"0.00",0
794,3686,"{""c"": [], ""m"": [], ""t"": [], ""g"": [], ""d"": null}","w63060003",NULL,4,"0.00",0
795,3687,"{""c"":[1],""m"":[[0,19,1,20]],""t"":[[0,0,0,0]],""g"":[[0,0,0,0]],""d"":20480}","w63060003",NULL,4,"0.00",0
797,3689,"{""c"": [], ""m"": [], ""t"": [], ""g"": [], ""d"": null}","w63060003",NULL,4,"0.00",0
798,3690,"{""c"":[0.14,1],""m"":[[0,0,0,0],[0,0,0,0]],""t"":[[0,0,0,0],[0,0,0,0]],""g"":[[1.76,44,44,61],[1.64,41,38,51]],""d"":20472}","w63060003",NULL,4,"0.00",0
799,3691,"{""c"":[0.43,0.57,0.29,0.43,0.29,1],""m"":[[4.44,69,17,80],[11.98,155,29,175],[3.36,42,10,50],[7.04,88,14,101],[3.52,44,10,51],[6.4,80,9,85]],""t"":[[0,0,0,0],[0,0,0,0],[0,0,0,0],[0,0,0,0],[0,0,0,0],[0,0,0,0]],""g"":[[0,0,0,0],[0,0,0,0],[0,0,0,0],[0,0,0,0],[0,0,0,0],[0,0,0,0]],""d"":20494}","w63060003",NULL,2,"0.00",0
802,3694,"{""c"":[1],""m"":[[0,0,0,0]],""t"":[[1.8,2.75,9,5]],""g"":[[0,0,0,0]],""d"":20458}","w63060003",NULL,4,"0.00",0
804,3698,"{""c"":[1],""m"":[[0,0,0,0]],""t"":[[0,0,0,0]],""g"":[[1.08,57,27,73]],""d"":20465}","w63060003",NULL,4,"0.00",0
805,3699,"{""c"":[1],""m"":[[0,0,0,0]],""t"":[[0,0,0,0]],""g"":[[0.64,16,27,28]],""d"":20465}","w63060003",NULL,4,"0.00",0
806,1257,"{""c"":[0.71,0.28,0.29,0.42,0.28,1],""m"":[[0,0,0,0],[3.99,19,2,21],[123.68,974,27,1001],[7.09,109,2,111],[48.04,388,2,390],[3.2,20,0,20]],""t"":[[0.72,3,32,10],[19.52,10.25,35,14],[0,0,0,0],[0,0.25,7,2],[2.3,1,0,1],[0,0,0,0]],""g"":[[0,0,0,0],[0,0,3,1],[6.9,15,9,21],[0,0,0,0],[91.08,198,12,209],[0,0,0,0]],""d"":20493}","d72630020",810,1,"0.00",0
807,1306,"{""c"":[0.71,0.14,0.57,0.28,1],""m"":[[21.2,40,0,40],[144.74,78,2,80],[278.9,199,6,205],[0,0,0,0],[463.79,444,2,446]],""t"":[[25.11,6.25,24,10],[0,0,0,0],[2.59,0.75,1,1],[7.77,1.75,1,2],[0,0,0,0]],""g"":[[0,0,0,0],[0,0,0,0],[19.55,6,1,7],[39.95,12,4,14],[20.4,6,4,10]],""d"":20496}","v63180333",810,0,"0.00",0
809,3700,"{""c"":[0,0.29,0,0,0,0.01,0.29,0.86],""m"":[[0,0,0,0],[2.74,94,12,105],[0,0,0,0],[0,0,0,0],[0,0,0,0],[0,0,0,0],[2.58,258,25,280],[1.52,38,2,40,0.04]],""t"":[[0,0,0,0],[0,0,0,0],[0,0,0,0],[0,0,0,0],[0,0,0,0],[0,0,0,0],[0,0,0,0],[0,0,0,0,0]],""g"":[[0,0,0,0],[2.34,9,4,12],[0,0,0,0],[0,0,0,0],[0,0,0,0],[0,0,0,0],[0,0,0,0],[0,0,0,0,0]],""d"":20501}","w63060003",824,1,"0.00",0
810,3706,"{""c"":[0.14,0,0,0.57],""m"":[[2.15,35,6,40],[0,0,0,0],[0,0,0,0],[6.4,82,44,104]],""t"":[[0,0,0,0],[0,0,0,0],[0,0,0,0],[0,0,0,0]],""g"":[[0,0,0,0],[0,0,0,0],[0,0,0,0],[0,0,0,0]],""d"":20483}","w63060003",NULL,1,"0.00",0
811,3103,"{""c"":[0,0.29,0,0.14,0,0.14],""m"":[[0,0,0,0],[0.91,13,6,17],[0,0,0,0],[0,0,0,0],[0,0,0,0],[0,0,0,0]],""t"":[[0,0,0,0],[7.5,7.75,9,10],[0,0,0,0],[3.9,4.5,19,8],[0,0,0,0],[0,0,0,0]],""g"":[[0,0,0,0],[0,0,0,0],[0,0,0,0],[0,0,0,0],[0,0,0,0],[0,0,0,0]],""d"":20491}","q81082836",758,4,"0.00",0
812,3136,"{""c"":[0,0.28,0,0.15,0,0.14],""m"":[[0,0,0,0],[2.87,41,1,42],[0,0,0,0],[0,0,0,0],[0,0,0,0],[0,0,0,0]],""t"":[[0,0,0,0],[5.7,7,12,10],[0,0,0,0],[2.1,2.5,33,8],[0,0,0,0],[0,0,0,0]],""g"":[[0,0,0,0],[0,0,0,0],[0,0,0,0],[0,0,0,0],[0,0,0,0],[0,0,0,0]],""d"":20491}","w63060003",758,4,"0.00",0
813,3122,"{""c"":[0,0.43,0,0.14,0,0.42],""m"":[[0,0,0,0],[3.85,36,3,38],[0,0,0,0],[0,0,0,0],[0,0,0,0],[60.68,244,8,250]],""t"":[[0,0,0,0],[4.8,5.5,19,10],[0,0,0,0],[3.3,4,18,8],[0,0,0,0],[0,0,0,0]],""g"":[[0,0,0,0],[0,0,0,0],[0,0,0,0],[0,0,0,0],[0,0,0,0],[0,0,0,0]],""d"":20491}","r08060003",758,4,"0.00",1
814,3129,"{""c"":[0,0.28,0,0.14,0,0.14],""m"":[[0,0,0,0],[2.38,64,0,64],[0,0,0,0],[0,0,0,0],[0,0,0,0],[0,0,0,0]],""t"":[[0,0,0,0],[10.2,8.75,5,10],[0,0,0,0],[9.6,8,0,8],[0,0,0,0],[0,0,0,0]],""g"":[[0,0,0,0],[0,0,0,0],[0,0,0,0],[0,0,0,0],[0,0,0,0],[0,0,0,0]],""d"":20491}","o23064b23",758,4,"0.00",0
815,3105,"{""c"":[0,0.28,0.15,0.29,0.43,0.14],""m"":[[0,0,0,0],[1.4,27,4,30],[6.24,49,3,52],[3.24,12,0,12],[17.02,176,10,185],[0,0,0,0]],""t"":[[0,0,0,0],[3.9,5,23,10],[0.48,0.75,6,2],[3,4.5,14,8],[0,0,0,0],[0,0,0,0]],""g"":[[0,0,0,0],[0,0,0,0],[0,0,0,0],[0,0,0,0],[0,0,0,0],[0,0,0,0]],""d"":20491}","u18860083",758,4,"0.00",0
816,3130,"{""c"":[0,0.14,0,0,0,0.28],""m"":[[0,0,0,0],[0,0,0,0],[0,0,0,0],[0,0,0,0],[0,0,0,0],[0.56,8,4,11]],""t"":[[0,0,0,0],[3.9,4.25,34,10],[0,0,0,0],[0,0,0,0],[0,0,0,0],[0,0,0,0]],""g"":[[0,0,0,0],[0,0,0,0],[0,0,0,0],[0,0,0,0],[0,0,0,0],[0,0,0,0]],""d"":20491}","w63060003",758,4,"0.00",0
817,3135,"{""c"":[0,0.14,0,0.14,0,0.14],""m"":[[0,0,0,0],[0,0,0,0],[0,0,0,0],[2.66,38,1,39],[0,0,0,0],[0,0,0,0]],""t"":[[0,0,0,0],[7.5,6.75,19,10],[0,0,0,0],[0,0,0,0],[0,0,0,0],[0,0,0,0]],""g"":[[0,0,0,0],[0,0,0,0],[0,0,0,0],[0,0,0,0],[0,0,0,0],[0,0,0,0]],""d"":20491}","w63060003",758,4,"0.00",0
818,3123,"{""c"":[0,0.29,0,0.14,0,0.14],""m"":[[0,0,0,0],[1.47,21,1,22],[0,0,0,0],[0,0,0,0],[0,0,0,0],[0,0,0,0]],""t"":[[0,0,0,0],[6.9,7,12,10],[0,0,0,0],[4.2,5,12,8],[0,0,0,0],[0,0,0,0]],""g"":[[0,0,0,0],[0,0,0,0],[0,0,0,0],[0,0,0,0],[0,0,0,0],[0,0,0,0]],""d"":20491}","648742523",758,4,"0.00",0
819,3139,"{""c"":[0,0.14,0,0,0,0.28],""m"":[[0,0,0,0],[0,0,0,0],[0,0,0,0],[0,0,0,0],[0,0,0,0],[1.68,24,4,25]],""t"":[[0,0,0,0],[7.5,8.75,5,10],[0,0,0,0],[0,0,0,0],[0,0,0,0],[0,0,0,0]],""g"":[[0,0,0,0],[0,0,0,0],[0,0,0,0],[0,0,0,0],[0,0,0,0],[0,0,0,0]],""d"":20491}","o630340c3",758,4,"0.00",0
820,3106,"{""c"":[0,0.14,0.15,0.14,0,0.14],""m"":[[0,0,0,0],[0,0,0,0],[0.98,14,3,17],[0,0,0,0],[0,0,0,0],[0,0,0,0]],""t"":[[0,0,0,0],[6.9,7,12,10],[0,0,0,0],[6.3,6.5,6,8],[0,0,0,0],[0,0,0,0]],""g"":[[0,0,0,0],[0,0,0,0],[0,0,0,0],[0,0,0,0],[0,0,0,0],[0,0,0,0]],""d"":20491}","o58772033",758,4,"0.00",0
821,3147,"{""c"":[0,0.43,0,0.14,0,0.14],""m"":[[0,0,0,0],[1.96,48,2,50],[0,0,0,0],[0,0,0,0],[0,0,0,0],[0,0,0,0]],""t"":[[0,0,0,0],[6.6,6.75,16,10],[0,0,0,0],[5.1,5,15,8],[0,0,0,0],[0,0,0,0]],""g"":[[0,0,0,0],[0,0,0,0],[0,0,0,0],[0,0,0,0],[0,0,0,0],[0,0,0,0]],""d"":20491}","n58615331",758,4,"0.00",0
822,3153,"{""c"":[0,0,0.29,0,0,0.29],""m"":[[0,0,0,0],[0,0,0,0],[23.16,476,43,509],[0,0,0,0],[0,0,0,0],[0.7,10,6,15]],""t"":[[0,0,0,0],[0,0,0,0],[0,0,0,0],[0,0,0,0],[0,0,0,0],[0,0,0,0]],""g"":[[0,0,0,0],[0,0,0,0],[0,0,0,0],[0,0,0,0],[0,0,0,0],[0,0,0,0]],""d"":20491}","n63260003",758,4,"0.00",0
823,3154,"{""c"":[0,0.28,0.71,0.57,0.28,0.72],""m"":[[0,0,0,0],[3.3,30,9,38],[213.34,544,68,599],[113.16,276,30,298],[60.68,148,15,162],[39.77,97,2,99]],""t"":[[0,0,0,0],[6,5.75,22,10],[3.6,5.75,9,8],[5.4,5.75,9,8],[0,0,0,0],[15.84,24.25,15,28]],""g"":[[0,0,0,0],[0,0,0,0],[8.4,210,29,228],[8.64,216,22,230],[0,0,0,0],[0,0,0,0]],""d"":20491}","w63060003",758,4,"0.00",0
824,3155,"{""c"":[0,0.86,0.58,0.14,0,0.14],""m"":[[0,0,0,0],[8.68,89,10,98],[22.4,102,6,107],[0,0,0,0],[0,0,0,0],[0,0,0,0]],""t"":[[0,0,0,0],[17.34,19.25,27,25],[3,2,0,2],[4.5,5,12,8],[0,0,0,0],[0,0,0,0]],""g"":[[0,0,0,0],[4.88,122,27,142],[0,0,0,0],[0,0,0,0],[0,0,0,0],[0,0,0,0]],""d"":20491}","o08772123",758,4,"0.00",0
825,3156,"{""c"":[0,0.86],""m"":[[0,0,0,0],[0,0,0,0]],""t"":[[0,0,0,0],[0,0,0,0]],""g"":[[0,0,0,0],[0,0,0,0]],""d"":20458}","w63060003",NULL,-1,"0.00",0
826,3159,"{""c"":[0,0,0,0,0,0.28],""m"":[[0,0,0,0],[0,0,0,0],[0,0,0,0],[0,0,0,0],[0,0,0,0],[2.24,16,1,17]],""t"":[[0,0,0,0],[0,0,0,0],[0,0,0,0],[0,0,0,0],[0,0,0,0],[0.47,0.5,180,18]],""g"":[[0,0,0,0],[0,0,0,0],[0,0,0,0],[0,0,0,0],[0,0,0,0],[0,0,0,0]],""d"":20491}","w63060003",758,2,"0.00",0
827,3213,"{""c"":[0,0.43,0,0.14,0,0.14],""m"":[[0,0,0,0],[6.79,43,13,52],[0,0,0,0],[0,0,0,0],[0,0,0,0],[0,0,0,0]],""t"":[[0,0,0,0],[2.1,2.75,30,10],[0,0,0,0],[1.5,4,24,8],[0,0,0,0],[0,0,0,0]],""g"":[[0,0,0,0],[0,0,0,0],[0,0,0,0],[0,0,0,0],[0,0,0,0],[0,0,0,0]],""d"":20491}","w63060003",758,4,"0.00",0
828,3169,"{""c"":[0,0.28,0,0.14,0,0.14],""m"":[[0,0,0,0],[0.84,12,4,15],[0,0,0,0],[0,0,0,0],[0,0,0,0],[0,0,0,0]],""t"":[[0,0,0,0],[2.7,4,30,10],[0,0,0,0],[5.1,5.5,10,8],[0,0,0,0],[0,0,0,0]],""g"":[[0,0,0,0],[0,0,0,0],[0,0,0,0],[0,0,0,0],[0,0,0,0],[0,0,0,0]],""d"":20491}","q337727a6",758,4,"0.00",0
829,3148,"{""c"":[0,0.44,0,0,0,0.14],""m"":[[0,0,0,0],[6.32,36,1,37],[0,0,0,0],[0,0,0,0],[0,0,0,0],[0,0,0,0]],""t"":[[0,0,0,0],[4.5,6.25,35,15],[0,0,0,0],[0,0,0,0],[0,0,0,0],[0,0,0,0]],""g"":[[0,0,0,0],[0,0,0,0],[0,0,0,0],[0,0,0,0],[0,0,0,0],[0,0,0,0]],""d"":20491}","4714860a3",758,4,"0.00",0
830,3171,"{""c"":[0,0,0,0,0,0.14],""m"":[[0,0,0,0],[0,0,0,0],[0,0,0,0],[0,0,0,0],[0,0,0,0],[0,0,0,0]],""t"":[[0,0,0,0],[0,0,0,0],[0,0,0,0],[0,0,0,0],[0,0,0,0],[0,0,0,0]],""g"":[[0,0,0,0],[0,0,0,0],[0,0,0,0],[0,0,0,0],[0,0,0,0],[0,0,0,0]],""d"":20491}","w63060003",758,-1,"0.00",0
831,3172,"{""c"":[0,0,0,0,0,0.14],""m"":[[0,0,0,0],[0,0,0,0],[0,0,0,0],[0,0,0,0],[0,0,0,0],[0,0,0,0]],""t"":[[0,0,0,0],[0,0,0,0],[0,0,0,0],[0,0,0,0],[0,0,0,0],[0,0,0,0]],""g"":[[0,0,0,0],[0,0,0,0],[0,0,0,0],[0,0,0,0],[0,0,0,0],[0,0,0,0]],""d"":20491}","w63060003",758,-1,"0.00",0
832,3206,"{""c"":[0,0.14,0.14,0.14,0,0.14],""m"":[[0,0,0,0],[0,0,0,0],[4.01,53,1,54],[0,0,0,0],[0,0,0,0],[0,0,0,0]],""t"":[[0,0,0,0],[4.8,5.25,24,10],[1.2,1,14,3],[1.5,2.25,31,8],[0,0,0,0],[0,0,0,0]],""g"":[[0,0,0,0],[0,0,0,0],[0,0,0,0],[0,0,0,0],[0,0,0,0],[0,0,0,0]],""d"":20491}","p88061023",758,4,"0.00",0
833,3160,"{""c"":[0,0.71,0,0.14,0,0.14],""m"":[[0,0,0,0],[13.46,314,19,331],[0,0,0,0],[0.77,11,1,12],[0,0,0,0],[0,0,0,0]],""t"":[[0,0,0,0],[2.82,5.5,43,14],[0,0,0,0],[0.9,1.5,36,8],[0,0,0,0],[0,0,0,0]],""g"":[[0,0,0,0],[0,0,0,0],[0,0,0,0],[0,0,0,0],[0,0,0,0],[0,0,0,0]],""d"":20491}","q18862433",758,4,"0.00",0
834,3225,"{""c"":[0,0.14,0,0.14,0,0.14],""m"":[[0,0,0,0],[0,0,0,0],[0,0,0,0],[1.82,26,1,27],[0,0,0,0],[0,0,0,0]],""t"":[[0,0,0,0],[7.8,8,8,10],[0,0,0,0],[5.4,5.5,11,8],[0,0,0,0],[0,0,0,0]],""g"":[[0,0,0,0],[0,0,0,0],[0,0,0,0],[0,0,0,0],[0,0,0,0],[0,0,0,0]],""d"":20491}","n41824310",758,4,"0.00",0
835,3707,"{""c"":[0.71,0,0,1],""m"":[[0.2,20,0,20],[0,0,0,0],[0,0,0,0],[0,0,0,0]],""t"":[[0,0,0,0],[0,0,0,0],[0,0,0,0],[0,0,18,2]],""g"":[[0,0,0,0],[0,0,0,0],[0,0,0,0],[0,0,0,0]],""d"":20486}","w63060003",NULL,1,"0.00",0
836,3708,"{""c"":[0,0.29,0.14,0.14,0,0.29,0.72],""m"":[[0,0,0,0],[3.25,97,9,105],[1.26,18,2,20],[1.53,39,1,40],[0,0,0,0],[3.11,95,8,100],[1.53,39,1,40]],""t"":[[0,0,0,0],[0,0,0,0],[6.55,5,0,5],[0,0,0,0],[0,0,0,0],[5.9,6.75,13,10],[7.86,7.5,10,10]],""g"":[[0,0,0,0],[1.3,5,12,12],[0,0,0,0],[0,0,0,0],[0,0,0,0],[0,0,0,0],[2.6,10,34,24]],""d"":20496}","w63060003",824,1,"0.00",0
837,3709,"{""c"":[0,0.72,0.57,0.71,0.86,1,0.57,1],""m"":[[0,0,0,0],[32.29,448,24,465],[47.98,384,22,405],[41.78,256,14,270],[31.51,187,8,195],[17.79,198,15,210],[13.54,109,7,115,0.18],[14.04,78,2,80,0.18]],""t"":[[0,0,0,0],[0,0,0,0],[10.49,9.5,2,10],[0,0,0,0],[0,0,0,0],[29.48,26.25,15,30],[16.38,13.5,6,15],[0,0,0,0,0]],""g"":[[0,0,0,0],[2.08,8,6,12],[0,0,0,0],[37.96,146,13,158],[30.42,117,11,126],[12.48,48,2,50],[11.7,45,5,50],[0,0,0,0,0]],""d"":20500}","k45180c66",824,1,"0.00",0
838,3710,"{""c"":[1],""m"":[[0,0,0,0]],""t"":[[0,0.25,8,2]],""g"":[[0,0,0,0]],""d"":20486}","w63060003",NULL,1,"0.00",0
839,3711,"{""c"":[0,0.01,0.14,0,0.14,0.01,0.58],""m"":[[0,0,0,0],[0,0,0,0],[1.79,59,1,60],[0,0,0,0],[2.2,100,0,100],[0,0,0,0],[1.6,40,0,40]],""t"":[[0,0,0,0],[0,0,0,0],[5.24,4.5,2,5],[0,0,0,0],[0,0,0,0],[0,0,0,0],[11.79,9.5,2,10]],""g"":[[0,0,0,0],[0,0,0,0],[2.86,11,1,12],[0,0,0,0],[0,0,0,0],[0,0,0,0],[5.72,22,2,24]],""d"":20496}","w63060003",824,1,"0.00",0
840,3715,"{""c"":[1,0.72,0.43,0.29,0.86],""m"":[[2.38,14,1,15],[8.43,44,6,50],[6.64,25,7,29],[8.47,44,9,50],[0,0,0,0]],""t"":[[0,0,0,0],[3.69,8,12,11],[2.24,6,16,10],[0,0,0,0],[0,0,0,0]],""g"":[[0,0,0,0],[0,0,0,0],[0,0,0,0],[0.68,17,4,19],[0,0,0,0]],""d"":20486}","s158500c2",818,4,"0.00",0
841,3716,"{""c"":[0.57,0.28,0.29,0.15,0.86,0.72],""m"":[[15.24,519,14,533],[29.24,308,2,310],[13.88,122,5,125],[0,0,0,0],[27.08,286,11,295],[1.8,60,0,60]],""t"":[[31.44,26.5,14,30],[28.82,23,10,25],[13.1,10,9,12],[0,0,0,0],[93.03,73,12,76],[25.36,18.75,5,21,1.31]],""g"":[[0,0,0,0],[0,0,0,0],[14.82,57,2,59],[6.24,24,1,25],[27.04,104,0,104],[18.46,71,6,75,0.26]],""d"":20497}","806564a33",824,1,"0.00",0
842,3721,"{""c"":[0,0.15,0.42,0,0,0.86],""m"":[[13.65,95,0,95],[7.3,35,0,35],[21.29,203,14,211],[0,0,0,0],[0,0,0,0],[0,0,0,0]],""t"":[[0,0,0,0],[0,0,0,0],[0,0,0,0],[0,0,0,0],[0,0,0,0],[4,7.5,21,11]],""g"":[[0,0,0,0],[0,0,0,0],[0,0,0,0],[0,0,0,0],[0,0,0,0],[0.68,17,4,21]],""d"":20495}","u48770303",785,4,"0.00",0
843,3723,"{""c"":[0,0.29,0.28,0.14,0,0.86],""m"":[[4.64,48,2,50],[14.22,78,22,90],[15.38,166,29,174],[19.05,255,8,263],[0,0,0,0],[0,0,0,0]],""t"":[[0,0,0,0],[0,0,0,0],[0,0,0,0],[0,0,0,0],[0,0,0,0],[5.63,8.5,6,10]],""g"":[[0,0,0,0],[0,0,0,0],[0,0,0,0],[0,0,0,0],[0,0,0,0],[1.56,39,3,42]],""d"":20495}","p28066c23",785,4,"0.00",0
844,3725,"{""c"": [], ""m"": [], ""t"": [], ""g"": [], ""d"": null}","w63060003",NULL,2,"0.00",0
845,408,"{""c"":[0,0,0,0,0,0.86],""m"":[[0,0,0,0],[0,0,0,0],[0,0,0,0],[0,0,0,0],[0,0,0,0],[1.71,28,9,35]],""t"":[[0,0,0,0],[0,0,0,0],[0,0,0,0],[0,0,0,0],[0,0,0,0],[0,0,0,0]],""g"":[[0,0,0,0],[0,0,0,0],[0,0,0,0],[0,0,0,0],[0,0,0,0],[1,25,31,38]],""d"":20488}","o26404093",559,4,"0.00",0
846,415,"{""c"":[0,0,0,0,0,0.86],""m"":[[0,0,0,0],[0,0,0,0],[0,0,0,0],[0,0,0,0],[0,0,0,0],[6.63,33,3,35]],""t"":[[0,0,0,0],[0,0,0,0],[0,0,0,0],[0,0,0,0],[0,0,0,0],[0,0,0,0]],""g"":[[0,0,0,0],[0,0,0,0],[0,0,0,0],[0,0,0,0],[0,0,0,0],[0.68,17,18,24]],""d"":20489}","w63060003",559,4,"0.00",0
847,411,"{""c"":[0,0,0,0,0,0.86],""m"":[[0,0,0,0],[0,0,0,0],[0,0,0,0],[0,0,0,0],[0,0,0,0],[12.44,54,37,60]],""t"":[[0,0,0,0],[0,0,0,0],[0,0,0,0],[0,0,0,0],[0,0,0,0],[0,0,0,0]],""g"":[[0,0,0,0],[0,0,0,0],[0,0,0,0],[0,0,0,0],[0,0,0,0],[1.64,41,36,60]],""d"":20489}","n51250020",559,4,"0.00",0
848,426,"{""c"":[0,0.29,0,0.14,0,0.86],""m"":[[0,0,0,0],[14.67,41,4,45],[0,0,0,0],[0,0,0,0],[0,0,0,0],[12.65,55,8,60]],""t"":[[0,0,0,0],[0,0,0,0],[0,0,0,0],[3.3,3.25,8,5],[0,0,0,0],[0,0,0,0]],""g"":[[0,0,0,0],[0,0,0,0],[0,0,0,0],[0,0,0,0],[0,0,0,0],[0,0,0,0]],""d"":20488}","025034763",559,4,"0.00",0
849,409,"{""c"":[0,0,0,0,0,0.86],""m"":[[0,0,0,0],[0,0,0,0],[0,0,0,0],[0,0,0,0],[0,0,0,0],[3.66,18,29,35]],""t"":[[0,0,0,0],[0,0,0,0],[0,0,0,0],[0,0,0,0],[0,0,0,0],[0,0,0,0]],""g"":[[0,0,0,0],[0,0,0,0],[0,0,0,0],[0,0,0,0],[0,0,0,0],[1.2,30,68,61]],""d"":20489}","w63060003",559,4,"0.00",0
850,414,"{""c"":[0,0,0,0,0,0.86],""m"":[[0,0,0,0],[0,0,0,0],[0,0,0,0],[0,0,0,0],[0,0,0,0],[33.86,183,25,200]],""t"":[[0,0,0,0],[0,0,0,0],[0,0,0,0],[0,0,0,0],[0,0,0,0],[0,0,0,0]],""g"":[[0,0,0,0],[0,0,0,0],[0,0,0,0],[0,0,0,0],[0,0,0,0],[2,50,34,62]],""d"":20490}","p18776ba3",559,4,"0.00",0
851,2250,"{""c"":[0,0,0,0,0,0.58],""m"":[[0,0,0,0],[0,0,0,0],[0,0,0,0],[0,0,0,0],[0,0,0,0],[0,0,0,0]],""t"":[[0,0,0,0],[0,0,0,0],[0,0,0,0],[0,0,0,0],[0,0,0,0],[0,0,0,0]],""g"":[[0,0,0,0],[0,0,0,0],[0,0,0,0],[0,0,0,0],[0,0,0,0],[0,0,0,0]],""d"":20488}","w63060003",559,4,"0.00",0
852,1564,"{""c"":[0,0.14,0,0,0,0.58],""m"":[[0,0,0,0],[1.12,4,3,5],[0,0,0,0],[0,0,0,0],[0,0,0,0],[0,0,0,0]],""t"":[[0,0,0,0],[0,0,0,0],[0,0,0,0],[0,0,0,0],[0,0,0,0],[0,0,0,0]],""g"":[[0,0,0,0],[0,0,0,0],[0,0,0,0],[0,0,0,0],[0,0,0,0],[0.68,17,14,24]],""d"":20489}","w63060003",559,4,"0.00",0
853,1560,"{""c"":[0,0.14,0,0,0,0.86],""m"":[[0,0,0,0],[1.12,4,2,5],[0,0,0,0],[0,0,0,0],[0,0,0,0],[5.29,25,40,45]],""t"":[[0,0,0,0],[0,0,0,0],[0,0,0,0],[0,0,0,0],[0,0,0,0],[0,0,0,0]],""g"":[[0,0,0,0],[0,0,0,0],[0,0,0,0],[0,0,0,0],[0,0,0,0],[1.2,30,65,62]],""d"":20489}","q23160003",559,4,"0.00",0
854,428,"{""c"":[0,0,0,0,0,0.58],""m"":[[0,0,0,0],[0,0,0,0],[0,0,0,0],[0,0,0,0],[0,0,0,0],[0,0,0,0]],""t"":[[0,0,0,0],[0,0,0,0],[0,0,0,0],[0,0,0,0],[0,0,0,0],[0,0,0,0]],""g"":[[0,0,0,0],[0,0,0,0],[0,0,0,0],[0,0,0,0],[0,0,0,0],[0,0,0,0]],""d"":20488}","w63060003",559,-1,"0.00",0
855,410,"{""c"":[0,0.14,0,0,0,0.86],""m"":[[0,0,0,0],[1.79,8,2,10],[0,0,0,0],[0,0,0,0],[0,0,0,0],[12.42,54,7,60]],""t"":[[0,0,0,0],[0,0,0,0],[0,0,0,0],[0,0,0,0],[0,0,0,0],[0,0,0,0]],""g"":[[0,0,0,0],[0,0,0,0],[0,0,0,0],[0,0,0,0],[0,0,0,0],[1.92,48,32,62]],""d"":20489}","w63060003",559,4,"0.00",0
856,416,"{""c"":[0,0,0,0,0,0.72],""m"":[[0,0,0,0],[0,0,0,0],[0,0,0,0],[0,0,0,0],[0,0,0,0],[10.88,47,18,60]],""t"":[[0,0,0,0],[0,0,0,0],[0,0,0,0],[0,0,0,0],[0,0,0,0],[0,0,0,0]],""g"":[[0,0,0,0],[0,0,0,0],[0,0,0,0],[0,0,0,0],[0,0,0,0],[1.96,49,37,62]],""d"":20489}","w63060003",559,4,"0.00",0
857,417,"{""c"":[0,0.43,0,0.14,0.14,0.86],""m"":[[0,0,0,0],[48.86,302,7,309],[0,0,0,0],[8.1,30,0,30],[2.8,14,1,15],[27.05,108,11,118]],""t"":[[0,0,0,0],[0,0,0,0],[0,0,0,0],[0,0,0,0],[0,0,0,0],[0,0,0,0]],""g"":[[0,0,0,0],[0,0,0,0],[0,0,0,0],[0,0,0,0],[0,0,0,0],[2.12,53,16,62]],""d"":20489}","p40080a82",559,4,"0.00",0
858,418,"{""c"":[0,0,0,0,0,0.58],""m"":[[0,0,0,0],[0,0,0,0],[0,0,0,0],[0,0,0,0],[0,0,0,0],[0,0,0,0]],""t"":[[0,0,0,0],[0,0,0,0],[0,0,0,0],[0,0,0,0],[0,0,0,0],[0,0,0,0]],""g"":[[0,0,0,0],[0,0,0,0],[0,0,0,0],[0,0,0,0],[0,0,0,0],[0,0,0,0]],""d"":20488}","w63060003",559,4,"0.00",0
859,419,"{""c"":[0,0.14,0,0,0,0.86],""m"":[[0,0,0,0],[2.24,8,3,10],[0,0,0,0],[0,0,0,0],[0,0,0,0],[12.39,53,9,60]],""t"":[[0,0,0,0],[0,0,0,0],[0,0,0,0],[0,0,0,0],[0,0,0,0],[0,0,0,0]],""g"":[[0,0,0,0],[0,0,0,0],[0,0,0,0],[0,0,0,0],[0,0,0,0],[0,0,0,0]],""d"":20488}","n57349030",559,4,"0.00",0
860,420,"{""c"":[0,0,0,0,0,0.86],""m"":[[0,0,0,0],[0,0,0,0],[0,0,0,0],[0,0,0,0],[0,0,0,0],[8.87,39,37,60]],""t"":[[0,0,0,0],[0,0,0,0],[0,0,0,0],[0,0,0,0],[0,0,0,0],[0,0,0,0]],""g"":[[0,0,0,0],[0,0,0,0],[0,0,0,0],[0,0,0,0],[0,0,0,0],[1.6,40,40,62]],""d"":20489}","618480423",559,4,"0.00",0
861,421,"{""c"":[0,0.14,0,0,0,0.86],""m"":[[0,0,0,0],[1.12,4,3,5],[0,0,0,0],[0,0,0,0],[0,0,0,0],[11.57,50,15,60]],""t"":[[0,0,0,0],[0,0,0,0],[0,0,0,0],[0,0,0,0],[0,0,0,0],[0,0,0,0]],""g"":[[0,0,0,0],[0,0,0,0],[0,0,0,0],[0,0,0,0],[0,0,0,0],[0.6,15,28,24]],""d"":20489}","617140020",559,4,"0.00",0
862,422,"{""c"":[0,0.14,0.15,0,0,0.86],""m"":[[0,0,0,0],[0.84,3,2,5],[0,20,0,20],[0,0,0,0],[0,0,0,0],[12.58,55,7,60]],""t"":[[0,0,0,0],[0,0,0,0],[0,0,0,0],[0,0,0,0],[0,0,0,0],[0,0,0,0]],""g"":[[0,0,0,0],[0,0,0,0],[0,0,0,0],[0,0,0,0],[0,0,0,0],[1.96,49,16,58]],""d"":20489}","w63060003",559,4,"0.00",0
863,424,"{""c"":[0,0.14,0,0,0,0.86],""m"":[[0,0,0,0],[0,0,20,5],[0,0,0,0],[0,0,0,0],[0,0,0,0],[3.5,16,151,25]],""t"":[[0,0,0,0],[0,0,0,0],[0,0,0,0],[0,0,0,0],[0,0,0,0],[0,0,0,0]],""g"":[[0,0,0,0],[0,0,0,0],[0,0,0,0],[0,0,0,0],[0,0,0,0],[0.88,22,47,38]],""d"":20489}","w63060003",559,4,"0.00",0
864,423,"{""c"":[0,0.14,0,0,0,0.86],""m"":[[0,0,0,0],[1.68,6,10,10],[0,0,0,0],[0,0,0,0],[0,0,0,0],[6.68,24,33,40]],""t"":[[0,0,0,0],[0,0,0,0],[0,0,0,0],[0,0,0,0],[0,0,0,0],[0,0,0,0]],""g"":[[0,0,0,0],[0,0,0,0],[0,0,0,0],[0,0,0,0],[0,0,0,0],[0,0,0,0]],""d"":20488}","w63060003",559,4,"0.00",0
865,425,"{""c"":[0,0.14,0,0,0,0.58],""m"":[[0,0,0,0],[2.16,9,1,10],[0,0,0,0],[0,0,0,0],[0,0,0,0],[0,0,0,0]],""t"":[[0,0,0,0],[0,0,0,0],[0,0,0,0],[0,0,0,0],[0,0,0,0],[0,0,0,0]],""g"":[[0,0,0,0],[0,0,0,0],[0,0,0,0],[0,0,0,0],[0,0,0,0],[0,0,0,0]],""d"":20488}","w63060003",559,4,"0.00",0
866,3726,"{""c"":[1],""m"":[[0.2,20,0,20]],""t"":[[0,0,0,0]],""g"":[[0,0,0,0]],""d"":20458}","w63060003",NULL,2,"0.00",0
868,3728,"{""c"":[1],""m"":[[0.2,20,0,20]],""t"":[[0,0,0,0]],""g"":[[0,0,0,0]],""d"":20458}","w63060003",NULL,2,"0.00",0
870,3729,"{""c"":[0.71,0.43,0.57,0.57,0.57,0.86,0.86],""m"":[[4.99,115,6,121],[11.25,165,8,173],[8.28,114,7,120],[10.11,105,5,110],[12.75,147,11,158],[47.64,544,17,560,0.1],[7.02,39,1,40,0.18]],""t"":[[0,0,18,1],[0.53,0.75,14,3],[0,0,0,0],[9.11,5.75,22,11],[2.62,3.5,6,5],[1.31,2,14,5],[0,0,0,0,0]],""g"":[[16.64,64,18,77],[5.72,22,9,29],[14.56,56,13,68],[4.16,16,10,23],[22.62,87,14,101],[24.96,96,62,124,0.26],[5.46,21,1,22,0.26]],""d"":20501}","w43060023",764,1,"0.00",2
873,3730,"{""c"":[1],""m"":[[0,18,2,20]],""t"":[[0,0,0,0]],""g"":[[0,0,0,0]],""d"":20458}","w63060003",NULL,3,"0.00",0
874,3731,"{""c"": [], ""m"": [], ""t"": [], ""g"": [], ""d"": null}","w63060003",NULL,3,"0.00",0
875,3732,"{""c"":[0.14,0,1],""m"":[[0,135,6,140],[0,0,0,0],[8.17,39,1,40]],""t"":[[0,0,0,0],[0,0,0,0],[0,0,0,0]],""g"":[[0,0,0,0],[0,0,0,0],[0,0,0,0]],""d"":20472}","w63060003",NULL,3,"0.00",0
876,3733,"{""c"":[0,0.86,0.28,0.29,0.14,0.57,0.72],""m"":[[0,0,0,0],[52.04,666,16,680],[35.52,321,14,335],[5.98,43,2,45],[0.59,59,1,60],[5.94,86,4,90],[1.59,39,1,40]],""t"":[[0,0,0,0],[49.79,39,4,40],[12.45,9.75,1,10],[11.13,9.25,3,10],[0,0,0,0],[15.72,13.5,6,15],[13.1,10,0,10]],""g"":[[0,0,0,0],[2.86,11,2,12],[0,0,0,0],[0,0,0,0],[0,0,0,0],[0,0,0,0],[5.72,22,4,24]],""d"":20496}","x48031243",824,1,"0.00",0
878,3735,"{""c"": [], ""m"": [], ""t"": [], ""g"": [], ""d"": null}","w63060003",NULL,3,"0.00",0
879,3736,"{""c"":[1],""m"":[[5.85,45,10,51]],""t"":[[0,0,0,0]],""g"":[[0,0,0,0]],""d"":20493}","w63060003",NULL,3,"0.00",0
880,3737,"{""c"": [], ""m"": [], ""t"": [], ""g"": [], ""d"": null}","w63060003",NULL,3,"0.00",0
881,3738,"{""c"": [], ""m"": [], ""t"": [], ""g"": [], ""d"": null}","w63060003",NULL,3,"0.00",0
882,3739,"{""c"": [], ""m"": [], ""t"": [], ""g"": [], ""d"": null}","w63060003",NULL,3,"0.00",0
883,3741,"{""c"":[1],""m"":[[5.3,53,13,60]],""t"":[[0,0,0,0]],""g"":[[0,0,0,0]],""d"":20458}","w63060003",NULL,3,"0.00",0
885,3742,"{""c"": [], ""m"": [], ""t"": [], ""g"": [], ""d"": null}","w63060003",NULL,3,"0.00",0
889,3743,"{""c"":[1,0,0,0,0.14],""m"":[[7.87,125,15,135],[0,0,0,0],[0,0,0,0],[0,0,0,0],[0,0,0,0]],""t"":[[0,0,0,0],[0,0,0,0],[0,0,0,0],[0,0,0,0],[0,0,0,0]],""g"":[[0,0,0,0],[0,0,0,0],[0,0,0,0],[0,0,0,0],[0,0,0,0]],""d"":20491}","w63060003",NULL,2,"0.00",0
892,3745,"{""c"":[0,0.15,0.43,0.14,0.15,0.86],""m"":[[11.82,68,8,75],[94.77,351,10,360],[29.29,279,6,285],[22.14,82,5,87],[27.83,183,3,185],[4.9,98,2,100]],""t"":[[0,0,0,0],[0,0,0,0],[0,0,0,0],[0,0,0,0],[0,0,0,0],[7.22,9.75,1,10]],""g"":[[0,0,0,0],[0,0,0,0],[0,0,0,0],[0,0,0,0],[0,0,0,0],[0.84,21,0,21]],""d"":20495}","q430840a3",785,4,"0.00",0
898,3746,"{""c"":[0.15,0.43,0.43,0.29,0.86],""m"":[[3.15,15,0,15],[5.67,31,7,35],[6.36,24,5,28],[5.32,23,9,30],[0,0,0,0]],""t"":[[0.84,0.75,1,1],[3.61,5.75,1,6],[4.34,8.25,11,11],[0,0,0,0],[0,0,0,0]],""g"":[[0,0,0,0],[0,0,0,0],[0,0,0,0],[0.64,16,5,19],[0,0,0,0]],""d"":20486}","o131660a3",818,4,"0.00",0
899,3747,"{""c"":[0.57,0.57,0.29,0.15,0.86],""m"":[[2.6,13,2,15],[5.97,32,4,35],[7.88,32,5,35],[3.57,17,7,20],[0,0,0,0]],""t"":[[0,0,0,0],[10.84,23.5,48,35],[7.54,16.75,65,29],[0,0,0,0],[0,0,0,0]],""g"":[[0,0,0,0],[0,0,0,0],[0,0,0,0],[0,0,0,0],[0,0,0,0]],""d"":20486}","w13082963",818,4,"0.00",0
903,3749,"{""c"":[0,0,0.14,0.14,0.14,0,0.71],""m"":[[0,0,0,0],[0,0,0,0],[0.44,44,1,45],[0.37,37,3,40],[1.46,38,2,40],[0,0,0,0],[0,0,0,0]],""t"":[[0,0,0,0],[0,0,0,0],[0,0,0,0],[0,0,0,0],[4.58,4.25,3,5],[0,0,0,0],[0,0,0,0]],""g"":[[0,0,0,0],[0,0,0,0],[0,0,0,0],[0,0,0,0],[0,0,0,0],[0,0,0,0],[0,0,0,0]],""d"":20494}","o61162793",797,1,"0.00",0
904,1926,"{""c"":[0,0,0,0.71],""m"":[[0,0,0,0],[0,0,0,0],[0,0,0,0],[0,0,0,0]],""t"":[[0,0,0,0],[0,0,0,0],[0,0,0,0],[0,0,0,0]],""g"":[[0,0,0,0],[0,0,0,0],[0,0,0,0],[0,0,0,0]],""d"":20473}","w63060003",743,4,"0.00",0
906,3751,"{""c"":[0,0.15,0.28,0,0,0.86],""m"":[[4.48,248,4,250],[5.51,29,2,30],[11.28,155,24,175],[0,0,0,0],[0,0,0,0],[0,0,0,0]],""t"":[[0,0,0,0],[0,0,0,0],[0,0,0,0],[0,0,0,0],[0,0,0,0],[3.08,4.5,42,10]],""g"":[[0,0,0,0],[0,0,0,0],[0,0,0,0],[0,0,0,0],[0,0,0,0],[0.6,15,8,21]],""d"":20495}","p43782053",785,4,"0.00",0
907,3752,"{""c"":[0,0.43,0.57,0.01,0.86],""m"":[[0,0,0,0],[3.06,22,16,30],[7.4,29,10,36],[0,0,0,0],[0,0,0,0]],""t"":[[0,0,0,0],[0.87,3.25,22,8],[1.08,2.75,10,5],[0,0,0,0],[0,0,0,0]],""g"":[[0,0,0,0],[0,0,0,0],[0,0,0,0],[0,0,0,0],[0,0,0,0]],""d"":20486}","p830360c6",818,4,"0.00",0
910,3753,"{""c"":[0,0.86],""m"":[[0,0,0,0],[0,0,0,0]],""t"":[[0,0,0,0],[0,0,0,0]],""g"":[[0,0,0,0],[0,0,0,0]],""d"":20493}","w63060003",645,4,"0.00",0
912,3755,"{""c"":[0,0.86],""m"":[[0,0,0,0],[0,0,0,0]],""t"":[[0,0,0,0],[0,0,0,0]],""g"":[[0,0,0,0],[0,0,0,0]],""d"":20493}","w63060003",645,4,"0.00",0
914,3756,"{""c"":[0,0.86],""m"":[[0,0,0,0],[0,0,0,0]],""t"":[[0,0,0,0],[0,0,0,0]],""g"":[[0,0,0,0],[0,0,0,0]],""d"":20493}","c07470023",645,4,"1.75",0
916,3757,"{""c"":[0.15,0.43,0.43,0.29,0.86],""m"":[[6.35,139,1,140],[24.92,105,10,115],[11.77,45,7,50],[5.67,25,7,30],[0,0,0,0]],""t"":[[0,0,0,0],[7.3,15.75,21,21],[2.16,4,4,5],[0,0,0,0],[0,0,0,0]],""g"":[[0,0,0,0],[0,0,0,0],[0,0,0,0],[0.72,18,1,19],[0,0,0,0]],""d"":20486}","p81082023",818,4,"0.00",0
917,3760,"{""c"":[0,0.57,0.29,0.29,0.57,0.86],""m"":[[4.68,198,13,210],[5.16,113,9,120],[3.72,72,11,80],[0.56,56,4,60],[11.36,308,38,338],[4.85,167,15,180,0.01]],""t"":[[0,0,0,0],[16.38,14.75,22,20],[11.14,9.25,3,10],[0,0,0,0],[16.38,13.75,5,15],[12.45,9.75,1,10]],""g"":[[2.6,10,4,12],[0,0,0,0],[0,0,0,0],[0,0,0,0],[0,0,0,0],[4.42,17,7,24]],""d"":20497}","421060043",824,1,"0.00",0
920,3761,"{""c"":[0.71,0.71,0.57,0.71,0.43,0.58,1],""m"":[[43.49,288,14,301],[37.55,341,18,356],[10.07,67,3,70],[18.83,131,3,134],[18.52,131,7,137],[23.46,182,4,185,0.13],[173.86,1410,41,1449,0.12]],""t"":[[1.05,1,0,1],[5.25,5.5,2,6],[0,0,0,0],[9.82,8.25,3,9],[18.35,14.5,2,15],[5.24,4.5,2,5],[0,0,0,0,0]],""g"":[[3.12,12,0,12],[22.1,85,9,93],[53.56,206,8,213],[13,50,0,50],[14.04,54,3,57],[15.86,61,11,69,0.26],[11.7,45,6,48,0.26]],""d"":20502}","w63060003",764,1,"8.50",1
921,3762,"{""c"":[0,0.43,0.43,0.29,0.86],""m"":[[0,0,0,0],[4.24,23,18,35],[3.92,14,11,23],[5.04,22,10,30],[0,0,0,0]],""t"":[[0,0,0,0],[5.48,11.5,18,16],[2.32,5,36,10],[0,0,0,0],[0,0,0,0]],""g"":[[0,0,0,0],[0,0,0,0],[0,0,0,0],[0.68,17,2,19],[0,0,0,0]],""d"":20486}","w63060003",818,4,"0.00",0
922,3763,"{""c"": [], ""m"": [], ""t"": [], ""g"": [], ""d"": null}","w63060003",NULL,3,"0.00",0
923,3765,"{""c"":[0,0.58,0.43,0.29,0.86],""m"":[[0,0,0,0],[30.99,396,19,410],[7.88,32,3,34],[6.58,28,2,30],[0,0,0,0]],""t"":[[0,0,0,0],[5.49,11,28,17],[5.36,12.25,26,18],[0,0,0,0],[0,0,0,0]],""g"":[[0,0,0,0],[0,0,0,0],[0,0,0,0],[0.72,18,1,19],[0,0,0,0]],""d"":20486}","p21061003",818,4,"0.00",0
924,3766,"{""c"": [], ""m"": [], ""t"": [], ""g"": [], ""d"": null}","w63060003",NULL,2,"0.00",0
926,3768,"{""c"":[0,0.58,0.14,0,0.28,0.43,0.72],""m"":[[0,0,0,0],[59.57,655,119,718],[2.86,58,2,60],[0,0,0,0],[2.47,67,3,70],[15.21,117,7,122],[3.56,48,3,50]],""t"":[[0,0,0,0],[16.4,24.5,103,48],[0,0.75,19,5],[0,0,0,0],[1.97,2.75,9,5],[3.28,5.75,17,10],[4.59,5.75,17,10]],""g"":[[0,0,0,0],[18.46,71,105,127],[0,0,0,0],[0,0,0,0],[4.16,16,13,25],[5.72,22,9,27],[4.94,19,10,24]],""d"":20496}","x19563342",824,1,"0.00",0
927,3769,"{""c"":[0,0.57,0.72,0.43,0.57,0.43,0.86],""m"":[[0,0,0,0],[42.15,134,7,140],[21.61,82,10,90],[15.6,53,3,55],[23.94,70,5,73],[6.04,19,1,20],[24.53,72,4,75]],""t"":[[0,0,0,0],[3.58,4,29,9],[0.34,1,26,5],[2.4,2.75,9,5],[7.69,8.75,5,10],[5.23,7.25,11,10],[12.51,16,16,20]],""g"":[[0,0,0,0],[3.92,98,35,117],[3.8,95,49,118],[3.08,77,38,92],[2.56,64,2,66],[4.28,107,167,175],[1.8,45,40,63]],""d"":20496}","x68170023",815,4,"0.00",0
928,3770,"{""c"":[0,0.57,0.86,0.43,0.58,0.43,0.86],""m"":[[0,0,0,0],[50.49,356,9,365],[26.85,105,0,105],[16.25,55,0,55],[38.79,117,2,119],[16.94,63,8,70],[25.87,77,1,78]],""t"":[[0,0,0,0],[10.87,10.5,2,11],[6.73,5,0,5],[6,5,0,5],[6.98,7,0,7],[8.49,10,0,10],[28.62,33.5,10,36]],""g"":[[0,0,0,0],[2.2,55,0,55],[2.8,70,11,79],[3.68,92,4,96],[5.6,140,4,144],[4.48,112,17,121],[5.08,127,15,134]],""d"":20496}","w48787364",815,4,"0.00",0
929,3771,"{""c"":[0,0.57,0.57,0.43,0.57,0.58,0.86],""m"":[[0,0,0,0],[47.45,215,6,220],[23.14,88,2,90],[16.01,54,1,55],[19.17,62,1,63],[9.96,33,0,33],[27.11,99,4,102]],""t"":[[0,0,0,0],[2.09,2.25,35,9],[4.63,4.25,3,5],[4.8,4,9,5],[6.61,6.75,1,7],[12.18,15.25,3,16],[27.66,33.75,17,38]],""g"":[[0,0,0,0],[4.24,106,22,117],[6.76,169,51,206],[3.2,80,17,92],[2.96,74,4,76],[5.16,129,32,143],[3.48,87,25,104]],""d"":20496}","o54486082",815,4,"0.00",0
930,3772,"{""c"":[0,0.71,0.57,0.29,0.43,0.71,0.86],""m"":[[0,0,0,0],[279.37,2395,53,2445],[20.15,134,20,150],[26.34,88,18,104],[26.01,250,7,256],[87.96,1002,116,1045],[29.45,93,16,105]],""t"":[[0,0,0,0],[7.64,9,8,11],[0.84,1.75,15,4],[9.66,15,21,20],[6.25,10.75,5,12],[14.19,16.5,12,19],[14.67,19.25,44,27]],""g"":[[0,0,0,0],[2.24,56,6,59],[3.32,83,23,94],[3,75,41,92],[2.32,58,11,66],[4.72,118,48,148],[2.12,53,47,80]],""d"":20496}","x48360020",815,4,"0.00",1
932,3774,"{""c"":[0,0.71,0.57,0.57,0.43,0.57,0.86],""m"":[[0,0,0,0],[82.39,588,11,598],[29.34,174,9,175],[30.15,249,2,251],[28.11,96,5,99],[6.45,20,0,20],[27.57,83,1,84]],""t"":[[0,0,0,0],[11.63,8.75,1,9],[5.89,4.75,1,5],[6,5,0,5],[8.53,10.75,5,12],[12.92,15.75,1,16],[19.29,23.5,10,26]],""g"":[[0,0,0,0],[4.28,107,20,117],[4.32,108,23,118],[4.4,110,15,117],[2.6,65,1,66],[5.88,147,31,164],[3.76,94,21,107]],""d"":20496}","w63080663",815,4,"0.00",3
933,3775,"{""c"":[0,0.57,0.57,0.29,0.58,0.57,0.86],""m"":[[0,0,0,0],[49.34,236,2,238],[23.7,90,0,90],[16.25,55,0,55],[28.59,259,1,260],[6.45,20,0,20],[27.4,82,1,83]],""t"":[[0,0,0,0],[10.96,8.5,2,9],[5.89,4.75,1,5],[6,5,0,5],[6.98,7,0,7],[13.37,16,0,16],[25.68,29.25,3,30]],""g"":[[0,0,0,0],[4.6,115,5,117],[4.6,115,4,118],[3.6,90,5,92],[2.6,65,1,66],[5.56,139,7,143],[3.56,89,8,94]],""d"":20496}","p83064033",815,4,"0.00",0
934,3776,"{""c"":[0,0.57,0.57,0.29,0.43,0.57,0.86],""m"":[[0,0,0,0],[116.84,325,17,341],[22.92,87,3,90],[16.14,54,2,56],[18.6,58,4,62],[6.45,20,0,20],[22.2,64,15,76]],""t"":[[0,0,0,0],[7.5,6.5,13,9],[6.73,5,10,6],[6,5,0,5],[5.41,6,4,7],[14.36,18.25,3,19],[23.58,31.25,27,38]],""g"":[[0,0,0,0],[4.44,111,6,116],[4.04,101,21,116],[3.28,82,27,95],[2.52,63,3,66],[5.32,133,40,158],[2.56,64,12,74]],""d"":20496}","647270223",815,4,"0.00",0
935,3777,"{""c"":[0,0.57,0.57,0.43,0.43,0.43,0.86],""m"":[[0,0,0,0],[89.53,883,15,898],[23.29,89,1,90],[16.25,55,0,55],[23.11,71,2,73],[6.04,19,1,20],[26.93,79,0,79]],""t"":[[0,0,0,0],[35.39,41.75,1,42],[5.89,4.75,1,5],[5.4,4.75,1,5],[6.38,6.75,1,7],[8.49,10,0,10],[26.31,32,8,34]],""g"":[[0,0,0,0],[5.44,136,16,147],[4.32,108,12,118],[3.48,87,5,92],[2.52,63,3,66],[6.84,171,12,176],[3.44,86,14,94]],""d"":20496}","m158843b3",815,4,"0.00",0
936,3778,"{""c"":[0,0.57,0.29,0.15,0.01,0.57,0.86],""m"":[[0,0,0,0],[46.06,168,3,171],[9.55,30,0,30],[4.95,15,0,15],[0,0,0,0],[12.01,39,1,40],[24.81,73,3,76]],""t"":[[0,0,0,0],[9.31,7.5,6,9],[0.42,0.5,2,1],[1.5,1.5,2,2],[0,0,0,0],[11.18,12,4,13],[18.93,23.75,10,26]],""g"":[[0,0,0,0],[3.8,95,13,106],[0.8,20,8,24],[0.48,12,3,15],[0,0,0,0],[5.2,130,19,144],[2.36,59,15,72]],""d"":20496}","o05062763",815,4,"0.00",0
938,3780,"{""c"":[0,0.57,0.57,0.43,0.58,0.57,0.86],""m"":[[0,0,0,0],[70.37,212,8,220],[22.39,85,5,90],[14.87,50,5,55],[20.7,87,170,92],[17.63,66,4,70],[26.96,80,4,84]],""t"":[[0,0,0,0],[24.8,23.25,27,30],[0.84,2,21,5],[3.3,3.75,5,5],[5.41,6.25,3,7],[11.64,14.5,7,16],[18.63,24.5,24,30]],""g"":[[0,0,0,0],[4,100,11,106],[4.2,105,22,118],[3.36,84,10,90],[2.52,63,3,66],[4.96,124,33,143],[3.52,88,24,104]],""d"":20496}","646050a26",815,4,"0.00",0
939,3781,"{""c"":[0,0.43,0.57,0.43,0.43,0.57,0.86],""m"":[[0,0,0,0],[49.21,241,5,245],[23.7,90,0,90],[16.25,55,0,55],[19.51,63,0,63],[12.89,48,4,50],[28.02,83,2,85]],""t"":[[0,0,0,0],[11.32,9.25,3,10],[5.05,4,10,5],[6,5,0,5],[6.61,6.75,1,7],[12.47,15.5,2,16],[28.05,32.75,5,34]],""g"":[[0,0,0,0],[8.6,215,13,226],[3.2,94,1,95],[3.52,88,4,92],[2.48,62,4,66],[4.96,124,9,131],[3.92,98,23,113]],""d"":20496}","755837714",815,4,"0.00",0
940,3782,"{""c"":[0,0.57,0.71,0.43,0.43,0.86,0.86],""m"":[[0,0,0,0],[55.04,199,12,210],[29.23,101,9,110],[19.05,65,8,70],[34.53,92,7,99],[37.19,132,11,140],[22.19,67,3,69]],""t"":[[0,0,0,0],[6.19,5.75,18,9],[6.73,5,0,5],[6,5,0,5],[4.45,5.25,3,6],[22.37,24.5,2,25],[19.8,26.25,15,30]],""g"":[[0,0,0,0],[3.24,104,15,117],[4.04,101,28,118],[3.16,79,21,92],[2.6,65,10,69],[6.2,155,18,167],[2.72,68,15,79]],""d"":20496}","g16140114",815,4,"1.00",2
941,3783,"{""c"":[0,0.57,0.57,0.29,0.58,0.43,1],""m"":[[0,0,0,0],[39.42,129,1,130],[23.7,90,0,90],[16.01,54,1,55],[19.7,84,0,84],[6.45,20,0,20],[26.01,76,3,79]],""t"":[[0,0,0,0],[8.74,7,9,9],[5.89,4.75,1,5],[6,5,0,5],[6.98,7,0,7],[5.86,8.25,7,10],[16.32,19.25,19,23]],""g"":[[0,0,0,0],[4.44,111,7,117],[4.52,113,5,118],[3.36,84,13,92],[2.56,64,2,66],[4.4,110,22,121],[7.2,180,78,218]],""d"":20496}","o63066ca3",815,4,"0.00",0
942,3784,"{""c"":[0,0.57,0.72,0.43,0.72,0.86,0.72],""m"":[[0,0,0,0],[64.39,362,9,370],[24.78,97,8,105],[14.29,48,7,55],[18.01,59,5,64],[6.45,20,0,20],[62.34,167,3,170,0.41]],""t"":[[0,0,0,0],[11.02,9.75,9,12],[3.97,3.5,40,8],[4.8,4.5,2,5],[8.41,10,8,12],[18.72,21.75,15,24],[24.84,28.75,9,30]],""g"":[[0,0,0,0],[4.44,111,8,117],[4.44,111,43,131],[3.36,84,10,92],[4.32,108,6,112],[6.2,155,17,166],[3.28,82,22,94]],""d"":20499}","p630647a3",815,4,"0.00",0
943,3785,"{""c"":[0,0.57,0.57,0.43,0.57,0.57,0.86],""m"":[[0,0,0,0],[19.33,69,14,80],[14.97,58,14,70],[18.26,64,21,75],[7.76,22,8,27],[22.58,99,16,110],[23.99,73,4,75]],""t"":[[0,0,0,0],[5.11,5,4,6],[0.84,1.75,1,2],[2.76,3.25,3,4],[4.69,5,10,7],[11.99,14.75,17,19],[16.44,22.5,32,30]],""g"":[[0,0,0,0],[1.24,31,0,31],[1.8,45,11,52],[2.68,67,13,77],[1.68,42,1,43],[5.2,130,24,144],[2.6,65,26,82]],""d"":20496}","727677346",815,4,"0.00",0
944,3787,"{""c"":[0,0.57,0.57,0.43,0.43,0.58,0.86],""m"":[[0,0,0,0],[36.32,130,4,133],[23.45,89,1,90],[15.52,52,3,55],[19.91,66,4,69],[7.98,28,2,30],[24.24,70,3,73]],""t"":[[0,0,0,0],[10.88,8.5,2,9],[6.73,5,0,5],[6,5,0,5],[6.98,7,0,7],[13,15.75,1,16],[26.58,31.25,7,33]],""g"":[[0,0,0,0],[5.28,132,18,143],[4.04,101,39,118],[3.36,84,13,92],[3.4,85,3,88],[5.36,134,19,143],[4.44,111,17,120]],""d"":20496}","p437640a3",815,4,"0.00",0
945,3788,"{""c"":[0,0.57,0.57,0.43,0.58,0.58,1],""m"":[[0,0,0,0],[37.38,145,5,150],[34.62,129,1,130],[16.06,54,1,55],[26.18,87,8,94],[17.41,58,2,60],[36.54,116,2,117]],""t"":[[0,0,0,0],[11.63,8.75,1,9],[5.89,4.75,1,5],[6,5,0,5],[9.15,10,0,10],[13,15.75,1,16],[23.16,26.75,6,28]],""g"":[[0,0,0,0],[4.56,114,5,117],[4.32,108,11,118],[3.48,87,5,92],[3.52,88,3,91],[5.28,132,20,143],[4.16,104,17,116]],""d"":20496}","p650647a3",815,4,"0.00",0
946,3789,"{""c"":[0,0.71,0.57,0.57,0.72,0.71,0.57,0.86],""m"":[[0,0,0,0],[59.79,465,42,503],[19.13,349,27,369],[26.92,104,8,111],[29.11,102,11,113],[60.12,335,61,372],[34.42,106,18,121],[6.89,47,4,50,0.15]],""t"":[[0,0,0,0],[3.89,4.5,115,18],[0.42,1.5,28,5],[6.6,7,22,11],[12.56,13.5,26,18],[13.82,16.75,9,18],[12.27,15.25,11,18],[0,0,0,0,0]],""g"":[[0,0,0,0],[11.24,305,62,345],[5.76,144,210,224],[2.36,59,123,107],[8.68,217,5,222],[27.6,690,234,784],[6.6,165,184,233],[3.68,92,4,96,0.04]],""d"":20501}","o450160c6",815,4,"0.50",0
947,3790,"{""c"":[0.57,0.57,0.57,0.57,0.72,1],""m"":[[126.97,1561,23,1581],[23.7,90,0,90],[27.89,255,12,266],[27.63,254,11,262],[58.02,848,12,860],[131.39,469,15,483]],""t"":[[8.34,7,15,9],[2.52,3.5,6,5],[8.1,8.25,7,10],[4.15,5.5,6,7],[12.56,16.5,10,19],[12.36,18.25,36,26]],""g"":[[3.84,96,45,117],[5.6,140,86,184],[2.92,73,35,92],[2.52,63,5,66],[6.44,161,68,195],[1.96,49,49,72]],""d"":20496}","w68760713",815,4,"0.00",0
948,3791,"{""c"":[0,0.43,0.71,0.43,0.72,0.72,0.86],""m"":[[0,0,0,0],[35.34,124,17,140],[21.65,82,13,90],[15.32,52,3,55],[27.77,144,13,152],[6.04,19,1,20],[21.85,61,6,66]],""t"":[[0,0,0,0],[6.21,5.5,19,9],[1.68,2.25,26,5],[2.1,3,8,5],[3.72,5.25,21,10],[7.48,12.25,15,16],[11.94,16,30,23]],""g"":[[0,0,0,0],[3.76,94,40,117],[3.96,99,29,118],[3.2,80,18,92],[2.88,72,28,91],[4.6,115,60,143],[2.28,57,37,72]],""d"":20496}","p280660a3",815,4,"0.00",0
949,3792,"{""c"":[0,0.57,0.72,0.86,0.72,0.86,0.86],""m"":[[0,0,0,0],[44.75,330,10,340],[23.61,88,4,91],[66.67,179,10,189],[118.47,652,93,680],[282.94,786,22,805],[26.43,79,4,83]],""t"":[[0,0,0,0],[11.57,12.75,5,14],[8.23,6.5,2,7],[14.7,13.5,10,16],[9.15,10,0,10],[12.91,15.75,14,19],[11.82,17,24,23]],""g"":[[0,0,0,0],[4.12,103,19,114],[6.12,153,5,158],[3.76,94,18,105],[3.24,81,34,95],[5.24,131,43,156],[1.88,47,49,68]],""d"":20496}","648061343",815,4,"0.00",0
952,3795,"{""c"":[1],""m"":[[1.9,20,3,22]],""t"":[[0,0,0,0]],""g"":[[0,0,0,0]],""d"":20458}","w63060003",NULL,3,"0.00",0
953,3796,"{""c"":[0.57,0.58,0.71,0.57,0.57,0.86],""m"":[[80.04,319,25,339],[36.46,121,15,134],[30.51,87,9,96],[19.14,57,11,67],[2.07,9,1,10],[13.03,37,5,41]],""t"":[[8.62,6,0,6],[4.63,3.25,3,4],[17.85,16.5,6,18],[16.1,15.25,7,17],[13.82,17,14,19],[21.96,25.25,15,29]],""g"":[[2,50,7,57],[8.6,215,37,238],[1.56,39,1,40],[2.56,64,4,66],[2.6,65,5,70],[2.96,74,20,86]],""d"":20496}","q21086006",815,4,"0.00",0
955,3797,"{""c"":[0.57,0.57,0.43,0.57,0.57,0.86],""m"":[[52.72,179,1,180],[23.7,90,0,90],[16.25,55,0,55],[57.39,162,3,164],[6.45,20,0,20],[30.07,85,2,87]],""t"":[[11.39,8.75,1,9],[6.73,5,0,5],[6,5,0,5],[9.15,10,0,10],[13.37,16,0,16],[23.88,28.25,9,30]],""g"":[[3.44,112,9,117],[4.28,107,14,118],[3.52,88,8,92],[4.52,113,3,116],[3.6,133,16,143],[3.08,77,5,82]],""d"":20496}","o60836ca3",815,4,"0.00",0
956,3799,"{""c"":[0,0.43,0.57,0.43,0.43,0.43,0.86],""m"":[[0,0,0,0],[38.3,155,5,160],[24.93,93,0,93],[16.25,55,0,55],[21.64,71,2,73],[6.45,20,0,20],[24.9,73,4,76]],""t"":[[0,0,0,0],[12.08,10,10,12],[6.73,5,0,5],[6,5,0,5],[6.38,6.75,1,7],[8.49,10,0,10],[14.91,20,20,25]],""g"":[[0,0,0,0],[6.76,169,14,178],[3.64,91,31,107],[3.32,83,17,90],[2.44,61,9,65],[3.56,89,36,107],[2.08,52,42,77]],""d"":20496}","p730660b3",815,4,"0.00",0
957,3801,"{""c"":[0.14,0,0,0.58,0.86],""m"":[[3.2,40,0,40],[0,0,0,0],[0,0,0,0],[24.89,236,5,240],[21.95,229,11,240]],""t"":[[0,0,0,0],[0,0,0,0],[0,0,0,0],[0,0,0,0],[0,0,12,2]],""g"":[[0,0,0,0],[0,0,0,0],[0,0,0,0],[25.85,235,2,237],[22.33,203,12,210]],""d"":20489}","w63060003",530,2,"2.50",2
958,3802,"{""c"":[0,0.86],""m"":[[0,0,0,0],[0,0,0,0]],""t"":[[0,0,0,0],[0,0,0,0]],""g"":[[0,0,0,0],[0,0,0,0]],""d"":20493}","w63060703",645,4,"0.00",0
962,3805,"{""c"":[0,0.58,0,0,0,0.57],""m"":[[0,0,0,0],[18.1,95,9,102],[0,0,0,0],[0,0,0,0],[0,0,0,0],[0,0,0,0]],""t"":[[0,0,0,0],[6.37,8.75,31,15],[0,0,0,0],[0,0,0,0],[0,0,0,0],[1.5,1.75,28,5]],""g"":[[0,0,0,0],[8.32,208,142,276],[0,0,0,0],[0,0,0,0],[0,0,0,0],[0,0,0,0]],""d"":20489}","w06050922",493,4,"0.00",0
963,946,"{""c"":[1],""m"":[[4.9,98,5,100]],""t"":[[0,0,0,0]],""g"":[[0,0,0,0]],""d"":20474}","w63060003",NULL,4,"0.00",0
965,3806,"{""c"":[0,0.86],""m"":[[0,0,0,0],[0,0,0,0]],""t"":[[0,0,0,0],[0,0,0,0]],""g"":[[0,0,0,0],[0,0,0,0]],""d"":20493}","w63060003",645,4,"0.00",0
967,3807,"{""c"":[0.86],""m"":[[7.1,79,1,80]],""t"":[[0,0,0,0]],""g"":[[0,0,0,0]],""d"":20460}","w63060003",NULL,2,"0.00",0
968,3808,"{""c"":[0.57,0.57,0,0.15,0.29,0.57],""m"":[[1.6,40,0,40],[8.49,105,6,110],[0,0,0,0],[3.25,25,5,30],[4.79,43,9,50],[0,0,0,0]],""t"":[[0.53,0.75,1,1],[0.53,0.75,6,2],[0,0,0,0],[0,0,0,0],[0,0,0,0],[0,0,0,0]],""g"":[[2.34,9,4,12],[0,0,0,0],[0,0,0,0],[0,0,0,0],[4.42,17,17,30],[1.56,6,37,20]],""d"":20496}","w63060003",764,1,"0.00",0
969,3809,"{""c"":[0,0.15,0.28,0,0,0.86],""m"":[[0,0,0,0],[4.64,29,2,30],[10.76,151,26,172],[0,0,0,0],[0,0,0,0],[0,0,0,0]],""t"":[[0,0,0,0],[0,0,0,0],[0,0,0,0],[0,0,0,0],[0,0,0,0],[4.52,7,13,10]],""g"":[[0,0,0,0],[0,0,0,0],[0,0,0,0],[0,0,0,0],[0,0,0,0],[0.48,12,13,21]],""d"":20495}","763062003",785,4,"0.00",0
970,3810,"{""c"":[0,0.15,0.29,0.01,0.14,0.14],""m"":[[386.04,1385,53,1429],[12.92,38,2,40],[6.97,17,5,20],[0,0,0,0],[7.38,18,8,25],[0,0,0,0,0]],""t"":[[6.51,3.5,2,4],[0,0,0,0],[4.97,2.25,3,3],[0,0,0,0],[4.26,2,4,3],[0,0,0,0,0]],""g"":[[2.7,15,1,16],[0,0,0,0],[1.8,10,10,15],[0,0,0,0],[1.8,10,10,15],[0,0,0,0,0]],""d"":20498}","o48771c73",740,3,"0.00",0
971,3811,"{""c"":[0,0.28,0.15,0.01,0.14,0.14],""m"":[[43.5,435,5,440],[6.58,41,0,41],[9.02,98,2,100],[0,0,0,0],[9.02,22,4,25],[0,0,0,0,0]],""t"":[[2.17,1.25,3,2],[8.52,3,0,3],[0,0,0,0],[0,0,0,0],[7.1,2.75,1,3],[0,0,0,0,0]],""g"":[[2.7,15,2,16],[2.34,13,8,19],[0,0,0,0],[0,0,0,0],[1.98,11,7,15],[0,0,0,0,0]],""d"":20498}","648770923",740,3,"0.00",0
973,3812,"{""c"":[0,0,0,0.14],""m"":[[0,0,0,0],[0,0,0,0],[0,0,0,0],[2.1,39,1,40]],""t"":[[0,0,0,0],[0,0,0,0],[0,0,0,0],[0,0,0,0]],""g"":[[0,0,0,0],[0,0,0,0],[0,0,0,0],[0,0,0,0]],""d"":20478}","w63060003",NULL,2,"0.00",1
975,3813,"{""c"":[0,0,0.01,0.01,0,0.14],""m"":[[0,0,0,0],[0,0,0,0],[0,0,0,0],[0,0,0,0],[0,0,0,0],[0,0,0,0,0]],""t"":[[0,0,0,0],[0,0,0,0],[0,0,0,0],[0,0,0,0],[0,0,0,0],[0,0,0,0,0]],""g"":[[0,0,0,0],[0,0,0,0],[0,0,0,0],[0,0,0,0],[0,0,0,0],[0,0,0,0,0]],""d"":20498}","w63060003",740,3,"0.00",0
977,3814,"{""c"":[0],""m"":[[0,0,0,0]],""t"":[[0,0,0,0]],""g"":[[0,0,0,0]],""d"":20457}","w63060003",NULL,1,"0.00",0
978,3815,"{""c"":[0,0.15,0.01,0.15,0.14,0.14],""m"":[[12.09,168,2,170],[4.68,9,1,10],[0,0,0,0],[13.37,64,2,65],[0,0,0,0],[0,0,0,0,0]],""t"":[[1.08,1,4,2],[0,0,0,0],[0,0,0,0],[1.42,0.75,15,3],[0.71,0.75,12,3],[0,0,0,0,0]],""g"":[[4.32,24,5,27],[0,0,0,0],[0,0,0,0],[4.86,27,6,30],[0,0,0,0],[0,0,0,0,0]],""d"":20498}","v63060003",740,3,"0.00",0
979,3816,"{""c"":[0,0,0.15,0.01,0,0.14],""m"":[[0,0,0,0],[0,0,0,0],[15.4,40,0,40],[0,0,0,0],[0,0,0,0],[0,0,0,0,0]],""t"":[[4.34,2,25,6],[0,0,0,0],[2.84,1.75,5,3],[0,0,0,0],[0,0,0,0],[0,0,0,0,0]],""g"":[[2.7,15,9,16],[0,0,0,0],[2.16,12,5,15],[0,0,0,0],[0,0,0,0],[0,0,0,0,0]],""d"":20498}","r43060123",740,3,"0.00",0
980,3817,"{""c"":[0,0,0.15,0.3,0,0,0.86],""m"":[[10.2,50,0,50],[0,0,0,0],[6.54,44,23,60],[95.21,266,4,270],[0,0,0,0],[0,0,0,0,0],[25.42,62,18,75,0.41]],""t"":[[0,0,0,0],[0,0,0,0],[0,0,0,0],[3.96,2.5,57,12],[0,0,0,0],[0,0,0,0,0],[0,0,0,0,0]],""g"":[[0,0,0,0],[0,0,0,0],[0,0,0,0],[5.22,29,8,31],[0,0,0,0],[0,0,0,0,0],[0,0,0,0,0]],""d"":20501}","0630310c2",740,3,"0.00",0
981,3818,"{""c"":[0,0,0.15,0.01,0.14,0.14],""m"":[[0,9,1,10],[0,0,0,0],[0,0,0,0],[0,0,0,0],[9.43,23,2,25],[0,0,0,0,0]],""t"":[[2.17,1,5,2],[0,0,0,0],[0,0.5,24,3],[0,0,0,0],[0,0,20,3],[0,0,0,0,0]],""g"":[[1.26,7,18,16],[0,0,0,0],[1.62,9,12,15],[0,0,0,0],[1.8,10,13,15],[0,0,0,0,0]],""d"":20498}","w63060003",740,3,"0.00",0
982,3819,"{""c"":[0,0.15,0.15,0.15,0.43,0.28,0.86],""m"":[[15.98,92,3,95],[0,0,0,0],[0,0,0,0],[17.28,73,9,80],[17.23,48,23,65],[53.04,156,4,160,0.34],[26.18,77,3,80,0.34]],""t"":[[0,0,12,2],[0.71,0.75,10,3],[0,0,0,0],[0,0,0,0],[0,0,33,3],[0,0,0,0],[0.71,0.25,22,4,2.84]],""g"":[[3.96,22,8,27],[0,0,0,0],[8.82,49,29,61],[0,0,0,0],[1.26,7,35,15],[0,0,0,0],[1.44,8,21,17,0.18]],""d"":20502}","028066003",740,3,"0.00",0
983,3820,"{""c"":[0,0,0.01,0.01,0,0.14],""m"":[[42.44,263,26,280],[0,0,0,0],[0,0,0,0],[0,0,0,0],[0,0,0,0],[0,0,0,0,0]],""t"":[[0,2.25,51,12],[0,0,0,0],[0,0,0,0],[0,0,0,0],[0,0,0,0],[0,0,0,0,0]],""g"":[[4.14,23,9,27],[0,0,0,0],[0,0,0,0],[0,0,0,0],[0,0,0,0],[0,0,0,0,0]],""d"":20498}","x73570ba6",740,3,"0.00",0
984,1902,"{""c"":[0,0.01,0.43],""m"":[[0,0,0,0],[0,0,0,0],[3.61,76,4,80]],""t"":[[4.42,1.5,2,2],[0,0,0,0],[3.93,3.75,5,5]],""g"":[[0,0,0,0],[0,0,0,0],[0,0,0,0]],""d"":20490}","w63060983",795,1,"0.00",0
987,3822,"{""c"":[0,0.57,0.29,0.29,0.86],""m"":[[0,0,0,0],[5.13,28,16,35],[3.94,16,1,17],[3.36,16,7,20],[0,0,0,0]],""t"":[[0,0,0,0],[2.17,8.5,31,16],[3.54,8,14,11],[0,0,0,0],[0,0,0,0]],""g"":[[0,0,0,0],[0,0,0,0],[0,0,0,0],[0.64,16,7,19],[0,0,0,0]],""d"":20486}","o41066aa3",818,4,"0.00",0
989,3824,"{""c"":[0.29,0.43,0.01,0.43,0.28,0.86],""m"":[[0.2,20,0,20],[0.6,60,0,60],[0,0,0,0],[5.78,293,9,301],[4.17,69,2,70,0.06],[2.22,222,0,222,0.01]],""t"":[[0,0,0,0],[9.82,8.75,5,10],[0,0,0,0],[5.9,4.75,1,5],[0,0,0,0],[0,0,0,0,0]],""g"":[[0,0,0,0],[0,0,0,0],[0,0,0,0],[0,0,0,0],[0,0,0,0],[0,0,0,0,0]],""d"":20501}","p23061643",795,1,"0.00",2
990,3825,"{""c"":[0.29,0,0,0,0,0.86],""m"":[[0,20,0,20],[0,0,0,0],[0,0,0,0],[0,0,0,0],[0,0,0,0],[0,0,0,0]],""t"":[[0,0,0,0],[0,0,0,0],[0,0,0,0],[0,0,0,0],[0,0,0,0],[0,0,0,0]],""g"":[[0,0,0,0],[0,0,0,0],[0,0,0,0],[0,0,0,0],[0,0,0,0],[0,0,0,0]],""d"":20493}","063061043",645,4,"0.00",0
992,3826,"{""c"":[0,0.86],""m"":[[0,0,0,0],[0,0,0,0]],""t"":[[0,0,0,0],[0,0,0,0]],""g"":[[0,0,0,0],[0,0,0,0]],""d"":20493}","688764583",645,4,"0.50",0
993,3827,"{""c"":[0,0,0,0,0,0.86],""m"":[[0,0,0,0],[0,0,0,0],[0,0,0,0],[0,0,0,0],[0,0,0,0],[8.38,43,3,45]],""t"":[[0,0,0,0],[0,0,0,0],[0,0,0,0],[0,0,0,0],[0,0,0,0],[0,0,0,0]],""g"":[[0,0,0,0],[0,0,0,0],[0,0,0,0],[0,0,0,0],[0,0,0,0],[5.58,31,7,36]],""d"":20494}","061082093",727,3,"0.00",0
995,3828,"{""c"":[0,0.86],""m"":[[0,0,0,0],[0,0,0,0]],""t"":[[0,0,0,0],[0,0,0,0]],""g"":[[0,0,0,0],[0,0,0,0]],""d"":20493}","479089aa3",645,4,"0.00",0
997,3829,"{""c"":[0.72,0.28,0.14,0,0.15,0.72],""m"":[[31.93,932,40,967],[3.52,28,3,31],[1.85,16,2,18],[0,0,0,0],[1.54,11,30,15],[8.08,108,15,112]],""t"":[[11.13,9.25,3,10],[0,0,0,0],[0,0,0,0],[0,0,0,0],[0.66,1,8,3],[0,0,0,0]],""g"":[[0,0,0,0],[0,0,0,0],[0,0,0,0],[0,0,0,0],[0,0,0,0],[0,0,0,0]],""d"":20496}","j49360723",824,1,"0.00",1
998,3830,"{""c"":[1],""m"":[[8.62,98,2,100]],""t"":[[0,0,0,0]],""g"":[[0,0,0,0]],""d"":20458}","w63060003",NULL,3,"0.00",0
1000,3831,"{""c"":[0,0.57,0.43,0.29,0.86],""m"":[[0,0,0,0],[9.24,47,17,55],[6.36,277,9,283],[6.37,27,3,30],[0,0,0,0]],""t"":[[0,0,0,0],[6.35,20,25,26],[8.97,15.75,5,17],[0,0,0,0],[0,0,0,0]],""g"":[[0,0,0,0],[0,0,0,0],[0,0,0,0],[0.64,16,3,19],[0,0,0,0]],""d"":20486}","p180644a6",818,4,"0.00",0
1001,3832,"{""c"":[0.57,0,0.43],""m"":[[22.86,271,6,275],[0,0,0,0],[0.02,1,0,1]],""t"":[[0.83,1,0,1],[0,0,0,0],[0,0,0,0]],""g"":[[0,0,0,0],[0,0,0,0],[0,0,0,0]],""d"":20476}","w63060003",NULL,2,"0.00",0
1002,3833,"{""c"":[0,0.43,0.43,0,0.28,0.57],""m"":[[0,0,0,0],[100.73,603,18,621],[13.78,91,4,94],[0,0,0,0],[8.39,57,3,60],[3.99,19,2,20]],""t"":[[0,0,0,0],[0,0,0,0],[0,0,0,0],[0,0,0,0],[4.2,4.5,2,5],[0,0,0,0]],""g"":[[0,0,0,0],[0,0,0,0],[1.3,5,0,5],[0,0,0,0],[0,0,0,0],[0,0,0,0]],""d"":20489}","g48770003",762,1,"0.00",0
1003,3834,"{""c"":[0,0.86],""m"":[[0,0,0,0],[0,0,0,0]],""t"":[[0,0,0,0],[0,0,0,0]],""g"":[[0,0,0,0],[0,0,0,0]],""d"":20493}","w63060003",645,4,"0.00",0
1004,3835,"{""c"":[0.28,0.43,0.14,0,0.43],""m"":[[2.73,57,3,60],[8.39,69,1,70],[0,0,0,0],[0,0,0,0],[0,0,0,0]],""t"":[[0,0,0,0],[0,0,0,0],[5.25,5,0,5],[0,0,0,0],[0,0,0,0]],""g"":[[0,0,0,0],[1.3,5,0,5],[0,0,0,0],[0,0,0,0],[0,0,0,0]],""d"":20489}","685060073",762,1,"0.00",0
1005,3836,"{""c"":[0,0.15,0.28,0,0,0.86],""m"":[[10.15,98,2,100],[7.35,35,0,35],[17.25,235,4,239],[0,0,0,0],[0,0,0,0],[0,0,0,0]],""t"":[[0,0,0,0],[0,0,0,0],[0,0,0,0],[0,0,0,0],[0,0,0,0],[5.01,8.25,7,10]],""g"":[[0,0,0,0],[0,0,0,0],[0,0,0,0],[0,0,0,0],[0,0,0,0],[0.8,20,1,21]],""d"":20495}","p48772052",785,4,"0.00",0
1007,3839,"{""c"":[1],""m"":[[12.1,76,4,79]],""t"":[[0,0,0,0]],""g"":[[0,0,0,0]],""d"":20458}","w63060003",NULL,4,"0.00",0
1008,3841,"{""c"":[1],""m"":[[0,20,0,20]],""t"":[[0,0,0,0]],""g"":[[0,0,0,0]],""d"":20458}","w63060003",NULL,3,"0.00",0
1011,3844,"{""c"":[0,0.86],""m"":[[0,0,0,0],[0,0,0,0]],""t"":[[0,0,0,0],[0,0,0,0]],""g"":[[0,0,0,0],[0,0,0,0]],""d"":20493}","w63060003",645,4,"0.50",0
1012,3845,"{""c"": [], ""m"": [], ""t"": [], ""g"": [], ""d"": null}","w63060003",NULL,3,"0.00",0
1013,3847,"{""c"":[0.29],""m"":[[4.85,97,29,100]],""t"":[[0,0,0,0]],""g"":[[0,0,0,0]],""d"":20464}","w63060003",NULL,4,"0.00",0
1014,3848,"{""c"":[1],""m"":[[1.44,18,3,20]],""t"":[[0,0,0,0]],""g"":[[0,0,0,0]],""d"":20458}","w63060003",NULL,2,"0.00",0
1016,3849,"{""c"":[0,0.71,0.28,0.43,0.57,0.29,0.86],""m"":[[16.72,152,6,158],[29.11,329,7,336],[5.85,45,0,45],[9.07,79,1,80],[29.74,250,10,260],[10.23,91,4,95],[6.89,53,2,55,0.13]],""t"":[[1.06,1.5,2,2],[2.63,3.25,3,4],[0,0,0,0],[1.31,1,0,1],[11.79,9.25,3,10],[3.28,3.25,7,5],[0,0,0,0,0]],""g"":[[2.86,11,1,12],[0.78,3,4,5],[2.6,10,0,10],[4.94,19,6,23],[3.9,15,60,40],[1.56,6,95,39],[0,0,0,0,0]],""d"":20501}","w63060003",764,1,"0.00",0
1018,3850,"{""c"":[0,0.43,0.29,0.29,0.14,0,0.57],""m"":[[0,0,0,0],[2.4,98,2,100],[12.64,158,2,160],[11.88,56,4,60],[0,0,0,0],[0,0,0,0],[0,0,0,0]],""t"":[[0,0,0,0],[0,0,0,0],[0,0,0,0],[0,0,0,0],[0,0,0,0],[0,0,0,0],[0,0,0,0]],""g"":[[0,0,0,0],[3.06,17,15,22],[0,29,3,30],[3.42,19,2,21],[3.42,19,1,20],[0,0,0,0],[0,0,0,0]],""d"":20495}","w630600a5",784,3,"0.00",0
1019,3851,"{""c"":[0.43,0.43,0.29,0.42,0.57],""m"":[[10.08,135,5,140],[19.5,195,5,200],[8.3,83,0,83],[15.7,157,3,160],[4,40,2,42]],""t"":[[0,0,0,0],[0,0,0,0],[0,0,0,0],[0,0,0,0],[0,0,0,0]],""g"":[[22.11,201,14,213],[0,0,0,0],[17.82,162,36,180],[0,0,0,0],[6.16,56,3,57]],""d"":20489}","w63060003",NULL,2,"0.00",0
1020,3852,"{""c"":[0.57,0.57,0.43,0.57,0.14,0.72],""m"":[[1.92,78,2,80],[2.99,95,13,99],[0,0,0,0],[4.91,47,3,50],[3.9,30,0,30],[0,0,0,0]],""t"":[[1.05,1,0,1],[0.53,0.75,1,1],[0,0,0,0],[0,0,0,0],[0,0,0,0],[1.31,1,49,5]],""g"":[[3.12,12,0,12],[2.34,9,2,11],[10.4,40,12,51],[11.18,43,2,45],[4.94,19,18,30],[3.9,15,10,20]],""d"":20496}","w63060003",764,1,"0.00",0
1021,3854,"{""c"":[0,0.15,0.29,0,0,0.86],""m"":[[9.8,56,4,60],[10.53,43,2,45],[13.49,182,7,187],[0,0,0,0],[0,0,0,0],[1.32,22,2,24]],""t"":[[0,0,0,0],[0,0,0,0],[0,0,0,0],[0,0,0,0],[0,0,0,0],[5.87,8.75,5,10]],""g"":[[0,0,0,0],[0,0,0,0],[0,0,0,0],[0,0,0,0],[0,0,0,0],[0.8,20,3,21]],""d"":20495}","p24074043",785,4,"0.00",0
1022,3856,"{""c"":[0.42,0.57,0,0.14,0,1],""m"":[[16.8,210,49,241],[28.45,489,101,551],[0,0,0,0],[7.44,93,10,102],[0,0,0,0],[0.44,44,1,45]],""t"":[[0,0,0,0],[0,0,0,0],[0,0,0,0],[0,0,0,0],[0,0,0,0],[0,0,0,0]],""g"":[[0,0,0,0],[0,0,0,0],[0,0,0,0],[0,0,0,0],[0,0,0,0],[0,0,0,0]],""d"":20493}","w63060003",NULL,2,"0.00",0
1023,3857,"{""c"":[1],""m"":[[3.76,47,4,50]],""t"":[[0,0,0,0]],""g"":[[0,0,0,0]],""d"":20458}","w63060003",NULL,2,"0.00",0
1024,3858,"{""c"":[0,0.57,0.72,0.29,0.14,0.43],""m"":[[0,0,0,0],[27.4,177,9,185],[26.4,178,13,186],[17.32,58,2,60],[6.4,20,0,20],[0,0,0,0]],""t"":[[0,0,0,0],[0,0,0,0],[0,0,0,0],[5.39,6.75,13,10],[0,0,0,0],[0,0,0,0]],""g"":[[0,0,0,0],[0,0,0,0],[1.3,5,0,5],[0,0,0,0],[0,0,0,0],[0,0,0,0]],""d"":20489}","w41070986",762,1,"0.00",0
1025,3859,"{""c"":[0,0.86],""m"":[[0,0,0,0],[0,0,0,0]],""t"":[[0,0,0,0],[0,0,0,0]],""g"":[[0,0,0,0],[0,0,0,0]],""d"":20493}","467153092",645,4,"0.50",0
1026,3860,"{""c"":[0,0.86],""m"":[[0,0,0,0],[0,0,0,0]],""t"":[[0,0,0,0],[0,0,0,0]],""g"":[[0,0,0,0],[0,0,0,0]],""d"":20493}","p45072923",645,4,"0.00",0
1027,3862,"{""c"":[0,0.15,0.28,0,0,0.86],""m"":[[9.39,54,11,60],[4.2,20,0,20],[9.18,128,13,140],[0,0,0,0],[0,0,0,0],[0,0,0,0]],""t"":[[0,0,0,0],[0,0,0,0],[0,0,0,0],[0,0,0,0],[0,0,0,0],[3.71,7,12,10]],""g"":[[0,0,0,0],[0,0,0,0],[0,0,0,0],[0,0,0,0],[0,0,0,0],[0.84,21,0,21]],""d"":20495}","w63060003",785,4,"0.00",0
1029,3865,"{""c"":[0.14,0,0,0,0,0.86],""m"":[[3.84,42,31,60],[0,0,0,0],[0,0,0,0],[0,0,0,0],[0,0,0,0],[1.8,18,2,20]],""t"":[[0,0,0,0],[0,0,0,0],[0,0,0,0],[0,0,0,0],[0,0,0,0],[0,0,0,0]],""g"":[[0,0,0,0],[0,0,0,0],[0,0,0,0],[0,0,0,0],[0,0,0,0],[0,0,0,0]],""d"":20494}","w63060003",NULL,2,"0.00",0
1030,3866,"{""c"":[0.29,1],""m"":[[9.12,114,8,120],[0.18,18,17,20]],""t"":[[0,0,0,0],[0,0,0,0]],""g"":[[0,0,0,0],[0,0,0,0]],""d"":20465}","w63060003",NULL,2,"0.00",0
1031,3867,"{""c"":[0],""m"":[[0,0,0,0]],""t"":[[0,0,0,0]],""g"":[[0,0,0,0]],""d"":20492}","w63060003",NULL,4,"0.00",0
1032,3868,"{""c"":[0,0.86],""m"":[[0,0,0,0],[0,0,0,0]],""t"":[[0,0,0,0],[0,0,0,0]],""g"":[[0,0,0,0],[0,0,0,0]],""d"":20493}","x46164703",645,4,"0.00",0
1033,3870,"{""c"":[0.14,0.72,0.57,0.15,0,0.57],""m"":[[6.4,80,0,80],[233.92,2944,23,2967],[35.74,318,2,320],[12.12,106,2,108],[0,0,0,0],[0,0,0,0]],""t"":[[0,0,0,0],[0,0,0,0],[0,0,0,0],[0,0,0,0],[0,0,0,0],[0,0,0,0]],""g"":[[0,0,0,0],[0,0,0,0],[2.52,39,17,47],[0,0,0,0],[0,0,0,0],[0,0,0,0]],""d"":20495}","p83061363",784,3,"0.00",0
1035,3872,"{""c"":[1],""m"":[[0.95,39,1,40]],""t"":[[0,0,0,0]],""g"":[[0,0,0,0]],""d"":20458}","w63060003",NULL,4,"0.00",0
1037,3873,"{""c"":[1],""m"":[[2,40,0,40]],""t"":[[0,0,0,0]],""g"":[[0,0,0,0]],""d"":20458}","w63060003",NULL,3,"0.00",0
1038,3874,"{""c"":[1],""m"":[[8.2,20,0,20]],""t"":[[0,0,0,0]],""g"":[[0,0,0,0]],""d"":20482}","w63060003",NULL,3,"0.00",0
1039,2440,"{""c"": [], ""m"": [], ""t"": [], ""g"": [], ""d"": null}","w63060003",NULL,-1,"0.00",0
1042,3875,"{""c"":[0,0.58,0.57,0.15,0,0.57],""m"":[[34.88,495,11,505],[124.56,1557,21,1577],[357.19,4073,67,4133],[15.92,199,1,200],[0,0,0,0],[0,0,0,0]],""t"":[[0,0,0,0],[0,0,0,0],[0,0,0,0],[0,0,0,0],[0,0,0,0],[0,0,0,0]],""g"":[[0,0,0,0],[0,20,20,30],[2.88,16,9,21],[0,0,0,0],[0,0,0,0],[0,0,0,0]],""d"":20495}","w61150023",784,3,"0.00",0
1043,3481,"{""c"":[0,0],""m"":[[0,0,0,0],[0,0,0,0]],""t"":[[0,0,0,0],[0,0,0,0]],""g"":[[0,0,0,0],[0,0,0,0]],""d"":20464}","w63060003",NULL,1,"0.00",0
1044,3878,"{""c"":[0,0.01,0.14,0,0.15,0.86],""m"":[[9.86,56,5,60],[0,0,0,0],[4,60,0,60],[0,0,0,0],[25.21,342,8,348],[0,0,0,0]],""t"":[[0,0,0,0],[0,0,0,0],[0,0,0,0],[0,0,0,0],[0,0,0,0],[6.54,9,4,10]],""g"":[[0,0,0,0],[0,0,0,0],[0,0,0,0],[0,0,0,0],[0,0,0,0],[0.84,21,0,21]],""d"":20495}","u07340410",785,4,"0.00",0
1045,3880,"{""c"":[0,1],""m"":[[0,0,0,0],[0,0,0,0]],""t"":[[0,0,0,0],[0.42,0.5,2,1]],""g"":[[0,0,0,0],[0,0,0,0]],""d"":20493}","w63060003",645,4,"0.00",0
1046,3881,"{""c"":[0.14,0,0,0.86],""m"":[[5.95,85,5,90],[0,0,0,0],[0,0,0,0],[7.21,122,9,130]],""t"":[[0,0,0,0],[0,0,0,0],[0,0,0,0],[0,0,0,0]],""g"":[[0,0,0,0],[0,0,0,0],[0,0,0,0],[0,0,0,0]],""d"":20480}","w63060003",NULL,4,"0.00",0
1049,3884,"{""c"":[0.71],""m"":[[6.3,71,10,80]],""t"":[[0,0,0,0]],""g"":[[0,0,0,0]],""d"":20461}","w63060003",NULL,2,"0.00",0
1052,3886,"{""c"":[0,0.86],""m"":[[0,0,0,0],[0,0,0,0]],""t"":[[0,0,0,0],[0,0,0,0]],""g"":[[0,0,0,0],[0,0,0,0]],""d"":20493}","p63060003",645,4,"0.00",0
1054,3887,"{""c"":[0,0.57,0.57,0.29,0.86],""m"":[[0,0,0,0],[6.49,76,21,85],[9.5,40,6,45],[6.44,28,4,30],[0,0,0,0]],""t"":[[0,0,0,0],[1.88,8.25,58,19],[1.23,4.75,48,13],[0,0,0,0],[0,0,0,0]],""g"":[[0,0,0,0],[0,0,0,0],[0,0,0,0],[0,0,0,0],[0,0,0,0]],""d"":20486}","o73034303",818,4,"0.00",0
1055,3888,"{""c"":[0.86,0.57,0.72,0.29,0.86],""m"":[[210.8,4246,78,4320],[3.96,22,12,25],[64.04,1172,21,1190],[12.72,149,2,150],[1.68,6,1,7]],""t"":[[0,0,0,0],[1.52,4.25,80,16],[1.45,4.5,25,10],[0,0,0,0],[0,0,0,0]],""g"":[[0,0,0,0],[0,0,0,0],[0,0,0,0],[0.52,13,11,19],[0,0,0,0]],""d"":20487}","614770080",818,4,"0.00",0
1056,3890,"{""c"":[0.14,0.14,0.29,0.43,0.43,0.15,0.71],""m"":[[3.2,40,0,40],[1.9,19,1,20],[3.12,39,2,40],[48.88,626,19,640],[19.92,259,1,260],[17.6,220,0,220],[7.12,89,1,90,0.08]],""t"":[[0,0,0,0],[0,0,0,0],[0,0,0,0],[0,0,0,0],[0,0,0,0],[0,0,0,0],[0,0,0,0,0]],""g"":[[0,0,0,0],[0,0,0,0],[0,0,0,0],[0,0,0,0],[0,0,0,0],[0,0,0,0],[0,0,0,0,0]],""d"":20502}","w63060003",NULL,2,"0.00",0
1057,3891,"{""c"":[0.86,0.43,0.86],""m"":[[1.05,5,5,8],[10.92,82,0,82],[1.47,7,1,8]],""t"":[[0,0,0,0],[0,0,0,0],[0,0,0,0]],""g"":[[0,0,0,0],[0,0,0,0],[0,0,0,0]],""d"":20480}","w63060003",NULL,1,"0.00",0
1058,3892,"{""c"":[0,0.86],""m"":[[0,0,0,0],[0,0,0,0]],""t"":[[0,0,0,0],[0,0,0,0]],""g"":[[0,0,0,0],[0,0,0,0]],""d"":20493}","w63060003",645,4,"0.00",0
1060,3894,"{""c"": [], ""m"": [], ""t"": [], ""g"": [], ""d"": null}","w63060003",NULL,3,"0.00",0
1061,3895,"{""c"":[0,0.43,0.14,0,0,0.86],""m"":[[10.06,133,2,135],[10.92,84,7,89],[0,0,0,0],[0,0,0,0],[0,0,0,0],[0.79,79,1,80]],""t"":[[0,0,0,0],[0,0,0,0],[4.2,4.5,2,5],[0,0,0,0],[0,0,0,0],[0,0,0,0]],""g"":[[0,0,0,0],[1.3,5,0,5],[0,0,0,0],[0,0,0,0],[0,0,0,0],[0,0,0,0]],""d"":20494}","q63066c03",762,1,"0.00",1
1062,3897,"{""c"":[0.14,1],""m"":[[1.28,16,14,20],[2.8,55,10,63]],""t"":[[0,0,0,0],[0,0,0,0]],""g"":[[0,0,0,0],[0,0,0,0]],""d"":20465}","w63060003",NULL,3,"0.00",0
1063,3898,"{""c"":[0.57,1,0.71,0.29,0.86],""m"":[[15.92,348,2,350],[168.17,3150,23,3172],[87.18,1536,11,1547],[7.72,49,2,51],[0,0,0,0]],""t"":[[5.04,8.25,16,12],[7.58,13.75,20,17],[1.8,3.25,7,5],[0,0,0,0],[0,0,0,0]],""g"":[[0,0,0,0],[0,0,0,0],[0,0,0,0],[0,0,0,0],[0,0,0,0]],""d"":20486}","h62375023",818,4,"0.00",0
1064,3900,"{""c"":[0.14,0,0.14,0.28,0.43],""m"":[[1.44,36,4,40],[0,0,0,0],[4.8,72,13,80],[3.28,64,1,65],[1.26,18,2,20]],""t"":[[0,0,0,0],[0,0,0,0],[0,0,0,0],[0,0,0,0],[0,0,0,0]],""g"":[[0,0,0,0],[0,0,0,0],[0,0,0,0],[0,0,0,0],[0,0,0,0]],""d"":20490}","w63060003",NULL,1,"0.00",0
1065,3901,"{""c"":[0.86],""m"":[[1.5,70,0,70]],""t"":[[0,0,0,0]],""g"":[[0,0,0,0]],""d"":20460}","w63060003",NULL,4,"0.00",0
1066,3903,"{""c"":[0,0.01,0.14,0,0,0.86],""m"":[[0,0,0,0],[0,0,0,0],[4.97,71,1,72],[0,0,0,0],[0,0,0,0],[0,0,0,0]],""t"":[[0,0,0,0],[0,0,0,0],[0,0,0,0],[0,0,0,0],[0,0,0,0],[3.56,6.5,18,10]],""g"":[[0,0,0,0],[0,0,0,0],[0,0,0,0],[0,0,0,0],[0,0,0,0],[0.84,21,2,23]],""d"":20495}","w63060003",785,4,"0.00",0
1067,3905,"{""c"":[0,0.28,0,0.14,0.29,0.72],""m"":[[3.85,193,9,201],[7.99,77,4,80],[0,0,0,0],[0.38,38,2,40],[2.98,58,2,60],[1.6,40,0,40]],""t"":[[0,0,0,0],[6.55,5,0,5],[0,0,0,0],[0,0,0,0],[17.68,14.25,3,15],[13.1,10,0,10]],""g"":[[3.12,12,0,12],[0,0,0,0],[0,0,0,0],[0,0,0,0],[0,0,0,0],[5.98,23,1,24]],""d"":20496}","473165a83",824,1,"0.00",0
1068,3906,"{""c"":[0,0.15,0.14,0,0,0.57],""m"":[[9.8,56,7,60],[9.96,83,4,87],[2.46,38,2,40],[0,0,0,0],[0,0,0,0],[0,0,0,0]],""t"":[[0,0,0,0],[0,0,0,0],[0,0,0,0],[0,0,0,0],[0,0,0,0],[0,0,0,0]],""g"":[[0,0,0,0],[0,0,0,0],[0,0,0,0],[0,0,0,0],[0,0,0,0],[0,0,0,0]],""d"":20495}","p48074b22",785,4,"0.00",0
1069,3909,"{""c"":[0,0.86,0.29,0,0,0.57],""m"":[[26.96,289,10,298],[42.24,449,6,455],[1.6,20,0,20],[0,0,0,0],[0,0,0,0],[0,0,0,0]],""t"":[[0,0,0,0],[0,0,0,0],[0,0,0,0],[0,0,0,0],[0,0,0,0],[0,0,0,0]],""g"":[[0,0,0,0],[0,22,22,30],[2.7,15,17,21],[0,0,0,0],[0,0,0,0],[0,0,0,0]],""d"":20495}","641062633",784,3,"0.00",0
1070,3910,"{""c"":[0,0.71,0.15,0.43,0.29,0.72],""m"":[[1.68,60,2,62],[6.8,124,7,130],[0,0,0,0],[5.03,47,3,50],[3.64,28,2,30],[0,0,0,0]],""t"":[[0,0,6,1],[0,1,4,2],[0,0,0,0],[0,0,0,0],[2.62,2,20,5],[0.66,1.5,16,5]],""g"":[[1.82,7,10,12],[1.56,6,7,11],[0.26,1,9,5],[2.6,10,31,23],[5.72,22,18,30],[3.9,15,15,20]],""d"":20496}","w63060003",764,1,"0.00",0
1071,3913,"{""c"":[0,0.86],""m"":[[0,0,0,0],[0,0,0,0]],""t"":[[0,0,0,0],[0,0,0,0]],""g"":[[0,0,0,0],[0,0,0,0]],""d"":20493}","w63060003",645,4,"0.00",0
1073,3914,"{""c"":[0,0.57,0.43,0.15,0.86],""m"":[[0,0,0,0],[6.09,33,2,35],[8.25,33,1,34],[7,30,0,30],[3.36,12,0,12]],""t"":[[0,0,0,0],[0.87,4.25,56,16],[2.75,7.5,21,12],[0,0,0,0],[0,0,0,0]],""g"":[[0,0,0,0],[0,0,0,0],[0,0,0,0],[0.72,18,1,19],[0,0,0,0]],""d"":20487}","614070980",818,4,"0.00",0
1074,3916,"{""c"":[0,0.43,0,0.29,0.29,0.72],""m"":[[0,0,0,0],[4.16,68,12,80],[0,0,0,0],[1.98,29,9,35],[11.87,85,6,90],[0,0,0,0]],""t"":[[0.53,0.75,1,1],[0,0.5,25,2],[0,0,0,0],[0,0,0,0],[2.62,2.5,2,3],[0,0,35,5]],""g"":[[1.3,5,9,12],[0,0,0,0],[0,0,0,0],[0,0,0,0],[7.8,30,9,36],[1.82,7,30,20]],""d"":20496}","w63060003",764,1,"0.00",0
1075,3917,"{""c"":[0,0,0.72],""m"":[[0,0,0,0],[0,0,0,0],[0,0,0,0]],""t"":[[0,0,0,0],[0,0,0,0],[0,0,0,0]],""g"":[[0,0,0,0],[0,0,0,0],[0,0,0,0]],""d"":20473}","w63060003",691,3,"0.00",0
1078,3922,"{""c"":[0,0.71,0.29,0.43,0.29,0.72],""m"":[[0,0,0,0],[7.19,85,5,89],[0,0,0,0],[3.98,38,13,50],[6.76,52,10,60],[0,0,0,0]],""t"":[[0,0,29,1],[3.69,6.25,30,13],[0,0,0,0],[0,0,0,0],[3.93,3,0,3],[3.28,3.5,6,5]],""g"":[[0,0,0,0],[0.78,3,6,5],[4.42,17,14,25],[4.42,17,14,23],[4.42,17,42,36],[2.86,11,20,20]],""d"":20496}","w63060003",764,1,"0.00",0
1079,3923,"{""c"":[1,0.29,0.15,0.43,0.58],""m"":[[27.12,66,8,70],[60.84,713,23,733],[75.19,370,6,376],[185.92,820,22,840],[15.56,77,3,80,0.08]],""t"":[[0,0,0,0],[0,0,0,0],[0,0,0,0],[0,0,0,0],[0,0,0,0]],""g"":[[0,0,0,0],[0,0,0,0],[3.06,17,8,21],[0,0,0,0],[0,0,0,0]],""d"":20497}","v45561103",784,3,"0.00",0
1082,992,"{""c"": [], ""m"": [], ""t"": [], ""g"": [], ""d"": null}","w63060003",NULL,4,"0.00",0
1084,3932,"{""c"":[0,0.42,0.44,0,0.43],""m"":[[0,0,0,0],[16.8,163,2,165],[65.76,159,13,170],[0,0,0,0],[0,19,2,20]],""t"":[[0,0,0,0],[2.84,1,43,6],[0,0,0,0],[0,0,0,0],[0,0,0,0]],""g"":[[0,0,0,0],[0,0,0,0],[0,0,0,0],[0,0,0,0],[0,0,0,0]],""d"":20490}","663063003",691,3,"0.00",0
1085,3933,"{""c"":[0,0.14,0,0,0,0.28,0.86],""m"":[[0,0,0,0],[1.3,10,9,15],[0,0,0,0],[0,0,0,0],[0,0,0,0],[5.07,39,11,45,0.13],[0,0,0,0,0]],""t"":[[0,0,0,0],[0,0,0,0],[0,0,0,0],[0,0,0,0],[0,0,0,0],[0,0,0,0],[0,0,0,0,0]],""g"":[[3.42,19,37,32],[0,0,0,0],[0,0,0,0],[0,0,0,0],[0,0,0,0],[0,0,0,0],[0,0,0,0,0]],""d"":20500}","s63562063",746,3,"0.00",0
1086,3934,"{""c"":[0,0.14,0.72],""m"":[[0,0,0,0],[4.16,8,2,10],[22.16,93,2,95]],""t"":[[0,0,0,0],[0,0,0,0],[0,0,0,0]],""g"":[[0,0,0,0],[0,0,0,0],[0,0,0,0]],""d"":20474}","w63060003",691,3,"0.00",0
1087,3936,"{""c"":[0,0,0,0.14,0.57],""m"":[[6.18,56,4,60],[0,0,0,0],[0,0,0,0],[0,0,0,0],[0,0,0,0]],""t"":[[1.08,3.25,7,5],[0,0,0,0],[0,0,0,0],[2.95,3.25,7,5],[3.36,5.75,21,10]],""g"":[[7.44,186,40,208],[0,0,0,0],[0,0,0,0],[0,0,0,0],[0,0,0,0]],""d"":20489}","954630026",493,4,"0.00",0
1088,3937,"{""c"":[0,0,0,0,0.43],""m"":[[0,0,0,0],[0,0,0,0],[0,0,0,0],[0,0,0,0],[0,0,0,0]],""t"":[[0.3,3.75,149,19],[0,0,0,0],[0,0,0,0],[0,0,0,0],[0,0,0,0]],""g"":[[1.24,31,17,39],[0,0,0,0],[0,0,0,0],[0,0,0,0],[0,0,0,0]],""d"":20489}","w13470984",493,4,"0.00",0
1089,3938,"{""c"":[0.72,0.86,1,0.29,0.57],""m"":[[194.81,738,14,752],[108.74,436,5,441],[506.27,1901,38,1937],[82.6,295,7,300],[27.72,99,1,100]],""t"":[[0,0,0,0],[0,0,0,0],[7.35,8.25,16,12],[0,0,0,0],[0,0,0,0]],""g"":[[0,0,0,0],[1.3,5,0,5],[0,0,0,0],[0,0,0,0],[0,0,0,0]],""d"":20489}","g65060033",762,1,"0.00",0
1090,3939,"{""c"": [], ""m"": [], ""t"": [], ""g"": [], ""d"": null}","w63060003",NULL,4,"0.00",0
1092,3941,"{""c"":[0.43],""m"":[[4.24,53,9,60]],""t"":[[0,0,0,0]],""g"":[[0,0,0,0]],""d"":20464}","w63060003",NULL,2,"0.00",0
1093,3944,"{""c"":[1],""m"":[[7.53,57,3,60]],""t"":[[0,0,0,0]],""g"":[[0,0,0,0]],""d"":20459}","w63060003",NULL,5,"0.00",0
1094,3945,"{""c"":[1],""m"":[[3.64,56,6,61]],""t"":[[0,0,0,0]],""g"":[[0,0,0,0]],""d"":20459}","w63060003",NULL,5,"0.00",0
1095,3946,"{""c"":[0.86,0.28,0.71],""m"":[[2.8,371,16,384],[16.64,41,11,50],[10.57,25,7,30]],""t"":[[0,0,0,0],[0,0,0,0],[0,0,0,0]],""g"":[[0,0,0,0],[0,0,0,0],[0,0,0,0]],""d"":20475}","w63060003",576,3,"0.00",0
1096,3947,"{""c"":[1],""m"":[[3.51,27,3,30]],""t"":[[0,0,0,0]],""g"":[[0,0,0,0]],""d"":20459}","w63060003",NULL,5,"0.00",0
1097,3948,"{""c"":[1],""m"":[[11.57,124,1,125]],""t"":[[0,0,0,0]],""g"":[[0,0,0,0]],""d"":20459}","w63060003",NULL,5,"0.00",0
1098,3949,"{""c"":[1],""m"":[[4.39,99,9,106]],""t"":[[0,0,0,0]],""g"":[[0,0,0,0]],""d"":20459}","w63060003",NULL,5,"0.00",0
1099,3950,"{""c"":[1],""m"":[[3.9,102,1,103]],""t"":[[0,0,0,0]],""g"":[[0,0,0,0]],""d"":20459}","w63060003",NULL,5,"0.00",0
1100,3951,"{""c"":[1],""m"":[[7.58,88,2,90]],""t"":[[0,0,0,0]],""g"":[[0,0,0,0]],""d"":20459}","w63060003",NULL,5,"0.00",0
1101,3952,"{""c"":[1],""m"":[[3.77,29,1,30]],""t"":[[0,0,0,0]],""g"":[[0,0,0,0]],""d"":20459}","w63060003",NULL,5,"0.00",0
1102,3953,"{""c"":[1],""m"":[[3.51,27,4,30]],""t"":[[0,0,0,0]],""g"":[[0,0,0,0]],""d"":20459}","w63060003",NULL,5,"0.00",0
1103,3954,"{""c"": [], ""m"": [], ""t"": [], ""g"": [], ""d"": null}","w63060003",NULL,5,"0.00",0
1104,3955,"{""c"":[1],""m"":[[3.12,24,17,30]],""t"":[[0,0,0,0]],""g"":[[0,0,0,0]],""d"":20459}","w63060003",NULL,5,"0.00",0
1105,3956,"{""c"":[1],""m"":[[3.9,50,0,50]],""t"":[[0,0,0,0]],""g"":[[0,0,0,0]],""d"":20459}","w63060003",NULL,5,"0.00",0
1106,3957,"{""c"": [], ""m"": [], ""t"": [], ""g"": [], ""d"": null}","w63060003",NULL,5,"0.00",0
1107,3958,"{""c"": [], ""m"": [], ""t"": [], ""g"": [], ""d"": null}","w63060003",NULL,5,"0.00",0
1109,3960,"{""c"": [], ""m"": [], ""t"": [], ""g"": [], ""d"": null}","w63060003",NULL,5,"0.00",0
1110,3961,"{""c"": [], ""m"": [], ""t"": [], ""g"": [], ""d"": null}","w63060003",NULL,5,"0.00",0
1111,3962,"{""c"":[0.28,0.3,0.43,0,0,0.57],""m"":[[0,20,0,20],[5.68,71,17,83],[17.2,123,13,134],[0,0,0,0],[0,0,0,0],[0,0,0,0]],""t"":[[0,0,0,0],[0,0,0,0],[0,0,0,0],[0,0,0,0],[0,0,0,0],[0,0,0,0]],""g"":[[0,0,0,0],[0,0,0,0],[0,24,5,26],[0,0,0,0],[0,0,0,0],[0,0,0,0]],""d"":20495}","643069b33",784,3,"0.00",0
1112,3964,"{""c"":[0,0.14,0.71],""m"":[[7.48,72,0,72],[6.8,20,0,20],[8.24,94,0,94]],""t"":[[0,0.5,61,7],[0,0,0,0],[0,0,0,0]],""g"":[[0,0,0,0],[0,0,0,0],[0,0,0,0]],""d"":20474}","w63060003",576,3,"0.00",0
1113,1267,"{""c"":[0.29,0,0,0,0,0.86],""m"":[[0,0,0,0],[0,0,0,0],[0,0,0,0],[0,0,0,0],[0,0,0,0],[2.52,16,8,20]],""t"":[[0,0,0,0],[0,0,0,0],[0,0,0,0],[0,0,0,0],[0,0,0,0],[0,0,38,3]],""g"":[[0,23,23,31],[0,0,0,0],[0,0,0,0],[0,0,0,0],[0,0,0,0],[0,0,0,0]],""d"":20495}","w63060003",810,4,"0.00",0
1114,1256,"{""c"":[0.29,0.42,0.14,0.86],""m"":[[0,0,0,0],[3.57,17,4,20],[0,0,0,0],[2.8,20,0,20]],""t"":[[1.8,2.75,11,5],[5.85,12.25,22,17],[0,0,0,0],[1.8,3.5,6,5]],""g"":[[0,0,0,0],[0,0,0,0],[1.56,39,15,48],[4.52,113,17,122]],""d"":20482}","o81062723",810,4,"0.00",0
1117,1311,"{""c"":[0.43,0,0.28,0.14,0.86],""m"":[[3.15,15,8,20],[0,0,0,0],[3.78,27,5,30],[2.43,9,1,10],[11.2,80,0,80]],""t"":[[0,0,0,0],[0,0,0,0],[0.6,0.75,21,3],[0,0,0,0],[0,0,0,0]],""g"":[[0,0,0,0],[0,0,0,0],[1.36,34,24,46],[0,0,0,0],[0,0,0,0]],""d"":20494}","p33482783",810,4,"0.00",0
1119,1266,"{""c"":[0.57,0,0.14,0,0.86],""m"":[[0,0,0,0],[0,0,0,0],[1.4,20,0,20],[0,0,0,0],[9.05,28,2,30]],""t"":[[0.58,1.25,13,3],[0,0,0,0],[0,0,0,0],[0,0,0,0],[0,0,0,0]],""g"":[[0,0,0,0],[0,0,0,0],[0.72,18,3,21],[0,0,0,0],[0,0,0,0]],""d"":20494}","040076003",810,4,"0.00",0
1121,3968,"{""c"":[0,0.86],""m"":[[0,0,0,0],[0,0,0,0]],""t"":[[0,0,0,0],[0,0,0,0]],""g"":[[0,0,0,0],[0,0,0,0]],""d"":20493}","w63060003",645,4,"0.00",0
1122,3969,"{""c"":[0,0.14,0,0,0,0.28,0.86],""m"":[[0,0,0,0],[1.69,13,3,15],[0,0,0,0],[0,0,0,0],[0,0,0,0],[4.68,36,13,45,0.13],[0,0,0,0,0]],""t"":[[0,0,0,0],[0,0,0,0],[0,0,0,0],[0,0,0,0],[0,0,0,0],[0,0,0,0],[0,0,0,0,0]],""g"":[[4.5,25,13,32],[0,0,0,0],[0,0,0,0],[0,0,0,0],[0,0,0,0],[0,108,3,110,0],[0,0,0,0,0]],""d"":20500}","e68160026",746,3,"0.00",0
1123,3970,"{""c"":[0,0.14,0,0,0,0.14,0.86],""m"":[[0,0,0,0],[1.3,10,11,15],[0,0,0,0],[0,0,0,0],[0,0,0,0],[2.6,20,0,20,0.13],[0,0,0,0,0]],""t"":[[0,0,0,0],[0,0,0,0],[0,0,0,0],[0,0,0,0],[0,0,0,0],[0,0,0,0],[0,0,0,0,0]],""g"":[[3.06,17,36,32],[0,0,0,0],[0,0,0,0],[0,0,0,0],[0,0,0,0],[0,0,0,0],[0,0,0,0,0]],""d"":20500}","x57738a85",746,3,"0.00",0
1124,3971,"{""c"":[0,0,0,0,0,0.14,0.86],""m"":[[0,0,0,0],[0,0,0,0],[0,0,0,0],[0,0,0,0],[0,0,0,0],[2.6,20,0,20,0.13],[0,0,0,0,0]],""t"":[[0,0,0,0],[0,0,0,0],[0,0,0,0],[0,0,0,0],[0,0,0,0],[0,0,0,0],[0,0,0,0,0]],""g"":[[4.14,23,20,32],[0,0,0,0],[0,0,0,0],[0,0,0,0],[0,0,0,0],[0,0,0,0],[0,0,0,0,0]],""d"":20500}","l63060966",746,3,"0.00",0
1125,3972,"{""c"":[0,0.14,0,0,0,0.28,0.86],""m"":[[0,0,0,0],[1.69,13,3,15],[0,0,0,0],[0,0,0,0],[0,0,0,0],[5.33,41,6,45,0.13],[0,0,0,0,0]],""t"":[[0,0,0,0],[0,0,0,0],[0,0,0,0],[0,0,0,0],[0,0,0,0],[0,0,0,0],[0,0,0,0,0]],""g"":[[4.32,24,24,32],[0,0,0,0],[0,0,0,0],[0,0,0,0],[0,0,0,0],[0,108,2,110,0],[0,0,0,0,0]],""d"":20500}","q03160022",746,3,"0.00",0
1126,3974,"{""c"":[0,0,0,0,0,0.14,0.86],""m"":[[0,0,0,0],[0,0,0,0],[0,0,0,0],[0,0,0,0],[0,0,0,0],[2.6,20,7,25,0.13],[6.24,48,2,50,0.13]],""t"":[[0,0,0,0],[0,0,0,0],[0,0,0,0],[0,0,0,0],[0,0,0,0],[0,0,0,0],[0,0,0,0,0]],""g"":[[2.88,16,12,21],[0,0,0,0],[0,0,0,0],[0,0,0,0],[0,0,0,0],[0,98,16,110,0],[0,0,0,0,0]],""d"":20501}","063063003",746,3,"0.00",0
1127,3975,"{""c"":[1],""m"":[[0.28,1,0,1]],""t"":[[0,0,0,0]],""g"":[[0,0,0,0]],""d"":20494}","w63060003",NULL,4,"0.00",0
1129,3977,"{""c"": [], ""m"": [], ""t"": [], ""g"": [], ""d"": null}","w63060003",NULL,3,"0.00",0
1130,3978,"{""c"":[0.29,0.15,0.86],""m"":[[8.32,16,6,20],[0,1,0,1],[11,20,0,20]],""t"":[[0,0,0,0],[0,0,0,0],[0,0,0,0]],""g"":[[0,0,0,0],[0,0,0,0],[0,0,0,0]],""d"":20480}","w63060003",NULL,3,"0.00",0
1131,3979,"{""c"":[0.57,0,0,0.86],""m"":[[1.6,20,0,20],[0,0,0,0],[0,0,0,0],[14.94,18,3,20]],""t"":[[0,0,0,0],[0,0,0,0],[0,0,0,0],[0,0,0,0]],""g"":[[0,0,0,0],[0,0,0,0],[0,0,0,0],[0,0,0,0]],""d"":20480}","w63060003",NULL,3,"0.00",0
1132,3980,"{""c"":[1],""m"":[[3.15,7,3,10]],""t"":[[0,0,0,0]],""g"":[[0,0,0,0]],""d"":20482}","w63060003",NULL,3,"0.00",0
1133,3981,"{""c"":[0,0.58,0.57,0.57,0.71,0.86],""m"":[[37.12,188,16,200],[19.71,77,15,90],[14.23,47,8,55],[30.55,93,10,102],[11.64,38,2,40],[25.04,76,5,79]],""t"":[[4.61,4.75,23,9],[1.01,2.25,15,5],[5.33,5.75,21,10],[6.79,8.5,6,10],[10.33,14.25,19,19],[13.8,16.75,17,21]],""g"":[[3.88,97,26,114],[5.44,136,25,154],[3.2,80,23,92],[3.48,87,6,91],[6.08,152,24,166],[1.92,48,21,63]],""d"":20496}","w63060003",815,4,"0.00",0
1134,3982,"{""c"": [], ""m"": [], ""t"": [], ""g"": [], ""d"": null}","w63060003",NULL,3,"0.00",0
1135,3983,"{""c"": [], ""m"": [], ""t"": [], ""g"": [], ""d"": null}","w63060003",NULL,4,"0.00",0
1137,3985,"{""c"":[1],""m"":[[4.92,12,14,20]],""t"":[[0,0,0,0]],""g"":[[0,0,0,0]],""d"":20473}","w63060003",NULL,4,"0.00",0
1138,3988,"{""c"":[0],""m"":[[0,0,0,0]],""t"":[[0,0,0,0]],""g"":[[0,0,0,0]],""d"":20460}","w63060003",NULL,4,"0.00",0
1140,3990,"{""c"":[0,0,0.71],""m"":[[0,0,0,0],[0,0,0,0],[0,0,0,0]],""t"":[[0,0,0,0],[0,0,0,0],[0,0,0,0]],""g"":[[0,0,0,0],[0,0,0,0],[0,0,0,0]],""d"":20473}","w63060003",776,3,"0.00",0
1141,3991,"{""c"": [], ""m"": [], ""t"": [], ""g"": [], ""d"": null}","w63060003",NULL,4,"0.00",0
1142,3992,"{""c"":[0,0,0.72],""m"":[[0,0,0,0],[0,0,0,0],[16,45,0,45]],""t"":[[0,0,0,0],[0,0,0,0],[0,0,0,0]],""g"":[[0,0,0,0],[0,0,0,0],[0,0,0,0]],""d"":20474}","j62250023",691,3,"0.00",0
1143,3993,"{""c"": [], ""m"": [], ""t"": [], ""g"": [], ""d"": null}","w63060003",NULL,4,"0.00",0
1144,3994,"{""c"":[0.42,0.57,0.14,0.14,0.43],""m"":[[50.73,487,13,500],[87.58,1165,26,1189],[0,0,0,0],[2.47,19,1,20],[0,0,0,0]],""t"":[[0,0,0,0],[0,0,0,0],[2.62,3.25,7,5],[0,0,0,0],[0,0,0,0]],""g"":[[0,0,0,0],[1.3,5,0,5],[0,0,0,0],[0,0,0,0],[0,0,0,0]],""d"":20489}","w63060003",762,1,"0.00",0
1146,3996,"{""c"":[0.72,0.29,0.43,0,0.14,0.86],""m"":[[6.3,130,12,140],[8.26,45,23,60],[3.92,34,8,40],[0,0,0,0],[0,0,0,0],[0,0,0,0]],""t"":[[0.72,2,23,5],[2.64,4,34,10],[4.72,5,60,13],[0,0,0,0],[3.85,4.5,2,5],[0,0,0,0]],""g"":[[0,0,0,0],[0,0,0,0],[0,0,0,0],[0,0,0,0],[0,0,0,0],[0,0,0,0]],""d"":20493}","v78081313",714,4,"0.00",0
1147,3997,"{""c"":[0.43,0.29,0.14,0.14,0,0.14,1],""m"":[[5.1,51,16,60],[14.74,233,21,250],[5,50,14,60],[1.25,35,6,40],[0,0,0,0,0],[1.8,18,2,20,0.1],[18.87,261,13,270,0.07]],""t"":[[0,0,0,0],[0,0,0,0],[0,0,0,0],[0,0,0,0],[0,0,0,0,0],[0,0,0,0,0],[0,0,0,0,0]],""g"":[[0,0,0,0],[0,0,0,0],[0,0,0,0],[0,0,0,0],[0,0,0,0,0],[0,0,0,0,0],[0,0,0,0,0]],""d"":20501}","o63062003",766,2,"6.00",0
1148,3998,"{""c"":[0,0.15,0.28,0,0,0.86],""m"":[[10.18,58,2,60],[18.55,335,1,336],[19.89,269,5,274],[0,0,0,0],[0,0,0,0],[0,0,0,0]],""t"":[[0,0,0,0],[0,0,0,0],[0,0,0,0],[0,0,0,0],[0,0,0,0],[4.43,7.75,9,10]],""g"":[[0,0,0,0],[0,0,0,0],[0,0,0,0],[0,0,0,0],[0,0,0,0],[0.72,18,4,21]],""d"":20495}","p48063073",785,4,"0.00",0
1149,4000,"{""c"":[0.43,0,0,0,0,0.86],""m"":[[47.59,246,11,256],[0,0,0,0],[0,0,0,0],[0,0,0,0],[0,0,0,0],[4.2,20,0,20]],""t"":[[0,0,0,0],[0,0,0,0],[0,0,0,0],[0,0,0,0],[0,0,0,0],[0,0,0,0]],""g"":[[0,0,0,0],[0,0,0,0],[0,0,0,0],[0,0,0,0],[0,0,0,0],[0,0,0,0]],""d"":20494}","w63060003",NULL,1,"0.00",0
1150,4001,"{""c"":[0.86,0.86,0.43,0.28,0,0.57,0.86],""m"":[[33.66,342,29,365],[23.8,238,14,250],[11.1,111,11,120],[1.17,117,3,120],[0,0,0,0],[22.24,293,47,335,0.07],[8.22,102,9,110,0.08]],""t"":[[0,0,0,0],[0,0,0,0],[0,0,0,0],[0,0,0,0],[0,0,0,0],[0,0,0,0],[0,0,0,0,0]],""g"":[[0,0,0,0],[0,0,0,0],[0,0,0,0],[0,0,0,0],[0,0,0,0],[0,0,0,0],[0,0,0,0,0]],""d"":20501}","w63060003",766,2,"0.00",1
1151,4002,"{""c"":[0,0,0.15,0.57],""m"":[[0,0,0,0],[0,0,0,0],[38.76,89,17,100],[6.8,20,0,20]],""t"":[[0,0,0,0],[0,0,0,0],[3.69,1.75,24,6],[0,0,0,0]],""g"":[[0,0,0,0],[0,0,0,0],[0,0,0,0],[0,0,0,0]],""d"":20482}","w63060003",691,3,"0.00",0
1152,4003,"{""c"": [], ""m"": [], ""t"": [], ""g"": [], ""d"": null}","w63060003",NULL,1,"0.00",0
1154,4006,"{""c"":[0.86,0,0.14,0.57],""m"":[[0,70,3,73],[0,0,0,0],[8.48,16,4,20],[31.27,59,1,60]],""t"":[[0,0,0,0],[0,0,0,0],[0,0,0,0],[0,0,0,0]],""g"":[[0,0,0,0],[0,0,0,0],[0,0,0,0],[0,0,0,0]],""d"":20489}","v16570403",779,0,"0.00",0
1155,4007,"{""c"":[1],""m"":[[1.36,17,3,20]],""t"":[[0,0,0,0]],""g"":[[0,0,0,0]],""d"":20459}","w63060003",NULL,2,"0.00",0
1156,4009,"{""c"":[1],""m"":[[2.73,39,1,40]],""t"":[[0,0,0,0]],""g"":[[0,0,0,0]],""d"":20459}","w63060003",NULL,1,"0.00",0
1159,4013,"{""c"":[0.86,0.58,0.71,0.72,0.58,0.57],""m"":[[221.5,858,14,872],[165.8,436,8,444],[84.85,474,13,485],[68.43,250,10,260],[48.32,356,15,371],[18.5,264,7,271]],""t"":[[0,0,0,0],[5.4,4.75,29,7],[2.6,2.75,16,4],[8.03,7,14,10],[7.08,10,8,12],[0,0,0,0]],""g"":[[2.64,66,7,70],[3.42,19,11,24],[3.6,90,4,93],[3.56,89,5,93],[5.64,141,18,152],[8.2,205,27,218,0.04]],""d"":20499}","611160013",639,4,"5.00",1
1161,4015,"{""c"":[0,0,0.14,0,0.57],""m"":[[2.66,19,1,20],[0,0,0,0],[3.61,19,1,20],[0,0,0,0],[0,0,0,0]],""t"":[[1.08,2.5,11,5],[0,0,0,0],[0,0,0,0],[0,0,0,0],[1.5,2.25,51,10]],""g"":[[4.96,124,33,140],[0,0,0,0],[0,0,0,0],[0,0,0,0],[0,0,0,0]],""d"":20489}","l66077c20",493,4,"0.00",0
1162,4016,"{""c"":[0.71,0.72,0.71,0.72,0.72,0.57],""m"":[[9.03,129,6,135],[62.05,899,34,926],[77.85,1209,22,1229],[21.69,192,8,200],[19.22,333,17,346],[16.97,162,10,171]],""t"":[[0,0,0,0],[2.4,3.25,7,5],[1.1,1.25,3,2],[7.73,8.5,28,15],[0.48,0.75,2,1],[0,0,0,0]],""g"":[[0,0,0,0],[0.64,16,15,24],[3.04,76,33,93],[3.04,76,10,82],[4.48,112,45,143],[1.96,49,40,76]],""d"":20499}","o43066093",639,4,"0.00",0
1163,4017,"{""c"":[0.29,0.14],""m"":[[1.52,19,1,20],[12.88,161,9,170]],""t"":[[0,0,0,0],[0,0,0,0]],""g"":[[0,0,0,0],[0,0,0,0]],""d"":20471}","w63060003",NULL,2,"0.00",0
1164,2913,"{""c"":[1],""m"":[[0.2,20,0,20]],""t"":[[0,0,0,0]],""g"":[[0,0,0,0]],""d"":20459}","w63060003",NULL,1,"0.00",0
1166,4019,"{""c"":[0.57,0.14,0,0.86,0.86,0.15,1],""m"":[[7.2,138,2,140],[8.51,83,4,87],[0,0,0,0],[28.29,703,25,725],[161.87,1295,47,1340],[19.12,135,6,140],[28.64,346,14,360,0.09]],""t"":[[4.58,3.75,7,5],[0,0,0,0],[0,0,0,0],[19.66,17,12,20],[15.06,12.75,10,15],[0,0,0,0],[5.24,4,2,5,1.31]],""g"":[[0,0,0,0],[0,0,0,0],[0,0,0,0],[0,0,0,0],[0,0,0,0],[0,0,0,0],[0,0,0,0,0]],""d"":20501}","w63060003",NULL,1,"0.00",0
1168,4020,"{""c"":[0,0.86,0.29,0,0.14,0.72],""m"":[[2.12,92,12,100],[54.73,225,39,247],[17.49,82,4,85],[0,0,0,0],[0,0,0,0],[7.28,26,5,30]],""t"":[[0,0,0,0],[5.84,11.25,50,21],[6.83,6.5,6,8],[0,0,0,0],[1.93,2.5,11,5],[0,0,0,0]],""g"":[[0,0,0,0],[0,0,0,0],[0,0,0,0],[0,0,0,0],[0,0,0,0],[0,0,0,0]],""d"":20495}","g17270503",714,4,"0.00",0
1170,4022,"{""c"":[1],""m"":[[3.42,19,1,20]],""t"":[[0,0,0,0]],""g"":[[0,0,0,0]],""d"":20459}","w63060003",NULL,1,"0.00",0
1171,4023,"{""c"":[0.71,0.57,0.86,0.42,0.14,0,1],""m"":[[74.97,882,10,892],[30.08,335,5,340],[41.07,516,4,520],[9.93,129,1,130],[3.23,38,2,40],[0,0,0,0,0],[11.03,203,8,210,0.05]],""t"":[[0,0,0,0],[0,0,0,0],[0,0,0,0],[0,0,0,0],[0,0,0,0],[0,0,0,0,0],[0,0,0,0,0]],""g"":[[0,0,0,0],[0,0,0,0],[0,0,0,0],[0,0,0,0],[0,0,0,0],[0,0,0,0,0],[0,0,0,0,0]],""d"":20502}","e63060003",766,2,"0.00",0
1172,4024,"{""c"":[0.43,0.14],""m"":[[40.64,140,5,145],[0,0,0,0]],""t"":[[0,0,0,0],[0,0,0,0]],""g"":[[0,0,0,0],[0,0,0,0]],""d"":20470}","w63060003",576,3,"0.00",0
1173,4025,"{""c"":[1],""m"":[[19.74,42,10,50]],""t"":[[0,0,0,0]],""g"":[[0,0,0,0]],""d"":20459}","w63060003",NULL,5,"0.00",0
1174,4026,"{""c"":[0.57,0.58,0.71,0.58,0.72,0.57],""m"":[[19.66,119,2,120],[50.51,174,12,185],[55.6,213,15,225],[13.82,48,2,50],[21.45,476,9,483],[24.27,254,3,257]],""t"":[[11.52,17.75,9,20],[42.9,39,63,50],[5.73,4.5,15,7],[12.99,11.75,37,20],[6.87,6.25,15,9],[0,0,0,0]],""g"":[[0,0,0,0],[0.72,18,8,24],[3.6,90,6,93],[3.24,81,1,82],[6,150,0,150],[9.68,242,3,245]],""d"":20499}","p43063003",639,4,"0.00",0
1175,4027,"{""c"":[0.43,0.86],""m"":[[3.92,49,17,60],[1.4,14,8,20]],""t"":[[0,0,0,0],[0,0,0,0]],""g"":[[0,0,0,0],[0,0,0,0]],""d"":20466}","w63060003",NULL,2,"0.00",0
1176,4028,"{""c"":[0,0.29,0.29,0,0,0.86],""m"":[[0,0,0,0],[10.64,57,3,60],[5.32,39,1,40],[0,0,0,0],[0,0,0,0],[0,20,0,20]],""t"":[[4.93,8.5,6,10],[7.34,7.5,10,10],[10.1,10.5,10,13],[0,0,0,0],[0,0,0,0],[0,0,0,0]],""g"":[[0,0,0,0],[0,0,0,0],[0,0,0,0],[0,0,0,0],[0,0,0,0],[0,0,0,0]],""d"":20494}","p21086653",714,4,"0.00",0
1177,4029,"{""c"":[0,0.29,0,0,0.71],""m"":[[0,0,0,0],[3.8,52,0,52],[0,0,0,0],[0,0,0,0],[0,20,0,20]],""t"":[[0,0,0,0],[0,0,0,0],[0,0,0,0],[0,0,0,0],[5.05,6.75,38,15]],""g"":[[4.96,124,27,140],[0,0,0,0],[0,0,0,0],[0,0,0,0],[0,0,0,0]],""d"":20489}","128011043",493,4,"0.00",0
1178,4030,"{""c"":[0.57,0.71,0,0.43,0.29,0.57],""m"":[[0.6,30,0,30],[11.04,106,29,120],[0,0,0,0],[8.68,82,4,85],[8.45,65,17,72],[0,0,0,0]],""t"":[[2.64,3.75,5,5],[2.76,3,4,4],[0,0,0,0],[0,0,0,0],[0.66,2.25,12,5],[0,0,0,0]],""g"":[[2.08,8,6,12],[0.78,3,6,5],[0,0,0,0],[9.88,38,11,46],[2.86,11,44,30],[4.68,18,3,20]],""d"":20496}","w63060003",764,1,"0.00",0
1179,4031,"{""c"":[0,0.14,0,0.28,0.57],""m"":[[3.61,19,1,20],[0,0,0,0],[0,0,0,0],[1.26,9,1,10],[0,0,0,0]],""t"":[[0.9,3.5,32,10],[0.72,1,30,5],[0,0,0,0],[0.72,2.75,9,5],[1.5,1.5,18,5]],""g"":[[5.96,149,65,179],[0,0,0,0],[0,0,0,0],[0,0,0,0],[0,0,0,0]],""d"":20489}","j41081923",493,4,"0.00",1
1180,4032,"{""c"":[0.57,0.15,0.57,0.58,0.86,0.29],""m"":[[23.76,88,3,90],[3.15,15,0,15],[41.15,165,14,176],[13.31,52,12,61],[15.11,190,10,198],[5.1,66,2,68]],""t"":[[0,0,0,0],[0,0,0,0],[2.38,3.25,15,7],[0.6,1.25,76,10],[0.96,1.5,2,2],[0,0,0,0]],""g"":[[0,0,0,0],[0.72,18,13,24],[2.28,57,4,61],[4.68,117,16,125],[4.96,124,15,133],[2.28,57,14,65]],""d"":20499}","x63060984",639,4,"0.00",0
1181,4033,"{""c"":[0,0.43,0.29,0,0.14,0.86],""m"":[[8.12,59,1,60],[5.32,38,2,40],[0,0,0,0],[0,0,0,0],[0,0,0,0],[0,0,0,0]],""t"":[[4.93,8.5,6,10],[10.83,9.5,2,10],[5.97,5.5,25,8],[0,0,0,0],[2.17,3.25,7,5],[0,0,0,0]],""g"":[[0,0,0,0],[0,0,0,0],[0,0,0,0],[0,0,0,0],[0,0,0,0],[0,0,0,0]],""d"":20493}","063062003",714,4,"0.00",0
1182,4034,"{""c"":[0.86],""m"":[[14.64,162,3,165]],""t"":[[0,0,0,0]],""g"":[[0,0,0,0]],""d"":20461}","w63060003",NULL,2,"0.00",0
1183,1817,"{""c"": [], ""m"": [], ""t"": [], ""g"": [], ""d"": null}","w63060003",NULL,4,"0.00",0
1185,4035,"{""c"":[0.57,0.14],""m"":[[0,68,2,70],[0,0,0,0]],""t"":[[0,0,0,0],[0,0,0,0]],""g"":[[0,0,0,0],[0,0,0,0]],""d"":20470}","668882033",576,3,"0.00",0
1186,4036,"{""c"":[1],""m"":[[7.61,115,7,120]],""t"":[[0,0,0,0]],""g"":[[0,0,0,0]],""d"":20459}","w63060003",NULL,1,"0.00",0
1187,4037,"{""c"":[1],""m"":[[0,55,5,60]],""t"":[[0,0,0,0]],""g"":[[0,0,0,0]],""d"":20459}","w63060003",NULL,4,"0.00",0
1188,4038,"{""c"":[0,0,0,0,0.57],""m"":[[2.66,19,1,20],[0,0,0,0],[0,0,0,0],[0,0,0,0],[0,0,0,0]],""t"":[[1.08,2.75,9,5],[0,0,0,0],[0,0,0,0],[0,0,0,0],[1.8,2,22,5]],""g"":[[4.52,113,48,140],[0,0,0,0],[0,0,0,0],[0,0,0,0],[0,0,0,0]],""d"":20489}","f65176362",493,4,"0.00",0
1189,4041,"{""c"":[0.29,0.29,0.57],""m"":[[0.4,20,0,20],[7.09,98,3,101],[20.7,279,1,280]],""t"":[[0,0,0,0],[0,0,0,0],[16.54,13.75,13,17]],""g"":[[0,0,0,0],[0,0,0,0],[0,0,0,0]],""d"":20475}","w63060003",NULL,2,"0.00",0
1190,4042,"{""c"":[1],""m"":[[1.2,120,4,124]],""t"":[[0,0,0,0]],""g"":[[0,0,0,0]],""d"":20460}","w63060003",NULL,1,"0.00",0
1192,4044,"{""c"":[1],""m"":[[5.26,58,2,60]],""t"":[[0,0,0,0]],""g"":[[0,0,0,0]],""d"":20459}","w63060003",NULL,1,"0.00",0
1193,4045,"{""c"":[1],""m"":[[0,20,0,20]],""t"":[[0,0,0,0]],""g"":[[0,0,0,0]],""d"":20459}","w63060003",NULL,4,"0.00",0
1195,4047,"{""c"":[0,0.15,0.15,0,0.14,0.43],""m"":[[3.64,13,9,20],[5.46,39,1,40],[0,0,0,0],[0,0,0,0],[0,0,0,0],[7,25,8,30,0.28]],""t"":[[1.44,3.5,6,5],[7.94,10.25,23,15],[2.88,3.25,41,8],[0,0,0,0],[2.41,3.5,6,5],[0,0,0,0]],""g"":[[0,0,0,0],[0,0,0,0],[0,0,0,0],[0,0,0,0],[0,0,0,0],[0,0,0,0]],""d"":20497}","o73086623",714,4,"0.00",0
1197,4048,"{""c"":[0.43,0,0,0.29,1],""m"":[[2.68,166,7,173],[0,0,0,0],[0,0,0,0],[3.25,25,0,25],[13.72,196,4,200]],""t"":[[0,8,8,10],[0,0,0,0],[0,0,0,0],[0,0,0,0],[0,0,0,0]],""g"":[[0,0,0,0],[0,0,0,0],[0,0,0,0],[0,0,0,0],[0,0,0,0]],""d"":20486}","647730003",780,4,"0.00",0
1198,4049,"{""c"":[1],""m"":[[0.38,19,1,20]],""t"":[[0,0,0,0]],""g"":[[0,0,0,0]],""d"":20459}","w63060003",NULL,2,"0.00",0
1199,4050,"{""c"":[1],""m"":[[7.73,77,3,80]],""t"":[[0,0,0,0]],""g"":[[0,0,0,0]],""d"":20459}","w63060003",NULL,1,"0.00",0
1200,4051,"{""c"":[0,0.43,0.43,0,0.14],""m"":[[28.52,502,2,504],[23.34,389,4,393],[43.5,725,0,725],[0,0,0,0],[0,0,0,0]],""t"":[[0,0,0,0],[2.88,4.5,2,5],[0,0,0,0],[0,0,0,0],[0,0,0,0]],""g"":[[0,0,0,0],[0,0,0,0],[0,0,0,0],[0,0,0,0],[0,0,0,0]],""d"":20491}","612222004",758,4,"0.00",0
1201,4052,"{""c"":[0.29,0.57,0,1],""m"":[[7.2,80,0,80],[17.18,195,5,200],[0,0,0,0],[2,38,2,40]],""t"":[[0,0,0,0],[0,0,0,0],[0,0,0,0],[0,0,0,0]],""g"":[[0,0,0,0],[0,0,0,0],[0,0,0,0],[0,0,0,0]],""d"":20479}","w63060003",NULL,2,"0.00",0
1202,4053,"{""c"":[0.86,1,0.86,0.57,0.58,0.14,0.86],""m"":[[243.71,4703,77,4776],[533.66,10389,254,10628],[116.62,2209,96,2296],[39.6,728,19,747],[23.25,465,10,475],[5.8,116,1,117],[8.65,173,4,177,0.05]],""t"":[[0,0.5,11,3],[6.64,13.25,25,18],[3.6,5,0,5],[0,0,0,0],[0,0,0,0],[0,0,0,0],[0,0,0,0,0]],""g"":[[0,0,0,0],[0,0,0,0],[0,0,0,0],[0,0,0,0],[0,0,0,0],[0,0,0,0],[0,0,0,0,0]],""d"":20501}","g47250973",818,4,"0.00",0
1203,4054,"{""c"":[1],""m"":[[1.04,13,7,15]],""t"":[[0,0,0,0]],""g"":[[0,0,0,0]],""d"":20459}","w63060003",NULL,2,"0.00",0
1204,4055,"{""c"":[0.29,0.14,0.14,0.86],""m"":[[7.52,81,9,90],[6.88,74,8,80],[3,30,0,30],[5.12,64,8,70]],""t"":[[0,0,0,0],[0,0,0,0],[0,0,0,0],[0,0,0,0]],""g"":[[0,0,0,0],[0,0,0,0],[0,0,0,0],[0,0,0,0]],""d"":20481}","w63060003",NULL,3,"0.00",0
1205,4057,"{""c"":[0.43,0.14,0.57,0.57],""m"":[[3.18,53,9,60],[2.28,38,2,40],[3.48,118,2,120],[1.2,20,0,20]],""t"":[[0,0,0,0],[0,0,0,0],[0,0,0,0],[0,0,0,0]],""g"":[[0,0,0,0],[0,0,0,0],[0,0,0,0],[0,0,0,0]],""d"":20482}","w63060003",NULL,4,"0.00",0
1206,4058,"{""c"":[0.29,0,0.14,0,0,0,0.86],""m"":[[9.8,98,2,100],[0,0,0,0],[4,40,0,40],[0,0,0,0,0],[0,0,0,0,0],[0,0,0,0,0],[20.22,219,1,220,0.09]],""t"":[[0,0,0,0],[0,0,0,0],[0,0,0,0],[0,0,0,0,0],[0,0,0,0,0],[0,0,0,0,0],[0,0,0,0,0]],""g"":[[0,0,0,0],[0,0,0,0],[0,0,0,0],[0,0,0,0,0],[0,0,0,0,0],[0,0,0,0,0],[0,0,0,0,0]],""d"":20501}","w63060003",766,2,"0.00",0
1207,4059,"{""c"":[0,0,0.86],""m"":[[0,0,0,0],[0,0,0,0],[40.48,193,10,200]],""t"":[[0,0,0,0],[0,0,0,0],[0,0,0,0]],""g"":[[0,0,0,0],[0,0,0,0],[6.12,34,6,39]],""d"":20474}","o15761023",691,3,"0.00",0
1208,4060,"{""c"":[0,0,0.72],""m"":[[0,0,0,0],[0,0,0,0],[24.18,65,5,70]],""t"":[[0,0,0,0],[0,0,0,0],[0,0,0,0]],""g"":[[0,0,0,0],[0,0,0,0],[0,0,0,0]],""d"":20475}","o687700b3",691,3,"0.00",0
1209,4061,"{""c"":[0.72,0,0,0,0.57],""m"":[[56.67,942,21,962],[0,0,0,0],[0,0,0,0],[0,0,0,0],[10.1,202,9,210]],""t"":[[2.7,9.5,32,15],[0,0,0,0],[0,0,0,0],[0,0,0,0],[0,0,0,0]],""g"":[[2.56,64,80,101],[0,0,0,0],[0,0,0,0],[0,0,0,0],[0,0,0,0]],""d"":20489}","q41151003",493,4,"0.00",0
1210,4062,"{""c"":[1],""m"":[[4.68,36,6,40]],""t"":[[0,0,0,0]],""g"":[[0,0,0,0]],""d"":20459}","w63060003",NULL,1,"0.00",0
1211,4063,"{""c"":[0.86,0.15,0.14,0.57],""m"":[[63.4,301,6,307],[23.16,57,3,60],[23.12,68,2,70],[14.96,44,1,45]],""t"":[[0,0,0,0],[0,0,0,0],[0,0,0,0],[0,0,0,0]],""g"":[[0,0,0,0],[0,0,0,0],[0,0,0,0],[0,0,0,0]],""d"":20482}","025168033",576,3,"0.00",0
1212,4064,"{""c"":[0,0.57,0.29,0,0.14,0.72],""m"":[[5.32,19,2,20],[5.32,163,6,167],[12.77,271,11,280],[0,0,0,0],[0,0,0,0],[19.18,81,22,100,0.37]],""t"":[[3.24,6.75,13,10],[9.98,9,4,10],[6.59,6.5,6,8],[0,0,0,0],[3.37,4.25,3,5],[0,0,0,0]],""g"":[[0,0,0,0],[0,0,0,0],[0,0,0,0],[0,0,0,0],[0,0,0,0],[0,0,0,0]],""d"":20497}","0687630a3",714,4,"0.00",0
1213,4065,"{""c"":[0,0.01,0.01,0,0.14,0.86],""m"":[[0,0,0,0],[0,0,0,0],[0,0,0,0],[0,0,0,0],[0,0,0,0],[8.4,30,0,30]],""t"":[[5.59,8.5,6,10],[0,0,0,0],[0,0,0,0],[0,0,0,0],[3.37,4.25,3,5],[0,0,4,1]],""g"":[[0,0,0,0],[0,0,0,0],[0,0,0,0],[0,0,0,0],[0,0,0,0],[0,0,0,0]],""d"":20494}","183184093",714,4,"0.00",0
1214,4066,"{""c"":[0.86],""m"":[[6.88,91,1,92]],""t"":[[0,0,0,0]],""g"":[[0,0,0,0]],""d"":20461}","w63060003",NULL,3,"0.00",0
1215,4068,"{""c"":[1],""m"":[[1.7,17,8,20]],""t"":[[0,0,0,0]],""g"":[[0,0,0,0]],""d"":20459}","w63060003",NULL,2,"0.00",0
1216,4069,"{""c"":[1],""m"":[[9.53,99,1,100]],""t"":[[21.97,15.75,20,20]],""g"":[[8.32,32,5,36]],""d"":20459}","w63060003",NULL,1,"0.00",0
1217,4070,"{""c"":[1],""m"":[[1.6,16,7,20]],""t"":[[0,0,0,0]],""g"":[[0,0,0,0]],""d"":20459}","w63060003",NULL,2,"0.00",0
1218,4071,"{""c"":[0,0.01,0.14,0,0,0.57],""m"":[[11.15,77,8,85],[0,0,0,0],[2.21,84,6,90],[0,0,0,0],[0,0,0,0],[0,0,0,0]],""t"":[[0,0,0,0],[0,0,0,0],[0,0,0,0],[0,0,0,0],[0,0,0,0],[0,0,0,0]],""g"":[[0,0,0,0],[0,0,0,0],[0,0,0,0],[0,0,0,0],[0,0,0,0],[0,0,0,0]],""d"":20495}","e58486093",785,4,"0.00",0
1219,4072,"{""c"":[1],""m"":[[3.4,38,3,40]],""t"":[[0,0,0,0]],""g"":[[0,0,0,0]],""d"":20459}","w63060003",NULL,2,"0.00",0
1220,4073,"{""c"":[0.57,0,0,0.57],""m"":[[13.35,176,4,180],[0,0,0,0],[0,0,0,0],[0,0,0,0]],""t"":[[0,0,0,0],[0,0,0,0],[0,0,0,0],[0,0,0,0]],""g"":[[0,0,0,0],[0,0,0,0],[0,0,0,0],[0,0,0,0]],""d"":20495}","w63060003",785,4,"0.00",0
1221,4074,"{""c"":[1],""m"":[[18.26,117,6,120]],""t"":[[7.86,7.5,13,10]],""g"":[[17.42,67,9,72]],""d"":20460}","w63060003",NULL,1,"0.00",0
1222,4075,"{""c"":[0,0.29,0.28,0,0.15,0.86],""m"":[[9.54,54,7,60],[7.23,31,5,35],[8.85,123,5,128],[0,0,0,0],[9.72,72,3,75],[0,0,0,0]],""t"":[[0,0,0,0],[0,0,0,0],[0,0,0,0],[0,0,0,0],[0,0,0,0],[6.64,9.25,3,10]],""g"":[[0,0,0,0],[0,0,0,0],[0,0,0,0],[0,0,0,0],[0,0,0,0],[0.8,20,1,21]],""d"":20495}","w63060003",785,4,"0.00",0
1223,4076,"{""c"":[0.29,0,0.42,0.29,0,0,1],""m"":[[3.64,7,41,20],[0,0,0,0],[6.76,82,79,110],[15.08,29,82,55],[0,0,0,0,0],[0,0,0,0,0],[44.75,311,488,410,0.17]],""t"":[[0,0,0,0],[0,0,0,0],[0,0,0,0],[0,0,0,0],[0,0,0,0,0],[0,0,0,0,0],[0,0,0,0,0]],""g"":[[0,0,0,0],[0,0,0,0],[0,0,0,0],[0,0,0,0],[0,0,0,0,0],[0,0,0,0,0],[0,0,0,0,0]],""d"":20501}","w63060003",NULL,3,"0.00",0
1224,4077,"{""c"":[0.43,0.57,0.43,0.29,0.86],""m"":[[5.32,78,2,80],[5.67,31,7,35],[4.67,17,7,23],[6.23,27,6,30],[0,0,0,0]],""t"":[[0,0,0,0],[0.87,4.75,62,16],[1.23,4.75,47,13],[0,0,0,0],[0,0,0,0]],""g"":[[0,0,0,0],[0,0,0,0],[2.32,58,35,78],[0.56,14,6,19],[0,0,0,0]],""d"":20486}","w63060003",818,4,"0.00",0
1225,4078,"{""c"":[1],""m"":[[5.17,47,30,60]],""t"":[[0,0,0,0]],""g"":[[0,0,0,0]],""d"":20459}","w63060003",NULL,1,"0.00",0
1226,4079,"{""c"":[0.57,0.29,1],""m"":[[15.48,86,22,100],[32.55,127,3,130],[56.79,230,11,239]],""t"":[[11.88,17.75,9,20],[0,0,0,0],[15.6,16.25,26,22]],""g"":[[0,0,0,0],[0,0,0,0],[3.8,95,8,99]],""d"":20474}","w63060003",NULL,4,"0.00",0
1229,4082,"{""c"":[0,0.29,0.42,0.14,0.15,0.86],""m"":[[9.83,56,9,60],[35,493,8,500],[32.14,398,21,416],[12.96,48,2,50],[11.07,41,0,41],[34.5,170,6,176]],""t"":[[0,0,0,0],[0,0,0,0],[0,0,0,0],[0,0,0,0],[0,0,0,0],[3.13,5.5,24,10]],""g"":[[0,0,0,0],[0,0,0,0],[0,0,0,0],[0,0,0,0],[0,0,0,0],[0.68,17,4,21]],""d"":20496}","4181147a3",785,4,"0.00",0
1230,4083,"{""c"": [], ""m"": [], ""t"": [], ""g"": [], ""d"": null}","w63060003",NULL,0,"0.00",0
1233,4086,"{""c"":[0.29,0,0.14,0.71],""m"":[[3.9,39,1,40],[0,0,0,0],[2,20,0,20],[2,20,0,20]],""t"":[[0,0,0,0],[0,0,0,0],[0,0,0,0],[0,0,0,0]],""g"":[[0,0,0,0],[0,0,0,0],[0,0,0,0],[0,0,0,0]],""d"":20481}","w63060003",NULL,2,"0.00",0
1234,4087,"{""c"":[0.43,0,0.14,0.29,0.57,0.01,0.86],""m"":[[1.72,172,9,180],[0,0,0,0],[11.41,112,3,115],[2.83,43,9,50],[4.72,102,32,115],[0,0,0,0],[3.7,55,0,55,0.07]],""t"":[[0,0,0,0],[0,0,0,0],[6.55,5,0,5],[0,0,0,0],[12.44,11.25,15,15],[0,0,0,0],[13.1,10,0,10,1.31]],""g"":[[0,0,0,0],[0,0,0,0],[0,0,0,0],[0,0,0,0],[0,0,0,0],[0,0,0,0],[5.98,23,1,24,0.26]],""d"":20501}","409069a96",824,1,"0.00",0
1235,4088,"{""c"":[0.43,0.14],""m"":[[12.94,137,3,140],[3.9,39,1,40]],""t"":[[0,0,0,0],[0,0,0,0]],""g"":[[0,0,0,0],[0,0,0,0]],""d"":20471}","w63060003",NULL,2,"0.00",0
1236,4089,"{""c"":[0,0.14,0.72],""m"":[[0,0,0,0],[0,20,0,20],[31.22,56,20,70]],""t"":[[0,0,0,0],[0,0,8,1],[0,0,0,0]],""g"":[[0,0,0,0],[0,0,0,0],[0,0,0,0]],""d"":20474}","w63060003",691,3,"0.00",0
1237,4090,"{""c"":[0.29,0.42,0.42,0,0,0.86],""m"":[[0.6,12,10,20],[1.38,44,25,60],[6.89,104,21,120],[0,0,0,0],[0,0,0,0],[0.32,16,5,20]],""t"":[[0,0,0,0],[0,0,0,0],[0,0,0,0],[0,0,0,0],[0,0,0,0],[0,0,0,0]],""g"":[[0,0,0,0],[0,0,0,0],[0,0,0,0],[0,0,0,0],[0,0,0,0],[0,0,0,0]],""d"":20494}","w63060003",NULL,2,"0.00",0
1238,4092,"{""c"":[0.43,0.15,0.29,0.29,0,0,1],""m"":[[7.5,79,1,80],[9.6,96,4,100],[8.9,89,1,90],[70.33,709,15,723],[0,0,0,0,0],[0,0,0,0,0],[14.1,157,3,160,0.09]],""t"":[[0,0,0,0],[0,0,0,0],[0,0,0,0],[3.78,3.75,5,5],[0,0,0,0,0],[0,0,0,0,0],[0.83,1,3,5,0.83]],""g"":[[3.85,35,2,37],[0,0,0,0],[0,0,0,0],[0,0,0,0],[0,0,0,0,0],[0,0,0,0,0],[3.74,34,0,34,0.11]],""d"":20501}","w63060003",766,2,"7.00",0
1240,4094,"{""c"": [], ""m"": [], ""t"": [], ""g"": [], ""d"": null}","w63060003",NULL,4,"0.00",0
1241,4095,"{""c"":[0,0,0.72],""m"":[[0,0,0,0],[0,0,0,0],[6.8,20,0,20]],""t"":[[0,0,0,0],[0,0,0,0],[0,0,0,0]],""g"":[[0,0,0,0],[0,0,0,0],[0,0,0,0]],""d"":20474}","p61063703",691,3,"0.00",0
1242,4096,"{""c"":[0.29,0.71],""m"":[[3.2,40,0,40],[2.4,30,0,30]],""t"":[[0,0,0,0],[0,0,0,0]],""g"":[[0,0,0,0],[0,0,0,0]],""d"":20467}","w63060003",NULL,2,"0.00",0
1243,4097,"{""c"":[0.71,0,0.14,0,0.43,1],""m"":[[8.28,119,16,131],[0,0,0,0],[1.28,16,4,20],[0,0,0,0],[6.46,95,8,100],[3.2,40,0,40]],""t"":[[0,0,0,0],[0,0,0,0],[0,0,0,0],[0,0,0,0],[0,0,0,0],[0,0,0,0]],""g"":[[0,0,0,0],[0,0,0,0],[0,0,0,0],[0,0,0,0],[0,0,0,0],[0,0,0,0]],""d"":20493}","w63060003",NULL,2,"0.00",0
1244,4098,"{""c"":[1,0.43,0.57,0,0.29,0.86],""m"":[[84.58,412,22,429],[38.27,175,7,182],[10.78,46,2,48],[0,0,0,0],[26.73,99,2,101],[7,25,5,30]],""t"":[[4.81,7.75,25,11],[0,0,0,0],[11.95,10.5,84,18],[0,0,0,0],[3.85,4.5,2,5],[0,0,0,0]],""g"":[[0,0,0,0],[0,0,0,0],[0,0,0,0],[0,0,0,0],[0,0,0,0],[0,0,0,0]],""d"":20494}","001062023",714,4,"0.00",0
1245,4099,"{""c"":[0.29,0,0.57,0.57,0.71,0.86],""m"":[[7.76,97,4,100],[0,0,0,0],[20.9,490,60,530],[15.63,170,36,193],[15.53,160,39,181],[35.44,543,47,579,0.05]],""t"":[[0,0,0,0],[0,0,0,0],[0,0,0,0],[0,0,0,0],[0,0,0,0],[0,0,0,0]],""g"":[[0,0,0,0],[0,0,0,0],[0,0,0,0],[0,0,0,0],[0,0,0,0],[0,0,0,0]],""d"":20498}","w63060003",NULL,2,"0.00",0
1246,4100,"{""c"":[0,0.14,0.15],""m"":[[0,0,0,0],[3.4,10,0,10],[0,0,0,0]],""t"":[[0,0,0,0],[0,0,0,0],[0,0,0,0]],""g"":[[0,0,0,0],[18.72,104,36,120],[9.72,54,9,59]],""d"":20478}","w63060003",691,3,"0.00",0
1247,4101,"{""c"":[0,0,0.58],""m"":[[0,40,0,40],[0,0,0,0],[0,0,0,0]],""t"":[[0,0,0,0],[0,0,0,0],[0,0,0,0]],""g"":[[0,0,0,0],[0,0,0,0],[9.54,53,14,61]],""d"":20475}","418076c46",691,3,"0.00",0
1249,4103,"{""c"":[0.86,0.29],""m"":[[324.28,1103,30,1132],[174.76,514,10,524]],""t"":[[3.25,3.25,14,6],[0,0,0,0]],""g"":[[0,0,0,0],[0,0,0,0]],""d"":20470}","q23114b43",576,3,"0.00",0
1250,4104,"{""c"":[0,0,0.72],""m"":[[0,0,0,0],[0,0,0,0],[0,19,1,20]],""t"":[[0,0,0,0],[0,0,0,0],[0,0,0,0]],""g"":[[0,0,0,0],[0,0,0,0],[0,0,0,0]],""d"":20474}","w63060003",691,3,"0.00",0
1251,4105,"{""c"":[0,0.43,0.29,0,0.14,0.86],""m"":[[16.07,73,5,78],[5.18,37,3,40],[4.76,37,3,40],[0,0,0,0],[10.53,33,2,35],[0,0,0,0]],""t"":[[4.32,6.5,17,10],[6.98,6.75,13,10],[4.14,4.75,15,8],[0,0,0,0],[2.41,3.5,6,5],[0,0,0,0]],""g"":[[0,0,0,0],[0,0,0,0],[0,0,0,0],[0,0,0,0],[0,0,0,0],[0,0,0,0]],""d"":20493}","g06662023",714,4,"0.00",0
1254,4107,"{""c"":[0.57,0.14,0,0,0.29,0.58],""m"":[[3,55,0,55],[0.2,20,0,20],[0,0,0,0],[0,0,0,0],[4.33,174,6,180],[4.79,99,3,100]],""t"":[[0,0,0,0],[6.55,5,0,5],[0,0,0,0],[0,0,0,0],[0,0,0,0],[0,0,0,0]],""g"":[[0,0,0,0],[0,0,0,0],[0,0,0,0],[0,0,0,0],[0,0,0,0],[0,0,0,0]],""d"":20496}","o53574b33",824,1,"0.00",0
1255,4108,"{""c"":[0,0,0.58,0,0.14,0.86],""m"":[[0,0,0,0],[0,0,0,0],[43.45,114,24,130],[0,0,0,0],[1.52,19,1,20],[7.04,36,4,40]],""t"":[[0,0,0,0],[0,0,0,0],[0,0.25,83,9],[0,0,0,0],[0,0,0,0],[0,0,0,0]],""g"":[[0,0,0,0],[0,0,0,0],[33.3,185,138,250],[0,0,0,0],[0,0,0,0],[8.64,48,99,85]],""d"":20496}","v65625425",691,3,"0.00",0
1256,4109,"{""c"":[0,0.29,0.29,0,0.14,0.57],""m"":[[4.48,16,4,20],[5.32,38,3,40],[0,0,0,0],[0,0,0,0],[0,0,0,0],[8.12,29,1,30]],""t"":[[4.27,7,12,10],[5.78,6.5,15,10],[10.86,9.5,12,12],[0,0,0,0],[3.85,4.5,2,5],[0,0,0,0]],""g"":[[0,0,0,0],[0,0,0,0],[0,0,0,0],[0,0,0,0],[0,0,0,0],[0,0,0,0]],""d"":20496}","085470726",714,4,"0.00",0
1257,4110,"{""c"":[1],""m"":[[4,40,0,40]],""t"":[[0,0,0,0]],""g"":[[0,0,0,0]],""d"":20459}","w63060003",NULL,1,"0.00",0
1258,4112,"{""c"":[0.57,0.14,0,0,0,0.29,1],""m"":[[47.46,546,6,552],[0,0,0,0],[0,0,0,0,0],[0,0,0,0,0],[0,0,0,0,0],[18.7,232,5,237,0.08],[10.3,109,1,110,0.09]],""t"":[[0,0,0,0],[3.32,4.5,2,5],[0,0,0,0,0],[0,0,0,0,0],[0,0,0,0,0],[0,0,0,0,0],[0,0,0,0,0]],""g"":[[0,0,0,0],[0,0,0,0],[0,0,0,0,0],[0,0,0,0,0],[0,0,0,0,0],[1.98,18,4,20,0.11],[0,0,0,0,0]],""d"":20501}","o84013796",766,2,"0.00",0
1259,4113,"{""c"":[0,0,0.58],""m"":[[0,0,0,0],[0,0,0,0],[0,20,0,20]],""t"":[[0,0,0,0],[0,0,0,0],[0,0,0,0]],""g"":[[0,0,0,0],[0,0,0,0],[0,0,0,0]],""d"":20475}","w63060123",691,3,"0.00",0
1260,4114,"{""c"":[0,0.14,0.72],""m"":[[0,0,0,0],[0,20,0,20],[0,0,0,0]],""t"":[[0,0,0,0],[0,0,0,0],[0,0,0,0]],""g"":[[0,0,0,0],[0,0,0,0],[0,0,0,0]],""d"":20473}","p03162043",691,3,"0.00",0
1261,4115,"{""c"":[0,0.57,0.29,0,0.14,0.86],""m"":[[89.82,392,22,413],[18.44,84,17,100],[5.04,38,3,40],[0,0,0,0],[0,0,0,0],[0,0,0,0]],""t"":[[4.32,8,9,10],[8.95,8.5,6,10],[6.83,6.5,6,8],[0,0,0,0],[4.33,4.75,1,5],[0,0,0,0]],""g"":[[0,0,0,0],[0,0,0,0],[0,0,0,0],[0,0,0,0],[0,0,0,0],[0,0,0,0]],""d"":20493}","645360822",714,4,"0.00",1
1265,4116,"{""c"":[0,0.29,0.43,0,0.14,0.72],""m"":[[4.2,15,7,20],[5.32,38,3,40],[4.48,56,5,60],[0,0,0,0],[0,20,0,20],[7.28,26,6,30]],""t"":[[4.38,8,12,10],[6.62,9.75,18,14],[7.39,7.75,21,13],[0,0,0,0],[3.61,4.25,3,5],[0,0,0,0]],""g"":[[0,0,0,0],[0,0,0,0],[0,0,0,0],[0,0,0,0],[0,0,0,0],[0,0,0,0]],""d"":20495}","p43062023",714,4,"0.00",0
1267,4118,"{""c"": [], ""m"": [], ""t"": [], ""g"": [], ""d"": null}","w63060003",NULL,5,"0.00",0
1268,4119,"{""c"":[0,0.71],""m"":[[0,0,0,0],[0,0,0,0]],""t"":[[0,0,0,0],[0,0,0,0]],""g"":[[0,0,0,0],[0,0,0,0]],""d"":20466}","w63060003",690,1,"0.00",0
1269,3138,"{""c"":[0.29,0.71],""m"":[[5.2,40,0,40],[0,0,0,0]],""t"":[[0,0,0,0],[0,0,0,0]],""g"":[[3.9,15,0,15],[0,0,0,0]],""d"":20466}","w63060003",690,1,"0.00",0
1271,4120,"{""c"":[0,0.29,0.15,0,0,0.57],""m"":[[0,0,0,0],[0,0,0,0],[0,0,0,0],[0,0,0,0],[0,0,0,0],[7,25,5,30]],""t"":[[2.16,4,4,5],[9.67,11.5,14,15],[2.41,2.75,1,3],[0,0,0,0],[0,0,0,0],[3.61,4.25,3,5]],""g"":[[0,0,0,0],[0,0,0,0],[0,0,0,0],[0,0,0,0],[0,0,0,0],[0,0,0,0]],""d"":20496}","618074042",714,4,"0.00",0
1272,4121,"{""c"":[0,0.3,0.43,0.15,0,0.43],""m"":[[0,0,0,0],[8.48,106,1,107],[33.68,416,13,428],[15.64,46,4,49],[0,0,0,0],[4.4,55,0,55,0.08]],""t"":[[0,0,0,0],[0,0,0,0],[0,0,0,0],[0,0,0,0],[0,0,0,0],[0,0,0,0]],""g"":[[0,0,0,0],[0,21,18,30],[3.06,17,10,21],[0,0,0,0],[0,0,0,0],[0,0,0,0]],""d"":20497}","p700620c3",784,3,"0.00",0
1273,4122,"{""c"":[0,0,0.72],""m"":[[0,0,0,0],[0,0,0,0],[0,0,0,0]],""t"":[[0,0,0,0],[0,0,0,0],[0,0,0,0]],""g"":[[0,0,0,0],[0,0,0,0],[0,0,0,0]],""d"":20473}","w63060003",691,3,"0.00",0
1274,4125,"{""c"":[0,0.43,0.71,0.86,0.43],""m"":[[0,0,0,0],[54.43,472,25,491],[109.3,890,21,909],[161.7,1599,85,1646],[140.5,1405,9,1414]],""t"":[[0,0,0,0],[2.84,1,0,1],[10.99,6.75,139,16],[0,0,0,0],[0,0,0,0]],""g"":[[0,0,0,0],[0,0,0,0],[0,0,0,0],[0,0,0,0],[0,0,0,0]],""d"":20492}","w63060003",691,3,"0.00",0
1275,4126,"{""c"":[0,0.58,0.29,0,0.14,0.43],""m"":[[0,0,0,0],[9.52,53,8,60],[0,0,0,0],[0,0,0,0],[0,0,0,0],[7,25,5,30,0.28]],""t"":[[2.88,4.5,2,5],[8.79,11.75,13,15],[5.15,5.75,9,8],[0,0,0,0],[3.85,4.5,2,5],[0,0,0,0]],""g"":[[0,0,0,0],[0,0,0,0],[0,0,0,0],[0,0,0,0],[0,0,0,0],[0,0,0,0]],""d"":20497}","g63362156",714,4,"0.00",0
1276,4127,"{""c"":[0,0.14,0.43],""m"":[[0,0,0,0],[10.96,28,4,30],[34.2,80,11,90]],""t"":[[0,0,0,0],[0,0,0,0],[2.84,1.5,37,6]],""g"":[[0,0,0,0],[0,0,0,0],[0,0,0,0]],""d"":20478}","o41084093",691,3,"0.00",0
1277,4136,"{""c"": [], ""m"": [], ""t"": [], ""g"": [], ""d"": null}","w63060003",NULL,0,"0.00",0
1278,4141,"{""c"":[0,0.43,0.15,0,0.14,0.86],""m"":[[4.2,15,5,20],[74.74,333,34,360],[0,20,0,20],[0,0,0,0],[0,0,0,0],[0,0,0,0]],""t"":[[2.64,6,16,10],[6.2,7.25,11,10],[0.96,1.25,7,3],[0,0,0,0],[3.61,4.25,3,5],[0,0,0,0]],""g"":[[0,0,0,0],[0,0,0,0],[0,0,0,0],[0,0,0,0],[0,0,0,0],[0,0,0,0]],""d"":20493}","x63060933",714,4,"0.00",0
1281,4144,"{""c"":[0],""m"":[[0,0,0,0]],""t"":[[0,0,0,0]],""g"":[[0,0,0,0]],""d"":20485}","g04773b23",789,3,"0.00",0
1282,4145,"{""c"":[0.57,0.3,0.71,0.01,0.72,0.29],""m"":[[197.1,730,24,751],[23.79,91,5,95],[47.31,494,42,526],[0,0,0,0],[23.62,231,14,241],[5.88,98,2,100]],""t"":[[0,0,0,0],[0,0,0,0],[2.88,3.25,27,7],[0,0,0,0],[0,0,0,0],[0,0,0,0]],""g"":[[0,0,0,0],[1.2,30,34,48],[4.32,108,47,143],[0,0,0,0],[7.24,181,18,190],[1.36,34,7,38]],""d"":20499}","w03040983",639,4,"0.00",0
1283,4146,"{""c"":[0.86,0.29],""m"":[[231.58,2592,47,2632],[4.4,55,0,55]],""t"":[[0,0,0,0],[0,0,0,0]],""g"":[[0,0,0,0],[0,0,0,0]],""d"":20470}","c09060046",576,3,"0.00",0
1284,4147,"{""c"":[0,0.13,0.28,0.15,0.43,0.57,1],""m"":[[0,0,0,0],[8.54,97,3,100],[34.08,387,18,405],[14.8,185,5,190],[70.58,762,19,780],[35.54,432,3,435,0.08],[12,150,0,150,0.08]],""t"":[[0,0,0,0],[0,0,0,0],[0,0,0,0],[0,0,0,0],[7.58,5.75,21,10],[4.34,2.5,2,3],[1.08,0.5,3,2,2.17]],""g"":[[0,0,0,0],[0,0,0,0],[0,0,0,0],[0,0,0,0],[0,0,0,0],[0,0,0,0],[0,0,0,0,0]],""d"":20501}","q580327a3",789,3,"0.00",0
1285,4148,"{""c"":[0.71,0.3,0.71,0.72,0.58,0.57],""m"":[[202.92,841,31,868],[29.85,113,8,121],[83.34,326,24,349],[68.94,253,235,284],[28.38,223,31,246],[5.41,171,12,181,0.06]],""t"":[[0,0,0,0],[0,0,0,0],[1.08,1.75,23,7],[3.3,3.5,62,10],[1.44,1.75,9,3],[0,0,0,0]],""g"":[[0,0,0,0],[0.84,21,8,24],[3.24,81,13,93],[3.16,79,5,82],[4.36,109,15,119],[3.44,86,17,99,0.04]],""d"":20499}","n57020934",639,4,"0.00",0
1286,4149,"{""c"":[0.57,0.14],""m"":[[13,98,2,100],[0,0,0,0]],""t"":[[0,0,0,0],[0,0,0,0]],""g"":[[0,0,0,0],[0,0,0,0]],""d"":20470}","w63060433",576,3,"0.00",0
1288,4153,"{""c"":[0.86,0.72,0.71,0.57,0.44,0.43],""m"":[[241.82,904,22,922],[57.98,216,10,225],[48.4,199,11,208],[58.95,215,15,225],[30.79,395,5,400],[34.49,589,6,595]],""t"":[[0,0,0,0],[0,0,0,0],[4.22,4.5,11,7],[4.01,4.25,36,10],[2.88,3.25,7,5],[0,0,0,0]],""g"":[[6.52,163,14,173],[0.84,21,4,24],[3.44,86,7,93],[3.52,88,5,93],[5.28,132,23,146],[2.36,59,23,75]],""d"":20499}","k00420b02",639,4,"3.00",2
1289,4154,"{""c"":[0.86,0.86,0.86,0.71,0.57,0.57],""m"":[[66.02,509,18,526],[105.4,659,19,676],[87.27,455,37,486],[79.78,325,16,340],[24.65,136,2,138],[12.77,152,5,157,0.41]],""t"":[[0,0,0,0],[1.2,1.75,13,5],[1.3,1.5,2,2],[1.2,1.75,48,10],[0.72,1.75,20,6],[0,0,0,0]],""g"":[[0,0,0,0],[0.76,19,7,24],[3.44,86,8,93],[5.24,131,4,133],[4.2,105,3,108],[4.08,102,11,112,0.04]],""d"":20499}","o230620a3",639,4,"0.00",0
1290,4155,"{""c"":[0.71,0.44,0.71,0.86,0.86,0.57],""m"":[[105.48,486,15,501],[29.78,183,15,195],[35.89,206,8,214],[71.78,264,18,276],[78.79,445,27,470],[38.19,337,17,353]],""t"":[[0,0,0,0],[2.4,3.25,7,5],[0.82,1.25,3,2],[2.86,3.25,32,10],[0,0,6,1],[0,0,0,0]],""g"":[[0,0,0,0],[0.84,21,4,24],[3.6,90,3,93],[3.04,76,7,82],[5.84,146,15,158],[7.8,195,21,211]],""d"":20499}","o430610a3",639,4,"1.25",0
1291,4156,"{""c"":[0.71,0.3,0.71,0.58,0.58,0.43],""m"":[[475.4,1846,66,1906],[7.71,31,4,35],[85.24,349,28,370],[25.9,91,7,96],[25.98,252,18,264],[7.34,116,3,119]],""t"":[[0,0,0,0],[0,0,0,0],[1.1,1.5,33,7],[3.36,2,32,5],[0.6,1.25,22,6],[0,0,0,0]],""g"":[[7,175,40,192],[0.64,16,20,24],[3.28,82,13,93],[3.04,76,6,82],[5,125,20,139],[3.16,79,11,84]],""d"":20499}","g13080023",639,4,"0.00",0
1293,4158,"{""c"":[0.71,0.28,0.57,0.58,0.58,0.57],""m"":[[170.92,727,11,737],[5.74,24,1,25],[8.93,52,5,56],[11.74,38,2,40],[16.75,225,8,231],[16.18,203,1,204,0.07]],""t"":[[0,0,0,0],[0.84,0.75,6,2],[4.16,5,8,7],[5.58,5,71,11],[2.16,2.5,2,3],[0,0,0,0]],""g"":[[0,0,0,0],[0.84,21,3,24],[3.64,91,2,93],[3.2,80,2,82],[4.64,116,3,119],[5.64,141,10,150]],""d"":20499}","g48084923",639,4,"0.00",0
1294,4159,"{""c"":[0,0.29,0.42,0,0,0.86],""m"":[[11.57,63,18,75],[6.75,77,12,85],[26.26,317,20,335],[0,0,0,0],[0,0,0,0],[0,0,0,0]],""t"":[[0,0,0,0],[0,0,0,0],[0,0,0,0],[0,0,0,0],[0,0,0,0],[5.87,8.75,5,10]],""g"":[[0,0,0,0],[0,0,0,0],[0,0,0,0],[0,0,0,0],[0,0,0,0],[0.64,16,7,21]],""d"":20495}","o55076b92",785,4,"0.00",0
1295,1133,"{""c"":[0.57,0,1],""m"":[[0,0,0,0],[0,0,0,0],[0,0,0,0]],""t"":[[0.36,2.5,38,10],[0,0,0,0],[1.44,3.5,6,5]],""g"":[[0,0,0,0],[0,0,0,0],[0,0,0,0]],""d"":20479}","w63060003",748,4,"0.00",0
1297,4161,"{""c"":[0.57,0.43,0.28,0.14,0.29,0.28,1],""m"":[[3.09,58,2,60],[2.08,90,12,100],[13.11,53,16,60],[25.81,128,12,140],[12.69,51,14,60],[24.37,132,10,140,0.15],[9.62,37,4,40,0.26]],""t"":[[4.68,18.75,8,20],[5.92,18.25,7,20],[0,0,0,0],[0,0,0,0],[0,0,0,0],[0,0,0,0],[0,0,0,0,0]],""g"":[[0,0,0,0],[0,0,0,0],[7.82,17,8,21],[0,0,0,0],[0,0,0,0],[0,0,0,0],[0,0,0,0,0]],""d"":20500}","w63060003",NULL,1,"0.00",0
1298,4162,"{""c"":[0,0,0,0,0.57],""m"":[[28.12,98,2,100],[0,0,0,0],[0,0,0,0],[0,0,0,0],[0,0,0,0]],""t"":[[0,0,0,0],[0,0,0,0],[0,0,0,0],[0,0,0,0],[0.6,0.75,29,5]],""g"":[[3.32,83,139,140],[0,0,0,0],[0,0,0,0],[0,0,0,0],[0,0,0,0]],""d"":20489}","t576709c0",493,4,"0.00",0
1299,4163,"{""c"":[0.43,0,0,0,0.57],""m"":[[0,0,0,0],[0,0,0,0],[0,0,0,0],[0,0,0,0],[0,0,0,0]],""t"":[[0,0,47,5],[0,0,0,0],[0,0,0,0],[0,0,0,0],[0,0,41,5]],""g"":[[1.88,47,41,68],[0,0,0,0],[0,0,0,0],[0,0,0,0],[0,0,0,0]],""d"":20489}","p63061413",493,4,"0.00",0
1300,4164,"{""c"":[0,0.43],""m"":[[0,0,0,0],[0,0,0,0]],""t"":[[0,0,0,0],[0,0,0,0]],""g"":[[0,0,0,0],[0,0,0,0]],""d"":20468}","w63060003",751,3,"0.00",0
1301,4165,"{""c"":[0,0.28,0,0,0.57],""m"":[[79.93,350,12,360],[9.99,37,3,40],[0,0,0,0],[0,0,0,0],[0,0,0,0]],""t"":[[0,0,0,0],[7.02,8.5,6,10],[0,0,0,0],[0,0,0,0],[4.62,6,22,10]],""g"":[[7.4,185,45,208],[0.12,3,0,3],[0,0,0,0],[0,0,0,0],[0,0,0,0]],""d"":20489}","m37060063",493,4,"0.00",0
1303,4167,"{""c"":[0,0,0,0,0.57],""m"":[[2.66,19,2,20],[0,0,0,0],[0,0,0,0],[0,0,0,0],[0,0,0,0]],""t"":[[0,0,0,0],[0,0,0,0],[0,0,0,0],[0,0,0,0],[0,0,79,5]],""g"":[[3.68,92,104,140],[0,0,0,0],[0,0,0,0],[0,0,0,0],[0,0,0,0]],""d"":20489}","x63070403",493,4,"0.00",0
1304,4168,"{""c"":[0,0,0,0,0.57],""m"":[[5.71,34,7,40],[0,0,0,0],[0,0,0,0],[0,0,0,0],[0,0,0,0]],""t"":[[0,0,0,0],[0,0,0,0],[0,0,0,0],[0,0,0,0],[0,0,52,5]],""g"":[[4.92,123,23,140],[0,0,0,0],[0,0,0,0],[0,0,0,0],[0,0,0,0]],""d"":20489}","p688660a3",493,4,"0.00",0
1305,4169,"{""c"":[0,0,0,0,0.43],""m"":[[5.32,38,9,40],[0,0,0,0],[0,0,0,0],[0,0,0,0],[0,0,0,0]],""t"":[[0,0,0,0],[0,0,0,0],[0,0,0,0],[0,0,0,0],[0,0,0,0]],""g"":[[5.64,141,79,169],[0,0,0,0],[0,0,0,0],[0,0,0,0],[0,0,0,0]],""d"":20489}","6283400c3",493,4,"0.00",0
1306,4170,"{""c"":[0,0.14,0,0,0.57],""m"":[[2.66,19,1,20],[0,0,0,0],[0,0,0,0],[0,0,0,0],[0,0,0,0]],""t"":[[0,0,0,0],[3.01,2.75,13,5],[0,0,0,0],[0,0,0,0],[0.6,0.75,30,5]],""g"":[[6.92,173,82,208],[0,0,0,0],[0,0,0,0],[0,0,0,0],[0,0,0,0]],""d"":20489}","p23064043",493,4,"0.00",0
1307,4171,"{""c"":[0,0,0,0,0.43],""m"":[[8.24,103,7,110],[0,0,0,0],[0,0,0,0],[0,0,0,0],[0,0,0,0]],""t"":[[0,0,0,0],[0,0,0,0],[0,0,0,0],[0,0,0,0],[0,0,0,0]],""g"":[[3.48,87,100,135],[0,0,0,0],[0,0,0,0],[0,0,0,0],[0,0,0,0]],""d"":20489}","p63061023",493,4,"0.00",0
1308,4172,"{""c"":[0,0.14,0,0,0.57],""m"":[[5.75,35,10,40],[0,0,0,0],[0,0,0,0],[0,0,0,0],[0,0,0,0]],""t"":[[0,0,0,0],[0,0,0,0],[0,0,0,0],[0,0,0,0],[0.36,2,103,15]],""g"":[[2.56,64,175,138],[1.16,29,89,65],[0,0,0,0],[0,0,0,0],[0,0,0,0]],""d"":20489}","o080630a3",493,4,"0.00",0
1309,4173,"{""c"":[0,0.14,0,0.15,0.57],""m"":[[8.2,60,0,60],[0,0,0,0],[0,0,0,0],[0,0,0,0],[0,0,0,0]],""t"":[[0,0,0,0],[1.32,1.75,19,5],[0,0,0,0],[0,1,20,5],[0,0,38,5]],""g"":[[6.52,163,75,208],[0,0,0,0],[0,0,0,0],[0,0,0,0],[0,0,0,0]],""d"":20489}","p050534a3",493,4,"0.00",0
1310,4174,"{""c"":[0,0,0.14,0,0.43],""m"":[[7.58,106,12,115],[0,0,0,0],[0,66,1,67],[0,0,0,0],[0,0,0,0]],""t"":[[0,0,0,0],[0,0,0,0],[0,0,0,0],[0,0,0,0],[0,0,0,0]],""g"":[[16.72,418,149,504],[0,0,0,0],[0,0,0,0],[0,0,0,0],[0,0,0,0]],""d"":20489}","p28061023",493,4,"0.00",0
1311,4175,"{""c"":[0,0.15,0,0,0.57],""m"":[[0,0,0,0],[0,0,0,0],[0,0,0,0],[0,0,0,0],[0,0,0,0]],""t"":[[0,0,0,0],[4.93,4.25,3,5],[0,0,0,0],[0,0,0,0],[1.8,2.5,10,5]],""g"":[[5.24,131,12,140],[0,0,0,0],[0,0,0,0],[0,0,0,0],[0,0,0,0]],""d"":20489}","o61034023",493,4,"0.00",0
1315,4179,"{""c"":[0,0.14,0,0,0.58],""m"":[[5.46,35,6,40],[0,0,0,0],[0,0,0,0],[0,0,0,0],[0,0,0,0]],""t"":[[1.44,3.5,6,5],[1.07,1.5,17,5],[0,0,0,0],[0,0,0,0],[2.7,4,35,10]],""g"":[[4.76,119,28,140],[0,0,0,0],[0,0,0,0],[0,0,0,0],[0,0,0,0]],""d"":20489}","k46081026",493,4,"0.00",0
1316,4180,"{""c"":[0,0,0,0,0.57],""m"":[[3.66,39,1,40],[0,0,0,0],[0,0,0,0],[0,0,0,0],[0,0,0,0]],""t"":[[0,0,0,0],[0,0,0,0],[0,0,0,0],[0,0,0,0],[0,0,78,5]],""g"":[[6.08,152,131,208],[0,0,0,0],[0,0,0,0],[0,0,0,0],[0,0,0,0]],""d"":20489}","r47071022",493,4,"0.00",0
1317,4181,"{""c"":[0,0,0.15,0,0.57],""m"":[[9.86,71,24,80],[0,0,0,0],[2.31,11,4,15],[0,0,0,0],[0,0,0,0]],""t"":[[0,0,0,0],[0,0,0,0],[0,0,65,5],[0,0,0,0],[0,0.25,35,5]],""g"":[[14.88,372,146,442],[0,0,0,0],[0,0,0,0],[0,0,0,0],[0,0,0,0]],""d"":20489}","o68072023",493,4,"0.00",0
1329,4193,"{""c"":[0],""m"":[[0,0,0,0]],""t"":[[0,0,0,0]],""g"":[[0,0,0,0]],""d"":20459}","w63060003",NULL,4,"0.00",0
1330,4194,"{""c"":[0,0.14,0,0,0.43],""m"":[[3.23,17,6,20],[0,20,0,20],[0,0,0,0],[0,0,0,0],[0,0,0,0]],""t"":[[0,0,0,0],[0,0,0,0],[0,0,0,0],[0,0,0,0],[0,0,0,0]],""g"":[[4.96,124,39,140],[0,0,0,0],[0,0,0,0],[0,0,0,0],[0,0,0,0]],""d"":20489}","w01252983",493,4,"0.00",0
1335,4199,"{""c"":[0,0,0,0,0.57],""m"":[[57.62,445,22,460],[0,0,0,0],[0,0,0,0],[0,0,0,0],[0,0,0,0]],""t"":[[5.94,9.5,145,30],[0,0,0,0],[0,0,0,0],[0,0,0,0],[1.5,2.25,11,5]],""g"":[[9.92,248,88,297],[0,0,0,0],[0,0,0,0],[0,0,0,0],[0,0,0,0]],""d"":20489}","p28064003",493,4,"0.00",0
1337,4201,"{""c"":[0,0,0,0,0.71],""m"":[[0,0,0,0],[0,0,0,0],[0,0,0,0],[0,0,0,0],[4.68,19,1,20]],""t"":[[0,0,0,0],[0,0,0,0],[0,0,0,0],[0,0,0,0],[7.59,4.25,3,5]],""g"":[[0,0,0,0],[0,0,0,0],[0,0,0,0],[0,0,0,0],[0,0,0,0]],""d"":20495}","w34064326",789,3,"0.00",1
1338,4204,"{""c"": [], ""m"": [], ""t"": [], ""g"": [], ""d"": null}","w63060003",NULL,3,"0.00",0
1339,4205,"{""c"":[0.57,0.14,0.14,1],""m"":[[17.38,102,3,105],[1.6,20,0,20],[1.6,20,0,20],[0,0,0,0]],""t"":[[0,0,0,0],[0,0,0,0],[0,0,0,0],[0,0,86,5]],""g"":[[0,0,0,0],[0,0,0,0],[0,0,0,0],[0,0,0,0]],""d"":20479}","617360923",751,3,"0.00",0
1344,4212,"{""c"":[0,0.14,0],""m"":[[34.38,100,8,107],[9.9,18,2,20],[0,0,0,0]],""t"":[[0,0,0,0],[0,0,0,0],[0,0,0,0]],""g"":[[0,0,0,0],[0,0,0,0],[0,0,0,0]],""d"":20485}","g12580982",789,3,"0.00",0
1345,4214,"{""c"": [], ""m"": [], ""t"": [], ""g"": [], ""d"": null}","w63060003",NULL,4,"0.00",0
1346,4220,"{""c"": [], ""m"": [], ""t"": [], ""g"": [], ""d"": null}","w63060003",NULL,1,"0.00",0
1347,4222,"{""c"":[0.43,0.43,0.43,0.43,0.86],""m"":[[1.4,107,3,110],[1.2,20,1,21],[3.08,11,1,12],[5.74,28,6,33],[1.4,5,0,5]],""t"":[[0,0,0,0],[1.52,4.25,60,16],[3.62,11.75,55,23],[0,0,0,0],[0,0,0,0]],""g"":[[0,0,0,0],[0,0,0,0],[0,0,0,0],[0.52,13,6,19],[0,0,0,0]],""d"":20487}","q68066c23",818,4,"0.00",0
1348,4223,"{""c"": [], ""m"": [], ""t"": [], ""g"": [], ""d"": null}","w63060003",NULL,4,"0.00",0
1349,4224,"{""c"":[0.57,0.58,0.57,0.58,0.57,0.43],""m"":[[15.54,150,10,160],[57.64,478,31,505],[51.87,770,27,796],[18.97,182,19,200],[15.31,139,15,153],[22.54,388,23,409,0.07]],""t"":[[0,0,0,0],[3.3,3.5,6,5],[1.16,1.5,2,2],[4.13,4.5,26,10],[1.44,2,4,3],[0,0,0,0]],""g"":[[0,0,0,0],[0.76,19,6,24],[3.6,90,4,93],[3.24,81,1,82],[4.52,113,7,119],[6.56,164,24,184,0.04]],""d"":20499}","563171712",639,4,"0.00",0
1351,4226,"{""c"":[0.86,0.86,0.71,0.72,0.72,0.57],""m"":[[74.52,757,63,810],[50.62,708,31,737],[64.76,993,32,1020],[88.92,1127,17,1143],[22.08,311,9,318],[21.69,280,10,289]],""t"":[[0,0,0,0],[0.9,5.5,18,10],[2.31,2,0,2],[4.84,4.75,23,10],[0.96,1.75,5,3],[0,0,0,0]],""g"":[[0,0,0,0],[0.8,20,6,24],[3.52,88,11,93],[3.12,78,4,82],[5.44,136,10,141],[5.76,144,32,162]],""d"":20499}","o42851003",639,4,"0.00",3
1353,4228,"{""c"":[0.43,0.15,0.71,0.58,0.44,0.57],""m"":[[23.49,106,4,110],[2.94,14,1,15],[10.26,55,16,66],[13.82,48,3,50],[14.5,274,14,287],[31.62,375,28,398]],""t"":[[0,0,0,0],[0,0,0,0],[4.08,4.75,10,7],[6.04,5,28,10],[0,0.5,9,2],[0,0,0,0]],""g"":[[0,0,0,0],[0.76,19,7,24],[4.2,105,3,108],[3.6,90,3,93],[5.2,130,51,154],[10.28,257,81,296]],""d"":20499}","0681720c3",639,4,"0.00",0
1355,4230,"{""c"":[0.72,0.57,0.15,0,1],""m"":[[6.06,138,2,140],[8.24,134,7,140],[3.85,55,5,60],[0,0,0,0],[6.54,78,2,80]],""t"":[[0,0,0,0],[0,0,0,0],[0,0,0,0],[0,0,0,0],[0,0,0,0]],""g"":[[0,0,0,0],[0,0,0,0],[0,0,0,0],[0,0,0,0],[0,0,0,0]],""d"":20486}","w63060003",NULL,1,"0.00",0
1356,4231,"{""c"":[1],""m"":[[0.19,19,1,20]],""t"":[[0,0,0,0]],""g"":[[0,0,0,0]],""d"":20460}","w63060003",NULL,2,"0.00",0
1359,4234,"{""c"":[0.57,0.86,0.86,1,0.72,0.57],""m"":[[8.1,70,0,70],[193.7,732,16,748],[185.16,2269,34,2301],[154.36,2453,17,2470],[34.18,561,15,576],[54.55,707,19,725]],""t"":[[0,0,0,0],[34.08,45,4,46],[84.39,118.5,10,121],[98.81,135,21,140],[13.68,18,2,18],[0,0,0,0]],""g"":[[0,0,0,0],[1,25,1,26],[3.96,99,1,100],[3.8,95,0,95],[6.64,166,1,167],[11.28,282,9,289]],""d"":20499}","o230620a2",639,4,"0.00",0
1360,4235,"{""c"": [], ""m"": [], ""t"": [], ""g"": [], ""d"": null}","w63060003",NULL,2,"0.00",0
1361,4236,"{""c"":[0.43,0.86,0.71,0.58,0.72,0.43],""m"":[[11.32,76,2,78],[24.81,104,1,105],[8.6,51,5,56],[12.3,40,0,40],[15,183,5,187],[12.1,136,0,136,0.08]],""t"":[[0,4.75,1,5],[12.24,27,16,31],[55.38,63.75,13,67],[7.68,6.5,14,10],[2.4,2.75,3,3],[0,0,0,0]],""g"":[[0.76,19,7,21],[0.8,20,4,24],[4,100,4,104],[3.28,82,0,82],[6.16,154,5,158],[4.12,103,9,110,0.04]],""d"":20499}","o43060033",639,4,"0.00",0
1363,4238,"{""c"":[1],""m"":[[0.4,40,0,40]],""t"":[[2.49,3.75,5,5]],""g"":[[0,0,0,0]],""d"":20460}","w63060003",NULL,2,"0.00",0
1364,4239,"{""c"":[0.57,0.29,0.57,0.44,0.58,0.57],""m"":[[5.4,20,0,20],[10.23,48,2,50],[11.27,59,18,66],[7.59,25,10,30],[18.87,222,26,237],[10.95,173,18,175,0.41]],""t"":[[0,0,0,0],[0,0,0,0],[0.96,1,74,7],[0.3,0.5,90,10],[0,0,10,2],[0,0,0,0]],""g"":[[0,0,0,0],[0.6,15,23,24],[2.88,72,33,92],[2.84,71,14,82],[4.32,108,14,119],[3.44,86,68,115,0.04]],""d"":20499}","n57060034",639,4,"0.00",0
1366,4242,"{""c"":[0.43,0.14,0,0,0.14,0,1],""m"":[[8.6,80,0,80],[6.57,69,1,70],[0,0,0,0],[0,0,0,0],[0.19,19,3,20],[0,0,0,0,0],[0.2,20,0,20,0.01]],""t"":[[0,0,0,0],[0,0,0,0],[0,0,0,0],[0,0,0,0],[0,0,0,0],[0,0,0,0,0],[0,0,0,0,0]],""g"":[[0,0,0,0],[4.16,16,9,23],[0,0,0,0],[0,0,0,0],[0,0,0,0],[0,0,0,0,0],[0,0,0,0,0]],""d"":20500}","w63060003",NULL,1,"0.00",0
1367,4245,"{""c"":[0.43,0.14],""m"":[[13.05,27,5,30],[0,0,0,0]],""t"":[[0,0,0,0],[0,0,0,0]],""g"":[[0,0,0,0],[0,0,0,0]],""d"":20470}","q40166c83",576,3,"0.00",0
1368,4246,"{""c"":[1],""m"":[[10.64,175,35,205]],""t"":[[0,4.25,3,5]],""g"":[[0,0,0,0]],""d"":20460}","w63060003",NULL,4,"0.00",0
1370,4248,"{""c"":[0.72,0.43,0.15,0.71,0.43,0.86],""m"":[[19.16,211,11,220],[7.6,76,3,79],[3.9,39,1,40],[16.89,246,15,258],[8.38,129,2,131],[9.8,98,2,100]],""t"":[[0,0,0,0],[0,0,0,0],[0,0,0,0],[0,0,0,0],[0,0,0,0],[0,0,0,0]],""g"":[[0,0,0,0],[0,0,0,0],[0,0,0,0],[0,0,0,0],[0,0,0,0],[0,0,0,0]],""d"":20496}","w63060003",NULL,2,"0.00",0
1371,4249,"{""c"":[1],""m"":[[1.69,13,20,20]],""t"":[[0,0,0,0]],""g"":[[0,0,0,0]],""d"":20460}","w63060003",NULL,1,"0.00",0
1372,4252,"{""c"":[1],""m"":[[8.64,160,7,167]],""t"":[[0,0,0,0]],""g"":[[0,0,0,0]],""d"":20460}","w63060003",NULL,4,"0.00",0
1373,4253,"{""c"":[1],""m"":[[1.68,21,22,30]],""t"":[[0,0,0,0]],""g"":[[0,0,0,0]],""d"":20460}","w63060003",NULL,3,"0.00",0
1374,4254,"{""c"":[0,0.15,0.43,0,0,0.86],""m"":[[3.68,23,14,30],[4.37,23,7,30],[3.72,83,25,96],[0,0,0,0],[0,0,0,0],[0,0,0,0]],""t"":[[0,0,0,0],[0,0,0,0],[0,0,0,0],[0,0,0,0],[0,0,0,0],[2.89,6.25,15,10]],""g"":[[0,0,0,0],[0,0,0,0],[0,0,0,0],[0,0,0,0],[0,0,0,0],[0.56,14,8,21]],""d"":20495}","w63060003",785,4,"0.00",0
1375,4255,"{""c"":[0.43,0,0.14],""m"":[[4.64,58,2,60],[0,0,0,0],[6.74,75,6,80]],""t"":[[0,0,0,0],[0,0,0,0],[0,0,0,0]],""g"":[[0,0,0,0],[0,0,0,0],[0,0,0,0]],""d"":20478}","w63060003",NULL,2,"0.00",0
1376,4256,"{""c"":[0.57,0.72,0.72,0.15,0,0.57],""m"":[[6.24,113,8,120],[273.5,2025,63,2080],[177.83,1317,15,1330],[15.95,29,1,30],[0,0,0,0],[0,0,0,0]],""t"":[[0,0,0,0],[0,0,0,0],[9.77,4.75,1,5],[0,0,0,0],[0,0,0,0],[0,0,0,0]],""g"":[[0,0,0,0],[0,25,13,30],[6.66,37,5,42],[0,0,0,0],[0,0,0,0],[0,0,0,0]],""d"":20495}","o63064723",784,3,"0.00",0
1377,4257,"{""c"":[0.43,0.71],""m"":[[3.87,39,1,40],[0.2,20,0,20]],""t"":[[0,0,0,0],[0,0,0,0]],""g"":[[0,0,0,0],[0,0,0,0]],""d"":20467}","w63060003",NULL,1,"0.00",0
1378,4259,"{""c"":[1],""m"":[[0,0,0,0]],""t"":[[1.78,2,11,3]],""g"":[[0,0,0,0]],""d"":20467}","w63060003",NULL,4,"0.00",0
1380,4261,"{""c"":[0.57,0.43,0.28,0.42,0.57],""m"":[[10.52,117,3,120],[19.6,196,4,200],[9.7,97,3,100],[14.2,158,2,160],[6.6,66,0,66]],""t"":[[0,0,0,0],[0,0,0,0],[0,0,0,0],[0,0,0,0],[0,0,0,0]],""g"":[[0,0,0,0],[0,0,0,0],[0,0,0,0],[0,0,0,0],[0,0,0,0]],""d"":20489}","w63060003",NULL,2,"0.00",0
1381,4262,"{""c"":[0.58,0.57,0.43,0.29,0.86],""m"":[[22.44,453,7,460],[8.17,50,10,55],[8.46,36,11,46],[6.02,26,10,30],[0,0,0,0]],""t"":[[0,0,0,0],[4.05,11.75,37,21],[7.6,14,17,17],[0,0,0,0],[0,0,0,0]],""g"":[[0,0,0,0],[0,0,0,0],[0,0,0,0],[0.56,14,5,17],[0,0,0,0]],""d"":20486}","4630644a3",818,4,"0.00",0
1382,4263,"{""c"":[0,0,0],""m"":[[0,0,0,0],[0,0,0,0],[0,0,0,0]],""t"":[[0,0,0,0],[0,0,0,0],[0,0,0,0]],""g"":[[0,0,0,0],[0,0,0,0],[0,0,0,0]],""d"":20485}","w63060003",789,3,"0.00",0
1383,4264,"{""c"":[0],""m"":[[0,0,0,0]],""t"":[[0,0,0,0]],""g"":[[0,0,0,0]],""d"":20459}","w63060003",NULL,4,"0.00",0
1384,4266,"{""c"":[0.86,0.29],""m"":[[662.14,1921,40,1958],[64.6,220,6,226]],""t"":[[0,0.25,3,1],[0,0,0,0]],""g"":[[0,0,0,0],[0,0,0,0]],""d"":20470}","647060086",576,3,"0.00",0
1385,4267,"{""c"":[0.43,0.28,0,0.14,0.28],""m"":[[0.6,60,0,60],[3.75,69,12,80],[0,0,0,0],[1.33,19,1,20],[1.88,92,8,100]],""t"":[[0,0,0,0],[0,0,0,0],[0,0,0,0],[0,0,0,0],[0,0,0,0]],""g"":[[0,0,0,0],[0,0,0,0],[0,0,0,0],[0,0,0,0],[0,0,0,0]],""d"":20492}","w63060003",NULL,1,"0.00",0
1388,4270,"{""c"":[0.71,0.57,0.57,0.57,0.14,1],""m"":[[9.9,179,2,181],[11.97,130,21,140],[12,138,4,142],[7.9,79,1,80],[2.1,21,0,21],[27.96,254,14,266]],""t"":[[0,0,0,0],[0,0,0,0],[0,0,0,0],[0,0,0,0],[0,0,0,0],[4.54,3.25,7,5]],""g"":[[0,0,0,0],[0,0,0,0],[0,0,0,0],[0,0,0,0],[0,0,0,0],[7.48,68,6,72]],""d"":20496}","w63060003",NULL,2,"0.00",0
1389,4272,"{""c"":[0.57],""m"":[[7.6,80,0,80]],""t"":[[0,0,0,0]],""g"":[[0,0,0,0]],""d"":20464}","w63060003",NULL,2,"0.00",0
1391,4273,"{""c"":[1],""m"":[[0,0,0,0]],""t"":[[0.58,1,8,3]],""g"":[[0,0,0,0]],""d"":20467}","w63060003",NULL,4,"0.00",0
1393,4275,"{""c"":[0.57,0,0.14,0,0.43,0.14,0.86],""m"":[[3.04,38,3,40],[0,0,0,0],[26.7,30,13,40],[0,0,0,0],[168.97,87,4,90],[68.94,36,7,40],[7.42,14,6,20,0.53]],""t"":[[0,0,0,0],[0,0,0,0],[0,0,0,0],[0,0,0,0],[0,0,0,0],[0,0,0,0],[0,0,0,0,0]],""g"":[[0,0,0,0],[0,0,0,0],[0,0,0,0],[0,0,0,0],[0,0,0,0],[0,0,0,0],[0,0,0,0,0]],""d"":20501}","w63060003",NULL,0,"0.00",0
1394,4276,"{""c"":[1],""m"":[[5.32,76,4,80]],""t"":[[0,0,0,0]],""g"":[[0,0,0,0]],""d"":20460}","w63060003",NULL,2,"0.00",0
1395,4240,"{""c"":[1,0.86,0.57,0.28,0.57],""m"":[[72.64,376,4,380],[88.57,577,8,584],[104.04,578,2,580],[18.34,178,2,180],[8.87,61,0,61]],""t"":[[46.68,34.5,2,35],[0,0,0,0],[11.15,9.75,1,10],[0,0,0,0],[0,0,0,0]],""g"":[[18.98,73,2,75],[19.5,75,5,78],[0,0,0,0],[0,0,0,0],[0,0,0,0]],""d"":20489}","o780630c3",762,1,"0.00",0
1397,4278,"{""c"":[0.86,0.29],""m"":[[665.04,4962,58,5017],[0.08,1,0,1]],""t"":[[0,0,0,0],[0,0,0,0]],""g"":[[0,0,0,0],[0,0,0,0]],""d"":20470}","w63060003",576,3,"0.00",0
1398,4279,"{""c"":[0.43,0.58,0.43,0,0,0.43],""m"":[[11.12,139,1,140],[10.78,131,7,136],[28.22,361,13,374],[0,0,0,0],[0,0,0,0],[4.8,60,1,61,0.08]],""t"":[[0,0,0,0],[0,0,0,0],[0,0,0,0],[0,0,0,0],[0,0,0,0],[0,0,0,0]],""g"":[[0,0,0,0],[0,26,7,30],[3.06,17,6,21],[0,0,0,0],[0,0,0,0],[0,0,0,0]],""d"":20497}","o40088803",784,3,"0.00",0
1399,4280,"{""c"":[0.57,0.57,0.71],""m"":[[14.32,179,9,186],[53.5,614,23,636],[2.72,34,1,35]],""t"":[[0,0,0,0],[0,0,0,0],[0,0,0,0]],""g"":[[0,0,0,0],[0,0,0,0],[0,0,0,0]],""d"":20474}","p68764383",751,3,"0.00",0
1400,4281,"{""c"":[0.43,0.14,0.28,0,0,0.86],""m"":[[8.32,99,1,100],[4.72,59,1,60],[4.8,60,0,60],[0,0,0,0],[0,0,0,0],[14,175,5,180]],""t"":[[0,0,0,0],[0,0,0,0],[0,0,0,0],[0,0,0,0],[0,0,0,0],[0,0,0,0]],""g"":[[0,0,0,0],[0,0,0,0],[0,0,0,0],[0,0,0,0],[0,0,0,0],[0,0,0,0]],""d"":20495}","w63060003",NULL,2,"0.00",0
1401,4282,"{""c"":[1],""m"":[[30.71,54,6,60]],""t"":[[0,0,0,0]],""g"":[[0,0,0,0]],""d"":20460}","w63060003",NULL,0,"0.00",0
1402,4283,"{""c"":[0,0.15,0.14,0.71,0,0.86],""m"":[[12.37,57,22,70],[7.35,60,10,65],[6.82,100,2,102],[93.66,545,54,581],[0,0,0,0],[4.78,18,2,20]],""t"":[[0,0,0,0],[0,0,0,0],[0,0,0,0],[0,0,0,0],[0,0,0,0],[4,6.75,13,10]],""g"":[[0,0,0,0],[0,0,0,0],[0,0,0,0],[0,0,0,0],[0,0,0,0],[0.76,19,2,21]],""d"":20495}","u17242003",785,4,"0.00",0
1403,4285,"{""c"":[0.43,0,0.14,0.42],""m"":[[36.56,457,51,500],[0,0,0,0],[8.8,88,14,100],[41.2,412,213,519]],""t"":[[0,0,0,0],[0,0,0,0],[0,0,0,0],[0,0,0,0]],""g"":[[0,0,0,0],[0,0,0,0],[0,0,0,0],[0,0,0,0]],""d"":20484}","w63060003",NULL,2,"0.00",0
1404,4286,"{""c"":[1],""m"":[[4.8,80,0,80]],""t"":[[0,0,0,0]],""g"":[[0,0,0,0]],""d"":20460}","w63060003",NULL,4,"0.00",0
1405,4287,"{""c"":[0.86],""m"":[[3.54,93,8,100]],""t"":[[0,0,0,0]],""g"":[[0,0,0,0]],""d"":20463}","w63060003",NULL,1,"0.00",0
1406,4288,"{""c"": [], ""m"": [], ""t"": [], ""g"": [], ""d"": null}","w63060003",NULL,1,"0.00",0
1407,4289,"{""c"": [], ""m"": [], ""t"": [], ""g"": [], ""d"": null}","w63060003",NULL,4,"0.00",0
1408,4290,"{""c"":[0.42,0.14,0],""m"":[[28.5,80,10,90],[1.6,40,0,40],[0,0,0,0]],""t"":[[4.26,2.5,19,7],[0,0,0,0],[0,0,0,0]],""g"":[[0,0,0,0],[0,0,0,0],[0,0,0,0]],""d"":20485}","o230600a3",789,3,"0.00",0
1409,4291,"{""c"":[0.71,0.13,0,0],""m"":[[0,20,0,20],[23.5,58,16,70],[0,0,0,0],[0,0,0,0]],""t"":[[17.95,11.25,42,20],[6.51,4,4,5],[0,0,0,0],[0,0,0,0]],""g"":[[0,0,0,0],[0,0,0,0],[0,0,0,0],[0,0,0,0]],""d"":20485}","g12052933",789,3,"0.00",0
1410,4292,"{""c"":[0.43,0.14,0.72],""m"":[[0,10,0,10],[0,20,0,20],[46.6,137,16,150]],""t"":[[0,0,0,0],[0,0,0,0],[2.84,1,87,6]],""g"":[[0,0,0,0],[0,0,0,0],[0,0,0,0]],""d"":20474}","p83061a93",691,3,"0.00",0
1411,4293,"{""c"":[0.43,0,0,0,0,0,0.86],""m"":[[1.4,80,0,80],[0,0,0,0,0],[0,0,0,0,0],[0,0,0,0,0],[0,0,0,0,0],[0,0,0,0,0],[5.97,33,3,35,0.18]],""t"":[[0,0,0,0],[0,0,0,0,0],[0,0,0,0,0],[0,0,0,0,0],[0,0,0,0,0],[0,0,0,0,0],[0,0,0,0,0]],""g"":[[0,0,0,0],[0,0,0,0,0],[0,0,0,0,0],[0,0,0,0,0],[0,0,0,0,0],[0,0,0,0,0],[0,0,0,0,0]],""d"":20501}","w63060003",781,4,"3.00",0
1413,4296,"{""c"":[0,0,0],""m"":[[0,0,0,0],[0,0,0,0],[0,0,0,0]],""t"":[[0,0,0,0],[0,0,0,0],[0,0,0,0]],""g"":[[0,0,0,0],[0,0,0,0],[0,0,0,0]],""d"":20485}","443082b26",789,3,"0.00",0
1414,4298,"{""c"":[0,0.71,0.14,0.43,0.43,0.72],""m"":[[0,0,0,0],[11.24,238,26,260],[1.98,18,2,20],[4.78,46,4,50],[15.08,214,18,231],[2.08,16,4,20]],""t"":[[1.05,1,0,1],[2.63,2.75,1,3],[0,0,0,0],[0,0,0,0],[3.88,2.5,10,5],[3.93,3.5,10,5]],""g"":[[0,0,0,0],[32.24,124,33,143],[0,0,0,0],[4.42,17,7,23],[10.4,40,32,60],[3.64,14,9,20]],""d"":20496}","w63060003",764,1,"0.00",0
1415,4301,"{""c"":[0.57,0,0.14,0.86],""m"":[[68.7,645,9,654],[0,0,0,0],[4.8,48,2,50],[16.65,37,3,40]],""t"":[[0,0,0,0],[0,0,0,0],[0,0,0,0],[0,0,0,0]],""g"":[[0,0,0,0],[0,0,0,0],[0,0,0,0],[0,0,0,0]],""d"":20487}","p230626a3",789,3,"0.00",0
1416,4302,"{""c"": [], ""m"": [], ""t"": [], ""g"": [], ""d"": null}","w63060003",NULL,4,"0.00",0
1418,4304,"{""c"":[1],""m"":[[0.96,32,14,40]],""t"":[[0,0,0,0]],""g"":[[0,0,0,0]],""d"":20460}","w63060003",NULL,2,"0.00",0
1419,4305,"{""c"":[0,0.15,0.28,0,0,0.86],""m"":[[9.13,52,10,60],[3.04,14,6,20],[7.95,90,13,101],[0,0,0,0],[0,0,0,0],[0,0,0,0]],""t"":[[0,0,0,0],[0,0,0,0],[0,0,0,0],[0,0,0,0],[0,0,0,0],[4.43,8.5,53,15]],""g"":[[0,0,0,0],[0,0,0,0],[0,0,0,0],[0,0,0,0],[0,0,0,0],[0.76,19,2,21]],""d"":20495}","608540010",785,4,"0.00",0
1421,4307,"{""c"":[0.57,0.29,0,0,1],""m"":[[0,41,5,45],[2.38,14,1,15],[0,0,0,0],[0,0,0,0],[0,0,0,0]],""t"":[[1.74,4,9,6],[6.24,6.75,5,8],[0,0,0,0],[0,0,0,0],[27.84,55.75,74,71]],""g"":[[7.48,187,107,242],[0,0,0,0],[0,0,0,0],[0,0,0,0],[0,0,0,0]],""d"":20486}","w63060003",NULL,4,"0.00",0
1422,4308,"{""c"":[0,0.01,0.42,0.14,0.14,0.71],""m"":[[9.61,55,9,60],[0,0,0,0],[73.27,901,75,962],[31.28,391,7,398],[14.72,184,12,195],[0,0,0,0]],""t"":[[0,0,0,0],[0,0,0,0],[0,0,0,0],[0,0,0,0],[0,0,0,0],[3.03,6.25,15,10]],""g"":[[0,0,0,0],[0,0,0,0],[0,0,0,0],[0,0,0,0],[0,0,0,0],[0,0,0,0]],""d"":20495}","p250760a3",785,4,"0.00",0
1423,4311,"{""c"":[0,0.43,0.43,0.14,0,0.57],""m"":[[0,0,0,0],[20.14,295,15,310],[24.44,258,3,261],[0,0,0,0],[0,0,0,0],[0,0,0,0]],""t"":[[0,0,0,0],[0,0,0,0],[0,0,0,0],[0,0,0,0],[0,0,0,0],[0,0,0,0]],""g"":[[0,0,0,0],[0,28,2,30],[2.52,14,16,21],[0,0,0,0],[0,0,0,0],[0,0,0,0]],""d"":20495}","c43750703",784,3,"0.00",0
1424,4312,"{""c"":[0,0,0],""m"":[[1.44,135,5,140],[0,0,0,0],[0,0,0,0]],""t"":[[0,0,0,0],[0,0,0,0],[0,0,0,0]],""g"":[[0,0,0,0],[0,0,0,0],[0,0,0,0]],""d"":20485}","w63060003",789,3,"0.00",0
1425,4313,"{""c"":[0.57,0,0.14],""m"":[[5.9,69,8,75],[0,0,0,0],[0,0,0,0]],""t"":[[0,0,0,0],[0,0,0,0],[0,0,0,0]],""g"":[[0,0,0,0],[0,0,0,0],[4.62,42,8,46]],""d"":20478}","w63060003",NULL,2,"0.00",0
1426,4314,"{""c"":[0.43,0,0,0.14,0,1],""m"":[[0.68,36,4,40],[0,0,0,0],[0,0,0,0],[0,0,0,0],[0,0,0,0],[0,0,0,0]],""t"":[[0,0,0,0],[0,0,0,0],[0,0,0,0],[0,9.75,1,10],[0,0,0,0],[0,5,0,5]],""g"":[[0,0,0,0],[0,0,0,0],[0,0,0,0],[0,0,0,0],[0,0,0,0],[0,0,0,0]],""d"":20493}","w63060003",NULL,4,"0.00",0
1427,4315,"{""c"":[0,0.29,0.43,0.43,0.57,0.86],""m"":[[12.84,247,16,260],[2.45,49,1,50],[9.24,44,7,50],[5.04,28,9,30],[32.35,173,22,190],[9.01,78,2,80]],""t"":[[0,0,0,0],[7.38,11.25,15,15],[4.88,4.25,75,12],[4.68,7.25,15,10],[10.2,12,107,30],[12.01,8.75,73,20]],""g"":[[0,0,0,0],[9.44,236,79,273],[2.36,59,13,68],[0.44,11,0,11],[12.64,316,105,380],[0,0,0,0]],""d"":20496}","p28062033",676,4,"0.00",0
1428,4316,"{""c"":[0,0.43,0.29,0,0.14,0.57],""m"":[[10.66,77,3,80],[5.32,38,3,40],[0,0,0,0],[0,0,0,0],[0,0,0,0],[8.4,30,0,30]],""t"":[[2.47,6.25,16,10],[9.93,8.5,6,10],[9.63,8,0,8],[0,0,0,0],[4.33,4.75,1,5],[0,0,0,0]],""g"":[[0,0,0,0],[0,0,0,0],[0,0,0,0],[0,0,0,0],[0,0,0,0],[0,0,0,0]],""d"":20496}","w60353023",714,4,"0.00",0
1430,4318,"{""c"":[0.43,0,0.29,0,1],""m"":[[0,0,0,0],[0,0,0,0],[0.18,2,0,2],[0,0,0,0],[0,0,0,0]],""t"":[[0.87,2.75,5,4],[0,0,0,0],[0.36,2.5,2,3],[0,0,0,0],[0.72,1,0,1]],""g"":[[0,0,0,0],[0,0,0,0],[0,0,0,0],[0,0,0,0],[0,0,0,0]],""d"":20493}","w63060003",NULL,4,"0.00",0
1431,4319,"{""c"": [], ""m"": [], ""t"": [], ""g"": [], ""d"": null}","w63060003",NULL,2,"0.00",0
1432,4321,"{""c"": [], ""m"": [], ""t"": [], ""g"": [], ""d"": null}","w63060003",NULL,0,"0.00",0
1433,4322,"{""c"":[0,0.15,0.28,0,0,0.71],""m"":[[0,0,0,0],[8.21,47,15,60],[11.6,123,5,128],[0,0,0,0],[0,0,0,0],[0,20,0,20]],""t"":[[0,0,0,0],[0,0,0,0],[0,0,0,0],[0,0,0,0],[0,0,0,0],[1.16,2.5,58,10]],""g"":[[0,0,0,0],[0,0,0,0],[0,0,0,0],[0,0,0,0],[0,0,0,0],[0.6,15,9,21]],""d"":20496}","o331717c2",785,4,"0.00",0
1434,4323,"{""c"":[1],""m"":[[0.57,3,3,4]],""t"":[[0,0,0,0]],""g"":[[0,0,0,0]],""d"":20460}","w63060003",NULL,4,"0.00",0
1435,4324,"{""c"":[0.43,0.86],""m"":[[2.59,37,3,40],[5.53,79,1,80]],""t"":[[0,0,0,0],[0,0,0,0]],""g"":[[0,0,0,0],[0,0,0,0]],""d"":20467}","w63060003",NULL,1,"0.00",0
1436,4325,"{""c"":[0.57,0.29,0.28,0,0.14,0.71],""m"":[[0,0,0,0],[0,0,0,0],[0,0,0,0],[0,0,0,0],[0,0,0,0],[0,0,0,0]],""t"":[[0,0,0,0],[0,0,0,0],[0,0,0,0],[0,0,0,0],[0,0,0,0],[0,0,0,0]],""g"":[[0,31,13,39],[0,64,33,84],[0,20,11,26],[0,0,0,0],[0,30,13,39],[0,10,1,11]],""d"":20495}","w63060003",NULL,4,"0.00",0
1437,4326,"{""c"": [], ""m"": [], ""t"": [], ""g"": [], ""d"": null}","w63060003",NULL,3,"0.00",0
1438,4327,"{""c"":[1],""m"":[[1.31,131,0,131]],""t"":[[0,0,0,0]],""g"":[[0,0,0,0]],""d"":20460}","w63060003",NULL,1,"0.00",0
1440,4328,"{""c"":[0,0.43,0.43,0.43,0.57,0.43],""m"":[[0,0,0,0],[8.11,128,2,130],[9.66,64,8,70],[5.22,29,1,30],[33.06,176,17,190],[0,0,0,0]],""t"":[[0,0,0,0],[0,0,20,3],[2.63,2.5,16,6],[10.28,13,12,16],[10.8,13.25,83,30],[0,0,0,0]],""g"":[[0,0,0,0],[5.36,134,19,145],[2.88,72,2,73],[0.88,22,0,22],[7.76,194,41,223],[0,0,0,0]],""d"":20496}","o79579bb3",676,4,"0.00",0
1441,4329,"{""c"":[0.57,0.28,0,0,0.14],""m"":[[0,49,1,50],[5.97,97,22,108],[0,0,0,0],[0,0,0,0],[0,20,0,20]],""t"":[[0,0,0,0],[3.72,5.25,12,8],[0,0,0,0],[0,0,0,0],[0,0,0,0]],""g"":[[0,0,0,0],[0,0,0,0],[0,0,0,0],[0,0,0,0],[0,0,0,0]],""d"":20492}","w63060003",NULL,4,"0.00",0
1442,4330,"{""c"":[1],""m"":[[0.63,9,1,10]],""t"":[[0,0,0,0]],""g"":[[0,0,0,0]],""d"":20481}","w63060003",NULL,4,"0.00",0
1443,4332,"{""c"":[1],""m"":[[6.92,94,6,100]],""t"":[[0,0,0,0]],""g"":[[0,0,0,0]],""d"":20461}","w63060003",NULL,2,"0.00",0
1444,4333,"{""c"":[0.57,1],""m"":[[0.95,19,1,20],[3.35,67,3,70]],""t"":[[0,0,0,0],[0,0,0,0]],""g"":[[0,0,0,0],[0,0,0,0]],""d"":20465}","w63060003",NULL,4,"0.00",0
1445,4335,"{""c"":[0,0.43,0.15,0.14,0.14,0.86],""m"":[[0,0,0,0],[6.21,27,7,30],[0,0,0,0],[0,0,0,0],[2.66,19,1,20],[0,0,0,0]],""t"":[[0,0,0,0],[1.97,2.25,3,3],[6.72,7.5,6,9],[4.02,4.25,7,6],[7.5,8.25,7,10],[0,0,0,0]],""g"":[[0,0,0,0],[5.52,138,46,163],[0,0,0,0],[0.64,16,3,19],[0,0,0,0],[1.56,39,15,49]],""d"":20494}","o15000093",716,4,"0.00",0
1446,4336,"{""c"":[1],""m"":[[1.08,18,2,20]],""t"":[[0,0,0,0]],""g"":[[0,0,0,0]],""d"":20460}","w63060003",NULL,5,"0.00",0
1447,4337,"{""c"":[0,0.14,0.58],""m"":[[4.68,48,6,50],[4.68,9,1,10],[12.16,39,1,40]],""t"":[[0,0,0,0],[2.84,1,4,2],[0,0,0,0]],""g"":[[0,0,0,0],[0,0,0,0],[0,0,0,0]],""d"":20475}","p011620a3",691,3,"0.00",0
1448,4339,"{""c"": [], ""m"": [], ""t"": [], ""g"": [], ""d"": null}","w63060003",NULL,3,"0.00",0
1449,4342,"{""c"":[1],""m"":[[3.9,39,1,40]],""t"":[[0,0,0,0]],""g"":[[0,0,0,0]],""d"":20461}","w63060003",NULL,3,"0.00",0
1450,4343,"{""c"":[0,0.43,0.01,0,0.14,0.86],""m"":[[2.38,17,3,20],[379.72,749,6,755],[0,0,0,0],[0,0,0,0],[0,0,0,0],[0,0,0,0]],""t"":[[5.76,11.25,15,15],[12.51,15.75,52,25],[0,0,0,0],[0,0,0,0],[129.48,18,8,20],[0,0,0,0]],""g"":[[0,0,0,0],[0,0,0,0],[0,0,0,0],[0,0,0,0],[0,0,0,0],[0,0,0,0]],""d"":20493}","823060092",714,0,"0.00",0
1451,4344,"{""c"":[0,0.3,0.29,0,0.28,0.86],""m"":[[20.67,109,9,117],[0,0,0,0],[0,19,1,20],[0,0,0,0],[5.13,19,1,20],[0,0,0,0]],""t"":[[2.41,3.5,8,5],[13.1,14,4,15],[2.41,2.75,1,3],[0,0,0,0],[4.81,5,0,5],[0,0,0,0]],""g"":[[0,0,0,0],[0,0,0,0],[0,0,0,0],[0,0,0,0],[0,0,0,0],[0,0,0,0]],""d"":20493}","j41786823",714,4,"0.00",0
1452,4345,"{""c"":[0,0.57,0.57,0.01,0.57,0.71],""m"":[[0,0,0,0],[9.16,149,1,150],[11.71,110,5,115],[0,0,0,0],[41.38,217,24,235],[8.55,37,3,40]],""t"":[[0,0,0,0],[2.1,2.25,3,3],[7.88,7,33,12],[0,0,0,0],[15.6,19,69,35],[8.57,7.75,83,20]],""g"":[[0,0,0,0],[3.04,76,395,145],[1.96,49,62,73],[0,0,0,0],[6.32,158,182,223],[0,0,0,0]],""d"":20496}","q48082783",676,4,"0.00",0
1453,4347,"{""c"":[0,0.15,0.58,0.43,0.14,0.71],""m"":[[13.86,43,5,46],[0,35,1,36],[23.1,450,18,467],[5.86,66,5,70],[0,0,0,0],[0.72,22,3,25]],""t"":[[0,0,0,0],[0,0,0,0],[0.72,2.25,40,10],[0.3,0.5,18,3],[0,0,0,0],[0,0,0,0]],""g"":[[0,0,0,0],[0,0,0,0],[2.24,56,21,68],[0,0,0,0],[0.68,17,13,24],[0,0,0,0]],""d"":20496}","p45064c23",644,4,"0.00",0
1454,4348,"{""c"":[0,0.3,0.44,0,0,0.86],""m"":[[20.22,371,9,379],[9,150,5,155],[21.57,317,13,330],[0,0,0,0],[0,0,0,0],[3.46,17,4,21]],""t"":[[0,0,0,0],[0,0,0,0],[0.36,1.75,18,4],[0,0,0,0],[0,0,0,0],[0.3,0.5,14,3]],""g"":[[0,0,0,0],[0,0,0,0],[3.12,78,30,95],[0,0,0,0],[0,0,0,0],[1.92,48,8,54]],""d"":20496}","p28761003",644,4,"0.00",0
1455,4350,"{""c"":[0.71,0.3,0.58,0.15,0,0.86],""m"":[[10.67,57,1,58],[47.12,461,7,468],[23.05,265,2,267],[0,0,0,0],[0,0,0,0],[4.06,27,0,27]],""t"":[[0,0,0,0],[0,0,0,0],[0,1,13,4],[0,0.5,11,3],[0,0,0,0],[0,0,0,0]],""g"":[[0.92,23,16,32],[0,0,0,0],[5,125,24,140],[0,0,0,0],[0,0,0,0],[1.04,26,1,27]],""d"":20495}","o210620a3",644,4,"0.00",0
1456,4351,"{""c"":[0.57,0.14,0,0,0,1],""m"":[[0.95,5,1,6],[0,0,0,0],[0,0,0,0],[0,0,0,0],[0,0,0,0],[0,0,0,0]],""t"":[[0,0,0,0],[5.02,7.5,14,11],[0,0,0,0],[0,0,0,0],[0,0,0,0],[2.32,4.5,2,5]],""g"":[[0,0,0,0],[0,0,0,0],[0,0,0,0],[0,0,0,0],[0,0,0,0],[0,0,0,0]],""d"":20493}","w63060003",NULL,4,"0.00",0
1458,4354,"{""c"":[0.71,0.15,0.57,0.29,0.29,0.15],""m"":[[70.69,303,21,320],[0,0,0,0],[13.57,57,24,75],[11.32,49,7,56],[8.15,25,7,30],[7.7,133,13,146]],""t"":[[0,0,0,0],[0,0,0,0],[3.18,4,12,7],[2.27,2.25,13,5],[3,3.25,7,5],[0,0,0,0]],""g"":[[0,0,0,0],[3.28,82,34,96],[2.16,54,14,61],[5.64,141,21,156],[3.4,85,32,104],[1.88,47,4,51]],""d"":20499}","048066613",639,4,"0.00",0
1459,4355,"{""c"":[0.71,0.44,0.57,0.57,0.57,0.43],""m"":[[7.38,18,5,20],[39.84,104,4,107],[83.5,863,82,925],[17.04,116,14,125],[75.25,277,25,297],[4.68,91,15,101,0.06]],""t"":[[0,0,0,0],[1.8,3.75,5,5],[3.14,3.5,18,7],[0,0.25,96,5],[1.08,1.75,39,8],[0,0,0,0]],""g"":[[0,0,0,0],[0.8,20,8,24],[4.48,112,16,125],[4.84,121,5,124],[4.56,114,11,119],[1.2,30,26,50]],""d"":20499}","p43062033",639,4,"0.00",0
1464,4366,"{""c"":[1],""m"":[[0.2,20,0,20]],""t"":[[0,0,0,0]],""g"":[[0,0,0,0]],""d"":20461}","w63060003",NULL,1,"0.00",0
1466,4368,"{""c"":[0.57,0.15,0.57,0.72,0.44,0.29],""m"":[[32.94,108,7,115],[2.52,12,6,15],[20.08,242,39,266],[10.87,59,16,70],[11.44,151,19,166],[6.01,97,14,104,0.06]],""t"":[[0,0,0,0],[0,0,0,0],[1.46,2,33,7],[2.1,2.75,58,10],[2.88,3,1,3],[0,0,0,0]],""g"":[[0,0,0,0],[0.72,18,12,24],[3.12,78,5,82],[3.52,88,5,93],[9.28,232,24,244],[3.76,94,31,113,0.04]],""d"":20499}","x46300903",639,4,"0.00",0
1467,4369,"{""c"":[0.57,0.29,0.43,0.43,0.01,0.29],""m"":[[10.15,113,9,120],[29.13,181,9,190],[20.58,287,47,311],[8.09,31,12,40],[0,0,0,0],[1.4,5,8,10]],""t"":[[0,0,0,0],[0,0,0,0],[0.9,1.25,21,5],[0.42,3,12,5],[0,0,0,0],[0,0,0,0]],""g"":[[0,0,0,0],[0,0,0,0],[3.92,98,69,130],[2.92,73,10,82],[0,0,0,0],[1,25,32,40]],""d"":20499}","o280660a2",639,4,"0.00",0
1468,4371,"{""c"":[0,0.29,0.57,0.29,0,0.71],""m"":[[7.38,18,2,20],[287.18,1544,29,1570],[552.9,2620,46,2660],[41.79,199,1,200],[0,0,0,0],[3.39,14,4,18]],""t"":[[0,0,0,0],[0,0,0,0],[1.15,1.5,15,5],[2.13,0.75,15,3],[0,0,0,0],[0,0,0,0]],""g"":[[0,0,0,0],[0,0,0,0],[18.86,41,11,47],[0,0,0,0],[0,0,0,0],[0,0,0,0]],""d"":20495}","x61470333",644,4,"2.50",0
1469,4372,"{""c"":[0,0,0.15,0.14,0.14,0.43],""m"":[[0,0,0,0],[0,0,0,0],[0.19,19,1,20],[0.2,20,0,20],[0,0,0,0],[0,0,0,0,0]],""t"":[[0,0,0,0],[0,0,0,0],[0,0,0,0],[0,0,0,0],[0,0,0,0],[0,0,0,0,0]],""g"":[[0,0,0,0],[0,0,0,0],[0,0,0,0],[0,0,0,0],[1.82,7,0,7],[0,0,0,0,0]],""d"":20496}","603060026",731,1,"5.00",1
1471,4374,"{""c"":[0.72,0.15,0.44,0.15,0,0.86],""m"":[[6.86,88,2,90],[3.15,15,0,15],[21.11,171,9,175],[0,0,0,0],[0,0,0,0],[15.84,71,10,76]],""t"":[[0,0,0,0],[0,0,0,0],[2.16,3.5,2,4],[1.8,1.75,7,3],[0,0,0,0],[0,0,0,0]],""g"":[[0,0,0,0],[0,0,0,0],[1.44,36,18,47],[0,0,0,0],[0,0,0,0],[0.92,23,5,27]],""d"":20495}","081033b63",644,4,"0.00",0
1473,2218,"{""c"":[0,0,0.58,0.15,0.14,0.58],""m"":[[0,0,0,0],[0,0,0,0],[4.89,213,3,216],[10.25,45,0,45],[12.38,44,1,45],[0,0,0,0]],""t"":[[0,0,0,0],[0,0,0,0],[1.2,1.5,14,5],[0,0,0,0],[0,0,0,0],[0,0,0,0]],""g"":[[0,0,0,0],[0,0,0,0],[0.76,19,6,22],[0,0,0,0],[0,0,0,0],[0,0,0,0]],""d"":20495}","p24172273",695,4,"0.00",0
1474,2221,"{""c"":[0,0,0.14,0.15,0.29,0.58],""m"":[[0,0,0,0],[0,0,0,0],[0,0,0,0],[0,0,0,0],[5.4,40,0,40],[0,0,0,0]],""t"":[[0,0,0,0],[0,0,0,0],[0,0,0,0],[1.62,2,16,5],[0,0,0,0],[0,0,0,0]],""g"":[[0,0,0,0],[0,0,0,0],[0.32,8,31,22],[0,0,0,0],[0,0,0,0],[0,0,0,0]],""d"":20495}","c18760003",695,4,"0.00",0
1475,2222,"{""c"":[0,0,0.14,0.15,0,0.58],""m"":[[0,0,0,0],[0,0,0,0],[0,0,0,0],[6.97,17,3,20],[0,0,0,0],[0,0,0,0]],""t"":[[0,0,0,0],[0,0,0,0],[0.3,0.5,24,4],[0.48,0.75,1,1],[0,0,0,0],[0,0,0,0]],""g"":[[0,0,0,0],[0,0,0,0],[0.68,17,7,22],[0,0,0,0],[0,0,0,0],[0,0,0,0]],""d"":20495}","w63060003",695,4,"0.00",0
1476,2223,"{""c"":[0,0,0.14,0,0.14,0.58],""m"":[[0,0,0,0],[0,0,0,0],[0,0,0,0],[0,0,0,0],[3.69,9,2,10],[0,0,0,0]],""t"":[[0,0,0,0],[0,0,0,0],[2.1,2.75,17,5],[0,0,0,0],[0,0,0,0],[0,0,0,0]],""g"":[[0,0,0,0],[0,0,0,0],[0,0,0,0],[0,0,0,0],[0,0,0,0],[0,0,0,0]],""d"":20495}","n21550083",695,4,"0.00",0
1477,2227,"{""c"":[0,0,0.14,0.15,0.14,0.58],""m"":[[0,0,0,0],[0,0,0,0],[0,0,0,0],[6.97,17,4,20],[0,20,0,20],[0,0,0,0]],""t"":[[0,0,0,0],[0,0,0,0],[0.48,0.75,44,4],[0.24,0.5,2,1],[0,0,0,0],[0,0,0,0]],""g"":[[0,0,0,0],[0,0,0,0],[0.6,15,16,22],[0,0,0,0],[0,0,0,0],[0,0,0,0]],""d"":20495}","l08787846",695,4,"0.00",0
1478,2224,"{""c"":[0,0,0.14,0.15,0.14,0.58],""m"":[[0,0,0,0],[0,0,0,0],[0,0,0,0],[0,0,0,0],[10.28,46,5,50],[0,0,0,0]],""t"":[[0,0,0,0],[0,0,0,0],[3.12,3.25,3,4],[0.96,1,0,1],[0,0,0,0],[0,0,0,0]],""g"":[[0,0,0,0],[0,0,0,0],[0.68,17,19,22],[0,0,0,0],[0,0,0,0],[0,0,0,0]],""d"":20495}","w63060003",695,4,"0.00",0
1479,2240,"{""c"":[0,0,0.14,0.15,0,0.58],""m"":[[0,0,0,0],[0,0,0,0],[2.52,18,2,20],[13.62,63,2,65],[0,0,0,0],[0,0,0,0]],""t"":[[0,0,0,0],[0,0,0,0],[0,0,0,0],[0,0,0,0],[0,0,0,0],[0,0,0,0]],""g"":[[0,0,0,0],[0,0,0,0],[0,0,0,0],[0,0,0,0],[0,0,0,0],[0,0,0,0]],""d"":20495}","w63060003",695,4,"0.00",0
1480,2225,"{""c"":[0,0,0,0,0.71,0.01,0.86],""m"":[[0,0,0,0],[0,0,0,0],[0,0,0,0],[0,0,0,0],[48.46,1099,69,1153],[0,0,0,0],[0.9,18,2,20,0.05]],""t"":[[0,0,0,0],[0,0,0,0],[0,0,0,0],[0,0,0,0],[5.28,4.5,21,8],[0,0,0,0],[0,0,0,0,0]],""g"":[[0,0,0,0],[0,0,0,0],[0,0,0,0],[0,0,0,0],[0.56,14,14,22],[0,0,0,0],[0,0,0,0,0]],""d"":20501}","w63060003",695,4,"0.00",0
1481,2228,"{""c"":[0,0,0.29,0,0,0.58],""m"":[[0,0,0,0],[0,0,0,0],[5.4,30,0,30],[0,0,0,0],[0,0,0,0],[0,0,0,0]],""t"":[[0,0,0,0],[0,0,0,0],[0.78,1.25,3,2],[0,0,0,0],[0,0,0,0],[0,0,0,0]],""g"":[[0,0,0,0],[0,0,0,0],[0.52,13,21,22],[0,0,0,0],[0,0,0,0],[0,0,0,0]],""d"":20495}","x35080003",695,4,"0.00",0
1482,2229,"{""c"":[0,0,0,0,0,0.72],""m"":[[0,0,0,0],[0,0,0,0],[0,0,0,0],[0,0,0,0],[0,0,0,0],[6.73,99,1,100]],""t"":[[0,0,0,0],[0,0,0,0],[0,0,0,0],[0,0,0,0],[0,0,0,0],[0,0,40,1]],""g"":[[0,0,0,0],[0,0,0,0],[0,0,0,0],[0,0,0,0],[0,0,0,0],[0.56,14,7,17]],""d"":20496}","w63060003",695,4,"4.00",0
1483,2230,"{""c"":[0,0,0.29,0.29,0.14,0.58],""m"":[[0,0,0,0],[0,0,0,0],[0,20,0,20],[10.94,39,1,40],[8.55,35,0,35],[0,0,0,0]],""t"":[[0,0,0,0],[0,0,0,0],[4.97,9.25,18,12],[1.97,2.5,6,4],[0,0,0,0],[0,0,0,0]],""g"":[[0,0,0,0],[0,0,0,0],[0.76,19,6,22],[0,0,0,0],[0,0,0,0],[0,0,0,0]],""d"":20495}","c18571023",695,4,"0.00",0
1484,2219,"{""c"":[0,0,0.14,0.15,0.29,0.58],""m"":[[0,0,0,0],[0,0,0,0],[0,0,0,0],[2.1,15,0,15],[5.13,19,1,20],[0,0,0,0]],""t"":[[0,0,0,0],[0,0,0,0],[0,0,19,2],[1.32,1.75,5,3],[0.42,0.5,2,1],[0,0,0,0]],""g"":[[0,0,0,0],[0,0,0,0],[0.52,13,24,26],[0,0,0,0],[0,0,0,0],[0,0,0,0]],""d"":20495}","649340003",695,4,"0.00",0
1485,2231,"{""c"":[0,0,0.14,0.15,0,0.58],""m"":[[0,0,0,0],[0,0,0,0],[0,0,0,0],[8.67,56,18,65],[0,0,0,0],[0,0,0,0]],""t"":[[0,0,0,0],[0,0,0,0],[0,0,51,5],[0,0,9,1],[0,0,0,0],[0,0,0,0]],""g"":[[0,0,0,0],[0,0,0,0],[0.52,13,49,22],[0,0,0,0],[0,0,0,0],[0,0,0,0]],""d"":20495}","w63060003",695,4,"0.00",0
1486,2232,"{""c"":[0,0,0.15,0,0.28,0.58],""m"":[[0,0,0,0],[0,0,0,0],[4.15,42,4,45],[0,0,0,0],[16.74,62,10,70],[0,0,0,0]],""t"":[[0,0,0,0],[0,0,0,0],[0.36,0.75,10,2],[0,0,0,0],[1.2,1,7,2],[0,0,0,0]],""g"":[[0,0,0,0],[0,0,0,0],[0,0,0,0],[0,0,0,0],[0,0,0,0],[0,0,0,0]],""d"":20495}","o780725a3",695,4,"0.00",0
1487,2241,"{""c"":[0,0,0.29,0.15,0.14,0.58],""m"":[[0,0,0,0],[0,0,0,0],[4.83,28,4,30],[10.45,42,5,45],[7.45,25,0,25],[0,0,0,0]],""t"":[[0,0,0,0],[0,0,0,0],[1.8,7,12,10],[0,0,0,0],[0,0,0,0],[0,0,0,0]],""g"":[[0,0,0,0],[0,0,0,0],[0.8,20,15,22],[0,0,0,0],[0,0,0,0],[0,0,0,0]],""d"":20495}","w63060003",695,4,"0.00",0
1488,2234,"{""c"":[0,0,0.14,0.15,0.14,0.58],""m"":[[0,0,0,0],[0,0,0,0],[0,0,0,0],[0,0,0,0],[0,2,0,2],[0,0,0,0]],""t"":[[0,0,0,0],[0,0,0,0],[0,0,0,0],[0.72,1.25,43,3],[0,0,0,0],[0,0,0,0]],""g"":[[0,0,0,0],[0,0,0,0],[0.44,11,35,22],[0,0,0,0],[0,0,0,0],[0,0,0,0]],""d"":20495}","w63060003",695,4,"0.00",0
1489,2242,"{""c"":[0,0,0.29,0,0,0.29],""m"":[[0,0,0,0],[0,0,0,0],[31.38,143,25,160],[0,0,0,0],[0,0,0,0],[4.59,17,3,20]],""t"":[[0,0,0,0],[0,0,0,0],[1.2,1.5,2,2],[0,0,0,0],[0,0,0,0],[0,0,3,1,null]],""g"":[[0,0,0,0],[0,0,0,0],[0.64,16,6,22],[0,0,0,0],[0,0,0,0],[0,0,0,0]],""d"":20499}","648570010",695,4,"9.00",0
1490,2236,"{""c"":[0,0,0,0.15,0,0.72],""m"":[[0,0,0,0],[0,0,0,0],[0,0,0,0],[9.42,134,7,140],[0,0,0,0],[5.4,20,0,20]],""t"":[[0,0,0,0],[0,0,0,0],[0,0,0,0],[0,0,0,0],[0,0,0,0],[3,3.25,3,4]],""g"":[[0,0,0,0],[0,0,0,0],[0,0,0,0],[0,0,0,0],[0,0,0,0],[0.64,16,1,17]],""d"":20495}","w63060003",695,4,"0.00",0
1491,2237,"{""c"":[0,0,0.29,0.15,0.28,0.72],""m"":[[0,0,0,0],[0,0,0,0],[4.6,20,0,20],[8.2,20,0,20],[20.25,115,0,115],[5.13,19,1,20]],""t"":[[0,0,0,0],[0,0,0,0],[2.94,2.5,17,5],[0.96,1,0,1],[0,0,0,0],[0,0,0,0]],""g"":[[0,0,0,0],[0,0,0,0],[0.88,22,0,22],[0,0,0,0],[0,0,0,0],[0,0,0,0]],""d"":20495}","o28063043",695,4,"0.00",0
1492,2238,"{""c"":[0,0,0.14,0,0,0.72],""m"":[[0,0,0,0],[0,0,0,0],[0,0,0,0],[0,0,0,0],[0,0,0,0],[4.86,18,4,20]],""t"":[[0,0,0,0],[0,0,0,0],[0,0,0,0],[0,0,0,0],[0,0,0,0],[4.44,3.75,5,5]],""g"":[[0,0,0,0],[0,0,0,0],[0.4,10,37,22],[0,0,0,0],[0,0,0,0],[0,0,0,0]],""d"":20495}","w63060003",695,4,"0.00",0
1493,2220,"{""c"":[0,0,0.43,0.28,0.28,0.72],""m"":[[0,0,0,0],[0,0,0,0],[105.72,2095,33,2127],[27.83,427,9,434],[36.07,233,10,243],[9.95,45,3,47]],""t"":[[0,0,0,0],[0,0,0,0],[15.24,14.5,27,18],[0,0,0,0],[0,0,0,0],[0,0,0,0]],""g"":[[0,0,0,0],[0,0,0,0],[0.64,16,19,21],[0,0,0,0],[0,0,0,0],[0,0,0,0]],""d"":20495}","p23082043",695,4,"0.00",0
1494,2239,"{""c"":[0,0,0.44,0.29,0.43,0.58],""m"":[[0,0,0,0],[0,0,0,0],[0,0,0,0],[22.23,480,3,483],[40.15,715,3,718],[0,0,0,0]],""t"":[[0,0,0,0],[0,0,0,0],[1.73,11.75,17,15],[0,4.5,2,5],[0,0,0,0],[0,0,0,0]],""g"":[[0,0,0,0],[0,0,0,0],[0.64,16,13,22],[0,0,0,0],[0,0,0,0],[0,0,0,0]],""d"":20495}","p21086073",695,4,"0.00",0
1496,4385,"{""c"":[1],""m"":[[0,0,0,0]],""t"":[[0.72,5.75,14,7]],""g"":[[0,0,0,0]],""d"":20486}","w63060003",NULL,4,"0.00",0
1497,4386,"{""c"":[0.86],""m"":[[0,19,1,20]],""t"":[[0,0,0,0]],""g"":[[11.16,62,20,74]],""d"":20492}","w63060003",NULL,3,"0.00",0
1498,4387,"{""c"": [], ""m"": [], ""t"": [], ""g"": [], ""d"": null}","w63060003",NULL,3,"0.00",0
1499,4389,"{""c"": [], ""m"": [], ""t"": [], ""g"": [], ""d"": null}","w63060003",NULL,3,"0.00",0
1500,4390,"{""c"": [], ""m"": [], ""t"": [], ""g"": [], ""d"": null}","w63060003",NULL,3,"0.00",0
1501,4392,"{""c"": [], ""m"": [], ""t"": [], ""g"": [], ""d"": null}","w63060003",NULL,3,"0.00",0
1502,4393,"{""c"": [], ""m"": [], ""t"": [], ""g"": [], ""d"": null}","w63060003",NULL,3,"0.00",0
1503,4394,"{""c"":[1],""m"":[[0,1,0,1]],""t"":[[0,0,0,0]],""g"":[[0,0,0,0]],""d"":20479}","w63060003",NULL,3,"0.00",0
1505,4396,"{""c"": [], ""m"": [], ""t"": [], ""g"": [], ""d"": null}","w63060003",NULL,3,"0.00",0
1506,4397,"{""c"":[0.57,0.14,0,0.14,0.14,0.14,1],""m"":[[2.46,246,3,249],[0.77,77,3,80],[0,0,0,0],[0.12,12,10,20],[0.58,39,1,40],[0.38,38,2,40],[2.17,217,10,227,0.01]],""t"":[[0,0,0,0],[0,0,0,0],[0,0,0,0],[0,0,0,0],[2.9,4.25,3,5],[0,0,0,0],[0,0,0,0,0]],""g"":[[0,0,0,0],[0,0,0,0],[0,0,0,0],[0,0,0,0],[0,0,0,0],[0,0,0,0],[0,0,0,0,0]],""d"":20500}","w63060003",NULL,2,"0.00",0
1507,4398,"{""c"":[0.71,0.14],""m"":[[1.79,39,1,40],[2.4,30,0,30]],""t"":[[0,0,0,0],[0,0,0,0]],""g"":[[0,0,0,0],[0,0,0,0]],""d"":20471}","w63060003",NULL,2,"0.00",0
1508,4399,"{""c"":[0.57,0,0.14,0,0.14,0.57],""m"":[[7.84,98,2,100],[0,0,0,0],[4.08,56,4,60],[0,0,0,0],[1.81,41,0,41],[4.72,59,1,60]],""t"":[[0,0,0,0],[0,0,0,0],[0,0,0,0],[0,0,0,0],[0,0,0,0],[0,0,0,0]],""g"":[[0,0,0,0],[0,0,0,0],[0,0,0,0],[0,0,0,0],[0,0,0,0],[0,0,0,0]],""d"":20496}","w63060003",NULL,2,"0.00",0
1509,4400,"{""c"": [], ""m"": [], ""t"": [], ""g"": [], ""d"": null}","w63060003",NULL,3,"0.00",0
1510,4401,"{""c"":[1],""m"":[[2.98,88,2,90]],""t"":[[0,0,0,0]],""g"":[[0,0,0,0]],""d"":20462}","w63060003",NULL,2,"0.00",0
1511,4402,"{""c"":[0.57,0.57],""m"":[[6.41,375,10,383],[2.8,28,2,30]],""t"":[[0,0,0,0],[0,0,0,0]],""g"":[[0,0,0,0],[0,0,0,0]],""d"":20468}","w63060003",NULL,2,"0.00",0
1512,4403,"{""c"":[0.72,0.14,0,0,0.71],""m"":[[40.11,518,11,529],[21.28,208,15,220],[0,0,0,0],[0,0,0,0],[2.34,18,3,20]],""t"":[[0,0,0,0],[0,0,0,0],[0,0,0,0],[0,0,0,0],[0,0,0,0]],""g"":[[0,0,0,0],[0,0,0,0],[0,0,0,0],[0,0,0,0],[0,0,0,0]],""d"":20488}","w63060003",NULL,2,"0.00",0
1513,2267,"{""c"":[0],""m"":[[0,0,0,0]],""t"":[[0,0,0,0]],""g"":[[0,0,0,0]],""d"":20460}","w63060003",112,-1,"0.00",0
1514,2265,"{""c"":[0],""m"":[[0,0,0,0]],""t"":[[0,0,0,0]],""g"":[[0,0,0,0]],""d"":20460}","w63060003",112,-1,"0.00",0
1515,2269,"{""c"":[0],""m"":[[0,0,0,0]],""t"":[[0,0,0,0]],""g"":[[0,0,0,0]],""d"":20460}","w63060003",112,-1,"0.00",0
1516,2280,"{""c"":[0],""m"":[[0,0,0,0]],""t"":[[0,0,0,0]],""g"":[[0,0,0,0]],""d"":20460}","w63060003",112,-1,"0.00",0
1517,2276,"{""c"":[0],""m"":[[0,0,0,0]],""t"":[[0,0,0,0]],""g"":[[0,0,0,0]],""d"":20460}","w63060003",112,-1,"0.00",0
1518,2273,"{""c"":[0],""m"":[[0,0,0,0]],""t"":[[0,0,0,0]],""g"":[[0,0,0,0]],""d"":20460}","w63060003",112,-1,"0.00",0
1519,2268,"{""c"":[0],""m"":[[0,0,0,0]],""t"":[[0,0,0,0]],""g"":[[0,0,0,0]],""d"":20460}","w63060003",112,-1,"0.00",0
1520,2275,"{""c"":[0],""m"":[[0,0,0,0]],""t"":[[0,0,0,0]],""g"":[[0,0,0,0]],""d"":20460}","w63060003",112,-1,"0.00",0
1521,2277,"{""c"":[0],""m"":[[0,0,0,0]],""t"":[[0,0,0,0]],""g"":[[0,0,0,0]],""d"":20460}","w63060003",112,-1,"0.00",0
1522,2266,"{""c"":[0],""m"":[[0,0,0,0]],""t"":[[0,0,0,0]],""g"":[[0,0,0,0]],""d"":20460}","w63060003",112,-1,"0.00",0
1523,2278,"{""c"":[0],""m"":[[0,0,0,0]],""t"":[[0,0,0,0]],""g"":[[0,0,0,0]],""d"":20460}","w63060003",112,-1,"0.00",0
1524,2279,"{""c"":[0],""m"":[[0,0,0,0]],""t"":[[0,0,0,0]],""g"":[[0,0,0,0]],""d"":20460}","w63060003",112,-1,"0.00",0
1525,2270,"{""c"":[0],""m"":[[0,0,0,0]],""t"":[[0,0,0,0]],""g"":[[0,0,0,0]],""d"":20460}","w63060003",112,-1,"0.00",0
1526,2274,"{""c"":[0],""m"":[[0,0,0,0]],""t"":[[0,0,0,0]],""g"":[[0,0,0,0]],""d"":20460}","w63060003",112,-1,"0.00",0
1527,2272,"{""c"":[0],""m"":[[0,0,0,0]],""t"":[[0,0,0,0]],""g"":[[0,0,0,0]],""d"":20460}","w63060003",112,-1,"0.00",0
1528,2271,"{""c"":[0],""m"":[[0,0,0,0]],""t"":[[0,0,0,0]],""g"":[[0,0,0,0]],""d"":20460}","w63060003",112,-1,"0.00",0
1529,4404,"{""c"":[0.57,0.14,0,0.14,0,0.57],""m"":[[4.4,160,0,160],[4.95,96,4,100],[0,0,0,0],[0,0,0,0],[0,0,0,0],[3.12,39,1,40]],""t"":[[0,0,0,0],[8.71,11.75,13,15],[0,0,0,0],[5.81,7.5,12,10],[0,0,0,0],[6.22,10.25,19,15]],""g"":[[0,0,0,0],[0,0,0,0],[0,0,0,0],[0,0,0,0],[0,0,0,0],[0,0,0,0]],""d"":20496}","w63060003",NULL,2,"0.00",0
1530,4406,"{""c"":[0.57,0.72],""m"":[[3.8,38,2,40],[0,0,0,0]],""t"":[[0,0,0,0],[0,0,0,0]],""g"":[[0,0,0,0],[0,0,0,0]],""d"":20473}","w63060233",819,2,"0.00",0
1532,4408,"{""c"":[0,0.29,0.15,0,0.14,0.86],""m"":[[9.03,201,3,204],[5.46,39,1,40],[0,0,0,0],[0,0,0,0],[2.16,8,0,8],[0,0,0,0]],""t"":[[7.99,11,4,12],[10.7,12.75,14,16],[2.41,2.75,1,3],[0,0,0,0],[4.81,5,0,5],[0,0,0,0]],""g"":[[0,0,0,0],[0,0,0,0],[0,0,0,0],[0,0,0,0],[0,0,0,0],[0,0,0,0]],""d"":20493}","611783023",714,4,"6.00",0
1535,4413,"{""c"":[1],""m"":[[3.42,18,2,20]],""t"":[[0,0,0,0]],""g"":[[0,0,0,0]],""d"":20461}","w63060003",NULL,4,"0.00",0
1538,4417,"{""c"":[0.57,0,0,0,0.14],""m"":[[3.92,49,1,50],[0,0,0,0],[0,0,0,0],[0,0,0,0],[11.5,115,5,120]],""t"":[[0,0,0,0],[0,0,0,0],[0,0,0,0],[0,0,0,0],[0,0,0,0]],""g"":[[0,0,0,0],[0,0,0,0],[0,0,0,0],[0,0,0,0],[0,0,0,0]],""d"":20492}","w63060003",NULL,2,"0.00",0
1539,4420,"{""c"": [], ""m"": [], ""t"": [], ""g"": [], ""d"": null}","w63060003",NULL,4,"0.00",0
1540,4423,"{""c"":[0,0,0.43,0.58],""m"":[[0,0,0,0],[0,0,0,0],[5.15,41,20,50],[0,0,0,0]],""t"":[[0,0,0,0],[0,0,0,0],[0,0,0,0],[0,0,0,0]],""g"":[[0,0,0,0],[0,0,0,0],[2.4,60,132,110],[0,0,0,0]],""d"":20481}","w63060003",302,4,"0.00",0
1541,1671,"{""c"":[0.71,0.29,0.57,0.86,0.57,0.86],""m"":[[29.94,74,2,76],[2.96,56,3,59],[292.96,773,52,815],[106.33,281,10,291],[47.64,126,5,130],[38.74,96,4,100]],""t"":[[0,0,0,0],[0,0,0,0],[10.85,5,19,7],[0,0,0,0],[0,0,0,0],[0,0,0,0]],""g"":[[0,0,0,0],[0,36,1,37],[13.14,73,10,81],[0,0,0,0],[0,0,0,0],[0,0,0,0]],""d"":20496}","g13071326",636,3,"0.00",0
1542,4426,"{""c"":[1],""m"":[[0.19,19,1,20]],""t"":[[0,0,0,0]],""g"":[[0,0,0,0]],""d"":20461}","w63060003",NULL,1,"0.00",0
1544,4428,"{""c"":[0.57,0,0,0.14,0.71],""m"":[[2.21,17,4,20],[0,0,0,0],[0,0,0,0],[2.47,19,1,20],[9.75,75,5,80]],""t"":[[0,0,0,0],[0,0,0,0],[0,0,0,0],[0,0,0,0],[0,0,0,0]],""g"":[[0,0,0,0],[0,0,0,0],[0,0,0,0],[0,0,0,0],[0,0,0,0]],""d"":20490}","w63060003",NULL,1,"0.00",0
1545,4429,"{""c"":[0.72,0.29,0.29,0.14,0,0.86],""m"":[[0.98,27,0,27],[21.74,99,0,99],[4.47,48,1,49],[0.72,4,0,4],[0,0,0,0],[0,0,0,0]],""t"":[[0,0,0,0],[0,0,0,0],[14.22,13,85,24],[3.3,4.25,7,6],[0,0,0,0],[21.3,19.75,21,24]],""g"":[[1.04,26,8,33],[1.84,46,1,47],[0,0,0,0],[0,0,0,0],[0,0,0,0],[1.04,26,1,27]],""d"":20496}","853061096",644,4,"0.50",0
1546,4431,"{""c"":[0.58,0.71,0.57,0.43,0.29],""m"":[[2.52,32,3,35],[26.91,324,17,340],[12.75,84,6,90],[9.16,113,6,118],[20.97,340,10,350]],""t"":[[0,0,0,0],[3.77,4.5,31,11],[0.3,0.5,60,10],[0.96,1.75,5,3],[0,0,0,0]],""g"":[[0,0,0,0],[4.52,113,68,152],[2.92,73,15,82],[4.8,120,11,130],[1.92,48,21,62]],""d"":20499}","n57032a34",639,4,"0.00",0
1547,4432,"{""c"":[0,0.01,0.44,0.28,0.14,0.72],""m"":[[0,0,0,0],[0,0,0,0],[21.88,279,11,287],[15.57,288,6,294],[9.35,109,6,115],[14.89,282,2,284]],""t"":[[0,0,0,0],[0,0,0,0],[3.72,4.25,59,12],[0.6,0.75,40,6],[0,0,0,0],[0,0,0,0]],""g"":[[0,0,0,0],[0,0,0,0],[2.4,60,11,71],[0,0,0,0],[0.96,24,0,24],[0,0,0,0]],""d"":20496}","x28076246",644,4,"0.00",0
1548,4433,"{""c"":[0.86,0,0,0,0,0.14],""m"":[[20.95,234,42,260],[0,0,0,0,0],[0,0,0,0,0],[0,0,0,0,0],[0,0,0,0,0],[0,0,0,0,0]],""t"":[[0,0,10,2],[0,0,0,0,0],[0,0,0,0,0],[0,0,0,0,0],[0,0,0,0,0],[0,0,0,0,0]],""g"":[[0,0,0,0],[0,0,0,0,0],[0,0,0,0,0],[0,0,0,0,0],[0,0,0,0,0],[0,0,0,0,0]],""d"":20498}","w63060003",766,2,"0.00",1
1549,4434,"{""c"":[1,1],""m"":[[21.2,265,6,271],[7.28,91,7,97]],""t"":[[0,0,0,0],[0,0,0,0]],""g"":[[0,0,0,0],[0,0,0,0]],""d"":20466}","w63060003",NULL,2,"0.00",0
1550,4436,"{""c"":[1],""m"":[[3.2,40,0,40]],""t"":[[0,0,0,0]],""g"":[[0,0,0,0]],""d"":20461}","w63060003",NULL,2,"0.00",0
1552,4438,"{""c"":[1],""m"":[[7.86,131,12,135]],""t"":[[0,0,0,0]],""g"":[[0.2,5,27,11]],""d"":20461}","w63060003",NULL,4,"0.00",0
1553,4439,"{""c"":[0.72,0.01,0.29,0.29,0,0.57],""m"":[[0,20,0,20],[0,0,0,0],[5.76,63,6,65],[0.18,1,16,1],[0,0,0,0],[0,0,0,0]],""t"":[[8.28,13.25,7,15],[0,0,0,0],[2.52,3.75,1,4],[0.9,1.25,10,3],[0,0,0,0],[0,0,0,0]],""g"":[[0,0,0,0],[0,0,0,0],[1.28,32,21,47],[0,0,0,0],[0,0,0,0],[0,0,0,0]],""d"":20495}","v41160313",644,4,"0.00",0
1554,4440,"{""c"":[0,0.57,0.72,0.43,0.57,0.71],""m"":[[0,0,0,0],[11.65,253,21,270],[12.6,80,7,85],[3.42,19,44,30],[35.27,194,56,222],[8.36,36,4,40]],""t"":[[0,0,0,0],[0,3.75,140,26],[0,0.5,152,12],[0,1,62,10],[1.8,1.75,334,30],[0,0,189,20]],""g"":[[0,0,0,0],[5.76,166,217,265],[2.36,59,26,73],[0.28,7,12,11],[5.04,126,226,223],[0,0,0,0]],""d"":20496}","w63060003",676,4,"0.00",0
1555,4441,"{""c"":[1],""m"":[[1.44,18,2,20]],""t"":[[0,0,0,0]],""g"":[[0,0,0,0]],""d"":20471}","w63060003",NULL,2,"0.00",0
1556,4442,"{""c"":[0.57,0,0,0,0.86],""m"":[[7.58,117,3,120],[0,0,0,0],[0,0,0,0],[0,0,0,0],[16.84,196,4,200]],""t"":[[0,0,0,0],[0,0,0,0],[0,0,0,0],[0,0,0,0],[0,0,0,0]],""g"":[[0,0,0,0],[0,0,0,0],[0,0,0,0],[0,0,0,0],[0,0,0,0]],""d"":20487}","w63060003",NULL,2,"0.00",0
1557,4443,"{""c"":[0.71,0.14,0.14,0,0,1],""m"":[[4.88,76,4,80],[0.72,9,2,10],[3.04,38,2,40],[0,0,0,0],[0,0,0,0],[5.29,83,4,85]],""t"":[[1.24,3,8,5],[0,0,0,0],[0,0,0,0],[0,0,0,0],[0,0,0,0],[7.05,9.25,3,10]],""g"":[[0,0,0,0],[0,0,0,0],[0,0,0,0],[0,0,0,0],[0,0,0,0],[0,0,0,0]],""d"":20494}","061084b33",723,2,"0.00",0
1558,4444,"{""c"": [], ""m"": [], ""t"": [], ""g"": [], ""d"": null}","w63060003",NULL,1,"0.00",0
1559,4445,"{""c"":[0.57,0.86],""m"":[[12.8,160,22,180],[6.4,80,0,80]],""t"":[[0,0,0,0],[0,0,0,0]],""g"":[[0,0,0,0],[0,0,0,0]],""d"":20466}","w63060003",NULL,3,"0.00",0
1560,4446,"{""c"": [], ""m"": [], ""t"": [], ""g"": [], ""d"": null}","w63060003",NULL,3,"0.00",0
1562,4448,"{""c"":[0.57,0.43],""m"":[[0,45,0,45],[0,5,0,5]],""t"":[[0,0,0,0],[0,13.25,32,20]],""g"":[[0,0,0,0],[0,0,0,0]],""d"":20469}","w63060003",NULL,4,"0.00",0
1563,4449,"{""c"":[0.57,0.01,0.01,0.29,0,0.57],""m"":[[0,56,4,60],[0,0,0,0],[0,0,0,0],[3.15,72,16,80],[0,0,0,0],[0,20,0,20]],""t"":[[0,0,0,0],[0,0,0,0],[0,0,0,0],[0,0,0,0],[0,0,0,0],[0,0,0,0]],""g"":[[0,0,0,0],[0,0,0,0],[0,0,0,0],[0.84,21,4,24],[0,0,0,0],[0.84,21,8,27]],""d"":20496}","o53064636",644,4,"0.00",0
1564,4450,"{""c"":[0,0.28,0.58],""m"":[[0,0,0,0],[3.66,37,3,40],[0,0,0,0]],""t"":[[0,0,0,0],[0,0,0,0],[0,0,0,0]],""g"":[[0,0,0,0],[2.72,68,135,115],[0,0,0,0]],""d"":20481}","w63060003",302,4,"0.00",0
1565,4451,"{""c"":[0.71,0.71],""m"":[[3.42,38,2,40],[1.8,40,0,40]],""t"":[[0,0,0,0],[0,0,0,0]],""g"":[[0,0,0,0],[0,0,0,0]],""d"":20467}","w63060003",NULL,2,"0.00",0
1566,4452,"{""c"":[0.71,0.14,0.14,0.28,0.86],""m"":[[6.12,65,6,70],[2.6,26,6,30],[1.7,17,3,20],[5.2,52,9,60],[5.1,51,11,60]],""t"":[[0,0,0,0],[0,0,0,0],[0,0,0,0],[0,0,0,0],[0,0,0,0]],""g"":[[0,0,0,0],[0,0,0,0],[0,0,0,0],[0,0,0,0],[0,0,0,0]],""d"":20488}","w63060003",NULL,2,"0.00",0
1567,4454,"{""c"":[1],""m"":[[6.65,95,25,112]],""t"":[[0,0,0,0]],""g"":[[0,0,0,0]],""d"":20462}","w63060003",NULL,4,"0.00",0
1568,4456,"{""c"":[0,0.01,0.29,0,0,0.86],""m"":[[10.5,60,0,60],[0,0,0,0],[17.96,245,5,249],[0,0,0,0],[0,0,0,0],[3.2,20,0,20]],""t"":[[0,0,0,0],[0,0,0,0],[0,0,0,0],[0,0,0,0],[0,0,0,0],[2.6,6,16,10]],""g"":[[0,0,0,0],[0,0,0,0],[0,0,0,0],[0,0,0,0],[0,0,0,0],[1,25,0,25]],""d"":20495}","4480160a6",785,4,"0.00",0
1570,4457,"{""c"":[0.57,0,0.29],""m"":[[0,0,0,0],[0,0,0,0],[0,0,0,0]],""t"":[[0,0,0,0],[0,0,0,0],[0,2.75,10,5]],""g"":[[2.44,61,40,81],[0,0,0,0],[0,0,0,0]],""d"":20477}","w63060003",NULL,4,"0.00",0
1571,4458,"{""c"":[0.57,1],""m"":[[0.6,40,0,40],[1.2,40,0,40]],""t"":[[0,0,0,0],[0,0,0,0]],""g"":[[0,0,0,0],[0,0,0,0]],""d"":20465}","w63060003",NULL,2,"0.00",0
1572,4459,"{""c"":[0.57,0.14,0.29],""m"":[[0.37,37,3,40],[0.4,40,0,40],[0.2,20,0,20]],""t"":[[0,0,0,0],[0,0,0,0],[0,0,0,0]],""g"":[[0,0,0,0],[0,0,0,0],[0,0,0,0]],""d"":20477}","w63060003",NULL,1,"0.00",0
1574,4461,"{""c"":[0.57,0,0.43,0.43,0.71],""m"":[[0,4,0,4],[0,0,0,0],[4.7,50,6,55],[7.37,37,11,45],[1.64,4,4,5]],""t"":[[2.52,3.75,1,4],[0,0,0,0],[0,1,0,1],[2.65,2.5,2,3],[0,0,0,0]],""g"":[[0,0,0,0],[0,0,0,0],[0,0,0,0],[0,0,0,0],[0,0,0,0]],""d"":20488}","421083443",679,4,"0.00",0
1576,4463,"{""c"":[0.57,0.71],""m"":[[3.6,36,8,40],[1.4,14,6,20]],""t"":[[0,0,0,0],[0,0,0,0]],""g"":[[0,0,0,0],[0,0,0,0]],""d"":20467}","w63060003",NULL,2,"0.00",0
1577,4464,"{""c"":[0.71,0,0,0,1],""m"":[[6,75,7,80],[0,0,0,0],[0,0,0,0],[0,0,0,0],[6.8,60,0,60]],""t"":[[0,0,0,0],[0,0,0,0],[0,0,0,0],[0,0,0,0],[0,0,0,0]],""g"":[[0,0,0,0],[0,0,0,0],[0,0,0,0],[0,0,0,0],[0,0,0,0]],""d"":20486}","w63060003",NULL,3,"0.00",0
1578,4465,"{""c"":[0.57,0.71],""m"":[[2.36,54,11,60],[1.6,16,5,20]],""t"":[[0,0,0,0],[0,0,0,0]],""g"":[[0,0,0,0],[0,0,0,0]],""d"":20467}","w63060003",NULL,2,"0.00",0
1579,4466,"{""c"":[0,0.43],""m"":[[91,270,40,305],[0,0,0,0]],""t"":[[0,0,0,0],[0,0,0,0]],""g"":[[0,0,0,0],[0,0,0,0]],""d"":20468}","w63060003",751,3,"0.00",0
1580,4467,"{""c"":[0.57,0,0.43,0,0.29,0.01,0.72],""m"":[[1.6,20,1,21],[0,0,0,0],[23.6,160,0,160],[0,0,0,0],[38.65,117,3,120],[0,0,0,0],[0,0,0,0,0]],""t"":[[0,0,0,0],[0,0,0,0],[7.84,3.25,17,6],[0,0,0,0],[0,0,0,0],[0,0,0,0],[0,0,0,0,0]],""g"":[[0,0,0,0],[0,0,0,0],[0,0,0,0],[0,0,0,0],[0,0,0,0],[0,0,0,0],[0,0,0,0,0]],""d"":20501}","n57626023",689,3,"0.00",0
1581,4468,"{""c"":[0,0.16,0.44,0.15,0,0.57],""m"":[[0,0,0,0],[2.7,45,5,50],[0.78,3,2,3],[0,0,0,0],[0,0,0,0],[0,0,0,0]],""t"":[[0,0,0,0],[0,0,0,0],[1.8,3,4,4],[0,0,14,3],[0,0,0,0],[0,0,0,0]],""g"":[[0,0,0,0],[0,0,0,0],[1.72,43,5,47],[0,0,0,0],[0,0,0,0],[0,0,0,0]],""d"":20495}","c47061003",644,4,"3.00",0
1582,4469,"{""c"":[0.71,0.71,0.29,0.71,0.15,0.72],""m"":[[2.86,58,2,60],[15.66,110,10,120],[8.16,114,4,117],[27.34,265,33,283],[16.41,93,13,100],[5.79,49,9,55]],""t"":[[0,0,0,0],[0,0,0,0],[0,0,0,0],[0,0,0,0],[0,0,0,0],[0,0,0,0]],""g"":[[0,0,0,0],[0,0,0,0],[0,0,0,0],[0,0,0,0],[0,0,0,0],[0,0,0,0]],""d"":20496}","w63060003",NULL,1,"0.00",0
1585,4472,"{""c"":[0.86],""m"":[[7.17,53,6,59]],""t"":[[0,0,0,0]],""g"":[[0,0,0,0]],""d"":20463}","w63060003",NULL,4,"0.00",0
1586,4473,"{""c"":[1],""m"":[[0,39,1,40]],""t"":[[0,8.5,6,10]],""g"":[[0,0,0,0]],""d"":20469}","w63060003",NULL,4,"0.00",0
1587,4474,"{""c"":[0.86,0.3,0.3,0.15,0.28,0.57],""m"":[[65.67,1087,28,1113],[97.59,1844,29,1873],[6.07,27,2,29],[0,0,0,0],[9.3,121,10,128],[0,0,0,0]],""t"":[[0,0,0,0],[0,0,0,0],[1.8,3.25,3,4],[0.6,1,9,3],[0,0,0,0],[0,0,0,0]],""g"":[[0.64,16,13,23],[0.72,18,5,23],[0.68,17,11,24],[0,0,0,0],[0.96,24,0,24],[0,0,0,0]],""d"":20495}","q61064043",644,4,"0.00",2
1588,4475,"{""c"":[0.86,0.43,0,0.86],""m"":[[9.44,118,2,120],[23.36,263,7,270],[0,0,0,0,0],[4.6,46,4,50,0.1]],""t"":[[0,0,0,0],[0,0,0,0],[0,0,0,0,0],[0,0,0,0,0]],""g"":[[0,0,0,0],[0,0,0,0],[0,0,0,0,0],[0,0,0,0,0]],""d"":20501}","w63060003",NULL,2,"0.00",0
1589,4476,"{""c"":[0.29,0,0,0.86],""m"":[[2.52,12,7,15],[0,0,0,0],[0,0,0,0],[14.98,121,11,130]],""t"":[[0,0,0,0],[0,0,0,0],[0,0,0,0],[1.5,2.5,57,12]],""g"":[[0,0,0,0],[0,0,0,0],[0,0,0,0],[0,0,0,0]],""d"":20496}","w63060003",NULL,4,"0.00",0
1590,4477,"{""c"":[0.57,0,0,0,1],""m"":[[1.33,49,1,50],[0,0,0,0],[0,0,0,0],[0,0,0,0],[0,0,0,0]],""t"":[[0.36,0.75,23,5],[0,0,0,0],[0,0,0,0],[0,0,0,0],[0,14.5,27,20]],""g"":[[0,0,0,0],[0,0,0,0],[0,0,0,0],[0,0,0,0],[0,0,0,0]],""d"":20486}","w63060003",NULL,4,"0.00",0
1591,4479,"{""c"":[0.57,0.14,0.14,0,0.01,0.71],""m"":[[1.81,55,5,60],[1.34,123,1,124],[1.22,61,1,62],[0,0,0,0],[0,0,0,0],[2.21,63,6,68]],""t"":[[0,0,0,0],[0,0.75,17,5],[0,0,0,0],[0,0,0,0],[0,0,0,0],[2.49,4,4,5]],""g"":[[0,0,0,0],[0,0,0,0],[0,0,0,0],[0,0,0,0],[0,0,0,0],[0,0,0,0]],""d"":20495}","w63060003",698,2,"0.00",0
1592,4480,"{""c"":[1],""m"":[[0.39,39,1,40]],""t"":[[0,0,0,0]],""g"":[[0,0,0,0]],""d"":20461}","w63060003",NULL,2,"0.00",0
1593,4481,"{""c"":[0,0,0],""m"":[[0,0,0,0],[0,0,0,0],[0,0,0,0]],""t"":[[0,0,0,0],[0,0,0,0],[0,0,0,0]],""g"":[[0,0,0,0],[0,0,0,0],[0,0,0,0]],""d"":20485}","o74081b93",789,3,"0.00",0
1594,4482,"{""c"":[1],""m"":[[0,0,0,0]],""t"":[[0,1.75,13,5]],""g"":[[0,0,0,0]],""d"":20486}","w63060003",NULL,4,"0.00",0
1595,4483,"{""c"":[1],""m"":[[1.26,18,3,20]],""t"":[[0,0,0,0]],""g"":[[0,0,0,0]],""d"":20461}","w63060003",NULL,4,"0.00",0
1596,4484,"{""c"":[0.71,0.15,0.14,0.14,0.72],""m"":[[1.81,181,7,188],[2.42,22,4,25],[6.72,134,13,145],[4.14,92,10,102],[1.97,57,5,60]],""t"":[[0,0,0,0],[0,0,0,0],[0,0,0,0],[2.07,2.75,18,5],[0,0,0,0]],""g"":[[0,0,0,0],[0,0,0,0],[0,0,0,0],[0,0,0,0],[0,0,0,0]],""d"":20488}","w63060003",698,2,"0.00",0
1597,4486,"{""c"":[1],""m"":[[4,100,8,107]],""t"":[[0,1,18,5]],""g"":[[0,0,0,0]],""d"":20494}","w63060003",NULL,1,"0.00",0
1598,4487,"{""c"":[0,0.43,0.43,0,0.14,0.86],""m"":[[5.04,18,2,20],[5.32,38,2,40],[0,0,0,0],[0,0,0,0],[0,0,0,0],[0,0,0,0]],""t"":[[3.6,5.75,19,10],[5.94,6.5,22,10],[5.19,6,28,12],[0,0,0,0],[3.37,4.25,23,7],[0,0,0,0]],""g"":[[0,0,0,0],[0,0,0,0],[0,0,0,0],[0,0,0,0],[0,0,0,0],[0,0,0,0]],""d"":20493}","o730830c3",714,4,"0.00",0
1599,4488,"{""c"":[0,0.15,0.28,0,0,0.72],""m"":[[0,0,0,0],[4.48,28,2,30],[9.55,133,16,144],[0,0,0,0],[0,0,0,0],[0,0,0,0]],""t"":[[0,0,0,0],[0,0,0,0],[0,0,0,0],[0,0,0,0],[0,0,0,0],[6.2,10.25,19,15]],""g"":[[0,0,0,0],[0,0,0,0],[0,0,0,0],[0,0,0,0],[0,0,0,0],[0,0,0,0]],""d"":20495}","p715617c3",785,4,"0.00",0
1601,4490,"{""c"":[0.57,0.72,0.72,0.71,0.72,0.86],""m"":[[4.2,20,0,20],[19.1,110,5,115],[31.51,91,5,95],[13.68,45,5,50],[14.09,54,9,60],[5.04,18,2,20]],""t"":[[0,0,0,0],[3.36,4.75,5,6],[2.52,1.75,5,3],[0,0,4,1],[0.53,0.5,8,2],[3.24,2.75,12,4]],""g"":[[0,0,0,0],[1.2,30,5,35],[1.24,31,3,33],[1.96,49,11,56],[1.88,47,5,50],[0,0,0,0]],""d"":20496}","q28533033",662,4,"0.00",0
1602,4491,"{""c"":[0.71,0.14,0,0.14],""m"":[[10.8,114,6,120],[3.19,29,3,30],[0,0,0,0],[1.92,24,1,25]],""t"":[[0,0,0,0],[0,0,0,0],[0,0,0,0],[0,0,0,0]],""g"":[[8.25,75,6,79],[4.51,41,8,48],[0,0,0,0],[0,0,0,0]],""d"":20485}","w63060003",NULL,2,"0.00",0
1603,4492,"{""c"":[0.29,0.14],""m"":[[16.62,243,7,250],[16,200,0,200]],""t"":[[0,0,0,0],[0,0,0,0]],""g"":[[0,0,0,0],[0,0,0,0]],""d"":20485}","w63060003",NULL,2,"0.00",0
1604,4493,"{""c"":[0.71,0.3,0.01,0.29,0,0.71],""m"":[[0.84,62,4,65],[0,39,1,40],[0,0,0,0],[2.64,12,0,12],[0,0,0,0],[1.26,7,2,9]],""t"":[[0,4.75,1,5],[0.36,0.75,27,5],[0,0,0,0],[6.66,10.25,46,20],[0,0,0,0],[0,0,0,0]],""g"":[[0.16,4,13,8],[0,0,0,0],[0,0,0,0],[0.92,23,2,24],[0,0,0,0],[0,0,0,0]],""d"":20495}","1650830a6",644,4,"0.00",0
1605,4494,"{""c"":[0.86,0.14,0,0.14,0,0.71],""m"":[[10.1,119,17,130],[4.6,46,5,50],[0,0,0,0],[2.86,35,7,40],[0,0,0,0],[0.6,30,0,30]],""t"":[[0,0,0,0],[0,0,0,0],[0,0,0,0],[1.52,1.75,9,4],[0,0,0,0],[0,0,0,0]],""g"":[[3.19,29,29,41],[0,0,0,0],[0,0,0,0],[0,0,0,0],[0,0,0,0],[0,0,0,0]],""d"":20495}","w63060003",NULL,2,"0.00",0
1606,4495,"{""c"":[0.29,0,1],""m"":[[5.46,73,17,80],[0,0,0,0,0],[15.84,198,29,220,0.08]],""t"":[[0,0,0,0],[0,0,0,0,0],[0,0,0,0,0]],""g"":[[0,0,0,0],[0,0,0,0,0],[0,0,0,0,0]],""d"":20502}","w63060003",NULL,2,"0.00",0
1607,4496,"{""c"":[0.72,0.72,0.57,0,0.14,0.71],""m"":[[9.63,120,6,122],[64.98,1083,20,1102],[9.93,98,2,100],[0,0,0,0],[0,0,0,0],[0,0,0,0]],""t"":[[0,0,0,0],[0,0,0,0],[1.08,2.25,10,4],[0,0,0,0],[0,0,0,0],[1.2,1.5,6,3]],""g"":[[0.68,17,6,23],[0.44,11,6,13],[1.8,45,1,46],[0,0,0,0],[0.96,24,0,24],[0,0,0,0]],""d"":20495}","s07770071",644,4,"3.50",0
1608,4497,"{""c"":[0,0.29,0.29,0,0.14,0.57],""m"":[[10.16,37,5,40],[21.53,99,1,100],[4.48,36,6,40],[0,0,0,0],[10.03,41,0,41],[7,25,8,30]],""t"":[[2.16,3.75,5,5],[11.31,9.75,1,10],[7.66,7,4,8],[0,0,0,0],[3.37,4.25,3,5],[0,0,0,0]],""g"":[[0,0,0,0],[0,0,0,0],[0,0,0,0],[0,0,0,0],[0,0,0,0],[0,0,0,0]],""d"":20496}","p430640a3",714,4,"0.00",0
1609,4498,"{""c"":[1],""m"":[[0,0,0,0]],""t"":[[0,3.5,54,5]],""g"":[[0,0,0,0]],""d"":20461}","w63060003",NULL,4,"0.00",0
1610,4499,"{""c"":[0,0.01,0,0,0.72],""m"":[[0,0,0,0],[0,0,0,0],[0,0,0,0],[0,0,0,0],[0,0,0,0]],""t"":[[0,0,0,0],[0,0,0,0],[0,0,0,0],[0,0,0,0],[0,0,0,0]],""g"":[[0,0,0,0],[0,0,0,0],[0,0,0,0],[0,0,0,0],[0,0,0,0]],""d"":20487}","w63060003",698,2,"0.00",0
1612,4502,"{""c"":[1],""m"":[[0.01,1,0,1]],""t"":[[0,0,0,0]],""g"":[[0,0,0,0]],""d"":20461}","w63060003",NULL,2,"0.00",0
1613,4503,"{""c"":[0.28,0,0,0.14],""m"":[[0,60,1,61],[0,0,0,0],[0,0,0,0],[2.05,5,0,5]],""t"":[[0,22.25,151,35],[0,0,0,0],[0,0,0,0],[0,0,0,0]],""g"":[[0,0,0,0],[0,0,0,0],[0,0,0,0],[0,26,4,30]],""d"":20492}","w63060003",NULL,4,"0.00",0
1614,4504,"{""c"":[0.57,0.14,0.71],""m"":[[0,20,0,20],[0,0,0,0],[0,0,0,0]],""t"":[[0,0,0,0],[0.9,1.5,19,6],[0.66,1.25,3,2]],""g"":[[0,0,0,0],[0,0,0,0],[0,0,0,0]],""d"":20474}","w63060003",NULL,4,"0.00",0
1615,4505,"{""c"":[0,0.29,0.44,0.29,0.14,0.71],""m"":[[0,0,0,0],[26.46,349,1,350],[35.16,516,11,527],[0.72,4,2,4],[2.52,18,3,20],[1.98,9,6,12]],""t"":[[0,0,0,0],[0,0,0,0],[2.52,3.75,1,4],[1.2,1.75,5,3],[0,0,0,0],[0,0,0,0]],""g"":[[0,0,0,0],[0,0,0,0],[1.64,41,14,47],[0,0,0,0],[0.84,21,3,24],[0,0,0,0]],""d"":20495}","m28761303",644,4,"6.00",0
1616,4506,"{""c"":[0,0.15,0.14,0,0,0.86],""m"":[[0,0,0,0],[9.07,52,10,60],[2.27,35,6,40],[0,0,0,0],[0,0,0,0],[0,0,0,0]],""t"":[[0,0,0,0],[0,0,0,0],[0,0,0,0],[0,0,0,0],[0,0,0,0],[4.19,6.75,13,10]],""g"":[[0,0,0,0],[0,0,0,0],[0,0,0,0],[0,0,0,0],[0,0,0,0],[0.68,17,5,21]],""d"":20495}","u17040413",785,4,"0.00",0
1618,4508,"{""c"":[0,0.15,0,0,0.29],""m"":[[0,0,0,0],[7.64,74,1,75],[0,0,0,0],[0,0,0,0],[0,0,0,0]],""t"":[[0,0,0,0],[0,0,0,0],[0,0,0,0],[0,0,0,0],[4.15,5,0,5]],""g"":[[0,0,0,0],[4.84,44,3,47],[0,0,0,0],[0,0,0,0],[13.2,120,0,120]],""d"":20492}","0680160a6",698,2,"12.00",3
1641,4510,"{""c"":[1],""m"":[[0,18,3,20]],""t"":[[0,0,0,0]],""g"":[[0,0,0,0]],""d"":20461}","w63060003",NULL,4,"0.00",0
1642,4511,"{""c"":[0.71,0,0,1],""m"":[[0,20,0,20],[0,0,0,0],[0,0,0,0],[0,0,0,0]],""t"":[[0,8.75,5,10],[0,0,0,0],[0,0,0,0],[0,8.25,7,10]],""g"":[[0,0,0,0],[0,0,0,0],[0,0,0,0],[0,0,0,0]],""d"":20486}","w63060003",NULL,4,"0.00",0
1643,4513,"{""c"": [], ""m"": [], ""t"": [], ""g"": [], ""d"": null}","w63060003",117,1,"0.00",0
1644,4515,"{""c"":[0.57,0.15,0,0],""m"":[[0,38,2,40],[3.6,80,0,80],[0,0,0,0],[0,0,0,0]],""t"":[[0,0,0,0],[0,0,0,0],[0,0,0,0],[0,0,0,0]],""g"":[[0,0,0,0],[0,0,0,0],[0,0,0,0],[0,0,0,0]],""d"":20485}","0661760a6",789,3,"0.00",0
1645,4516,"{""c"":[0,0.43,0,0.28,0.29,0.43],""m"":[[2.8,70,0,70],[19.61,451,4,455],[0,0,0,0],[37.33,376,5,380],[0,0,0,0],[24.91,228,2,230,0.1]],""t"":[[0,0,0,0],[0,0,0,0],[0,0,0,0],[16.7,14.5,14,18],[4.15,5,0,5],[0,0,0,0,0]],""g"":[[0,0,0,0],[0,0,0,0],[0,0,0,0],[0,0,0,0],[12.98,118,4,120],[0,0,0,0,0]],""d"":20497}","w63060003",698,2,"0.00",0
1647,4518,"{""c"":[0.71,0,0,0.86],""m"":[[2.47,79,1,80],[0,0,0,0],[0,0,0,0],[12.22,149,77,170]],""t"":[[0,0,0,0],[0,0,0,0],[0,0,0,0],[0,0,0,0]],""g"":[[0,0,0,0],[0,0,0,0],[0,0,0,0],[0,0,0,0]],""d"":20480}","w63060003",NULL,3,"0.00",0
1648,4520,"{""c"": [], ""m"": [], ""t"": [], ""g"": [], ""d"": null}","o42802046",691,3,"0.00",0
1649,4521,"{""c"":[0,0.57,0.43,0.29,0.86],""m"":[[0,0,0,0],[4.6,26,16,35],[5.52,21,14,27],[3.36,16,5,20],[0,0,0,0]],""t"":[[0,0,0,0],[3.62,10,63,19],[1.23,4,43,10],[0,0,0,0],[0,0,0,0]],""g"":[[0,0,0,0],[0,0,0,0],[0,0,0,0],[0.48,12,11,19],[0,0,0,0]],""d"":20486}","w63060003",818,4,"0.00",0
1651,4523,"{""c"":[0.44,0.86],""m"":[[21.94,420,2,422],[0,0,0,0]],""t"":[[0,0,0,0],[0,0,0,0]],""g"":[[0,0,0,0],[0,0,0,0]],""d"":20472}","765869012",NULL,4,"0.00",2
1652,4524,"{""c"":[0,0.29,0.15,0,0.14,0.86],""m"":[[4.76,17,5,20],[8.41,96,4,100],[0,0,0,0],[0,0,0,0],[0,0,0,0],[0,0,0,0]],""t"":[[4.68,7.75,13,10],[6.26,7.5,16,10],[2.64,3.25,28,8],[0,0,0,0],[2.41,3.5,6,5],[0,0,0,0]],""g"":[[0,0,0,0],[0,0,0,0],[0,0,0,0],[0,0,0,0],[0,0,0,0],[0,0,0,0]],""d"":20493}","041082733",714,4,"0.00",0
1656,4539,"{""c"":[1],""m"":[[6.32,79,1,80]],""t"":[[0,0,0,0]],""g"":[[0,0,0,0]],""d"":20463}","w63060003",NULL,3,"0.00",0
1657,4540,"{""c"":[0,0.15,0.28,0.43,0.14,1],""m"":[[2.04,34,0,34],[5.86,38,2,40],[0,0,0,0],[4.44,74,2,75],[1.4,20,0,20],[10.57,208,12,220,0.05]],""t"":[[0,0,0,0],[0,0,0,0],[1.2,1,5,2],[9.84,13,28,19],[0,0,0,0],[0,0,0,0,0]],""g"":[[0,0,0,0],[0,0,0,0],[3.04,76,25,93],[1.68,42,13,51],[3.28,82,36,95],[0,0,0,0,0]],""d"":20500}","w43040053",622,4,"0.00",0
1658,4543,"{""c"":[0.71,0.43],""m"":[[0,20,0,20],[3.78,14,1,15]],""t"":[[0,0,0,0],[0,0,0,0]],""g"":[[0,0,0,0],[0,0,0,0]],""d"":20469}","w68770706",575,4,"0.00",0
1661,4547,"{""c"":[1],""m"":[[1.2,60,0,60]],""t"":[[0,0,0,0]],""g"":[[0,0,0,0]],""d"":20466}","w63060003",NULL,4,"0.00",0
1662,4548,"{""c"": [], ""m"": [], ""t"": [], ""g"": [], ""d"": null}","p403820c3",NULL,4,"0.00",0
1664,4550,"{""c"":[0.29,0,0,1],""m"":[[5.4,20,0,20],[0,0,0,0],[0,0,0,0],[5.46,39,1,40]],""t"":[[0,0,0,0],[0,0,0,0],[0,0,0,0],[0,0,0,0]],""g"":[[0,0,0,0],[0,0,0,0],[0,0,0,0],[0,0,0,0]],""d"":20487}","w63060003",NULL,4,"0.00",0
1665,4551,"{""c"":[0,0.14,0,0.15,0.15,0.57],""m"":[[0,0,0,0],[3.6,20,0,20],[0,0,0,0],[7.15,55,5,60],[2.6,20,0,20],[0,0,0,0]],""t"":[[0,0,0,0],[0,0,0,0],[0,0,0,0],[2.43,1,0,1],[0,0,0,0],[0,0,0,0]],""g"":[[0,0,0,0],[0,0,0,0],[0,0,0,0],[3.38,13,0,13],[0,0,0,0],[0,0,0,0]],""d"":20495}","w63060003",732,1,"0.00",0
1666,4552,"{""c"":[0.29,0,0,0.86],""m"":[[0,18,5,20],[0,0,0,0],[0,0,0,0],[1.26,9,1,10]],""t"":[[0,0,0,0],[0,0,0,0],[0,0,0,0],[0,0,0,0]],""g"":[[0,0,0,0],[0,0,0,0],[0,0,0,0],[0,0,0,0]],""d"":20487}","w63060003",NULL,4,"0.00",0
1667,4553,"{""c"":[1,1],""m"":[[0,0,0,0],[0.19,19,1,20]],""t"":[[0,0,0,0],[0,0,0,0]],""g"":[[12.48,48,3,49],[0,0,0,0]],""d"":20465}","w63060003",NULL,1,"0.00",0
1670,4557,"{""c"":[0,0.29,0.14,0.15,0.15,0.57],""m"":[[0,0,0,0],[4.64,175,5,180],[2.1,15,0,15],[5.2,40,0,40],[2.6,20,0,20],[0,0,0,0]],""t"":[[0,0,0,0],[0,0,0,0],[0,0,0,0],[0,0,0,0],[0,0,0,0],[0,0,0,0]],""g"":[[0,0,0,0],[0,0,0,0],[0,0,0,0],[2.6,10,4,13],[0,0,0,0],[0,0,0,0]],""d"":20495}","w63060003",732,1,"0.00",0
1671,4558,"{""c"": [], ""m"": [], ""t"": [], ""g"": [], ""d"": null}","w63060003",NULL,4,"0.00",0
1672,4559,"{""c"":[0,0.29,0.43,0.15,0.71,0.14,1],""m"":[[0,0,0,0],[5.5,32,3,35],[43.45,382,3,385],[5.07,39,1,40],[20.84,146,10,155],[3.9,30,0,30],[5.47,41,4,45,0.13]],""t"":[[0,0,0,0],[0,0,0,0],[2.43,1,0,1],[0,0,0,0],[0,0,0,0],[0,0,0,0],[0,0,0,0,0]],""g"":[[0,0,0,0],[0,0,0,0],[0,0,0,0],[3.38,13,0,13],[0,0,0,0],[0,0,0,0],[0,0,0,0,0]],""d"":20500}","w63060003",732,1,"0.00",0
1674,4562,"{""c"":[1],""m"":[[4.25,77,3,80]],""t"":[[0,0,0,0]],""g"":[[0,0,0,0]],""d"":20471}","w63060003",NULL,1,"0.00",0
1675,4563,"{""c"":[0,0.14,0.29,0.29,0.15,0.57],""m"":[[0,0,0,0],[3.6,20,0,20],[9.77,64,1,65],[4.68,36,6,40],[2.6,20,0,20],[0,0,0,0]],""t"":[[0,0,0,0],[0,0,0,0],[0,0.25,3,1],[0,0,0,0],[0,0,0,0],[0,0,0,0]],""g"":[[0,0,0,0],[0,0,0,0],[0,0,0,0],[3.12,12,1,13],[0,0,0,0],[0,0,0,0]],""d"":20495}","w63060003",732,1,"0.00",0
1677,4565,"{""c"": [], ""m"": [], ""t"": [], ""g"": [], ""d"": null}","w63060003",NULL,4,"0.00",0
1678,4568,"{""c"":[1,0.29,0,0,0.86],""m"":[[13.76,192,9,200],[7.28,91,10,100],[0,0,0,0],[0,0,0,0],[0,0,0,0]],""t"":[[0,0,0,0],[0,0,0,0],[0,0,0,0],[0,0,0,0],[0,0,0,0]],""g"":[[0,0,0,0],[0,0,0,0],[0,0,0,0],[0,0,0,0],[2.52,14,14,24]],""d"":20487}","w63060003",NULL,3,"0.00",0
1679,4569,"{""c"":[0,0.29,0,0.15,0.15,0.57],""m"":[[0,0,0,0],[7.37,49,1,50],[0,0,0,0],[5.2,40,0,40],[2.6,20,0,20],[0,0,0,0]],""t"":[[0,0,0,0],[0.61,0.5,2,1],[0,0,0,0],[0,0,0,0],[0,0,0,0],[0,0,0,0]],""g"":[[0,0,0,0],[0,0,0,0],[0,0,0,0],[3.38,13,0,13],[0,0,0,0],[0,0,0,0]],""d"":20495}","w63060003",732,1,"0.00",0
1680,4570,"{""c"":[1,0.43,0.14,0,0.43],""m"":[[0.19,19,1,20],[5.33,41,6,46],[0,0,0,0],[0,0,0,0],[0,0,0,0]],""t"":[[0,0,0,0],[0,0,0,0],[4.2,4.5,2,5],[0,0,0,0],[0,0,0,0]],""g"":[[0,0,0,0],[1.3,5,0,5],[0,0,0,0],[0,0,0,0],[0,0,0,0]],""d"":20489}","o63060003",762,1,"0.00",0
1681,4571,"{""c"":[0,0.14,0.15,0.29,0.15,0.57],""m"":[[0,0,0,0],[3.6,20,0,20],[0,0,0,0],[5.07,39,1,40],[2.6,20,0,20],[0,0,0,0]],""t"":[[0,0,0,0],[0,0,0,0],[2.43,1,0,1],[0,0,0,0],[0,0,0,0],[0,0,0,0]],""g"":[[0,0,0,0],[0,0,0,0],[0,0,0,0],[3.38,13,0,13],[0,0,0,0],[0,0,0,0]],""d"":20495}","w63060003",732,1,"0.00",0
1683,4573,"{""c"":[1],""m"":[[0.2,20,0,20]],""t"":[[0,0,0,0]],""g"":[[0,0,0,0]],""d"":20462}","w63060003",NULL,2,"0.00",0
1684,4579,"{""c"":[0.71,0.43,0.14,0,0.43],""m"":[[2.3,35,0,35],[10.79,83,1,84],[0,0,0,0],[0,0,0,0],[0,0,0,0]],""t"":[[0,0,0,0],[0,0,0,0],[2.63,3.75,5,5],[0,0,0,0],[0,0,0,0]],""g"":[[0,0,0,0],[0.78,3,3,5],[0,0,0,0],[0,0,0,0],[0,0,0,0]],""d"":20489}","p18764043",762,1,"0.00",0
1685,4581,"{""c"":[0.86,1],""m"":[[0.6,60,0,60],[4.77,146,12,155]],""t"":[[0,0,0,0],[0,0,0,0]],""g"":[[0,0,0,0],[0,0,0,0]],""d"":20465}","w63060003",NULL,2,"0.00",0
1686,2492,"{""c"": [], ""m"": [], ""t"": [], ""g"": [], ""d"": null}","w63060003",NULL,4,"0.00",0
1687,4582,"{""c"":[0.72,1,0.43,0.15,0.15,0.57],""m"":[[0.19,19,1,20],[8.38,307,10,315],[0.59,59,1,60],[5.2,40,0,40],[2.6,20,0,20],[0,0,0,0]],""t"":[[0,0,0,0],[0,0,0,0],[2.43,1,0,1],[0,0,0,0],[0,0,0,0],[0,0,0,0]],""g"":[[0,0,0,0],[0,0,0,0],[0,0,0,0],[3.38,13,0,13],[0,0,0,0],[0,0,0,0]],""d"":20495}","w63060003",732,1,"0.00",0
1688,4583,"{""c"":[1],""m"":[[0,19,1,20]],""t"":[[0,0,0,0]],""g"":[[0,0,0,0]],""d"":20462}","w63060003",NULL,4,"0.00",0
1689,4584,"{""c"": [], ""m"": [], ""t"": [], ""g"": [], ""d"": null}","w63060003",NULL,4,"0.00",0
1692,4587,"{""c"":[0,0.02,0.01,0.44,0.16,0.01,0.86],""m"":[[0,0,0,0],[0,0,0,0],[0,0,0,0],[6.95,103,20,115],[3.24,18,5,20],[0,0,0,0],[0,0,0,0,0]],""t"":[[0,0,0,0],[0,0,0,0],[0,0,0,0],[5.04,8.25,7,10],[6.36,10.5,19,15],[0,0,0,0],[1.08,1.5,34,10,0.72]],""g"":[[0,0,0,0],[0,0,0,0],[0,0,0,0],[5.36,134,39,158],[0,0,0,0],[0,0,0,0],[1.4,35,67,64,0.04]],""d"":20502}","q21084703",806,4,"0.00",0
1693,900,"{""c"":[0,0,0,0.43,0,0.86],""m"":[[0,2,3,3],[0,0,0,0],[0,0,0,0],[50.05,434,262,510],[0,0,0,0,0],[9.7,97,4,100,0.1]],""t"":[[0,0,0,0],[0,0,0,0],[0,0,0,0],[0,0,0,0],[0,0,0,0,0],[0,0,0,0,0]],""g"":[[0,0,0,0],[0,0,0,0],[0,0,0,0],[0,0,0,0],[0,0,0,0,0],[0,0,0,0,0]],""d"":20502}","g11060023",779,3,"0.00",0
1695,4588,"{""c"": [], ""m"": [], ""t"": [], ""g"": [], ""d"": null}","w63060003",NULL,4,"0.00",0
1699,2630,"{""c"": [], ""m"": [], ""t"": [], ""g"": [], ""d"": null}","w63060003",NULL,-1,"0.00",0
1700,4594,"{""c"":[0.71,0,0.86],""m"":[[3.8,20,0,20],[0,0,0,0],[0,20,0,20]],""t"":[[0,0,0,0],[0,0,0,0],[0,0,0,0]],""g"":[[0,0,0,0],[0,0,0,0],[0,0,0,0]],""d"":20473}","w63060003",NULL,4,"0.00",0
1701,4595,"{""c"":[0.86,0.72,0.57,0.58,0.14,0.71],""m"":[[44.93,749,39,766],[1908.18,1069,60,1126],[1210.73,619,11,630],[830.7,390,7,397],[138.45,65,0,65],[83.07,39,1,40]],""t"":[[0.41,1.25,15,5],[0,0,0,0],[0,0,0,0],[0,0,0,0],[0,0,0,0],[0,0,0,0]],""g"":[[0,0,0,0],[0,0,0,0],[0,0,0,0],[0,0,0,0],[0,0,0,0],[0,0,0,0]],""d"":20495}","w63060003",NULL,0,"0.00",0
1702,4597,"{""c"":[0,0.14,0,0.01,0.01,0.57],""m"":[[0,0,0,0],[3.6,20,0,20],[0,0,0,0],[0,0,0,0],[0,0,0,0],[0,0,0,0]],""t"":[[0,0,0,0],[0,0,0,0],[0,0,0,0],[0,0,0,0],[0,0,0,0],[0,0,0,0]],""g"":[[0,0,0,0],[0,0,0,0],[0,0,0,0],[0,0,0,0],[0,0,0,0],[0,0,0,0]],""d"":20495}","w63060003",732,1,"0.00",0
1703,4598,"{""c"":[0.86,0.43,0.86,0.57,0.72,0.57],""m"":[[31.05,115,6,120],[35.61,149,6,155],[32.08,374,13,386],[25.04,321,9,330],[68.77,553,23,569],[23.99,238,9,247]],""t"":[[0,0,0,0],[0,0,0,0],[5.24,5.5,6,7],[4.32,4.25,37,10],[1.13,2,37,9],[0,0,0,0]],""g"":[[0,0,0,0],[0,0,0,0],[4.2,105,28,115],[3.96,99,7,104],[8.24,206,43,231],[6.76,169,38,189]],""d"":20499}","o28062043",639,4,"0.00",0
1704,4600,"{""c"":[0.71,0.71],""m"":[[3.12,39,1,40],[0.24,24,1,25]],""t"":[[0,0,0,0],[0,0,0,0]],""g"":[[0,0,0,0],[0,0,0,0]],""d"":20467}","w63060003",NULL,1,"0.00",0
1705,1030,"{""c"":[0,0,0,0.14,0.57],""m"":[[0,0,0,0],[0,0,0,0],[0,0,0,0],[0,47,1,48],[0,0,0,0]],""t"":[[0,0,0,0],[0,0,0,0],[0,0,0,0],[0,0,0,0],[0,0,0,0]],""g"":[[0,0,0,0],[0,0,0,0],[0,0,0,0],[0,0,0,0],[0,0,0,0]],""d"":20488}","w63060003",745,4,"0.00",0
1706,998,"{""c"":[0,0,0,0,0,0.57],""m"":[[0,0,0,0],[0,0,0,0],[0,0,0,0],[0,0,0,0],[0,0,0,0],[0,0,0,0]],""t"":[[0,0,0,0],[0,0,0,0],[0,0,0,0],[0,0,0,0],[0,0,0,0],[0,1.5,95,10]],""g"":[[0,0,0,0],[0,0,0,0],[0,0,0,0],[0,0,0,0],[0,0,0,0],[0,0,0,0]],""d"":20496}","w63060003",745,4,"0.00",0
1707,1001,"{""c"":[0,0,0,0,0,0.57],""m"":[[0,0,0,0],[0,0,0,0],[0,0,0,0],[0,0,0,0],[0,0,0,0],[0,0,0,0]],""t"":[[0,0,0,0],[0,0,0,0],[0,0,0,0],[0,0,0,0],[0,0,0,0],[1.8,7.25,11,10]],""g"":[[0,0,0,0],[0,0,0,0],[0,0,0,0],[0,0,0,0],[0,0,0,0],[0,0,0,0]],""d"":20496}","w63060003",745,4,"0.00",0
1708,1718,"{""c"":[0,0,0,0,0.57],""m"":[[0,0,0,0],[0,0,0,0],[0,0,0,0],[0,0,0,0],[0,0,0,0]],""t"":[[0,0,0,0],[0,0,0,0],[0,0,0,0],[0,0,0,0],[0,0,0,0]],""g"":[[0,0,0,0],[0,0,0,0],[0,0,0,0],[0,0,0,0],[0,0,0,0]],""d"":20488}","w63060003",745,4,"0.00",0
1709,1014,"{""c"":[0,0,0,0.14,0,0.57],""m"":[[0,0,0,0],[0,0,0,0],[0,0,0,0],[0,38,2,40],[0,0,0,0],[0,4,0,4]],""t"":[[0,0,0,0],[0,0,0,0],[0,0,0,0],[0,0,0,0],[0,0,0,0],[0.36,1.5,27,5]],""g"":[[0,0,0,0],[0,0,0,0],[0,0,0,0],[0,0,0,0],[0,0,0,0],[0,0,0,0]],""d"":20496}","w63060003",745,4,"0.00",0
1710,1004,"{""c"":[0,0,0,0,0.57],""m"":[[0,0,0,0],[0,0,0,0],[0,0,0,0],[0,0,0,0],[0,0,0,0]],""t"":[[0,0,0,0],[0,0,0,0],[0,0,0,0],[0,0,0,0],[0,0,0,0]],""g"":[[0,0,0,0],[0,0,0,0],[0,0,0,0],[0,0,0,0],[0,0,0,0]],""d"":20488}","w63060003",745,-1,"0.00",0
1711,1719,"{""c"":[0,0,0,0,0.57],""m"":[[0,0,0,0],[0,0,0,0],[0,0,0,0],[0,0,0,0],[0,0,0,0]],""t"":[[0,0,0,0],[0,0,0,0],[0,0,0,0],[0,0,0,0],[0,0,0,0]],""g"":[[0,0,0,0],[0,0,0,0],[0,0,0,0],[0,0,0,0],[0,0,0,0]],""d"":20488}","w63060003",745,-1,"0.00",0
1712,1013,"{""c"":[0,0,0,0,0,0.57],""m"":[[0,0,0,0],[0,0,0,0],[0,0,0,0],[0,0,0,0],[0,0,0,0],[0,0,0,0]],""t"":[[0,0,0,0],[0,0,0,0],[0,0,0,0],[0,0,0,0],[0,0,0,0],[0,4.25,3,5]],""g"":[[0,0,0,0],[0,0,0,0],[0,0,0,0],[0,0,0,0],[0,0,0,0],[0.08,2,6,4]],""d"":20496}","w63060003",745,4,"0.00",0
1713,2191,"{""c"":[0,0,0,0,0.57],""m"":[[0,0,0,0],[0,0,0,0],[0,0,0,0],[0,0,0,0],[0,0,0,0]],""t"":[[0,0,0,0],[0,0,0,0],[0,0,0,0],[0,0,0,0],[0,0,0,0]],""g"":[[0,0,0,0],[0,0,0,0],[0,0,0,0],[0,0,0,0],[0,0,0,0]],""d"":20488}","w63060003",745,-1,"0.00",0
1714,994,"{""c"":[0,0,0.14,0,0,0.57],""m"":[[0,0,0,0],[0,0,0,0],[0,19,1,20],[0,0,0,0],[0,0,0,0],[0,0,0,0]],""t"":[[0,0,0,0],[0,0,0,0],[0,0,83,5],[0,0,0,0],[0,0,0,0],[1.44,10.25,19,15]],""g"":[[0,0,0,0],[0,0,0,0],[0,0,0,0],[0,0,0,0],[0,0,0,0],[0,0,0,0]],""d"":20496}","w63060003",745,4,"0.00",0
1715,1031,"{""c"":[0,0,0.14,0,0,0.57],""m"":[[0,0,0,0],[0,0,0,0],[0,0,0,0],[0,0,0,0],[0,0,0,0],[0,0,0,0]],""t"":[[0,0,0,0],[0,0,0,0],[0,0,92,5],[0,0,0,0],[0,0,0,0],[0,0.5,66,7]],""g"":[[0,0,0,0],[0,0,0,0],[0,0,0,0],[0,0,0,0],[0,0,0,0],[0,0,0,0]],""d"":20496}","w63060003",745,4,"0.00",0
1716,1025,"{""c"":[0,0,0.14,0,0.57],""m"":[[0,0,0,0],[0,0,0,0],[0,0,0,0],[0,0,0,0],[0,0,0,0]],""t"":[[0,0,0,0],[0,0,0,0],[0,0.25,26,5],[0,0,0,0],[0,0,0,0]],""g"":[[0,0,0,0],[0,0,0,0],[0,0,0,0],[0,0,0,0],[0,0,0,0]],""d"":20488}","w63060003",745,4,"0.00",0
1717,1012,"{""c"":[0,0,0.14,0,0,0.57],""m"":[[0,0,0,0],[0,0,0,0],[0,0,0,0],[0,0,0,0],[0,0,0,0],[0,0,0,0]],""t"":[[0,0,0,0],[0,0,0,0],[0,0,89,5],[0,0,0,0],[0,0,0,0],[2.52,6.25,11,9]],""g"":[[0,0,0,0],[0,0,0,0],[0,0,0,0],[0,0,0,0],[0,0,0,0],[0,0,0,0]],""d"":20496}","w63060003",745,4,"0.00",0
1718,1000,"{""c"":[0,0,0,0,0,0.57],""m"":[[0,0,0,0],[0,0,0,0],[0,0,0,0],[0,0,0,0],[0,0,0,0],[0,0,0,0]],""t"":[[0,0,0,0],[0,0,0,0],[0,0,0,0],[0,0,0,0],[0,0,0,0],[2.04,3.25,36,10]],""g"":[[0,0,0,0],[0,0,0,0],[0,0,0,0],[0,0,0,0],[0,0,0,0],[0,0,0,0]],""d"":20496}","w63060003",745,4,"0.00",0
1719,1024,"{""c"":[0,0,0.14,0,0,0.57],""m"":[[0,0,0,0],[0,0,0,0],[0,0,0,0],[0,0,0,0],[0,0,0,0],[0,0,0,0]],""t"":[[0,0,0,0],[0,0,0,0],[1.8,2.5,21,5],[0,0,0,0],[0,0,0,0],[2.16,3.25,7,5]],""g"":[[0,0,0,0],[0,0,0,0],[0,0,0,0],[0,0,0,0],[0,0,0,0],[0,0,0,0]],""d"":20496}","w63060003",745,4,"0.00",0
1720,999,"{""c"":[0,0,0,0,0,0.57],""m"":[[0,0,0,0],[0,0,0,0],[0,0,0,0],[0,0,0,0],[0,0,0,0],[0,0,0,0]],""t"":[[0,0,0,0],[0,0,0,0],[0,0,0,0],[0,0,0,0],[0,0,0,0],[1.08,2.5,10,5]],""g"":[[0,0,0,0],[0,0,0,0],[0,0,0,0],[0,0,0,0],[0,0,0,0],[0,0,0,0]],""d"":20496}","w63060003",745,4,"0.00",0
1721,1002,"{""c"":[0,0,0,0.14,0,0.57],""m"":[[0,0,0,0],[0,0,0,0],[0,0,0,0],[0,0,0,0],[0,0,0,0],[0,0,0,0]],""t"":[[0,0,0,0],[0,0,0,0],[0,0,0,0],[0,4.25,3,5],[0,0,0,0],[3.6,5.75,20,10]],""g"":[[0,0,0,0],[0,0,0,0],[0,0,0,0],[0,0,0,0],[0,0,0,0],[0,0,0,0]],""d"":20496}","w63060003",745,4,"0.00",0
1722,996,"{""c"":[0,0,0,0,0,0.57],""m"":[[0,0,0,0],[0,0,0,0],[0,0,0,0],[0,0,0,0],[0,0,0,0],[0,0,0,0]],""t"":[[0,0,0,0],[0,0,0,0],[0,0,0,0],[0,0,0,0],[0,0,0,0],[0,4.5,2,5]],""g"":[[0,0,0,0],[0,0,0,0],[0,0,0,0],[0,0,0,0],[0,0,0,0],[0,0,0,0]],""d"":20496}","w63060003",745,4,"0.00",0
1723,1006,"{""c"":[0,0,0,0,0,0.57],""m"":[[0,0,0,0],[0,0,0,0],[0,0,0,0],[0,0,0,0],[0,0,0,0],[0,0,0,0]],""t"":[[0,0,0,0],[0,0,0,0],[0,0,0,0],[0,0,0,0],[0,0,0,0],[2.7,3.25,7,5]],""g"":[[0,0,0,0],[0,0,0,0],[0,0,0,0],[0,0,0,0],[0,0,0,0],[0,0,0,0]],""d"":20496}","w63060003",745,4,"0.00",0
1724,1005,"{""c"":[0,0,0.14,0,0,0.57],""m"":[[0,0,0,0],[0,0,0,0],[0,0,0,0],[0,0,0,0],[0,0,0,0],[0,0,0,0]],""t"":[[0,0,0,0],[0,0,0,0],[0,0.25,24,5],[0,0,0,0],[0,0,0,0],[1.8,3.25,12,6]],""g"":[[0,0,0,0],[0,0,0,0],[0,0,0,0],[0,0,0,0],[0,0,0,0],[0,0,0,0]],""d"":20496}","w63060003",745,4,"0.00",0
1725,1035,"{""c"":[0,0,0,0,0,0.57],""m"":[[0,0,0,0],[0,0,0,0],[0,0,0,0],[0,0,0,0],[0,0,0,0],[0,0,0,0]],""t"":[[0,0,0,0],[0,0,0,0],[0,0,0,0],[0,0,0,0],[0,0,0,0],[9.36,14,4,15]],""g"":[[0,0,0,0],[0,0,0,0],[0,0,0,0],[0,0,0,0],[0,0,0,0],[0,0,0,0]],""d"":20496}","w63060003",745,4,"0.00",0
1726,997,"{""c"":[0,0,0.14,0,0.57],""m"":[[0,0,0,0],[0,0,0,0],[0,20,0,20],[0,0,0,0],[0,0,0,0]],""t"":[[0,0,0,0],[0,0,0,0],[0,0,0,0],[0,0,0,0],[0,0,49,5]],""g"":[[0,0,0,0],[0,0,0,0],[0,0,0,0],[0,0,0,0],[0,0,0,0]],""d"":20489}","w63060003",745,4,"0.00",0
1727,1003,"{""c"":[0,0,0.14,0.14,0.14,0.57],""m"":[[0,0,0,0],[0,0,0,0],[0,0,0,0],[0,24,2,25],[0,0,0,0],[0,0,0,0]],""t"":[[0,0,0,0],[0,0,0,0],[0.9,1.75,16,5],[0,0,0,0],[0,4,4,5],[1.44,7,32,10]],""g"":[[0,0,0,0],[0,0,0,0],[0,0,0,0],[0,0,0,0],[0,0,0,0],[0,0,0,0]],""d"":20496}","w63060003",745,4,"0.00",0
1728,1007,"{""c"":[0,0,0,0,0.57],""m"":[[0,0,0,0],[0,0,0,0],[0,0,0,0],[0,0,0,0],[0,0,0,0]],""t"":[[0,0,0,0],[0,0,0,0],[0,0,0,0],[0,0,0,0],[0,0,0,0]],""g"":[[0,0,0,0],[0,0,0,0],[0,0,0,0],[0,0,0,0],[0,0,0,0]],""d"":20488}","w63060003",745,-1,"0.00",0
1729,1374,"{""c"":[0,0,0,0,0.57],""m"":[[0,0,0,0],[0,0,0,0],[0,0,0,0],[0,0,0,0],[0,0,0,0]],""t"":[[0,0,0,0],[0,0,0,0],[0,0,0,0],[0,0,0,0],[0,0,0,0]],""g"":[[0,0,0,0],[0,0,0,0],[0,0,0,0],[0,0,0,0],[0,0,0,0]],""d"":20488}","w63060003",745,-1,"0.00",0
1730,1403,"{""c"":[0,0,0,0.14,0.57],""m"":[[0,0,0,0],[0,0,0,0],[0,0,0,0],[0,10,0,10],[0,0,0,0]],""t"":[[0,0,0,0],[0,0,0,0],[0,0,0,0],[0,0,0,0],[0,0,0,0]],""g"":[[0,0,0,0],[0,0,0,0],[0,0,0,0],[0,0,0,0],[0,0,0,0]],""d"":20488}","w63060003",745,4,"0.00",0
1731,1040,"{""c"":[0,0,0,0,0.57],""m"":[[0,0,0,0],[0,0,0,0],[0,0,0,0],[0,0,0,0],[0,0,0,0]],""t"":[[0,0,0,0],[0,0,0,0],[0,0,0,0],[0,0,0,0],[0,0,0,0]],""g"":[[0,0,0,0],[0,0,0,0],[0,0,0,0],[0,0,0,0],[0,0,0,0]],""d"":20488}","w63060003",745,-1,"0.00",0
1732,1406,"{""c"":[0,0,0,0,0.57],""m"":[[0,0,0,0],[0,0,0,0],[0,0,0,0],[0,0,0,0],[0,0,0,0]],""t"":[[0,0,0,0],[0,0,0,0],[0,0,0,0],[0,0,0,0],[0,0,0,0]],""g"":[[0,0,0,0],[0,0,0,0],[0,0,0,0],[0,0,0,0],[0,0,0,0]],""d"":20488}","w63060003",745,-1,"0.00",0
1733,1408,"{""c"":[0,0,0,0,0.57],""m"":[[0,0,0,0],[0,0,0,0],[0,0,0,0],[0,0,0,0],[0,0,0,0]],""t"":[[0,0,0,0],[0,0,0,0],[0,0,0,0],[0,0,0,0],[0,0,0,0]],""g"":[[0,0,0,0],[0,0,0,0],[0,0,0,0],[0,0,0,0],[0,0,0,0]],""d"":20488}","w63060003",745,-1,"0.00",0
1734,1036,"{""c"":[0,0,0,0,0.57],""m"":[[0,0,0,0],[0,0,0,0],[0,0,0,0],[0,0,0,0],[0,0,0,0]],""t"":[[0,0,0,0],[0,0,0,0],[0,0,0,0],[0,0,0,0],[0,0,0,0]],""g"":[[0,0,0,0],[0,0,0,0],[0,0,0,0],[0,0,0,0],[0,0,0,0]],""d"":20488}","w63060003",745,-1,"0.00",0
1736,4605,"{""c"":[0.71,0.14,0,0.43],""m"":[[41.04,513,8,521],[19.6,245,22,263],[0,0,0,0],[0,18,2,20]],""t"":[[0,0,0,0],[0,0,0,0],[0,0,0,0],[0,0,0,0]],""g"":[[0,0,0,0],[0,0,0,0],[0,0,0,0],[0,0,0,0]],""d"":20483}","w63060003",NULL,3,"0.00",0
1737,4606,"{""c"":[0.86,0,0,0.29,0,0.86],""m"":[[16.03,286,24,302],[0,0,0,0],[0,0,0,0],[45.14,144,13,156],[0,0,0,0],[0,0,0,0]],""t"":[[0,0,0,0],[0,0,0,0],[0,0,0,0],[1.31,2,11,4],[0,0,0,0],[1.58,1.75,1,2]],""g"":[[3.12,12,3,13],[0,0,0,0],[0,0,0,0],[11.7,45,4,47],[0,0,0,0],[1.3,5,1,6]],""d"":20494}","w63060003",NULL,1,"0.00",0
1739,4608,"{""c"":[0,0.29,0.15,0.43,0.57,0.71],""m"":[[0,0,0,0],[5.61,78,4,80],[9.03,43,15,50],[3.96,22,39,30],[31.18,164,53,190],[8.09,35,16,40]],""t"":[[0,0,0,0],[1.2,1.75,33,6],[0,0,0,0],[1.44,3,202,22],[0.6,2.25,293,30],[2.94,2.5,232,20]],""g"":[[0,0,0,0],[2.92,73,182,161],[1.92,48,54,73],[0.32,8,8,11],[3.36,84,380,223],[0,0,0,0]],""d"":20496}","g23166026",676,4,"0.00",0
1740,4609,"{""c"":[0.71,0.29,0.15,0,0.43,0.43],""m"":[[0.2,20,0,20],[6.74,94,6,100],[2.1,30,0,30],[0,0,0,0],[0.38,38,2,40],[1.15,115,6,120,0.01]],""t"":[[0,0,0,0],[0,0,0,0],[0,0,0,0],[0,0,0,0],[3.32,4.5,2,5],[0,0,0,0,0]],""g"":[[0,0,0,0],[0,0,0,0],[4.73,43,0,43],[0,0,0,0],[12.1,110,12,120],[0,0,0,0,0]],""d"":20497}","o71082023",698,2,"0.00",1
1741,4610,"{""c"":[1,0.29,0.29,0,0.72],""m"":[[14.9,284,42,320],[2.49,81,10,89],[0.39,39,2,40],[0,0,0,0],[0,0,0,0]],""t"":[[5.24,7.75,52,16],[0,0,0,0],[0,0,0,0],[0,0,0,0],[0,0,0,0]],""g"":[[31.79,289,97,363],[7.26,66,17,78],[0,0,0,0],[0,0,0,0],[0,0,0,0]],""d"":20487}","p83066023",698,2,"0.00",0
1743,4612,"{""c"":[1],""m"":[[0,18,2,20]],""t"":[[0,0,0,0]],""g"":[[0,0,0,0]],""d"":20463}","w63060003",NULL,3,"0.00",0
1745,4614,"{""c"":[0.71,0,0,0.71],""m"":[[9.68,116,6,120],[0,0,0,0],[0,0,0,0],[1.7,17,3,20]],""t"":[[0,0,0,0],[0,0,0,0],[0,0,0,0],[0,0,0,0]],""g"":[[0,0,0,0],[0,0,0,0],[0,0,0,0],[0,0,0,0]],""d"":20481}","w63060003",NULL,2,"0.00",0
1749,4618,"{""c"":[1],""m"":[[3.62,39,1,40]],""t"":[[0,0,0,0]],""g"":[[0,0,0,0]],""d"":20462}","w63060003",NULL,1,"0.00",0
1750,4620,"{""c"": [], ""m"": [], ""t"": [], ""g"": [], ""d"": null}","w63060003",NULL,3,"0.00",0
1751,4621,"{""c"":[0,0.14,0,0.29,0.14,0.57],""m"":[[0,0,0,0],[3.42,19,1,20],[0,0,0,0],[2.08,13,5,15],[0.3,30,14,40],[0,0,0,0]],""t"":[[0,0,0,0],[0,0,0,0],[0,0,0,0],[0,0,0,0],[0,0,0,0],[0,0,0,0]],""g"":[[0,0,0,0],[0,0,0,0],[0,0,0,0],[2.6,10,3,13],[0,0,0,0],[0,0,0,0]],""d"":20495}","w63060003",732,1,"0.00",0
1752,4622,"{""c"":[1,0.15,0.14,0.14,0,0.71],""m"":[[427.54,2458,45,2496],[48.86,107,2,109],[21.45,59,1,60],[0,0,0,0],[0,0,0,0],[11,20,0,20]],""t"":[[0,0,0,0],[4.34,4.5,2,5],[0,0,0,0],[6.51,4,4,5],[0,0,0,0],[2.13,3.5,6,5]],""g"":[[0,0,0,0],[0,0,0,0],[0,0,0,0],[0,0,0,0],[0,0,0,0],[0,0,0,0]],""d"":20495}","p28066093",779,3,"0.00",0
1753,4624,"{""c"":[1],""m"":[[3.5,39,1,40]],""t"":[[0,0,0,0]],""g"":[[0,0,0,0]],""d"":20462}","w63060003",NULL,2,"0.00",0
1754,4625,"{""c"":[0,0.14,0,0.29,0.57],""m"":[[160.86,868,18,885],[61.11,291,10,300],[0,0,0,0],[0,0,0,0],[0,0,0,0]],""t"":[[3.45,2.25,51,10],[0,0,0,0],[0,0,0,0],[0,0.25,32,6],[0.58,2,19,5]],""g"":[[1.3,5,0,5],[0,0,0,0],[0,0,0,0],[4.16,104,33,125],[0.72,18,23,27]],""d"":20496}","p47851003",622,4,"0.00",0
1756,4629,"{""c"":[1],""m"":[[0,31,4,35]],""t"":[[0,0,0,0]],""g"":[[0,0,0,0]],""d"":20462}","w63060003",NULL,4,"0.00",0
1758,4632,"{""c"":[0.71,0,0,0,0,0.86],""m"":[[2.16,36,6,40],[0,0,0,0],[0,0,0,0],[0,0,0,0],[0,0,0,0],[2.04,56,5,60]],""t"":[[0,0,0,0],[0,0,0,0],[0,0,0,0],[0,0,0,0],[0,0,0,0],[0,0,0,0]],""g"":[[0,0,0,0],[0,0,0,0],[0,0,0,0],[0,0,0,0],[0,0,0,0],[0,0,0,0]],""d"":20494}","w63060003",NULL,4,"0.00",0
1759,4634,"{""c"":[0.43,0.14,0,0.43],""m"":[[8.26,202,2,204],[7.67,59,1,60],[0,0,0,0],[0,0,0,0]],""t"":[[0,0,0,0],[4.2,4.5,2,5],[0,0,0,0],[0,0,0,0]],""g"":[[1.3,5,0,5],[0,0,0,0],[0,0,0,0],[0,0,0,0]],""d"":20489}","k63061003",762,1,"0.00",0
1760,4635,"{""c"":[0,0.14],""m"":[[0,0,0,0],[0,0,0,0]],""t"":[[0,0,0,0],[0,0,0,0]],""g"":[[0,0,0,0],[0,0,0,0]],""d"":20484}","w63060003",456,1,"0.00",0
1761,4637,"{""c"":[0.71,0.15,0,0.14],""m"":[[0,18,2,20],[0,19,1,20],[0,0,0,0],[0,20,0,20]],""t"":[[0,0,0,0],[0,0,0,0],[0,0,0,0],[0,0,0,0]],""g"":[[0,0,0,0],[0,0,0,0],[0,0,0,0],[0,0,0,0]],""d"":20485}","o03170093",789,3,"0.00",0
1762,4638,"{""c"":[1],""m"":[[0,20,0,20]],""t"":[[0,0,0,0]],""g"":[[0,0,0,0]],""d"":20462}","w63060003",NULL,5,"0.00",0
1763,4639,"{""c"":[1],""m"":[[11.1,130,0,130]],""t"":[[0,0,0,0]],""g"":[[0,0,0,0]],""d"":20462}","w63060003",NULL,2,"0.00",0
1765,4641,"{""c"":[0],""m"":[[0,0,0,0]],""t"":[[0,0,0,0]],""g"":[[0,0,0,0]],""d"":20485}","w63060003",823,2,"0.00",0
1766,4642,"{""c"":[1],""m"":[[1.44,118,2,120]],""t"":[[0,0,0,0]],""g"":[[0,0,0,0]],""d"":20463}","w63060003",NULL,3,"0.00",0
1768,4646,"{""c"": [], ""m"": [], ""t"": [], ""g"": [], ""d"": null}","w63060003",NULL,2,"0.00",0
1769,4647,"{""c"":[0,0.14,0,0.15,0.28,0.71],""m"":[[1.8,18,2,20],[0,0,0,0],[0,0,0,0],[1.6,20,0,20],[15.17,190,11,200],[23.58,321,11,330]],""t"":[[0,0,0,0],[0,0,0,0],[0,0,0,0],[0,0,0,0],[0,0,0,0],[0,0,0,0]],""g"":[[0,0,0,0],[1.87,17,10,22],[0,0,0,0],[0,0,0,0],[0,0,0,0],[0,0,0,0]],""d"":20495}","p68564ba3",773,2,"0.00",2
1770,4648,"{""c"":[0.86,0.58,0.43,0.29,0.29,0.86],""m"":[[7.35,56,11,62],[115.84,1660,85,1704],[63.1,981,37,1015],[6.29,111,6,115],[3.66,61,0,61],[5.62,71,16,80]],""t"":[[0,0,0,0],[0,0,0,0],[0,1.5,11,4],[1.2,1.75,12,4],[0,0,0,0],[0,0,0,0]],""g"":[[0,0,0,0],[0,0,0,0],[2.12,53,22,68],[0.8,20,10,28],[0.88,22,4,24],[0,0,0,0]],""d"":20496}","615062222",644,4,"0.00",0
1771,4649,"{""c"":[1,0.29,0.42,0.71],""m"":[[16.28,386,2,388],[27.92,146,1,147],[9.24,42,1,43],[3.54,27,0,27]],""t"":[[0,0,0,0],[0,0,0,0],[0,0,0,0],[0,0,0,0]],""g"":[[0,0,0,0],[0,0,0,0],[0,0,0,0],[0,0,0,0]],""d"":20481}","w63060003",NULL,2,"0.00",0
1772,4651,"{""c"":[0.86,0,0,0,0.71],""m"":[[0,53,16,60],[0,0,0,0],[0,0,0,0],[0,0,0,0],[0.36,2,2,3]],""t"":[[0,0,0,0],[0,0,0,0],[0,0,0,0],[0,0,0,0],[0,0,0,0]],""g"":[[0,0,0,0],[0,0,0,0],[0,0,0,0],[0,0,0,0],[0,0,0,0]],""d"":20488}","w63060003",NULL,4,"0.00",0
1773,4655,"{""c"":[0.86,0.86,0.29,0.42],""m"":[[19.56,151,6,157],[126.38,1483,69,1517],[71.52,632,18,648],[0,0,0,0]],""t"":[[0,0,0,0],[14.11,8.25,7,10],[0,0,0,0],[0,0,0,0]],""g"":[[0,0,0,0],[0,0,0,0],[0,0,0,0],[0,0,0,0]],""d"":20482}","p410640a3",779,3,"0.00",0
1774,4656,"{""c"":[1],""m"":[[7.67,70,11,80]],""t"":[[5.9,4.75,1,5]],""g"":[[0,0,0,0]],""d"":20464}","w63060003",NULL,1,"0.00",0
1775,4657,"{""c"":[0.86,0.71,0.71,0.28,0.44,0.72],""m"":[[0.5,10,0,10],[151.51,528,12,539],[96.99,255,14,269],[0,0,0,0],[5.33,13,0,13],[0,18,200,20]],""t"":[[0,0,0,0],[0.38,1.5,12,4],[9.72,16.25,20,21],[5.76,9.75,9,12],[22.2,26.75,13,30],[3.16,4.75,3,6,0.58]],""g"":[[0,0,0,0],[2.24,56,44,76],[1.28,32,33,46],[1.6,40,4,44],[0.64,16,0,16],[0.96,24,3,27,0.04]],""d"":20497}","c41760003",622,4,"0.00",1
1776,4658,"{""c"": [], ""m"": [], ""t"": [], ""g"": [], ""d"": null}","w63060003",NULL,4,"0.00",0
1777,4659,"{""c"":[1,0.43,0.29,0.14],""m"":[[13.48,219,26,236],[6.08,76,4,80],[8.94,95,8,103],[14.02,128,2,130]],""t"":[[0,0,0,0],[6.3,5,0,5],[0,0,0,0],[0,0,0,0]],""g"":[[0,0,0,0],[2.86,26,3,28],[0,0,0,0],[0,0,0,0]],""d"":20485}","w63060003",NULL,2,"0.00",0
1778,4660,"{""c"":[1,0,0,0.15,0,0.29],""m"":[[37.75,230,5,235],[0,0,0,0],[0,0,0,0],[3,60,0,60],[0,0,0,0,0],[101.77,719,8,727,0.14]],""t"":[[0,0,0,0],[0,0,0,0],[0,0,0,0],[0,0,0,0],[0,0,0,0,0],[0,0,0,0,0]],""g"":[[6.76,26,0,26],[0,0,0,0],[0,0,0,0],[0,0,0,0],[0,0,0,0,0],[0,0,0,0,0]],""d"":20499}","w63060003",NULL,1,"0.00",0
1780,4662,"{""c"":[1],""m"":[[0.1,10,0,10]],""t"":[[0,0,0,0]],""g"":[[0,0,0,0]],""d"":20463}","w63060003",NULL,1,"0.00",0
1781,4663,"{""c"":[0,0.57],""m"":[[0,0,0,0],[0,0,0,0]],""t"":[[0,0,0,0],[0,0,0,0]],""g"":[[0,0,0,0],[0,0,0,0]],""d"":20467}","w63060003",613,1,"0.00",0
1782,4665,"{""c"":[1,0.14,0.43],""m"":[[6.16,77,3,80],[3.12,39,2,41],[5.44,68,2,70]],""t"":[[0,0,0,0],[0,0,0,0],[0,0,0,0]],""g"":[[0,0,0,0],[0,0,0,0],[0,0,0,0]],""d"":20478}","w63060003",NULL,2,"0.00",0
1783,4666,"{""c"":[1,0.14,1],""m"":[[4.16,117,4,120],[4.84,78,2,80],[1.6,20,0,20]],""t"":[[0,0,0,0],[0,0,0,0],[0,0,0,0]],""g"":[[3.3,30,3,32],[0,0,0,0],[0,0,0,0]],""d"":20486}","w63060003",NULL,2,"0.00",0
1784,4667,"{""c"":[1,0.28],""m"":[[7.04,76,14,90],[3.42,36,4,40]],""t"":[[0,0,0,0],[0,0,0,0]],""g"":[[0,0,0,0],[0,0,0,0]],""d"":20471}","w63060003",NULL,1,"0.00",0
1785,4668,"{""c"":[1],""m"":[[5.2,40,0,40]],""t"":[[0,0,0,0]],""g"":[[0,0,0,0]],""d"":20463}","w63060003",NULL,2,"0.00",0
1786,4669,"{""c"":[0,0,0.57],""m"":[[0,0,0,0],[0,0,0,0],[8.29,144,1,145]],""t"":[[0,0,0,0],[0,0,0,0],[0,0,0,0]],""g"":[[0,0,0,0],[0,0,0,0],[0,0,0,0]],""d"":20477}","063060403",613,1,"0.00",0
1787,4670,"{""c"":[1],""m"":[[0,0,0,0]],""t"":[[2.88,4.5,2,5]],""g"":[[0,0,0,0]],""d"":20463}","w63060003",NULL,4,"0.00",0
1788,4671,"{""c"":[1],""m"":[[3.3,96,9,100]],""t"":[[0.72,7.5,103,21]],""g"":[[0,0,0,0]],""d"":20464}","w63060003",NULL,4,"0.00",0
1789,4673,"{""c"": [], ""m"": [], ""t"": [], ""g"": [], ""d"": null}","w63060003",NULL,4,"0.00",0
1790,4674,"{""c"":[1],""m"":[[0.19,19,1,20]],""t"":[[0,0,0,0]],""g"":[[0,0,0,0]],""d"":20463}","w63060003",NULL,2,"0.00",0
1791,4675,"{""c"":[1],""m"":[[51.96,797,26,821]],""t"":[[0,0,0,0]],""g"":[[0,0,0,0]],""d"":20464}","w63060003",NULL,4,"0.00",0
1792,4676,"{""c"":[1],""m"":[[4.62,22,14,30]],""t"":[[0,0,0,0]],""g"":[[0,0,0,0]],""d"":20463}","w63060003",NULL,4,"0.00",0
1794,4678,"{""c"":[1],""m"":[[0.19,19,1,20]],""t"":[[0,0,0,0]],""g"":[[0,0,0,0]],""d"":20463}","w63060003",NULL,1,"0.00",0
1795,4680,"{""c"":[0.86,0.14,0,0,0,0.43],""m"":[[1.9,19,1,20],[2,20,0,20],[0,0,0,0,0],[0,0,0,0,0],[0,0,0,0,0],[2,20,0,20,0.1]],""t"":[[0,0,0,0],[0,0,0,0],[0,0,0,0,0],[0,0,0,0,0],[0,0,0,0,0],[0,0,0,0,0]],""g"":[[0,0,0,0],[0,0,0,0],[0,0,0,0,0],[0,0,0,0,0],[0,0,0,0,0],[0,0,0,0,0]],""d"":20497}","w63060003",NULL,2,"0.00",0
1796,4681,"{""c"":[0.86,0.57],""m"":[[0.2,20,0,20],[0,0,0,0]],""t"":[[0,0,0,0],[0,0,0,0]],""g"":[[0,0,0,0],[0,0,0,0]],""d"":20467}","w63060003",613,1,"0.00",0
1797,4682,"{""c"":[0.86,0,0.29,0.29,0.14,0.86],""m"":[[0,30,1,31],[0,0,0,0],[27.38,176,3,179],[67.58,571,9,580],[10.2,102,0,102],[30.2,302,5,307]],""t"":[[0,2,0,2],[0,0,0,0],[0,0,0,0],[0,0,0,0],[0,0,0,0],[0,0.5,11,2]],""g"":[[0,0,0,0],[0,0,0,0],[0,0,0,0],[0,0,0,0],[0,0,0,0],[0,0,0,0]],""d"":20495}","p25001023",776,3,"0.00",0
1798,4683,"{""c"":[1],""m"":[[6.2,74,1,75]],""t"":[[0,0,0,0]],""g"":[[0,0,0,0]],""d"":20464}","w63060003",NULL,2,"0.00",0
1799,4684,"{""c"":[0.57,0,0.14,0,1],""m"":[[0,0,0,0],[0,0,0,0],[0,0,0,0],[0,0,0,0],[0,0,0,0]],""t"":[[5.92,9.25,29,13],[0,0,0,0],[1.92,2,7,3],[0,0,0,0],[0.6,0.75,1,1]],""g"":[[0,0,0,0],[0,0,0,0],[0,0,0,0],[0,0,0,0],[0,0,0,0]],""d"":20493}","w63060003",NULL,4,"0.00",0
1801,4686,"{""c"":[0.86,0.14,0,0,0.86],""m"":[[2.4,30,0,30],[10.88,136,5,140],[0,0,0,0],[0,0,0,0],[0,0,0,0]],""t"":[[0,0,0,0],[0,0,0,0],[0,0,0,0],[0,0,0,0],[0,0,0,0]],""g"":[[0,0,0,0],[2.34,13,21,20],[0,0,0,0],[0,0,0,0],[15.66,87,44,116]],""d"":20487}","w63060003",NULL,3,"0.00",0
1802,4687,"{""c"":[0.86,0.29],""m"":[[0,49,1,50],[0,10,0,10]],""t"":[[0,0,0,0],[0,0,0,0]],""g"":[[1.68,42,0,42],[0,0,0,0]],""d"":20470}","w63060003",NULL,4,"0.00",0
1803,4688,"{""c"":[0.86,0.71,0.14,0.15,0,0.57],""m"":[[3.12,39,1,40],[51.42,616,5,621],[6.8,85,2,87],[8.08,101,0,101],[0,0,0,0],[0,0,0,0]],""t"":[[10.71,9.25,3,10],[66.53,72.75,21,78],[0,0,0,0],[0,0,0,0],[0,0,0,0],[0,0,0,0]],""g"":[[0,0,0,0],[12.76,116,16,126],[0,0,0,0],[0,0,0,0],[0,0,0,0],[0,0,0,0]],""d"":20495}","w63060003",773,2,"0.00",0
1804,4689,"{""c"":[0.86,0.15,0,0.14,0,0.43],""m"":[[3.4,100,0,100],[2.8,40,0,40],[0,0,0,0],[2.79,54,1,55],[0,0,0,0],[0,0,0,0,0]],""t"":[[0,0,0,0],[0,0,0,0],[0,0,0,0],[0,0,0,0],[0,0,0,0],[0,0,0,0,0]],""g"":[[0,0,0,0],[0,0,0,0],[0,0,0,0],[0,0,0,0],[0,0,0,0],[0,0,0,0,0]],""d"":20496}","h18770026",731,1,"0.00",0
1805,4690,"{""c"":[0.86,0,0.86],""m"":[[0.8,10,0,10],[0,0,0,0],[1.53,20,1,21]],""t"":[[0,0,0,0],[0,0,0,0],[0,0,0,0]],""g"":[[0,0,0,0],[0,0,0,0],[0,0,0,0]],""d"":20473}","w63060003",723,2,"0.00",0
1806,4691,"{""c"":[0.86,0.14,0.72,0.14,0.43,0.57],""m"":[[0,0,0,0],[0,0,0,0],[22.69,383,28,408],[0,0,0,0],[0,0,0,0],[0,0,0,0]],""t"":[[0,1,0,1],[0.72,1,0,1],[2.4,2.25,7,4],[0,0,0,0],[2.16,3,0,3],[1.45,3,4,4]],""g"":[[0,0,0,0],[0,0,0,0],[1.48,37,15,46],[0.36,9,2,11],[5.52,138,8,144],[0,0,0,0]],""d"":20496}","c48820063",622,4,"0.00",2
1807,4692,"{""c"":[0,0.14],""m"":[[0,0,0,0],[0.3,30,0,30]],""t"":[[0,0,0,0],[0,0,0,0]],""g"":[[0,0,0,0],[0,0,0,0]],""d"":20471}","w63060003",613,1,"0.00",0
1808,4693,"{""c"":[1,0.43,0,0,0.43],""m"":[[0.2,20,0,20],[8.95,97,11,107],[0,0,0,0],[0,0,0,0],[0,0,0,0]],""t"":[[0,0,0,0],[0,0,0,0],[0,0,0,0],[0,0,0,0],[0,0,0,0]],""g"":[[0,0,0,0],[2.6,10,0,10],[0,0,0,0],[0,0,0,0],[0,0,0,0]],""d"":20489}","o48088093",762,1,"0.00",0
1809,4694,"{""c"":[0.43,0,0,0.43],""m"":[[7.63,76,2,77],[0,0,0,0],[0,0,0,0],[0,0,0,0]],""t"":[[0,0,0,0],[0,0,0,0],[0,0,0,0],[0,0,0,0]],""g"":[[1.3,5,0,5],[0,0,0,0],[0,0,0,0],[0,0,0,0]],""d"":20489}","w63060003",762,1,"0.00",0
1810,4695,"{""c"": [], ""m"": [], ""t"": [], ""g"": [], ""d"": null}","w63060003",NULL,4,"0.00",0
1811,4696,"{""c"":[0,0.42,0.71,0.14,0.15,0.43],""m"":[[0,0,0,0],[13.2,130,0,130],[43.75,147,4,151],[0,0,0,0],[0,0,0,0],[0,0,0,0,0]],""t"":[[0,0,0,0],[20.34,13.5,6,15],[0.96,1.5,13,3],[0,0,0,0],[3.6,3.5,2,4],[2.9,5,0,5,0.58]],""g"":[[0,0,0,0],[4.16,16,12,22],[1.68,42,4,44],[1.44,36,11,44],[0.64,16,0,16],[1.08,27,0,27,0.04]],""d"":20497}","c11080003",622,4,"0.00",0
1812,4697,"{""c"":[1],""m"":[[1.88,40,6,45]],""t"":[[0,0,0,0]],""g"":[[0,0,0,0]],""d"":20463}","w63060003",NULL,2,"0.00",0
1813,4698,"{""c"":[1],""m"":[[8.7,112,9,120]],""t"":[[0,0,0,0]],""g"":[[0,0,0,0]],""d"":20463}","w63060003",NULL,2,"0.00",0
1814,4701,"{""c"":[1],""m"":[[9.09,78,2,80]],""t"":[[42.6,33.75,5,35]],""g"":[[0.77,7,0,7]],""d"":20464}","w63060003",125,2,"68.00",0
1815,4703,"{""c"":[1,0.15,0.14,0,0.14,0.14,1],""m"":[[7.84,118,2,120],[4,50,0,50],[3.2,110,8,118],[0,0,0,0],[4.4,55,25,60],[2.48,31,127,40,0.08],[4.16,52,34,60,0.08]],""t"":[[0,0,0,0],[0,0,0,0],[0,0,0,0],[0,0,0,0],[0,0,0,0],[0,0,0,0,0],[0,0,0,0,0]],""g"":[[0,0,0,0],[0,0,0,0],[0,0,0,0],[0,0,0,0],[0,0,0,0],[0,0,0,0,0],[0,0,0,0,0]],""d"":20501}","g13062003",779,3,"0.00",0
1818,4705,"{""c"": [], ""m"": [], ""t"": [], ""g"": [], ""d"": null}","w63060003",NULL,1,"0.00",0
1819,4706,"{""c"":[0.71,0,0,0.86],""m"":[[5.75,115,5,120],[0,0,0,0],[0,0,0,0],[1.64,4,1,5]],""t"":[[0,0,0,0],[0,0,0,0],[0,0,0,0],[1.92,2,0,2]],""g"":[[0,0,0,0],[0,0,0,0],[0,0,0,0],[0,0,0,0]],""d"":20488}","p480610a3",575,4,"0.50",0
1820,4707,"{""c"":[1,0.14,0,0,0.14,0.57],""m"":[[9.03,226,18,239],[7.41,96,12,103],[0,0,0,0],[0,0,0,0],[4.2,69,2,71],[0,0,0,0]],""t"":[[0,0,0,0],[0,0,0,0],[0,0,0,0],[0,0,0,0],[0,0,0,0],[0,0,0,0]],""g"":[[0,0,0,0],[0,0,0,0],[0,0,0,0],[0,0,0,0],[0,0,0,0],[0,0,0,0]],""d"":20495}","w63060003",773,2,"0.00",0
1821,4708,"{""c"":[1],""m"":[[10.46,116,4,120]],""t"":[[0,0,0,0]],""g"":[[0,0,0,0]],""d"":20464}","w63060003",NULL,2,"0.00",0
1822,4709,"{""c"":[1],""m"":[[0,0,0,0]],""t"":[[0,0,0,0]],""g"":[[6.12,34,25,43]],""d"":20487}","w63060003",NULL,3,"0.00",0
1823,4710,"{""c"":[1],""m"":[[2,40,0,40]],""t"":[[0,0,0,0]],""g"":[[0,0,0,0]],""d"":20464}","w63060003",NULL,4,"0.00",0
1824,4711,"{""c"":[1,0.14,0,0,0.86],""m"":[[15.36,192,54,220],[0,0,0,0],[0,0,0,0],[0,0,0,0],[0,0,0,0]],""t"":[[0,0,0,0],[0,0,0,0],[0,0,0,0],[0,0,0,0],[0,0,0,0]],""g"":[[0,0,0,0],[3.06,17,15,21],[0,0,0,0],[0,0,0,0],[6.12,34,18,43]],""d"":20487}","w63060003",NULL,3,"0.00",0
1825,4712,"{""c"":[1],""m"":[[0,20,0,20]],""t"":[[0,0,0,0]],""g"":[[1.52,38,67,71]],""d"":20465}","w63060003",NULL,4,"0.00",0
1826,4713,"{""c"":[1],""m"":[[11.9,93,17,100]],""t"":[[0,0,0,0]],""g"":[[0,0,0,0]],""d"":20464}","w63060003",NULL,3,"0.00",0
1827,4715,"{""c"":[0.43,0,0,0.86],""m"":[[1.6,20,0,20],[0,0,0,0],[0,0,0,0],[0,0,0,0]],""t"":[[0,0,0,0],[0,0,0,0],[0,0,0,0],[0,0,0,0]],""g"":[[4.68,26,28,40],[0,0,0,0],[0,0,0,0],[2.7,15,7,20]],""d"":20487}","w63060003",NULL,3,"0.00",0
1828,4716,"{""c"":[1,0,0,0.86],""m"":[[5.76,72,2,74],[0,0,0,0],[0,0,0,0],[0,0,0,0]],""t"":[[0,0,0,0],[0,0,0,0],[0,0,0,0],[0,0,0,0]],""g"":[[0,0,0,0],[0,0,0,0],[0,0,0,0],[3.74,34,10,39]],""d"":20480}","w63060003",NULL,2,"0.00",0
1829,4717,"{""c"":[1],""m"":[[1.52,19,1,20]],""t"":[[0,0,0,0]],""g"":[[0,0,0,0]],""d"":20464}","w63060003",NULL,2,"0.00",0
1830,4718,"{""c"":[0.71,0.14,0,0,0.71],""m"":[[12.83,148,2,150],[16.77,129,29,150],[0,0,0,0],[0,0,0,0],[15.6,146,4,150]],""t"":[[0,0,0,0],[0,0,0,0],[0,0,0,0],[0,0,0,0],[0,0,0,0]],""g"":[[0,0,0,0],[0,0,0,0],[0,0,0,0],[0,0,0,0],[0,0,0,0]],""d"":20495}","w63060003",NULL,2,"0.00",0
1831,4719,"{""c"":[1,0.72,0.43,0.15,0.43,0.42,1],""m"":[[9.5,99,1,100],[24.46,265,10,275],[42,461,11,471],[5.04,63,4,66],[7.76,97,3,100],[0,0,0,0],[0,0,0,0,0]],""t"":[[0,0,0,0],[0,0,0,0],[0,0,0,0],[0,0,0,0],[0,0,0,0],[11.93,18.25,42,30,0],[0,8,4,10,0]],""g"":[[0,0,0,0],[0,24,9,30],[0,0,0,0],[2.7,15,14,21],[0,0,0,0],[0,0,0,0],[0,0,0,0,0]],""d"":20500}","666310413",784,3,"0.00",1
1832,4720,"{""c"":[1],""m"":[[4.73,79,1,80]],""t"":[[0,0,0,0]],""g"":[[0,0,0,0]],""d"":20464}","w63060003",NULL,2,"0.00",0
1833,4721,"{""c"":[1,0,0.14,0,0,0.86],""m"":[[0.11,11,0,11],[0,0,0,0],[3.39,33,8,40],[0,0,0,0],[0,0,0,0],[0.2,20,1,21]],""t"":[[0,0,0,0],[0,0,0,0],[0,0,0,0],[0,0,0,0],[0,0,0,0],[0,0,0,0]],""g"":[[0,0,0,0],[0,0,0,0],[0,0,0,0],[0,0,0,0],[0,0,0,0],[0,0,0,0]],""d"":20495}","w63060003",NULL,2,"0.00",0
1834,4722,"{""c"": [], ""m"": [], ""t"": [], ""g"": [], ""d"": null}","w63060003",NULL,4,"0.00",0
1835,4723,"{""c"":[1,0.43,0.57,0.43,0.57,0.57],""m"":[[0,20,0,20],[11.21,152,9,160],[8.82,80,17,90],[3.96,22,16,30],[32.57,173,23,190],[5.13,19,1,20]],""t"":[[0,0,0,0],[5.64,9,25,13],[2.63,3,61,12],[2.88,6.25,15,10],[14.7,17,60,30],[15.04,10.5,47,20]],""g"":[[0,0,0,0],[8.2,205,145,281],[2.32,58,30,73],[0.4,10,1,11],[7.48,187,100,234],[0,0,0,0]],""d"":20496}","g40050a23",676,4,"0.00",1
1837,4725,"{""c"":[0.71,0.14,0.14,0,0.71],""m"":[[15.95,135,5,140],[39.36,342,23,361],[12.35,95,5,100],[0,0,0,0],[9.22,97,3,100]],""t"":[[0,0,0,0],[0,0,0,0],[0,0,0,0],[0,0,0,0],[0,0,0,0]],""g"":[[0,0,0,0],[0,0,0,0],[0,0,0,0],[0,0,0,0],[0,0,0,0]],""d"":20495}","w63060003",NULL,2,"0.00",0
1838,4726,"{""c"": [], ""m"": [], ""t"": [], ""g"": [], ""d"": null}","w63060003",NULL,4,"0.00",0
1840,4728,"{""c"":[1],""m"":[[1.12,112,9,120]],""t"":[[0,0,0,0]],""g"":[[0,0,0,0]],""d"":20464}","w63060003",NULL,1,"0.00",0
1841,4729,"{""c"":[1,0.29,0,0,0.72],""m"":[[0.9,70,0,70],[5.48,150,7,156],[0,0,0,0],[0,0,0,0],[10.62,109,6,115]],""t"":[[0,0,0,0],[0,0,0,0],[0,0,0,0],[0,0,0,0],[35.13,43.5,24,49]],""g"":[[4.73,43,3,46],[13.64,124,6,129],[0,0,0,0],[0,0,0,0],[24.42,222,17,235]],""d"":20492}","o73082b63",698,2,"0.00",0
1842,4730,"{""c"":[1],""m"":[[17.8,194,8,200]],""t"":[[0,0,0,0]],""g"":[[0,0,0,0]],""d"":20464}","w63060003",NULL,2,"0.00",0
1843,801,"{""c"":[1],""m"":[[0,0,0,0]],""t"":[[0,0,0,0]],""g"":[[8.46,47,69,82]],""d"":20467}","w63060003",NULL,3,"0.00",0
1844,4732,"{""c"": [], ""m"": [], ""t"": [], ""g"": [], ""d"": null}","w63060003",NULL,2,"0.00",0
1845,4733,"{""c"":[0,0.29,0.28,0.86,1],""m"":[[0,0,0,0],[0.9,73,2,75],[155.46,711,35,740],[6.97,17,3,20],[20.38,96,4,100]],""t"":[[0,0,0,0],[2.82,3,8,5],[0,4.75,1,5],[9.51,12,12,15],[0,0,0,0]],""g"":[[0,0,0,0],[0,0,0,0],[25.84,682,56,728],[7.88,197,12,204],[0.8,20,0,20]],""d"":20493}","o48764036",761,4,"0.00",0
1848,4735,"{""c"": [], ""m"": [], ""t"": [], ""g"": [], ""d"": null}","w63060003",NULL,2,"0.00",0
1850,4737,"{""c"":[0,0.29,0.15,0.29,0.15,1],""m"":[[0,0,0,0],[0.9,15,0,15],[0,40,0,40],[0,0,0,0],[2.73,13,5,15],[1.96,27,3,30,0.09]],""t"":[[0,0,0,0],[1.79,1.75,17,5],[1.44,11.25,16,15],[1.45,3.25,11,5],[0,0,0,0],[0,0,0,0,0]],""g"":[[0,0,0,0],[0,0,0,0],[0,0,0,0],[1.56,39,25,54],[2.2,55,20,66],[2.76,69,19,81,0.04]],""d"":20500}","w63060003",761,4,"0.00",0
1851,4739,"{""c"":[1],""m"":[[2,20,0,20]],""t"":[[0,0,0,0]],""g"":[[0,0,0,0]],""d"":20464}","w63060003",NULL,2,"0.00",0
1852,4740,"{""c"":[1],""m"":[[0,39,1,40]],""t"":[[0,0,0,0]],""g"":[[0,0,0,0]],""d"":20464}","w63060003",NULL,4,"0.00",0
1853,4741,"{""c"": [], ""m"": [], ""t"": [], ""g"": [], ""d"": null}","w63060003",NULL,4,"0.00",0
1855,4743,"{""c"":[0,0.44,0.29,0,0,0.43],""m"":[[0,0,0,0],[21.86,232,29,254],[4.88,61,1,62],[0,0,0,0],[0,0,0,0],[33.87,217,4,219,0.15]],""t"":[[0,0,0,0],[0,0,0,0],[0,0,0,0],[0,0,0,0],[0,0,0,0],[0,0,0,0]],""g"":[[0,0,0,0],[0,26,7,30],[2.34,13,17,21],[0,0,0,0],[0,0,0,0],[0,0,0,0]],""d"":20497}","401061003",784,3,"0.00",0
1856,4744,"{""c"":[1],""m"":[[3.2,40,0,40]],""t"":[[0,0,0,0]],""g"":[[0,0,0,0]],""d"":20464}","w63060003",NULL,2,"0.00",0
1857,4745,"{""c"":[1,0.71],""m"":[[13.12,164,2,166],[0,0,0,0]],""t"":[[0,0,0,0],[0,0,0,0]],""g"":[[0,0,0,0],[1.62,9,103,43]],""d"":20467}","w63060003",NULL,3,"0.00",0
1858,4746,"{""c"":[0,0.14,0,0.15,0.14,0.57],""m"":[[0,0,0,0],[0.17,17,3,20],[0,0,0,0],[4.67,37,14,45],[0.3,30,20,40],[0,0,0,0]],""t"":[[0,0,0,0],[0,0,0,0],[0,0,0,0],[0,0,0,0],[0,0,0,0],[0,0,0,0]],""g"":[[0,0,0,0],[0,0,0,0],[0,0,0,0],[0,0,0,0],[0,0,0,0],[0,0,0,0]],""d"":20495}","w63060003",732,1,"0.00",0
1860,4748,"{""c"":[0.86],""m"":[[10.3,198,3,200,0.01]],""t"":[[0,0,0,0]],""g"":[[0,0,0,0]],""d"":20497}","w63060003",NULL,2,"0.00",0
1862,4750,"{""c"":[0.43,0.14],""m"":[[2.66,19,1,20],[0,0,0,0,0]],""t"":[[0,0,0,0],[0,4.5,14,10,0]],""g"":[[0,0,0,0],[0,0,0,0,0]],""d"":20499}","w63060003",NULL,4,"0.00",0
1863,4751,"{""c"":[1],""m"":[[0,0,0,0]],""t"":[[0,0,0,0]],""g"":[[5.76,32,6,36]],""d"":20464}","w63060003",NULL,3,"0.00",0
1865,4752,"{""c"":[1,0.86,0.28,0.14,0,0,1],""m"":[[34.35,405,100,460],[75.3,793,8,800],[17.9,179,16,190],[6.86,98,2,100],[0,0,0,0,0],[0,0,0,0,0],[177.07,1962,337,2170,0.07]],""t"":[[0,0,0,0],[0,0,0,0],[0,0,0,0],[0,0,0,0],[0,0,0,0,0],[0,0,0,0,0],[0,0,0,0,0]],""g"":[[0,0,0,0],[0,0,0,0],[0,0,0,0],[0,0,0,0],[0,0,0,0,0],[0,0,0,0,0],[0,0,0,0,0]],""d"":20502}","w63160333",766,2,"6.00",0
1866,4754,"{""c"":[0,0.28,0,0.43,0.15,0.57],""m"":[[0,0,0,0],[3.6,20,0,20],[0,0,0,0],[33.21,834,31,862],[2.34,18,2,20],[4.85,161,11,170,0.01]],""t"":[[0,0,0,0],[2.43,1,0,1],[0,0,0,0],[3.74,3,4,4],[0,0,0,0],[12.45,9.75,1,10]],""g"":[[0,0,0,0],[0,0,0,0],[0,0,0,0],[3.38,13,0,13],[0,0,0,0],[0,0,0,0]],""d"":20497}","k65552023",732,1,"0.00",0
1867,4755,"{""c"":[1],""m"":[[7.45,149,1,150]],""t"":[[0,0,0,0]],""g"":[[0,0,0,0]],""d"":20464}","w63060003",NULL,4,"0.00",0
1868,4756,"{""c"":[0,0,0.57],""m"":[[0,0,0,0],[0,0,0,0],[2.34,18,2,20]],""t"":[[0,0,0,0],[0,0,0,0],[0,0,0,0]],""g"":[[0,0,0,0],[0,0,0,0],[0,0,0,0]],""d"":20475}","k68160003",613,1,"0.00",0
1869,4757,"{""c"":[0,0,0.42],""m"":[[0,0,0,0],[0,0,0,0],[0,0,0,0]],""t"":[[0,0,0,0],[0,0,0,0],[0,0,0,0]],""g"":[[0,0,0,0],[0,0,0,0],[0,0,0,0]],""d"":20482}","g25063043",779,3,"0.00",0
1870,4758,"{""c"":[1,0.57,0.57],""m"":[[116.67,320,102,370],[92.48,211,13,220],[5.22,29,1,30]],""t"":[[0,0,0,0],[0,0,0,0],[0,0,0,0]],""g"":[[0,0,0,0],[0,0,0,0],[0,0,0,0]],""d"":20482}","p581717b3",776,3,"0.00",0
1871,4759,"{""c"":[0,0.86,0.57,0.29,0.14],""m"":[[0,0,0,0],[240.88,1130,35,1163],[38.66,157,10,165],[0.7,11,0,11],[5.4,76,4,80,0.07]],""t"":[[0,0,0,0],[17.35,22.75,80,35],[2.52,4.25,3,5],[0,0,0,0],[0,0,0,0,0]],""g"":[[0,0,0,0],[2.12,53,13,61],[0.64,16,0,16],[0.64,16,6,19],[0,0,0,0,0]],""d"":20499}","s52042022",761,4,"0.00",1
1872,4760,"{""c"":[1,0,0,0.86],""m"":[[5.5,55,6,60],[0,0,0,0],[0,0,0,0],[3.22,36,4,40]],""t"":[[0,0,0,0],[0,0,0,0],[0,0,0,0],[0,0,0,0]],""g"":[[0,0,0,0],[0,0,0,0],[0,0,0,0],[0,0,0,0]],""d"":20480}","w63060003",NULL,2,"0.00",0
1873,4761,"{""c"":[0,0.57],""m"":[[0,0,0,0],[0,0,0,0]],""t"":[[0,0,0,0],[0,0,0,0]],""g"":[[0,0,0,0],[0,0,0,0]],""d"":20467}","666176726",613,1,"0.00",0
1874,4762,"{""c"":[0.29,0,0,0.72],""m"":[[7.3,95,0,95],[0,0,0,0],[0,0,0,0],[0,0,0,0]],""t"":[[0,0,0,0],[0,0,0,0],[0,0,0,0],[0,0,0,0]],""g"":[[0,0,0,0],[0,0,0,0],[0,0,0,0],[11,100,40,120]],""d"":20488}","e58084023",698,2,"0.00",0
1875,4763,"{""c"":[0,0,0,0.72,0.86,0.58,1],""m"":[[0,0,0,0],[0,0,0,0],[0,0,0,0],[13.41,206,5,210],[22.12,222,21,240],[7.32,71,9,80,0.01],[0.39,39,1,40,0.01]],""t"":[[0,0,0,0],[0,0,0,0],[0,0,0,0],[0,0,0,0],[0,0,0,0],[0,0,0,0],[0,0,0,0,0]],""g"":[[0,0,0,0],[0,0,0,0],[0,0,0,0],[0,0,0,0],[0,0,0,0],[0,0,0,0],[0,0,0,0,0]],""d"":20501}","o63068093",613,1,"0.00",0
1876,1809,"{""c"":[1,0.57,0.86],""m"":[[25.67,467,14,480],[50.1,846,15,860],[11.15,215,5,220]],""t"":[[0,0,0,0],[0,0,0,0],[0,0,0,0]],""g"":[[2.68,67,10,75],[0,0,0,0],[0,0,0,0]],""d"":20473}","g21782843",725,4,"4.00",0
1877,4764,"{""c"":[1],""m"":[[1.2,10,0,10]],""t"":[[0,0,0,0]],""g"":[[0,0,0,0]],""d"":20464}","w63060003",NULL,4,"0.00",0
1878,4765,"{""c"":[1],""m"":[[1.71,38,4,40]],""t"":[[0,0,0,0]],""g"":[[0,0,0,0]],""d"":20464}","w63060003",NULL,2,"0.00",0
1880,4766,"{""c"":[1,0.71,0.71,0.14,0.43,0.57],""m"":[[12.4,124,6,130],[135.49,1403,24,1427],[50.3,503,7,510],[6,60,0,60],[10.3,119,1,120],[0,0,0,0]],""t"":[[0,0,0,0],[0,0,0,0],[0,0,0,0],[0,0,0,0],[2.9,4,4,5],[0,0,0,0]],""g"":[[0,0,0,0],[0,0,0,0],[0,0,0,0],[0,0,0,0],[0,0,0,0],[0,0,0,0]],""d"":20495}","w63060003",773,2,"0.00",1
1881,4767,"{""c"":[1,0.43],""m"":[[0,0,0,0],[0,0,0,0]],""t"":[[0.6,0.75,37,5],[0,0.25,37,4]],""g"":[[0,0,0,0],[0,0,0,0]],""d"":20469}","w63060003",NULL,4,"0.00",0
1883,4769,"{""c"":[0,0.29,0,0.15],""m"":[[0,0,0,0],[9.64,89,1,90],[0,0,0,0],[0,0,0,0]],""t"":[[0,0,0,0],[0,0,50,5],[0,0,0,0],[0,0,0,0]],""g"":[[0,0,0,0],[0,0,0,0],[0,0,0,0],[1.52,38,22,51]],""d"":20492}","w37010023",761,4,"0.00",0
1885,4771,"{""c"":[1],""m"":[[0,20,0,20]],""t"":[[0,0,0,0]],""g"":[[0,0,0,0]],""d"":20464}","w63060003",NULL,3,"0.00",0
1886,4772,"{""c"":[1,0.28],""m"":[[1.96,39,10,45],[2.11,33,1,34]],""t"":[[0,0,0,0],[0,1.75,1,2]],""g"":[[0,0,0,0],[0,0,0,0]],""d"":20471}","w63060003",NULL,4,"0.00",0
1887,4773,"{""c"":[1,0,0.15,0,0.43],""m"":[[1.33,19,1,20],[0,0,0,0],[2.73,39,1,40],[0,0,0,0],[3.16,76,4,80]],""t"":[[0,0,0,0],[0,0,0,0],[0,0,0,0],[0,0,0,0],[0,0,0,0]],""g"":[[1.56,6,0,6],[0,0,0,0],[0,0,0,0],[0,0,0,0],[0,0,0,0]],""d"":20491}","w63060003",NULL,1,"0.00",0
1888,4774,"{""c"":[1,0,0.15,0,0.29],""m"":[[10.07,19,1,20],[0,0,0,0],[10.07,19,1,20],[0,0,0,0],[10.07,19,1,20]],""t"":[[0,0,0,0],[0,0,0,0],[0,0,0,0],[0,0,0,0],[0,0,0,0]],""g"":[[0,0,0,0],[0,0,0,0],[0,0,0,0],[0,0,0,0],[0,0,0,0]],""d"":20491}","w63060003",NULL,0,"0.00",0
1889,4775,"{""c"":[1],""m"":[[7.44,201,34,220]],""t"":[[0,0,0,0]],""g"":[[0,0,0,0]],""d"":20464}","w63060003",NULL,5,"0.00",0
1890,4776,"{""c"":[0,0.43,0.72,0.57],""m"":[[0,0,0,0],[53.35,230,5,235],[51.39,247,8,253],[53.46,201,7,206]],""t"":[[0,0,0,0],[0,0,0,0],[1.8,2,4,3],[0,0,0,0]],""g"":[[0,0,0,0],[0,0,0,0],[0,0,0,0],[1.36,34,1,35]],""d"":20492}","c41080023",761,4,"0.00",0
1891,4777,"{""c"":[1],""m"":[[2.17,31,4,35]],""t"":[[0,0,0,0]],""g"":[[0,0,0,0]],""d"":20464}","w63060003",NULL,4,"0.00",0
1892,4778,"{""c"":[1,0.71,0.86,0.43,0.43,0.72],""m"":[[20.6,206,3,209],[34.9,349,8,357],[22.2,240,2,242],[4.13,43,0,43],[14.6,140,0,140],[16,160,0,160]],""t"":[[0,0,0,0],[1.24,2.75,11,5],[21.56,29.75,21,35],[0,0,0,0],[3.32,4.25,3,5],[0,0,0,0]],""g"":[[8.69,79,12,89],[16.61,151,13,162],[3.85,35,2,36],[0,0,0,0],[0,0,0,0],[0,0,0,0]],""d"":20495}","w63060003",773,2,"19.00",0
1893,4780,"{""c"":[1],""m"":[[0.21,21,0,21]],""t"":[[5.9,4.75,1,5]],""g"":[[0,0,0,0]],""d"":20464}","w63060003",NULL,1,"0.00",0
1894,4781,"{""c"":[1,0.28,0,0,0,1],""m"":[[0.12,12,13,20],[1.71,38,2,40],[0,0,0,0],[0,0,0,0],[0,0,0,0],[0,0,0,0]],""t"":[[0,0,0,0],[0,0,0,0],[0,0,0,0],[0,0,0,0],[0,0,0,0],[0,4,4,5]],""g"":[[0,0,0,0],[0,0,0,0],[0,0,0,0],[0,0,0,0],[0,0,0,0],[0,0,0,0]],""d"":20493}","w63060003",NULL,4,"0.00",0
1895,2863,"{""c"":[0,0.71],""m"":[[0,0,0,0],[0,0,0,0]],""t"":[[0,0,0,0],[0,0,0,0]],""g"":[[0,0,0,0],[0,0,0,0]],""d"":20466}","w63060003",690,1,"0.00",0
1896,2884,"{""c"":[0,0.71],""m"":[[0,0,0,0],[0,0,0,0]],""t"":[[0,0,0,0],[0,0,0,0]],""g"":[[0,0,0,0],[0,0,0,0]],""d"":20466}","w63060003",690,-1,"0.00",0
1897,2883,"{""c"":[0,0.71],""m"":[[0,0,0,0],[0,0,0,0]],""t"":[[0,0,0,0],[0,0,0,0]],""g"":[[0,0,0,0],[0,0,0,0]],""d"":20466}","w63060003",690,1,"0.00",0
1898,2869,"{""c"":[0,0.71],""m"":[[0,0,0,0],[0,0,0,0]],""t"":[[0,0,0,0],[0,0,0,0]],""g"":[[0,0,0,0],[0,0,0,0]],""d"":20466}","w63060003",690,-1,"0.00",0
1899,3046,"{""c"":[0,0.71],""m"":[[0,0,0,0],[0,0,0,0]],""t"":[[0,0,0,0],[0,0,0,0]],""g"":[[0,0,0,0],[0,0,0,0]],""d"":20466}","w63060003",690,-1,"0.00",0
1900,4783,"{""c"":[1,0,0.86],""m"":[[2.72,34,11,40],[0,0,0,0],[3.04,38,2,40]],""t"":[[0,0,0,0],[0,0,0,0],[0,0,0,0]],""g"":[[0,0,0,0],[0,0,0,0],[0,0,0,0]],""d"":20473}","w63060003",NULL,2,"0.00",0
1901,4784,"{""c"":[1,0.86,0.72,0.15,0.14,0.86],""m"":[[43.54,573,29,600],[165.02,1371,62,1425],[101.92,1274,26,1299],[3.92,49,1,50],[8.32,104,3,107],[50.94,632,9,640,0.08]],""t"":[[0,0,0,0],[0,0,0,0],[0,0,0,0],[0,0,0,0],[0,0,0,0],[2.17,1,36,5]],""g"":[[0,0,0,0],[0,86,24,102],[2.16,12,16,21],[0,0,0,0],[0,0,0,0],[0,0,0,0]],""d"":20497}","x41170a03",784,3,"0.00",0
1902,4785,"{""c"":[0.71,0.43,0.28,0.29,0.71],""m"":[[23.55,392,6,396],[2.4,48,2,50],[0,0,0,0],[13.77,105,7,110],[4.58,18,3,20,0.41]],""t"":[[0,0,0,0],[0.3,0.5,13,3],[0,0,0,0],[2.4,2.75,5,4],[2.9,5,0,5]],""g"":[[0,0,0,0],[0,0,0,0],[3,75,12,85],[0.64,16,0,16],[0.92,23,5,27,0.04]],""d"":20497}","q80344693",622,4,"0.00",0
1903,4786,"{""c"": [], ""m"": [], ""t"": [], ""g"": [], ""d"": null}","w63060003",NULL,4,"0.00",0
1904,4787,"{""c"":[0,0,0.28,0.15,0.43],""m"":[[0,0,0,0],[0,0,0,0],[0,0,0,0],[0,0,0,0],[0,0,0,0,0]],""t"":[[0,0,0,0],[0,0,0,0],[0.72,1.5,2,2],[1.08,2.25,3,3],[1.74,3,2,4,0.58]],""g"":[[0,0,0,0],[0,0,0,0],[1.6,40,15,48],[0.36,9,8,10],[0.56,14,22,18,0.04]],""d"":20497}","w63060003",622,4,"0.00",0
1905,4788,"{""c"":[1,0.71],""m"":[[3.2,40,0,40],[1.44,18,7,20]],""t"":[[0,0,0,0],[0,0,0,0]],""g"":[[0,0,0,0],[0,0,0,0]],""d"":20467}","w63060003",NULL,3,"0.00",0
1906,4789,"{""c"":[0,0.43,0.43,0.57,0.71],""m"":[[49,1178,12,1190],[8.82,42,9,50],[13.76,218,33,230],[33.4,178,48,190],[9.2,40,0,40]],""t"":[[0,0,0,0],[0,0.25,91,12],[3.6,6.5,21,10],[0,0,0,0],[1.26,1.25,166,20]],""g"":[[3.08,77,149,145],[2.32,58,32,73],[0.44,11,0,11],[4.24,106,313,219],[0,0,0,0]],""d"":20496}","629171023",676,4,"0.00",0
1907,4790,"{""c"":[1,0.28,0.14,0.14,1],""m"":[[3.22,43,2,45],[0.84,6,0,6],[0,66,1,67],[14.85,88,71,94],[1.02,17,7,20]],""t"":[[0,0,0,0],[0,0,0,0],[0,0,0,0],[0,0,0,0],[0,0,0,0]],""g"":[[0,0,0,0],[1.28,32,16,43],[0.48,12,5,16],[0,0,0,0],[0,0,0,0]],""d"":20486}","w63060003",NULL,4,"0.00",0
1908,4791,"{""c"":[1,1],""m"":[[1.6,20,0,20],[6.32,79,1,80]],""t"":[[0,0,0,0],[0,0,0,0]],""g"":[[0,0,0,0],[0,0,0,0]],""d"":20465}","w63060003",NULL,2,"0.00",0
1909,2359,"{""c"": [], ""m"": [], ""t"": [], ""g"": [], ""d"": null}","w63060003",NULL,-1,"0.00",0
1910,4792,"{""c"":[1,0,0.15,0.14,0.15,0.43],""m"":[[0,14,1,15],[0,0,0,0],[0,0,0,0],[0,0,0,0],[0,0,0,0],[0,0,0,0,0]],""t"":[[0,0,0,0],[0,0,0,0],[0,0.25,11,2],[0,0,0,0],[0.6,1.25,12,4],[0,0,0,0,0]],""g"":[[0,0,0,0],[0,0,0,0],[1.68,42,15,49],[1.52,38,10,44],[0.56,14,4,16],[0,0,0,0,0]],""d"":20496}","w63060003",622,4,"0.00",0
1911,4793,"{""c"":[1,1],""m"":[[1.5,30,4,32],[2.6,72,0,72]],""t"":[[0,0,0,0],[0,0,0,0]],""g"":[[0,0,0,0],[0,0,0,0]],""d"":20465}","w63060003",NULL,4,"0.00",0
1912,4794,"{""c"":[0.57,0.43,0.28,0.29,0.57],""m"":[[11.98,130,6,135],[1.04,104,1,105],[14.16,146,19,159],[20.8,157,9,165],[3.64,28,2,30]],""t"":[[0,0,0,0],[11.67,11.5,15,15],[0,0,0,0],[0,0,0,0],[0,0,0,0]],""g"":[[1.3,5,0,5],[0,0,0,0],[0,0,0,0],[0,0,0,0],[0,0,0,0]],""d"":20496}","p28066043",762,1,"0.00",0
1913,2007,"{""c"": [], ""m"": [], ""t"": [], ""g"": [], ""d"": null}","w63060003",NULL,-1,"0.00",0
1914,4795,"{""c"":[0,0.72,0.43,0.29,0.72,0.3,0.86],""m"":[[0,0,0,0],[90.79,339,29,365],[15.93,64,6,70],[0,0,0,0],[10.71,45,7,50],[0,0,0,0],[0,0,0,0,0]],""t"":[[0,0,0,0],[8.91,10.75,124,22],[3.24,4.75,1,5],[12.43,13.5,50,19],[25.26,26.5,45,33],[15.6,18,8,20],[0,0,0,0,0]],""g"":[[0,0,0,0],[3.72,93,25,108],[3,75,8,83],[1.04,26,6,30],[5.76,144,28,165],[0,0,0,0],[0,0,0,0,0]],""d"":20500}","952670080",806,4,"0.00",0
1915,4796,"{""c"":[1],""m"":[[0,58,2,60]],""t"":[[0,0,0,0]],""g"":[[0,0,0,0]],""d"":20488}","w63060003",NULL,4,"0.00",0
1916,4798,"{""c"":[0,0.43,0.43,0.43,0.43,0.71],""m"":[[0,0,0,0],[17.23,160,8,165],[9.03,43,8,50],[4.5,25,6,30],[33.68,179,12,190],[8.93,39,1,40]],""t"":[[0,0,0,0],[4.38,8,22,13],[1.13,1.25,75,12],[5.04,8.5,6,10],[4.5,7.25,150,30],[11.42,9.5,56,20]],""g"":[[0,0,0,0],[9.48,237,83,287],[2.76,69,7,73],[0.4,10,1,11],[7.44,186,86,223],[0,0,0,0]],""d"":20496}","4200620a3",676,4,"0.00",0
1917,4799,"{""c"":[0.71,0.29,0.28,0.15,0.43],""m"":[[39.25,474,11,485],[63.07,342,8,350],[0,0,0,0],[0,20,0,20],[0,0,0,0,0]],""t"":[[0,0,0,0],[0,0,0,0],[0,0.25,8,2],[2.4,2.75,5,4],[0,0,0,0,0]],""g"":[[65.26,251,20,264],[0,0,0,0],[4.48,112,51,141],[0.6,15,3,16],[0,0,0,0,0]],""d"":20496}","p487620a3",622,4,"0.00",0
1918,4800,"{""c"":[1],""m"":[[0,0,0,0]],""t"":[[0.3,0.75,31,5]],""g"":[[0,0,0,0]],""d"":20464}","w63060003",NULL,4,"0.00",0
1920,4801,"{""c"":[1],""m"":[[14.72,184,20,196]],""t"":[[0,0,0,0]],""g"":[[0,0,0,0]],""d"":20464}","w63060003",NULL,2,"0.00",0
1921,4802,"{""c"":[1,0.57,0.29,0,0.14],""m"":[[2.99,59,1,60],[16.98,177,8,184],[0.59,59,1,60],[0,0,0,0],[0,0,0,0]],""t"":[[0,0,0,0],[6.55,5,0,5],[4.73,4.75,1,5],[0,0,0,0],[0,0,0,0]],""g"":[[0,0,0,0],[1.3,5,0,5],[0,0,0,0],[0,0,0,0],[1.56,6,0,6]],""d"":20492}","p630610c3",762,1,"0.00",0
1922,4803,"{""c"":[1],""m"":[[0.79,39,1,40]],""t"":[[0,0,0,0]],""g"":[[0,0,0,0]],""d"":20464}","w63060003",NULL,2,"0.00",0
1923,4804,"{""c"":[1],""m"":[[2.66,19,1,20]],""t"":[[0,0,0,0]],""g"":[[0,0,0,0]],""d"":20466}","w63060003",NULL,4,"0.00",0
1924,1868,"{""c"":[1],""m"":[[9.47,175,4,179]],""t"":[[0,0,0,0]],""g"":[[0,0,0,0]],""d"":20465}","w63060003",725,4,"0.00",0
1926,4807,"{""c"":[1,0,0.14,0,0.86],""m"":[[0,4,1,5],[0,0,0,0],[0,7,7,10],[0,0,0,0],[0,29,1,30]],""t"":[[0,0,0,0],[0,0,0,0],[0,0,0,0],[0,0,0,0],[0,0,0,0]],""g"":[[0,0,0,0],[0,0,0,0],[0,0,0,0],[0,0,0,0],[0,0,0,0]],""d"":20487}","w63060003",NULL,4,"0.00",0
1927,4808,"{""c"":[0,0.43,0.43,0.43,0.57,0.71],""m"":[[0,0,0,0],[5.25,69,1,70],[9.87,47,3,50],[4.32,24,22,30],[32.5,175,17,190],[8.82,38,2,40]],""t"":[[0,0,0,0],[2.4,2.5,3,3],[6,6,24,12],[5.76,9,4,10],[19.2,20.5,39,30],[14.62,10.25,49,20]],""g"":[[0,0,0,0],[7.36,184,61,219],[2.64,66,15,73],[0.44,11,0,11],[8.24,206,23,223],[0,0,0,0]],""d"":20496}","p230640a3",676,4,"0.00",0
1928,4809,"{""c"":[0,0,0.28,0.58],""m"":[[0,0,0,0],[0,0,0,0],[2.66,19,1,20],[0,0,0,0]],""t"":[[0,0,0,0],[0,0,0,0],[0,0,0,0],[0,0,0,0]],""g"":[[0,0,0,0],[0,0,0,0],[3.48,87,68,115],[0,0,0,0]],""d"":20481}","o510620a3",302,4,"0.00",0
1929,4810,"{""c"":[0,0,0.28,0.58],""m"":[[0,0,0,0],[0,0,0,0],[9.15,43,3,45],[0,0,0,0]],""t"":[[0,0,0,0],[0,0,0,0],[0.84,0.75,1,1],[0,0,0,0]],""g"":[[0,0,0,0],[0,0,0,0],[3.16,79,14,90],[0,0,0,0]],""d"":20481}","w63060003",302,4,"0.00",0
1930,4811,"{""c"":[0,0,0.28,0.58],""m"":[[0,0,0,0],[0,0,0,0],[1.96,14,32,20],[0,0,0,0]],""t"":[[0,0,0,0],[0,0,0,0],[0,0,0,0],[0,0,0,0]],""g"":[[0,0,0,0],[0,0,0,0],[3.24,81,78,115],[0,0,0,0]],""d"":20481}","w63060003",302,4,"0.00",0
1931,4812,"{""c"":[0,0.15,0.14,0.86],""m"":[[0,0,0,0],[0,0,0,0],[0,0,0,0],[2.52,18,2,20]],""t"":[[0,0,0,0],[3.6,3.5,6,5],[2.88,9.5,2,10],[0,0,0,0]],""g"":[[0,0,0,0],[0,0,0,0],[0,0,0,0],[3.68,92,35,115]],""d"":20481}","p61062743",302,4,"0.00",0
1935,4815,"{""c"":[1,0.29,0,0,0,0.71],""m"":[[2.96,37,5,40],[7.2,110,0,110],[0,0,0,0],[0,0,0,0],[0,0,0,0],[5.5,55,6,60,0.1]],""t"":[[0,0,0,0],[0,0,0,0],[0,0,0,0],[0,0,0,0],[0,0,0,0],[19.57,8.5,6,10]],""g"":[[0,0,0,0],[0,0,0,0],[0,0,0,0],[0,0,0,0],[0,0,0,0],[0,0,0,0]],""d"":20497}","p48064723",779,3,"0.00",0
1936,4816,"{""c"":[0,0,0.28,0.58],""m"":[[0,0,0,0],[0,0,0,0],[2.66,19,1,20],[0,0,0,0]],""t"":[[0,0,0,0],[0,0,0,0],[0,0,0,0],[0,0,0,0]],""g"":[[0,0,0,0],[0,0,0,0],[2.76,69,103,115],[0,0,0,0]],""d"":20481}","w63060003",302,4,"0.00",0
1937,4817,"{""c"":[1],""m"":[[4.64,58,2,60]],""t"":[[0,0,0,0]],""g"":[[0,0,0,0]],""d"":20464}","w63060003",NULL,2,"0.00",0
1939,4819,"{""c"":[0,0,0.28,0.58],""m"":[[0,0,0,0],[0,0,0,0],[2.24,16,4,20],[0,0,0,0]],""t"":[[0,0,0,0],[0,0,0,0],[0,0,0,0],[0,0,0,0]],""g"":[[0,0,0,0],[0,0,0,0],[2.56,64,106,115],[0,0,0,0]],""d"":20481}","w63060003",302,4,"0.00",0
1940,4820,"{""c"":[1,0,0.43,0.86],""m"":[[2.96,37,3,40],[0,0,0,0],[5.2,65,6,70],[2.96,37,3,40]],""t"":[[0,0,0,0],[0,0,0,0],[0,0,0,0],[0,0,0,0]],""g"":[[0,0,0,0],[0,0,0,0],[0,0,0,0],[0,0,0,0]],""d"":20481}","w63060003",NULL,2,"0.00",0
1941,4821,"{""c"": [], ""m"": [], ""t"": [], ""g"": [], ""d"": null}","w63060003",NULL,2,"0.00",0
1942,4822,"{""c"":[0,0,0,0.72],""m"":[[4.3,41,6,45],[0,0,0,0],[0,0,0,0],[0,0,0,0]],""t"":[[0,0,0,0],[0,0,0,0],[0,0,0,0],[0,0,0,0]],""g"":[[0,0,0,0],[0,0,0,0],[0,0,0,0],[21.56,196,48,240]],""d"":20488}","w63060003",698,2,"0.00",0
1943,4823,"{""c"":[1],""m"":[[0,0,0,0]],""t"":[[0,0.5,22,5]],""g"":[[0,0,0,0]],""d"":20464}","w63060003",NULL,4,"0.00",0
1944,4824,"{""c"":[0,0,0,0.58],""m"":[[0,0,0,0],[0,0,0,0],[0,0,0,0],[0,0,0,0]],""t"":[[0,0,0,0],[0,0,0,0],[0,0,0,0],[0,0,0,0]],""g"":[[0,0,0,0],[0,0,0,0],[0,0,0,0],[0,0,0,0]],""d"":20481}","w63060003",302,4,"0.00",0
1945,4825,"{""c"":[1,0.86],""m"":[[6.52,69,1,70],[0,15,0,15]],""t"":[[0,0,0,0],[0,0,0,0]],""g"":[[0,0,0,0],[0,0,0,0]],""d"":20466}","w63060003",NULL,3,"0.00",0
1946,4826,"{""c"": [], ""m"": [], ""t"": [], ""g"": [], ""d"": null}","w63060003",NULL,4,"0.00",0
1947,4827,"{""c"":[1,0,0,0,0.86],""m"":[[0.4,40,0,40],[0,0,0,0],[0,0,0,0],[0,0,0,0],[3.58,68,2,70]],""t"":[[0,0,0,0],[0,0,0,0],[0,0,0,0],[0,0,0,0],[0,0,0,0]],""g"":[[0,0,0,0],[0,0,0,0],[0,0,0,0],[0,0,0,0],[0,0,0,0]],""d"":20487}","w63060003",NULL,2,"0.00",0
1948,4828,"{""c"":[0,0.57,0.29,0.57,0.43,0.72],""m"":[[0,0,0,0],[65.74,555,13,568],[0,0,0,0],[6.34,54,2,55],[43.05,156,44,190],[10.68,87,3,90]],""t"":[[0,0,0,0],[0.3,0.75,9,3],[13.27,3,63,13],[13.8,7.25,13,10],[0,0,0,0],[0,0,0,0]],""g"":[[0,0,0,0],[49.68,108,69,143],[2.08,8,3,11],[7.26,21,4,23],[80.5,175,95,223],[0,0,0,0]],""d"":20496}","045162026",676,1,"0.00",0
1950,4830,"{""c"":[1],""m"":[[2.66,38,2,40]],""t"":[[0,0,0,0]],""g"":[[0,0,0,0]],""d"":20464}","w63060003",NULL,1,"0.00",0
1951,4831,"{""c"":[0.71],""m"":[[2.24,57,3,60]],""t"":[[0,0,0,0]],""g"":[[0,0,0,0]],""d"":20469}","w63060003",NULL,4,"0.00",0
1952,4832,"{""c"":[1],""m"":[[6.2,62,7,65]],""t"":[[0,0,0,0]],""g"":[[0,0,0,0]],""d"":20464}","w63060003",NULL,2,"0.00",0
1953,4833,"{""c"":[1],""m"":[[2.4,48,2,50]],""t"":[[0,0,0,0]],""g"":[[0,0,0,0]],""d"":20464}","w63060003",NULL,4,"0.00",0
1954,4834,"{""c"":[1,0.43,0.57],""m"":[[3.24,74,7,80],[10.86,158,21,177],[4.18,19,1,20]],""t"":[[0,0,0,0],[0,0,0,0],[0,0,0,0]],""g"":[[0,0,0,0],[0,0,0,0],[0,0,0,0]],""d"":20475}","068760a93",776,2,"0.00",0
1955,4836,"{""c"":[1,0.86,0.29,0,0.14,0.57],""m"":[[0.59,59,1,60],[15.17,557,25,580],[12.32,176,4,180],[0,0,0,0],[7,100,0,100],[1.79,59,1,60]],""t"":[[0,0,0,0],[0,0,0,0],[0,0,0,0],[0,0,0,0],[0,0,0,0],[0,0,0,0]],""g"":[[0,0,0,0],[0,0,0,0],[0,0,0,0],[0,0,0,0],[0,0,0,0],[0,0,0,0]],""d"":20496}","w63060003",NULL,1,"0.00",0
1957,4838,"{""c"":[0,0.15,0.28,0.43],""m"":[[0,0,0,0],[0.9,15,0,15],[1.7,30,0,30],[0.75,15,0,15]],""t"":[[0,0,0,0],[0,0,25,3],[0,0,22,3],[2.04,2.25,13,5]],""g"":[[0,0,0,0],[0,0,0,0],[0,0,0,0],[1.84,46,6,51]],""d"":20492}","r57625cc5",761,4,"0.00",0
1959,4840,"{""c"": [], ""m"": [], ""t"": [], ""g"": [], ""d"": null}","w63060003",NULL,2,"0.00",0
1960,4841,"{""c"":[1,0.15,0,0,0.57],""m"":[[1.14,84,9,91],[0,0,0,0],[0,0,0,0],[0,0,0,0],[1.02,17,3,20]],""t"":[[1.8,3.5,6,5],[0.3,0.5,58,6],[0,0,0,0],[0,0,0,0],[0,0,0,0]],""g"":[[0,0,0,0],[0,0,0,0],[0,0,0,0],[0,0,0,0],[0,0,0,0]],""d"":20489}","w63060003",NULL,4,"0.00",0
1961,2074,"{""c"":[1],""m"":[[0,20,0,20]],""t"":[[0,0,0,0]],""g"":[[0,0,0,0]],""d"":20464}","w63060003",725,4,"0.00",0
1962,4842,"{""c"": [], ""m"": [], ""t"": [], ""g"": [], ""d"": null}","w63060003",NULL,2,"0.00",0
1964,4843,"{""c"": [], ""m"": [], ""t"": [], ""g"": [], ""d"": null}","w63060003",NULL,4,"0.00",0
1965,4844,"{""c"":[0,0,0,0.14,0.44,0.71],""m"":[[0,0,0,0],[0,0,0,0],[0,0,0,0],[0,0,0,0],[0.75,52,14,60],[0.85,17,3,20]],""t"":[[0,0,0,0],[0,0,0,0],[0,0,0,0],[1.8,3.25,3,4],[0.72,1.5,2,2],[0.87,1.75,1,2]],""g"":[[0,0,0,0],[0,0,0,0],[0,0,0,0],[1.28,32,16,41],[0.2,5,0,5],[0.2,5,3,7]],""d"":20496}","832377080",622,4,"0.00",0
1966,4845,"{""c"":[1],""m"":[[2.67,39,1,40]],""t"":[[0,0,0,0]],""g"":[[0,0,0,0]],""d"":20464}","w63060003",NULL,1,"0.00",0
1968,4847,"{""c"": [], ""m"": [], ""t"": [], ""g"": [], ""d"": null}","w63060003",NULL,3,"0.00",0
1969,4848,"{""c"":[1,0.58,0.57,0,0.14,0.57],""m"":[[3.6,40,0,40],[11.76,122,2,124],[71.59,349,17,363],[0,0,0,0],[15.44,193,1,194],[0,0,0,0]],""t"":[[0,0,0,0],[0,0,0,0],[0,0,0,0],[0,0,0,0],[0,0,0,0],[0,0,0,0]],""g"":[[0,0,0,0],[0,19,27,30],[2.7,15,17,21],[0,0,0,0],[0,0,0,0],[0,0,0,0]],""d"":20495}","c680800b3",784,3,"0.00",0
1971,4850,"{""c"":[0,0.57],""m"":[[0,0,0,0],[0,0,0,0]],""t"":[[0,0,0,0],[0,0,0,0]],""g"":[[0,0,0,0],[0,0,0,0]],""d"":20467}","w63060003",613,1,"0.00",0
1973,4852,"{""c"":[0,0.29,0,0.15],""m"":[[0,0,0,0],[5.24,37,4,40],[0,0,0,0],[0,0,0,0]],""t"":[[0,0,0,0],[0,0,0,0],[0,0,0,0],[0,0,0,0]],""g"":[[0,0,0,0],[3.96,99,38,120],[0,0,0,0],[1.64,41,15,51]],""d"":20492}","w63060003",761,4,"0.00",0
1974,4853,"{""c"":[0,0,0.28,0.29,0.57],""m"":[[336.02,634,6,640],[0,0,0,0],[0,0,0,0],[0,0,0,0],[0,0,0,0]],""t"":[[0,0,0,0],[0,0,0,0],[1.8,1.75,1,2],[4.2,3.75,1,4],[0,0,0,0]],""g"":[[0,0,0,0],[0,0,0,0],[2.12,53,30,70],[1.32,33,3,36],[1.04,26,1,27]],""d"":20496}","p41080006",622,4,"0.00",0
1975,4854,"{""c"":[0,0.58,0.43,0.15,0,0.57],""m"":[[0,0,0,0],[232.15,2287,39,2321],[187.9,2059,31,2090],[9.44,118,4,122],[0,0,0,0],[0,0,0,0]],""t"":[[0,0,0,0],[0,0,0,0],[0,0,0,0],[0,0,0,0],[0,0,0,0],[0,0,0,0]],""g"":[[0,0,0,0],[0,24,17,30],[3.24,18,10,21],[0,0,0,0],[0,0,0,0],[0,0,0,0]],""d"":20495}","v07070a93",784,3,"0.00",0
1976,4855,"{""c"":[1,0.29,0.14,1],""m"":[[7.6,76,4,80],[5.7,57,4,60],[4,40,0,40],[4,40,0,40]],""t"":[[0,0,0,0],[0,0,0,0],[0,0,0,0],[0,0,0,0]],""g"":[[0,0,0,0],[0,0,0,0],[0,0,0,0],[0,0,0,0]],""d"":20479}","w63060003",NULL,2,"0.00",0
1977,4856,"{""c"":[1],""m"":[[5.6,55,5,60]],""t"":[[0,0,0,0]],""g"":[[0,0,0,0]],""d"":20464}","w63060003",NULL,3,"0.00",0
1979,4858,"{""c"":[0,0.43,0,0.72,0.15,0.57],""m"":[[0,0,0,0],[7.79,108,2,110],[0,0,0,0],[10.76,98,7,105],[2.6,20,0,20],[0,0,0,0]],""t"":[[0,0,0,0],[2.43,1,0,1],[0,0,0,0],[0,0,0,0],[0,0,0,0],[0,0,0,0]],""g"":[[0,0,0,0],[0,0,0,0],[0,0,0,0],[4.94,19,0,19],[0,0,0,0],[0,0,0,0]],""d"":20495}","w641607a3",732,1,"0.00",0
1980,4859,"{""c"":[0,0.14,0,0.15,0.01,0.57],""m"":[[0,0,0,0],[3.24,18,2,20],[0,0,0,0],[8.82,69,6,75],[0,0,0,0],[0,0,0,0]],""t"":[[0,0,0,0],[0,0,0,0],[0,0,0,0],[0,0,0,0],[0,0,0,0],[0,0,0,0]],""g"":[[0,0,0,0],[0,0,0,0],[0,0,0,0],[0,0,0,0],[0,0,0,0],[0,0,0,0]],""d"":20495}","w63060003",732,1,"0.00",0
1981,4860,"{""c"":[0,0.29,0.43,0.57,0.86,0.72],""m"":[[0,0,0,0],[7.9,71,17,85],[9.4,69,13,80],[10.34,128,28,150],[17.87,233,30,256],[17.77,140,18,155]],""t"":[[0,0,0,0],[0,0,0,0],[0,0,0,0],[0,0,0,0],[0,0,0,0],[0,0,0,0]],""g"":[[0,0,0,0],[0,0,0,0],[1.56,6,0,6],[8.58,33,4,37],[15.34,59,8,63],[0,0,0,0]],""d"":20496}","w63060003",732,1,"0.00",0
1983,4862,"{""c"":[0,0.86,0.86,0.57,0.28,0.28,1],""m"":[[0,0,0,0],[66.52,705,37,737],[163.57,1773,37,1810],[59.69,376,8,384],[104.38,353,11,364],[19.81,136,5,141,0.08],[9.92,107,3,110,0.09]],""t"":[[0,0,0,0],[0,0,0,0],[0,0,0,0],[0,0,0,0],[0,0,0,0],[0,0,0,0],[0,0,0,0,0]],""g"":[[0,0,0,0],[0,18,21,30],[2.88,16,8,21],[0,0,0,0],[0,0,0,0],[0,0,0,0],[0,0,0,0,0]],""d"":20500}","x64080023",784,3,"0.00",0
1985,4866,"{""c"":[0,0.43,0.57,0.29,0.57,0.71],""m"":[[0,0,0,0],[11.11,188,2,190],[9.03,63,15,70],[3.6,20,22,30],[30.82,163,71,190],[8.55,37,3,40]],""t"":[[0,0,0,0],[4.68,7.75,9,10],[0.75,1,233,18],[0.72,2,13,5],[3,4.75,212,30],[3.7,3,164,20]],""g"":[[0,0,0,0],[5.84,146,149,219],[2.52,63,22,73],[0.28,7,9,11],[1.68,42,26,57],[0,0,0,0]],""d"":20496}","p280740a3",676,4,"0.00",0
1986,4867,"{""c"":[0.43,0,0,0.43],""m"":[[5.85,45,7,50],[0,0,0,0,0],[0,0,0,0,0],[3.84,48,2,50,0.08]],""t"":[[0,0,0,0],[0,0,0,0,0],[0,0,0,0,0],[0,0,0,0,0]],""g"":[[0,0,0,0],[0,0,0,0,0],[0,0,0,0,0],[0,0,0,0,0]],""d"":20497}","w63060003",NULL,2,"0.00",0
1987,4868,"{""c"":[0,0.29,0,0.14,0.86],""m"":[[3.42,18,6,20],[3.92,14,7,20],[0,0,0,0],[0,0,0,0],[0,0,0,0]],""t"":[[2.17,5.75,43,10],[6.98,7.5,34,13],[0,0,0,0],[1.68,2.25,17,5],[0,0,0,0]],""g"":[[0,0,0,0],[0,0,0,0],[0,0,0,0],[0,0,0,0],[0,0,0,0]],""d"":20493}","p21066753",714,4,"0.00",0
1989,4870,"{""c"":[1],""m"":[[0,0,0,0]],""t"":[[1.2,1.75,68,7]],""g"":[[0,0,0,0]],""d"":20464}","w63060003",NULL,4,"0.00",0
1990,4871,"{""c"":[1,0.29,0.15,0.42],""m"":[[3.92,49,1,50],[1.12,14,1,15],[7.76,97,3,100],[0,0,0,0]],""t"":[[0,0,0,0],[1.08,1.5,15,5],[0,0,0,0],[0,0,0,0]],""g"":[[0,0,0,0],[0,0,0,0],[0,0,0,0],[0,0,0,0]],""d"":20482}","o25081043",779,3,"0.00",0
1991,4872,"{""c"":[0.43,0,0.14,0.71],""m"":[[32.15,322,19,340],[0,0,0,0],[0.58,58,2,60],[12.15,146,4,150]],""t"":[[0,0,0,0],[0,0,0,0],[0,0,0,0],[0,0,0,0]],""g"":[[0,0,0,0],[0,0,0,0],[0,0,0,0],[0,0,0,0]],""d"":20495}","w63060003",NULL,2,"0.00",0
1992,4874,"{""c"":[0.29,1],""m"":[[3.04,38,2,40],[10.5,105,18,120]],""t"":[[0.83,1,4,2],[0,0,0,0]],""g"":[[0,0,0,0],[0,0,0,0]],""d"":20473}","w63060003",NULL,2,"0.00",0
1993,4876,"{""c"":[0.71,0,0],""m"":[[44.57,311,22,323],[0,0,0,0],[0,0,0,0]],""t"":[[0,1,27,4],[0,0,0,0],[0,0,0,0]],""g"":[[0,0,0,0],[0,0,0,0],[0,0,0,0]],""d"":20485}","p23082ba3",789,3,"0.00",0
1994,4877,"{""c"":[0,0.43,0.29,0.29,0.57,0.71],""m"":[[0,0,0,0],[12.5,150,0,150],[8.82,42,10,50],[3.42,19,18,30],[33,177,14,190],[9.2,40,0,40]],""t"":[[0,0,0,0],[7.2,12,17,16],[3,2.5,24,6],[5.16,6.75,22,11],[16.02,19.25,80,35],[4.96,4.25,89,20]],""g"":[[0,0,0,0],[6.92,173,80,220],[2.56,64,14,73],[0.52,13,2,15],[7.6,190,46,224],[0,0,0,0]],""d"":20496}","065061066",676,4,"0.00",0
1995,4878,"{""c"":[0,0.57],""m"":[[0,0,0,0],[41.11,357,17,370]],""t"":[[0,0,0,0],[2.17,2.25,12,5]],""g"":[[0,0,0,0],[12.42,69,7,76]],""d"":20477}","061154026",776,3,"0.00",0
1996,4879,"{""c"":[0.43,0.29,0.01,0.86],""m"":[[6.09,29,1,30],[7.45,50,5,54],[0,0,0,0],[0,0,0,0]],""t"":[[3.61,5.75,1,6],[0.87,2.25,3,3],[0,0,0,0],[0,0,0,0]],""g"":[[0,0,0,0],[0,0,0,0],[0,0,0,0],[0,0,0,0]],""d"":20486}","g63062003",818,4,"0.00",0
1997,4880,"{""c"": [], ""m"": [], ""t"": [], ""g"": [], ""d"": null}","w63060003",NULL,2,"0.00",0
1998,4881,"{""c"":[1,0,0.28,0.58],""m"":[[2.05,5,0,5],[0,0,0,0],[2.66,19,2,20],[0,0,0,0]],""t"":[[0,0,0,0],[0,0,0,0],[0,0,0,0],[0,0,0,0]],""g"":[[0,0,0,0],[0,0,0,0],[2.6,65,113,115],[0,0,0,0]],""d"":20481}","w63060003",302,4,"0.00",0
1999,4882,"{""c"":[1,0,0,0,1],""m"":[[3.46,54,6,60],[0,0,0,0],[0,0,0,0],[0,0,0,0],[2,20,0,20]],""t"":[[0,0,0,0],[0,0,0,0],[0,0,0,0],[0,0,0,0],[0,0,0,0]],""g"":[[0,0,0,0],[0,0,0,0],[0,0,0,0],[0,0,0,0],[0,0,0,0]],""d"":20486}","w63060003",NULL,2,"0.00",0
2000,4883,"{""c"":[0.72,0.43,0.57,0.57,0.43,0.86],""m"":[[52.93,326,49,365],[82.41,315,22,334],[17.82,74,15,85],[79.29,348,33,373],[41.9,179,31,200],[5.4,20,0,20,0.27]],""t"":[[0,1.75,169,16],[0,0,41,6],[0.36,1.5,52,10],[0,0,0,0],[2.69,2.25,172,20],[0,0,0,0,0]],""g"":[[3.12,78,797,351],[1.2,30,322,146],[0.24,6,15,11],[3.84,96,160,165],[0,0,0,0],[0,0,0,0,0]],""d"":20501}","w63060003",676,4,"0.00",0
2001,4884,"{""c"":[0,0.28,0,0.44,0.57],""m"":[[0,0,0,0],[0,0,0,0],[0,0,0,0],[19,380,3,383],[15.45,309,1,310,0.05]],""t"":[[0,0,0,0],[0.72,2,23,5],[0,0,0,0],[4.2,4.5,18,8],[1.74,3,2,4,0.58]],""g"":[[0,0,0,0],[0,0,0,0],[0,0,0,0],[0.6,15,1,16],[0,0,0,0]],""d"":20497}","w63060003",622,4,"0.00",0
2002,4885,"{""c"":[0,0.29,0.15,0.43,0.15,0.57],""m"":[[0,0,0,0],[2.36,32,27,40],[3.29,83,7,90],[6.46,190,5,195],[2.6,20,0,20],[0,0,0,0]],""t"":[[0,0,0,0],[0,0,0,0],[0,0,0,0],[18.81,15.25,22,18],[0,0,0,0],[0,0,0,0]],""g"":[[0,0,0,0],[0,0,0,0],[0,0,0,0],[5.72,22,2,24],[0,0,0,0],[0,0,0,0]],""d"":20495}","w64160093",732,1,"0.00",0
2003,4886,"{""c"":[0,0,0,0.15,0.14,0.57],""m"":[[0,0,0,0],[0,0,0,0],[0,0,0,0],[0.4,20,0,20],[0.17,17,4,20],[0,0,0,0]],""t"":[[0,0,0,0],[0,0,0,0],[0,0,0,0],[0,0,0,0],[0,0,0,0],[0,0,0,0]],""g"":[[0,0,0,0],[0,0,0,0],[0,0,0,0],[0,0,0,0],[0,0,0,0],[0,0,0,0]],""d"":20495}","w63060003",732,1,"0.00",0
2004,4887,"{""c"":[0,0.43,0.43,0.43,0.43,0.57],""m"":[[0,0,0,0],[5.75,79,1,80],[8.61,41,25,50],[0,0,0,0],[30.75,161,91,190],[5.13,19,1,20]],""t"":[[0,0,0,0],[0.3,0.5,13,3],[0,0.5,64,12],[2.16,5.5,19,10],[7.2,8.5,139,30],[0,0,0,0]],""g"":[[0,0,0,0],[4.24,106,285,219],[2.28,57,39,73],[0.28,7,6,11],[0.92,23,73,58],[0,0,0,0]],""d"":20496}","w63060003",676,4,"0.00",0
2005,4888,"{""c"": [], ""m"": [], ""t"": [], ""g"": [], ""d"": null}","w63060003",NULL,2,"0.00",0
2006,4889,"{""c"":[1,0.14,0,0,0.86],""m"":[[1.6,20,0,20],[0,0,0,0],[0,0,0,0],[0,0,0,0],[0,0,0,0]],""t"":[[0,0,0,0],[0,0,0,0],[0,0,0,0],[0,0,0,0],[0,0,0,0]],""g"":[[0,0,0,0],[5.4,30,27,44],[0,0,0,0],[0,0,0,0],[7.74,43,4,45]],""d"":20487}","w63060003",NULL,3,"0.00",0
2007,4890,"{""c"":[1,0.72,0.71,0.14,1,0.86],""m"":[[0,20,0,20],[159.28,1415,43,1450],[76.21,371,7,378],[0,66,1,67],[16.5,330,2,332],[31.85,637,0,637,0.05]],""t"":[[0,0,0,0],[59.6,46.5,22,52],[116.52,83.75,60,96],[0,0,0,0],[3.18,7,45,14],[5.28,6.25,7,8]],""g"":[[0,0,0,0],[0,0,0,0],[1.24,31,26,46],[1.52,38,10,44],[1.92,48,3,51],[0,1,0,1]],""d"":20498}","e41012a43",622,4,"0.00",0
2008,4891,"{""c"":[1,0.28,0.14,0.28,0.15,0.43],""m"":[[0,20,0,20],[0,14,2,15],[0,0,0,0],[0,0,0,0],[0,0,0,0],[0,0,0,0,0]],""t"":[[0,0,0,0],[0,7.75,9,10],[0,0.5,6,2],[0,0,0,0],[0.36,1.25,8,3],[0,0,0,0,0]],""g"":[[0,0,0,0],[0,0,0,0],[0,0,0,0],[3.12,78,15,89],[0.36,9,1,10],[0,0,0,0,0]],""d"":20496}","o43762063",622,4,"0.00",0
2009,4892,"{""c"": [], ""m"": [], ""t"": [], ""g"": [], ""d"": null}","w63060003",NULL,3,"0.00",0
2010,4893,"{""c"":[1,0.57],""m"":[[0.2,20,0,20],[0,0,0,0]],""t"":[[0,0,0,0],[0,0,0,0]],""g"":[[0,0,0,0],[0,0,0,0]],""d"":20467}","w63060003",613,1,"0.00",0
2011,4894,"{""c"":[0,0.14,0.43,0.14,1],""m"":[[0,0,0,0],[15.76,116,5,120],[79.83,649,18,665],[2.24,14,1,15],[18.98,146,4,150]],""t"":[[0,0,0,0],[6.55,5,0,5],[3.28,2,0,2],[0,0,0,0],[1.94,1.25,3,2]],""g"":[[0,0,0,0],[0,0,0,0],[1.3,5,0,5],[0,0,0,0],[1.56,6,1,7]],""d"":20486}","x05270003",613,1,"0.00",0
2013,4896,"{""c"":[0,0.57],""m"":[[0,0,0,0],[0,0,0,0]],""t"":[[0,0,0,0],[0,0,0,0]],""g"":[[0,0,0,0],[0,0,0,0]],""d"":20467}","w63060003",613,1,"0.00",0
2014,4897,"{""c"":[0],""m"":[[3.4,10,0,10]],""t"":[[2.09,1.75,5,3]],""g"":[[17.82,99,26,111]],""d"":20467}","0631627a3",727,3,"0.00",0
2015,4898,"{""c"":[0.43,0,1],""m"":[[0.35,5,0,5],[0,0,0,0],[0,0,0,0]],""t"":[[2.02,3,5,4],[0,0,0,0],[2.16,3,0,3]],""g"":[[0,0,0,0],[0,0,0,0],[0,0,0,0]],""d"":20479}","w63060003",NULL,4,"0.00",0
2016,4900,"{""c"":[0,0.14,0],""m"":[[0,0,0,0],[1.2,15,3,16],[0,0,0,0]],""t"":[[0,0,0,0],[0,0,0,0],[0,0,0,0]],""g"":[[0,0,0,0],[0,0,0,0],[0,0,0,0]],""d"":20485}","e45073163",789,3,"0.00",0
2017,4901,"{""c"":[0,0.57,0.43,0.43,0.57,0.71],""m"":[[0,0,0,0],[12.03,147,3,150],[8.82,72,13,80],[3.78,21,13,30],[33.13,176,14,190],[9.01,39,1,40]],""t"":[[0,0,0,0],[0.3,0.5,20,3],[2.26,3,75,14],[2.52,5,23,10],[12.9,15.75,73,30],[0,0,0,0]],""g"":[[0,0,0,0],[7.68,192,312,300],[2.36,59,42,73],[0.4,10,1,11],[6.84,171,110,223],[0,0,0,0]],""d"":20496}","p28084023",676,4,"0.00",0
2018,4902,"{""c"":[1,0.14,0,0,0.86],""m"":[[1.6,20,0,20],[1.6,20,0,20],[0,0,0,0],[0,0,0,0],[0,0,0,0]],""t"":[[0,0,0,0],[0,0,0,0],[0,0,0,0],[0,0,0,0],[0,0,0,0]],""g"":[[0,0,0,0],[0,0,0,0],[0,0,0,0],[0,0,0,0],[5.94,33,10,39]],""d"":20487}","w63060003",NULL,3,"0.00",0
2019,4903,"{""c"":[0,0.29,0.43,0.15,0.86],""m"":[[0,0,0,0],[3.61,20,8,25],[9.12,39,8,45],[1.96,7,3,10],[0,0,0,0]],""t"":[[0,0,0,0],[0.87,2.25,3,3],[3.48,7.75,58,16],[0,0,0,0],[0,0,0,0]],""g"":[[0,0,0,0],[0,0,0,0],[0,0,0,0],[0.64,16,5,19],[0,0,0,0]],""d"":20486}","w63060003",818,4,"0.00",0
2020,4905,"{""c"":[0,0.57],""m"":[[0,0,0,0],[0,0,0,0]],""t"":[[0,0,0,0],[0,0,0,0]],""g"":[[0,0,0,0],[0,0,0,0]],""d"":20467}","o688660c6",613,1,"0.00",0
2021,3047,"{""c"": [], ""m"": [], ""t"": [], ""g"": [], ""d"": null}","w63060003",NULL,3,"0.00",0
2023,4907,"{""c"":[0.71,0.29,0.28,0.15,0.57],""m"":[[430.05,796,13,808],[34.45,65,3,68],[0,0,0,0],[3,50,0,50],[0,0,0,0]],""t"":[[0,0,0,0],[0,0,0,0],[0,0.25,9,2],[0.9,1.5,11,4],[0,0,0,0]],""g"":[[0,0,0,0],[0,0,0,0],[2.68,67,49,93],[0.52,13,6,16],[0.6,15,29,27]],""d"":20496}","q48782013",622,4,"0.00",0
2024,4908,"{""c"":[0.43,0.14,0,0.43],""m"":[[80.54,546,20,565],[0,0,0,0],[0,0,0,0],[0,0,0,0]],""t"":[[0,0,0,0],[2.1,3.5,6,5],[0,0,0,0],[0,0,0,0]],""g"":[[7.02,27,1,28],[0,0,0,0],[0,0,0,0],[0,0,0,0]],""d"":20489}","w680609c6",762,1,"0.00",0
2025,4909,"{""c"": [], ""m"": [], ""t"": [], ""g"": [], ""d"": null}","w63060003",NULL,1,"0.00",0
2026,4910,"{""c"":[0,0.29,0.15,0,0.43],""m"":[[0,0,0,0],[32.89,224,13,235],[2.1,15,0,15],[0,0,0,0],[0,0,0,0]],""t"":[[0,0,0,0],[0,0,0,0],[5.25,5,0,5],[0,0,0,0],[0,0,0,0]],""g"":[[0,0,0,0],[1.3,5,0,5],[0,0,0,0],[0,0,0,0],[0,0,0,0]],""d"":20489}","w68060233",762,1,"0.00",0
2027,4911,"{""c"":[0.71,0.29,0,0.72],""m"":[[208.34,1281,93,1353],[10.8,75,0,75],[0,0,0,0],[26.66,157,8,165]],""t"":[[0,0,0,0],[0,0,0,0],[0,0,0,0],[14.55,9.75,5,11]],""g"":[[0,0,0,0],[0,0,0,0],[0,0,0,0],[0,0,0,0]],""d"":20489}","w69070913",825,1,"0.00",0
2028,4912,"{""c"": [], ""m"": [], ""t"": [], ""g"": [], ""d"": null}","w63060003",NULL,2,"0.00",0
2029,1929,"{""c"": [], ""m"": [], ""t"": [], ""g"": [], ""d"": null}","w63060003",177,4,"0.00",0
2031,4914,"{""c"":[1],""m"":[[3.49,49,1,50]],""t"":[[0,0,0,0]],""g"":[[4.4,40,1,41]],""d"":20465}","w63060003",NULL,2,"0.00",0
2032,4915,"{""c"":[0,0.72],""m"":[[0,0,0,0],[0,0,0,0]],""t"":[[0,0,0,0],[0,0,0,0]],""g"":[[0,0,0,0],[0,0,0,0]],""d"":20473}","w63060003",NULL,4,"0.00",0
2035,1182,"{""c"":[1],""m"":[[1,20,0,20]],""t"":[[0,0,0,0]],""g"":[[0,0,0,0]],""d"":20465}","w63060003",725,4,"0.00",0
2040,4921,"{""c"":[1],""m"":[[4.98,47,5,50]],""t"":[[0,0,0,0]],""g"":[[0,0,0,0]],""d"":20465}","w63060003",NULL,2,"0.00",0
2042,4925,"{""c"":[0,0.02,0.01,0.01,0.16,0.3,0.86],""m"":[[0,0,0,0],[0,0,0,0],[0,0,0,0],[0,0,0,0],[1,23,0,23],[2.05,5,0,5,0.41],[0,0,0,0,0]],""t"":[[0,0,0,0],[0,0,0,0],[0,0,0,0],[0,0,0,0],[10.08,38.25,71,55],[2.46,3.25,113,20,0.96],[0,0,0,0,0]],""g"":[[0,0,0,0],[0,0,0,0],[0,0,0,0],[0,0,0,0],[0,0,0,0],[0,0,0,0],[0,0,0,0,0]],""d"":20500}","o85062963",806,4,"0.00",0
2043,4926,"{""c"":[0.57],""m"":[[6.18,73,12,80]],""t"":[[0,0,0,0]],""g"":[[0,0,0,0]],""d"":20469}","w63060003",NULL,2,"0.00",0
2044,4927,"{""c"":[0.14,1],""m"":[[0,0,0,0],[0,0,0,0]],""t"":[[0,0,0,0],[0,0,0,0]],""g"":[[2.6,65,53,88],[0.76,19,69,44]],""d"":20472}","w63060003",NULL,4,"0.00",0
2046,4929,"{""c"":[0.57,0.71],""m"":[[0,0,0,0],[3.15,15,0,15]],""t"":[[0,0,0,0],[0,0,0,0]],""g"":[[5.16,129,34,150],[0,0,0,0]],""d"":20474}","w63060003",NULL,4,"0.00",0
2047,4930,"{""c"":[0,0.86,0.71,0.72,0.86],""m"":[[12.59,112,7,117],[27.56,93,3,95],[10.9,45,5,50],[12.37,50,13,60],[3.57,17,5,20]],""t"":[[2.16,3,0,3],[1.15,0.5,22,3],[0.92,0.5,2,1],[5.52,1.5,2,2],[10.97,2.75,7,4]],""g"":[[1.6,40,17,51],[14.26,31,5,33],[38.64,84,50,102],[22.54,49,4,51],[0,0,0,0]],""d"":20496}","p600820c3",662,1,"0.00",0
2048,4931,"{""c"":[0,0.72,0.72,0.72,0.86],""m"":[[122.15,179,3,182],[105.9,90,5,95],[138.9,220,0,220],[97.98,96,4,100],[15.3,18,2,20]],""t"":[[1.44,2.25,3,3],[20.71,1.75,5,3],[11.05,1,0,1],[32.38,2,0,2],[41.44,3.5,2,4]],""g"":[[1.32,33,3,36],[108.8,32,1,33],[183.6,54,2,56],[251.6,74,0,74],[0,0,0,0]],""d"":20496}","o53063003",662,0,"0.00",0
2049,4932,"{""c"":[0,0.72,0.57,0.86,0.72],""m"":[[16.84,104,15,112],[30.87,87,11,95],[12.44,41,20,50],[22.52,74,7,80],[5.32,19,1,20]],""t"":[[0.72,1.25,10,3],[0,0,18,3],[0,0,8,1],[0,0,17,2],[1.97,2,10,4]],""g"":[[1.08,27,12,35],[1.16,29,4,33],[1.64,41,36,56],[1.68,42,11,50],[0,0,0,0]],""d"":20496}","q58061023",662,4,"0.00",0
2050,4933,"{""c"":[0.71,0.72,1,0.72,0.86],""m"":[[32.15,144,14,154],[31.5,90,8,95],[26.82,325,4,329],[38.43,151,13,161],[10.94,50,5,55]],""t"":[[6.29,8,25,13],[2.1,1.5,11,3],[0.67,3,4,4],[0,0.25,16,3],[6.12,6,27,10,1.2]],""g"":[[4.52,113,51,137],[1.12,28,11,33],[4.28,107,10,116],[1.76,44,8,50],[0,0,0,0]],""d"":20498}","c46860062",662,4,"0.00",0
2051,4934,"{""c"":[0,0.72,0.71,0.72,0.72],""m"":[[12.67,56,1,57],[32.74,94,1,95],[14.32,47,3,50],[14.22,56,4,60],[4.76,17,3,20]],""t"":[[1.44,2.25,3,3],[1.68,2.5,2,3],[0.13,0.25,3,1],[1.28,1.25,3,2],[2.28,3.25,3,4]],""g"":[[1.16,29,12,35],[1.28,32,3,33],[2.08,52,7,56],[1.8,45,8,50],[0,0,0,0]],""d"":20496}","o61054003",662,4,"0.00",0
2052,4935,"{""c"":[0.71,0.43,0.58,0.58,0.72],""m"":[[11.34,49,7,55],[29.66,86,10,95],[13.36,44,10,50],[13.55,51,11,60],[4.48,16,4,20]],""t"":[[5.4,7.25,7,9],[1.26,1.25,9,3],[0.34,0.5,2,1],[0.53,0.5,2,1],[0,0.25,3,1]],""g"":[[5.16,129,18,145],[1.16,29,8,33],[1.4,35,43,56],[1.76,44,9,50],[0,0,0,0]],""d"":20496}","n65620020",662,4,"0.00",0
2053,4936,"{""c"":[0,0.72,0.71,0.86,0.86],""m"":[[2.1,10,0,10],[37.31,105,19,118],[17.15,51,27,70],[23,80,13,91],[3.36,12,8,20]],""t"":[[1.68,1,20,3],[1.68,1,18,3],[0,0,4,1],[0,0.25,8,2],[2.51,2.5,6,4]],""g"":[[0.68,17,31,33],[1.16,29,6,33],[3.12,78,71,108],[1.72,43,16,50],[0,0,0,0]],""d"":20496}","p53066703",662,4,"0.00",0
2054,4937,"{""c"":[0.57,0.57,0.57,0.72,0.86],""m"":[[91.22,364,27,385],[19.89,55,5,60],[37.3,128,25,145],[23.28,81,29,100],[3.92,14,10,20]],""t"":[[3.9,5.75,9,8],[3.36,2,6,3],[1.35,1,0,1],[0,0,14,2],[0,0.25,31,4]],""g"":[[1.12,28,16,35],[1.92,48,44,66],[0.84,21,1,22],[1.72,43,14,50],[0,0,0,0]],""d"":20496}","848061003",662,4,"0.00",0
2055,4938,"{""c"":[0,0.72,0.72,0.72,0.86],""m"":[[14.98,70,4,74],[32.33,93,2,95],[24.32,74,8,80],[22.06,74,6,80],[5.6,20,0,20]],""t"":[[0.72,3,6,3],[3.36,2.5,2,3],[0.34,0.5,2,1],[0.38,0.5,13,2],[2.64,2.5,10,4]],""g"":[[1.32,33,14,40],[1.08,27,12,33],[2.24,56,24,66],[1.8,45,10,50],[0,0,0,0]],""d"":20496}","763070023",662,4,"0.00",0
2056,4940,"{""c"":[0.43,0.71,0.29,0.72,0.86],""m"":[[38.78,88,2,90],[113.55,99,7,104],[12.75,15,6,20],[107.06,101,10,110],[13.6,16,6,20]],""t"":[[3.54,4.75,5,6],[34.52,2.75,1,3],[2.76,0.5,2,1],[8.63,0.75,5,2],[25.47,2.75,5,4]],""g"":[[1.36,34,3,35],[98.6,29,7,33],[0,0,0,0],[170,50,0,50],[0,0,0,0]],""d"":20496}","o48081a63",662,0,"0.00",0
2057,4941,"{""c"":[0,0.58,0.72,0.86,0.86],""m"":[[26.08,107,4,111],[36.72,108,1,109],[18.22,62,8,69],[22.29,74,7,80],[5.32,19,1,20]],""t"":[[1.8,2.75,1,3],[3.36,2,5,3],[1.35,1,0,1],[1.8,1.5,2,2],[2.82,2.5,6,4]],""g"":[[1.4,35,0,35],[1.32,33,0,33],[2.2,55,1,56],[1.92,48,3,50],[0,0,0,0]],""d"":20496}","p680627a3",662,4,"0.00",0
2058,4939,"{""c"":[0,0.72,0.72,0.72,0.86],""m"":[[1.68,8,3,10],[44.78,151,3,154],[29.35,222,8,230],[23.06,77,4,80],[5.6,20,0,20]],""t"":[[1.44,2.5,2,3],[0,0,22,3],[0.64,1,9,3],[2.11,1,10,2],[5.16,3.75,1,4]],""g"":[[0.96,24,23,35],[1.12,28,9,33],[1.56,39,39,56],[1.84,46,9,50],[0,0,0,0]],""d"":20496}","p58071222",662,4,"0.00",0
2060,4943,"{""c"":[0.42,0.71,0.72,0.86,0.72],""m"":[[12.18,54,4,57],[32.53,93,3,95],[13.92,46,4,50],[22.83,77,3,80],[5.32,19,1,20]],""t"":[[2.78,4.25,20,8],[1.26,1.25,9,3],[0.13,0.25,3,1],[0.96,1,12,3],[0.42,1.25,6,2]],""g"":[[1.16,29,22,35],[1.12,28,9,33],[1.92,48,11,56],[1.68,42,11,50],[0,0,0,0]],""d"":20496}","h08062023",662,4,"0.00",0
2061,4944,"{""c"":[0,0.72,0.72,0.72,0.86],""m"":[[12.32,70,4,74],[51.27,207,18,220],[31.35,121,13,130],[23.6,80,0,80],[5.32,19,1,20]],""t"":[[1.8,2.75,1,3],[1.26,1.25,9,3],[0.67,0.75,1,1],[1.71,1.25,3,2],[4.08,3,19,4]],""g"":[[1.2,30,7,35],[1.24,31,2,33],[6.68,167,15,180],[1.88,47,3,50],[0,0,0,0]],""d"":20496}","t02351481",662,4,"0.00",0
2062,4945,"{""c"":[1,0.72,0.72,0.72,0.86],""m"":[[35.97,480,13,491],[29.25,85,10,95],[12.48,41,14,50],[22.24,75,5,80],[5.32,19,1,20]],""t"":[[0,0,0,0],[3.36,2,4,3],[0.13,0.25,3,1],[2.49,1.5,2,2],[4.32,3.5,2,4]],""g"":[[0,0,0,0],[1.08,27,1,28],[2,50,12,56],[1.56,39,16,50],[0,0,0,0]],""d"":20496}","o22483023",662,4,"0.00",0
2063,4946,"{""c"":[0,0.72,0.86,0.86,0.86],""m"":[[14.42,71,4,75],[42,235,14,247],[43.58,278,10,288],[35.47,123,5,128],[5.04,18,3,20]],""t"":[[1.08,2.25,3,3],[4.08,5,28,10],[1.35,1,0,1],[3.22,2.5,12,4],[2.22,2.25,18,4]],""g"":[[1.24,31,8,35],[1.8,45,15,55],[3.84,96,38,122],[2.72,68,7,72],[0,0,0,0]],""d"":20496}","p58173722",662,4,"0.00",0
2064,4947,"{""c"":[0,0.72,0.57,0.72,0.72],""m"":[[11.62,51,8,57],[30.68,88,7,95],[13.28,63,7,70],[22.83,77,3,80],[4.76,17,4,20]],""t"":[[1.8,2.75,1,3],[0.84,0.75,15,3],[2.02,1.75,1,2],[2.55,1.75,1,2],[1.8,1.75,1,2]],""g"":[[1.04,26,19,35],[1.2,30,4,33],[1.92,48,13,56],[2,50,0,50],[0,0,0,0]],""d"":20496}","p23072723",662,4,"0.00",0
2065,4948,"{""c"":[0.71,0.72,1,1,1],""m"":[[477.44,1704,144,1841],[108.38,278,39,315],[185.49,531,29,555],[408.23,1017,67,1080],[52.19,207,13,220]],""t"":[[5.64,7.25,3,8],[1.85,1.25,8,3],[0,0,4,1],[1.05,1,4,2],[3.48,3.25,3,4]],""g"":[[1.24,31,6,35],[1.2,30,3,33],[1.8,45,16,56],[1.84,46,9,50],[0,0,0,0]],""d"":20496}","v18863662",662,4,"3.00",1
2066,4949,"{""c"": [], ""m"": [], ""t"": [], ""g"": [], ""d"": null}","w63060003",NULL,4,"0.00",0
2067,4950,"{""c"":[0.57,0.72,0.43,0.86,0.86],""m"":[[18.87,79,5,83],[32.74,94,1,95],[13.12,43,7,50],[22.6,77,6,80],[5.6,20,0,20]],""t"":[[1.92,3.75,9,6],[3.36,2.5,2,3],[0,0,7,1],[2.55,1.75,1,2],[4.92,3.75,1,4]],""g"":[[1.08,27,16,35],[1.2,30,7,33],[1.92,48,11,56],[1.68,42,10,50],[0,0,0,0]],""d"":20496}","w63060003",662,4,"0.00",0
2068,4951,"{""c"":[0,0.57,0.58,0.72,0.86],""m"":[[17.08,91,6,96],[27.54,74,7,80],[11.05,39,15,45],[21.47,72,13,80],[4.76,17,3,20]],""t"":[[1.44,2.5,2,3],[0.42,0.5,13,3],[0,0,5,1],[0.53,0.5,2,1],[1.79,2,8,4]],""g"":[[0.96,24,19,35],[1.08,27,8,32],[1.56,39,25,52],[1.72,43,11,50],[0,0,0,0]],""d"":20496}","n57600080",662,4,"0.00",0
2070,4953,"{""c"":[0.57,0.72,0.57,0.58,0.86],""m"":[[35.02,170,2,172],[184.41,676,18,691],[15.85,56,10,65],[19.98,65,20,80],[5.04,18,2,20]],""t"":[[1.8,5.5,30,12],[0,0.75,5,2],[2.7,2,0,2],[1.05,0.75,1,1],[2.04,2.5,10,5]],""g"":[[1.36,34,1,35],[0.28,7,0,7],[0.56,14,2,16],[2.56,64,0,64],[0,0,0,0]],""d"":20496}","g63062003",662,4,"0.00",0
2071,4954,"{""c"":[0.42,0.71,0.43,0.86,0.58],""m"":[[10.78,66,8,71],[28.56,82,14,95],[4.76,17,5,20],[30.06,99,14,110],[5.32,19,1,20]],""t"":[[1.68,3.5,10,6],[1.68,1,17,3],[0.34,0.5,2,1],[0.38,0.5,12,2],[1.8,1.75,1,2]],""g"":[[1.24,31,13,41],[1.2,30,5,33],[1.84,46,10,56],[5,125,9,134],[0,0,0,0]],""d"":20496}","p13082743",662,4,"0.00",0
2073,4956,"{""c"":[0.43,0.43,0.71,0.72,0.86],""m"":[[15.98,76,3,79],[58.9,52,13,61],[76.08,69,18,85],[53.88,54,9,60],[14.45,17,3,20]],""t"":[[0,0,78,6],[0,0,0,0],[2.76,0.5,29,4],[0,0,12,2],[22.45,2.75,5,4]],""g"":[[0.68,17,39,35],[81.6,24,19,33],[122.4,36,46,56],[142.8,42,20,50],[0,0,0,0]],""d"":20496}","k302316c6",662,0,"0.00",0
2075,4958,"{""c"":[0.86,0.71,0.71,0.72,0.72],""m"":[[299.68,2250,96,2333],[38.1,177,13,185],[14.58,63,7,70],[22.88,101,10,110],[3.78,18,2,20]],""t"":[[3.42,4,89,13],[1.15,0.5,14,3],[0.92,0.5,2,1],[6.75,1.5,6,3],[18.33,7,7,9,1.31]],""g"":[[0.92,23,24,33],[13.34,29,5,33],[27.14,59,9,66],[34.04,74,0,74],[0,0,0,0]],""d"":20498}","663120643",662,1,"0.00",0
2076,4959,"{""c"":[0,0.3,0.29,0.14,0.57],""m"":[[0,0,0,0],[20.91,311,9,320],[2.05,41,4,45],[11.7,195,5,200],[0,0,0,0]],""t"":[[0,0,0,0],[1.44,3.75,17,8],[0.9,1.5,24,6],[0,0,0,0],[0,0,0,0]],""g"":[[0,0,0,0],[0.84,21,5,24],[0,0,0,0],[0.84,21,6,24],[0,0,0,0]],""d"":20495}","p43081023",644,4,"0.00",0
2079,4962,"{""c"":[0,0.86,0.44,0.72,0.72],""m"":[[7.35,41,14,50],[34.95,103,15,115],[7.08,24,7,30],[24.27,82,24,100],[5.04,18,7,20]],""t"":[[1.8,2.75,1,3],[1.85,1.25,7,3],[0.34,0.5,2,1],[5.72,3,0,3],[3.36,2,0,2]],""g"":[[1.2,30,8,35],[1.2,30,6,33],[2.08,52,7,56],[1.84,46,8,51],[0,0,0,0]],""d"":20496}","m41181083",662,4,"0.00",0
2080,4963,"{""c"":[0.43,0.14,0.14,0.43],""m"":[[5.14,57,3,60],[4.7,47,3,50],[0,0,0,0],[3,300,1,301,0.01]],""t"":[[0,0,0,0],[0,0,0,0],[2.38,2,16,5],[0,0,0,0,0]],""g"":[[0,0,0,0],[0,0,0,0],[0,0,0,0],[0,0,0,0,0]],""d"":20497}","w63060003",NULL,2,"0.00",0
2081,4965,"{""c"":[0,0.3,0.15,0.3,0.3,0.29,0.86],""m"":[[0,0,0,0],[11.58,38,4,40],[1.23,3,3,5],[12.86,61,10,70],[3.6,20,0,20],[9.84,24,4,25],[0,0,0,0,0]],""t"":[[0,0,0,0],[0,0,0,0],[0.72,1.25,22,5],[0,0,0,0],[4.68,6,51,15],[1.2,1.75,13,5],[0,0,0,0,0]],""g"":[[0,0,0,0],[0,0,0,0],[0,0,0,0],[0,0,0,0],[0,0,0,0],[0,0,0,0],[0,0,0,0,0]],""d"":20500}","w03260a45",806,4,"0.00",0
2082,4967,"{""c"":[0.72,0.3,0.29,0,0.71],""m"":[[274.57,2776,56,2831],[5.44,17,4,20],[7.2,50,0,50],[0,0,0,0],[0,19,1,20]],""t"":[[0,0,0,0],[9.2,4,0,4],[0,0.5,10,3],[0,0,0,0],[0,0,0,0]],""g"":[[0,0,0,0],[19.78,43,6,47],[0,0,0,0],[0,0,0,0],[10.12,22,12,27]],""d"":20496}","g68072003",644,4,"0.00",0
2083,4968,"{""c"":[0,0.02,0.01,0.01,0.16,0.16,0.86],""m"":[[0,0,0,0],[0,0,0,0],[0,0,0,0],[0,0,0,0],[0,0,0,0],[0,0,0,0],[0,0,0,0,0]],""t"":[[0,0,0,0],[0,0,0,0],[0,0,0,0],[0,0,0,0],[3.6,7.25,11,10],[9.9,13.5,33,20],[0,0,0,0,0]],""g"":[[0,0,0,0],[0,0,0,0],[0,0,0,0],[0,0,0,0],[2.24,56,42,75],[0,0,0,0],[0,0,0,0,0]],""d"":20500}","952670580",806,4,"0.00",0
2084,4969,"{""c"":[0,0.3,0.01,0.01,0.3,0.3,0.86],""m"":[[0,0,0,0],[0,18,2,20],[0,0,0,0],[0,0,0,0],[0,0,0,0],[0,0,0,0],[0,0,0,0,0]],""t"":[[0,0,0,0],[0,0,19,2],[0,0,0,0],[0,0,0,0],[9.12,10.25,46,20],[8.04,11.25,41,20],[0,0,0,0,0]],""g"":[[0,0,0,0],[0,0,0,0],[0,0,0,0],[0,0,0,0],[3.76,94,100,144],[0,0,0,0],[0,0,0,0,0]],""d"":20500}","648170a20",806,4,"0.00",0
2086,4972,"{""c"":[1],""m"":[[14.84,28,285,80]],""t"":[[0,0,0,0]],""g"":[[0,0,0,0]],""d"":20465}","w63060003",NULL,0,"0.00",0
2087,338,"{""c"":[0,0.29,0,0.01,0,0.71],""m"":[[0,0,0,0],[5.67,52,10,60],[0,0,0,0],[0,0,0,0],[0,0,0,0],[0,0,0,0]],""t"":[[0,0,0,0],[0,0,0,0],[0,0,0,0],[0,0,0,0],[0,0,0,0],[0,0,0,0]],""g"":[[0,0,0,0],[0,0,0,0],[0,0,0,0],[0,0,0,0],[0,0,0,0],[0,0,0,0]],""d"":20494}","w63060003",734,4,"0.00",0
2088,4974,"{""c"":[0.57,0.15,0.14,0.44,0.43],""m"":[[32.56,216,12,228],[0,0,0,0],[0,0,0,0],[4.93,95,5,100],[0,0,0,0,0]],""t"":[[0,2,0,2],[0,0.5,6,2],[0,0,0,0],[1.8,2.25,8,4],[0,0,0,0,0]],""g"":[[0,0,0,0],[1.64,41,14,49],[2.36,59,11,64],[2.2,55,3,58],[0,0,0,0,0]],""d"":20496}","w68370902",622,4,"0.00",0
2090,270,"{""c"":[0,0.43,0,0.15,0,0.71],""m"":[[0,0,0,0],[8.94,243,15,254],[0,0,0,0],[1.47,7,3,10],[0,0,0,0],[0,17,7,20]],""t"":[[0,0,0,0],[0,0,0,0],[0,0,0,0],[0,0,0,0],[0,0,0,0],[0,0,0,0]],""g"":[[0,0,0,0],[0,0,0,0],[0,0,0,0],[0,0,0,0],[0,0,0,0],[0,0,0,0]],""d"":20495}","w63060003",734,4,"0.00",0
2093,214,"{""c"":[0,0.28,0,0.15,0,0.71],""m"":[[0,0,0,0],[17.81,233,21,251],[0,0,0,0],[15.54,259,12,271],[0,0,0,0],[2.8,20,0,20]],""t"":[[0,0,0,0],[0,0,0,0],[0,0,0,0],[0,0,0,0],[0,0,0,0],[0,0,0,0]],""g"":[[0,0,0,0],[0,0,0,0],[0,0,0,0],[0,0,0,0],[0,0,0,0],[0,0,0,0]],""d"":20495}","068480303",734,4,"0.00",0
2094,269,"{""c"":[0,0.28,0,0.01,0,0.71],""m"":[[0,0,0,0],[7.21,41,4,44],[0,0,0,0],[0,0,0,0],[0,0,0,0],[2.38,17,4,20]],""t"":[[0,0,0,0],[0,0,0,0],[0,0,0,0],[0,0,0,0],[0,0,0,0],[0,0,0,0]],""g"":[[0,0,0,0],[0,0,0,0],[0,0,0,0],[0,0,0,0],[0,0,0,0],[0,0,0,0]],""d"":20495}","e41052053",734,4,"0.00",0
2097,272,"{""c"":[0,0.14,0,0.01,0,0.71],""m"":[[0,0,0,0],[1.26,6,9,7],[0,0,0,0],[0,0,0,0],[0,0,0,0],[0,0,0,0]],""t"":[[0,0,0,0],[0,0,0,0],[0,0,0,0],[0,0,0,0],[0,0,0,0],[0,0,0,0]],""g"":[[0,0,0,0],[0,0,0,0],[0,0,0,0],[0,0,0,0],[0,0,0,0],[0,0,0,0]],""d"":20494}","w63060003",734,4,"0.00",0
2098,215,"{""c"":[0,0.14,0,0.15,0,0.71],""m"":[[0,0,0,0],[6.06,101,3,104],[0,0,0,0],[1.05,5,5,10],[0,0,0,0],[0,17,3,20]],""t"":[[0,0,0,0],[0,0,0,0],[0,0,0,0],[0,0,0,0],[0,0,0,0],[0,0,0,0]],""g"":[[0,0,0,0],[0,0,0,0],[0,0,0,0],[0,0,0,0],[0,0,0,0],[0,0,0,0]],""d"":20495}","q610812c3",734,4,"0.00",0
2100,193,"{""c"":[0,0.28,0,0.01,0.15,0.71],""m"":[[0,0,0,0],[19.95,201,10,209],[0,0,0,0],[0,0,0,0],[4.76,34,11,40],[1.4,20,0,20]],""t"":[[0,0,0,0],[0,0,0,0],[0,0,0,0],[0,0,0,0],[0,0,0,0],[0,0,0,0]],""g"":[[0,0,0,0],[0,0,0,0],[0,0,0,0],[0,0,0,0],[0,0,0,0],[0,0,0,0]],""d"":20495}","o85734023",734,4,"0.00",0
2101,234,"{""c"":[0,0.28,0,0.15,0.15,0.71],""m"":[[0,0,0,0],[42.59,426,31,450],[0,0,0,0],[11.13,163,12,175],[2.24,16,4,20],[0,0,0,0]],""t"":[[0,0,0,0],[0,0,0,0],[0,0,0,0],[0,0,0,0],[0,0,0,0],[0,0,0,0]],""g"":[[0,0,0,0],[0,0,0,0],[0,0,0,0],[0,0,0,0],[0,0,0,0],[0,0,0,0]],""d"":20494}","o60563003",734,4,"0.00",0
2102,228,"{""c"":[0,0.29,0,0.01,0.15,0.71],""m"":[[0,0,0,0],[6.65,37,10,44],[0,0,0,0],[0,0,0,0],[5.04,36,6,40],[1.26,18,3,20]],""t"":[[0,0,0,0],[0,0,0,0],[0,0,0,0],[0,0,0,0],[0,0,0,0],[0,0,0,0]],""g"":[[0,0,0,0],[0,0,0,0],[0,0,0,0],[0,0,0,0],[0,0,0,0],[0,0,0,0]],""d"":20495}","w63060003",734,4,"0.00",0
2103,229,"{""c"":[0,0.28,0,0.15,0,0.71],""m"":[[0,0,0,0],[4.9,26,4,30],[0,0,0,0],[6.24,104,8,112],[0,0,0,0],[0,0,0,0]],""t"":[[0,0,0,0],[0,0,0,0],[0,0,0,0],[0,0,0,0],[0,0,0,0],[0,0,0,0]],""g"":[[0,0,0,0],[0,0,0,0],[0,0,0,0],[0,0,0,0],[0,0,0,0],[0,0,0,0]],""d"":20494}","w63060003",734,4,"0.00",0
2104,232,"{""c"":[0,0.14,0,0.15,0,0.71],""m"":[[0,0,0,0],[3.57,17,3,20],[0,0,0,0],[1.68,12,9,20],[0,0,0,0],[0,0,0,0]],""t"":[[0,0,0,0],[0,0,0,0],[0,0,0,0],[0,0,0,0],[0,0,0,0],[0,0,0,0]],""g"":[[0,0,0,0],[0,0,0,0],[0,0,0,0],[0,0,0,0],[0,0,0,0],[0,0,0,0]],""d"":20494}","w63060003",734,4,"0.00",0
2105,267,"{""c"":[0,0.28,0,0.15,0.15,0.71],""m"":[[0,0,0,0],[7.54,78,4,82],[0,0,0,0],[3.06,51,1,52],[5.18,37,3,40],[2.73,13,3,15]],""t"":[[0,0,0,0],[0,0,36,3],[0,0,0,0],[0,0,0,0],[0,0,0,0],[0,0,0,0]],""g"":[[0,0,0,0],[0,0,0,0],[0,0,0,0],[0,0,0,0],[0,0,0,0],[0,0,0,0]],""d"":20495}","w63060003",734,4,"0.00",0
2106,276,"{""c"":[0,0.14,0,0.15,0.15,0.71],""m"":[[0,0,0,0],[1.44,36,1,37],[0,0,0,0],[1.89,9,2,10],[0,18,3,20],[0,0,0,0]],""t"":[[0,0,0,0],[0,0,0,0],[0,0,0,0],[0,0,0,0],[0,0,0,0],[0,0,0,0]],""g"":[[0,0,0,0],[0,0,0,0],[0,0,0,0],[0,0,0,0],[0,0,0,0],[0,0,0,0]],""d"":20494}","w63060003",734,4,"0.00",0
2107,268,"{""c"":[0,0.28,0,0.15,0,0.71],""m"":[[0,0,0,0],[7.14,57,25,62],[0,0,0,0],[1.89,9,4,10],[0,0,0,0],[0,0,0,0]],""t"":[[0,0,0,0],[0,0,0,0],[0,0,0,0],[0,0,0,0],[0,0,0,0],[0,0,0,0]],""g"":[[0,0,0,0],[0,0,0,0],[0,0,0,0],[0,0,0,0],[0,0,0,0],[0,0,0,0]],""d"":20494}","w63060003",734,4,"0.00",0
2108,233,"{""c"":[0,0.71],""m"":[[0,0,0,0],[0,0,0,0]],""t"":[[0,0,0,0],[0,0,0,0]],""g"":[[0,0,0,0],[0,0,0,0]],""d"":20466}","w63060003",NULL,-1,"0.00",0
2114,4978,"{""c"":[0,1,0.43,0.43,0.14,1],""m"":[[0,0,0,0],[254,405,27,428],[102.92,124,3,125],[80.51,97,4,100],[39.01,47,3,50],[19.92,24,1,25,0.83]],""t"":[[0,0,0,0],[0,0,0,0],[0,0,0,0],[0,0,0,0],[0,0,0,0],[0,0,0,0,0]],""g"":[[0,0,0,0],[0,0,0,0],[0,0,0,0],[0,0,0,0],[0,0,0,0],[0,0,0,0,0]],""d"":20500}","611011053",776,3,"0.00",0
2116,4980,"{""c"":[1,0.43,0.14,0.57],""m"":[[0,59,1,60],[85.42,212,9,220],[56.1,102,3,105],[26.95,49,1,50]],""t"":[[0,0,0,0],[0,0,0,0],[0,0,0,0],[0,0,0,0]],""g"":[[0,0,0,0],[0,0,0,0],[0,0,0,0],[0,0,0,0]],""d"":20489}","o10016526",776,3,"0.00",0
2118,1370,"{""c"":[0.15,0.57,0,0.71],""m"":[[5.6,40,0,40],[8.72,153,10,160],[0,0,0,0],[9.9,99,1,100]],""t"":[[0,0,0,0],[0.91,0.5,2,1],[0,0,0,0],[0,0,0,0]],""g"":[[0,0,0,0],[0,0,0,0],[0,0,0,0],[0,0,0,0]],""d"":20488}","605784033",779,3,"0.00",0
2126,2103,"{""c"": [], ""m"": [], ""t"": [], ""g"": [], ""d"": null}","w63060003",NULL,-1,"0.00",0
2127,4988,"{""c"":[1],""m"":[[2.09,58,2,60]],""t"":[[0,0,0,0]],""g"":[[0,0,0,0]],""d"":20471}","w63060003",NULL,4,"0.00",0
2128,3295,"{""c"":[0],""m"":[[0,0,0,0]],""t"":[[0,0,0,0]],""g"":[[0,0,0,0]],""d"":20464}","w63060003",157,-1,"0.00",0
2129,3282,"{""c"":[0],""m"":[[0,0,0,0]],""t"":[[0,0,0,0]],""g"":[[0,0,0,0]],""d"":20464}","w63060003",157,-1,"0.00",0
2131,4993,"{""c"":[0,0.29,0,0.14,0.57],""m"":[[2.66,19,1,20],[5.32,39,1,40],[0,0,0,0],[0,0,0,0],[8.12,29,1,30]],""t"":[[2.41,3.5,6,5],[10.44,10.75,9,13],[0,0,0,0],[3.85,4.5,2,5],[0,0,0,0]],""g"":[[0,0,0,0],[0,0,0,0],[0,0,0,0],[0,0,0,0],[0,0,0,0]],""d"":20496}","663064903",714,4,"0.00",0
2133,4997,"{""c"":[0.43,0.86],""m"":[[1.44,18,2,19],[5.92,74,6,80]],""t"":[[0,0,0,0],[0,0,0,0]],""g"":[[2.52,14,21,23],[0,0,0,0]],""d"":20473}","w63060003",NULL,3,"0.00",0
2134,4998,"{""c"":[0,0.57,0.15,0.43,0.57,0.71],""m"":[[0,0,0,0],[64.68,389,35,410],[0,0,0,0],[9.9,198,2,200],[69.51,474,109,483],[8.82,38,2,40]],""t"":[[0,0,0,0],[2.88,6.75,13,10],[0,0,0,0],[6.48,9.25,3,10],[0,0,0,0],[0,0,0,0]],""g"":[[0,0,0,0],[6.36,159,125,219],[2.76,69,10,73],[0.44,11,0,11],[8.36,209,25,223],[0,0,0,0]],""d"":20496}","g08452733",676,4,"0.00",0
2135,4999,"{""c"":[0,0.71,0.29,0.43,0.57,0.71],""m"":[[0,0,0,0],[11.83,143,9,150],[7.98,38,25,50],[0,0,0,0],[34.59,184,16,190],[8.74,38,3,40]],""t"":[[0,0,0,0],[0.9,1.5,6,3],[0.38,0.5,82,12],[2.52,5,23,10],[13.2,13.75,90,30],[6.89,5.5,109,20]],""g"":[[0,0,0,0],[3.68,92,125,145],[2.16,54,38,73],[0.28,7,8,11],[6.16,154,151,223],[0,0,0,0]],""d"":20496}","w63060003",676,4,"0.00",0
2140,5004,"{""c"":[0,0.43,0.43,0.43,0.57,0.71],""m"":[[0,0,0,0],[16.4,184,6,190],[10.08,48,11,50],[0,0,0,0],[31.96,173,20,190],[8.47,37,4,40]],""t"":[[0,0,0,0],[0,0,0,0],[1.88,2.75,51,12],[2.88,5.75,18,10],[7.8,9.75,120,30],[1.6,1.75,195,20]],""g"":[[0,0,0,0],[6.2,155,121,222],[2.36,59,27,73],[0.36,9,2,11],[5.24,131,68,165],[0,0,0,0]],""d"":20496}","p680706c3",676,4,"0.00",0
2141,5005,"{""c"":[1],""m"":[[0,0,0,0]],""t"":[[2.88,4,11,6]],""g"":[[0,0,0,0]],""d"":20465}","w63060003",NULL,4,"0.00",0
2142,5006,"{""c"":[1],""m"":[[0,0,0,0]],""t"":[[0,0,0,0]],""g"":[[0,38,3,40]],""d"":20465}","w63060003",NULL,4,"0.00",0
2145,5009,"{""c"":[1],""m"":[[0,0,0,0]],""t"":[[0,0,54,5]],""g"":[[0,0,0,0]],""d"":20465}","w63060003",NULL,4,"0.00",0
2146,5010,"{""c"": [], ""m"": [], ""t"": [], ""g"": [], ""d"": null}","w63060003",NULL,4,"0.00",0
2147,5011,"{""c"": [], ""m"": [], ""t"": [], ""g"": [], ""d"": null}","w63060003",NULL,4,"0.00",0
2153,5019,"{""c"":[0,0,0.28,0.58],""m"":[[0,0,0,0],[0,0,0,0],[2.52,18,2,20],[0,0,0,0]],""t"":[[0,0,0,0],[0,0,0,0],[0,0,0,0],[0,0,0,0]],""g"":[[0,0,0,0],[0,0,0,0],[3.52,88,70,115],[0,0,0,0]],""d"":20481}","463062333",302,4,"0.00",0
2154,5020,"{""c"":[0,0.02,0.01,0.01,0.16,0.3,0.86],""m"":[[0,0,0,0],[0,0,0,0],[0,0,0,0],[0,0,0,0],[0,0,0,0],[3.06,17,9,20],[0,0,0,0,0]],""t"":[[0,0,0,0],[0,0,0,0],[0,0,0,0],[0,0,0,0],[2.04,4.5,23,10],[10.8,12,12,15],[0,0,0,0,0]],""g"":[[0,0,0,0],[0,0,0,0],[0,0,0,0],[0,0,0,0],[0,0,0,0],[2.2,55,15,64],[0,0,0,0,0]],""d"":20500}","u25070203",806,4,"0.00",0
2156,5022,"{""c"":[0,0.43,0.43,0.29,0.86],""m"":[[0,0,0,0],[5.94,32,4,35],[6.19,25,9,34],[5.74,25,6,30],[0,0,0,0]],""t"":[[0,0,0,0],[3.32,5.25,3,6],[4.7,9.75,9,12],[0,0,0,0],[0,0,0,0]],""g"":[[0,0,0,0],[0,0,0,0],[0,0,0,0],[0.68,17,2,19],[0,0,0,0]],""d"":20486}","q43066073",818,4,"0.00",0
2157,5023,"{""c"": [], ""m"": [], ""t"": [], ""g"": [], ""d"": null}","w63060003",NULL,4,"0.00",0
2158,2491,"{""c"":[1],""m"":[[0,0,0,0]],""t"":[[0,0,0,0]],""g"":[[7.74,43,6,46]],""d"":20487}","w63060003",NULL,3,"0.00",0
2160,5024,"{""c"":[0.28,0.43],""m"":[[1,20,0,20],[0,0,0,0]],""t"":[[0.96,1.75,6,3],[0.6,0.75,1,1]],""g"":[[0,0,0,0],[0,0,0,0]],""d"":20476}","w63060003",NULL,4,"0.00",0
2162,5026,"{""c"":[0.14,0.43],""m"":[[0,24,0,24],[0,20,0,20]],""t"":[[0,0,0,0],[0,0,0,0]],""g"":[[0,0,0,0],[0,0,0,0]],""d"":20476}","w63060003",NULL,4,"0.00",0
2163,5027,"{""c"":[1],""m"":[[0,0,0,0]],""t"":[[0,0,0,0]],""g"":[[2.92,73,9,80]],""d"":20476}","w63060003",NULL,4,"0.00",0
2164,5028,"{""c"":[1],""m"":[[0,0,0,0]],""t"":[[0,0,4,1]],""g"":[[0,0,0,0]],""d"":20469}","w63060003",NULL,4,"0.00",0
2165,5029,"{""c"":[0.29,0.42],""m"":[[0,50,0,50],[0,19,1,20]],""t"":[[0,0,0,0],[0,0,13,2]],""g"":[[0,0,0,0],[0,0,0,0]],""d"":20476}","p65062763",776,3,"0.00",0
2166,5030,"{""c"":[0.14,0.28,0.3,0,0.71],""m"":[[0,0,0,0],[12.28,85,18,95],[5.18,31,5,35],[0,0,0,0],[0,0,0,0]],""t"":[[1.44,2.5,15,5],[0,0,0,0],[4.8,7,47,15],[0,0,0,0],[0,0,0,0]],""g"":[[0,0,0,0],[0,0,0,0],[0,0,0,0],[0,0,0,0],[0,0,0,0]],""d"":20494}","q23182043",718,4,"0.00",0
2169,5033,"{""c"":[0.14,0.14,0.86,0.14,0.57],""m"":[[3.17,29,1,30],[11.98,190,10,200],[24.82,937,40,960],[2.38,94,6,100],[0.37,37,3,40]],""t"":[[0,0,0,0],[0,0,0,0],[0,0,0,0],[0,0,0,0],[0,0,0,0]],""g"":[[2.09,19,0,19],[0,0,0,0],[11.66,106,17,119],[0,0,0,0],[0,0,0,0]],""d"":20496}","w63060003",NULL,2,"0.00",0
2171,5034,"{""c"":[1],""m"":[[5.2,20,0,20]],""t"":[[0,0,0,0]],""g"":[[0,0,0,0]],""d"":20466}","w63060003",NULL,4,"0.00",0
2172,5035,"{""c"":[0,0.58,0.15,0.15],""m"":[[0,0,0,0],[18.49,270,6,276],[4.99,19,4,20],[0,20,0,20]],""t"":[[0,0,0,0],[0.17,0.25,38,5],[0,0,0,0],[0,0,0,0]],""g"":[[0,0,0,0],[0,0,0,0],[0,0,0,0],[0.92,23,23,35]],""d"":20492}","o68064ab3",761,4,"0.00",0
2180,5043,"{""c"":[0.29,0.15,0.28,0.86],""m"":[[4.79,81,4,85],[8.3,140,1,141],[24.2,352,6,358],[0,0,0,0]],""t"":[[0,0,0,0],[0,0,0,0],[0,0,0,0],[0,0,0,0]],""g"":[[0,0,0,0],[0,0,0,0],[0,0,0,0],[7.7,70,18,80]],""d"":20487}","405062083",698,2,"0.00",0
2181,5044,"{""c"": [], ""m"": [], ""t"": [], ""g"": [], ""d"": null}","p010829a3",165,4,"0.00",0
2182,5045,"{""c"":[0.14,0,0,0.86],""m"":[[2.99,54,11,60],[0,0,0,0],[0,0,0,0],[11.4,114,7,120]],""t"":[[0,0,0,0],[0,0,0,0],[0,0,0,0],[0,0,0,0]],""g"":[[0,0,0,0],[0,0,0,0],[0,0,0,0],[0,0,0,0]],""d"":20487}","w63060003",530,2,"0.00",0
2183,5046,"{""c"":[0.86,0.43,0.29,0.14,0.72],""m"":[[476.94,3682,57,3738],[263.47,799,11,810],[32.42,114,8,120],[6.85,30,3,33],[4.86,18,2,20]],""t"":[[0,0,0,0],[33.65,21,12,24],[51.78,29,16,33],[0,0,0,0],[3.96,5.75,1,6]],""g"":[[0.92,23,1,24],[9.2,20,7,24],[0,0,0,0],[10.12,22,2,24],[0,0,0,0]],""d"":20495}","c150610c1",644,4,"0.00",0
2184,5047,"{""c"":[1],""m"":[[2.47,19,1,20]],""t"":[[0,0,0,0]],""g"":[[0,0,0,0]],""d"":20465}","w63060003",NULL,1,"0.00",0
2185,5048,"{""c"":[1],""m"":[[8.1,135,18,150]],""t"":[[0,0,0,0]],""g"":[[0,0,0,0]],""d"":20465}","w63060003",NULL,4,"0.00",0
2186,5049,"{""c"":[0.43,0.28,0.28,0.71],""m"":[[5.33,41,11,50],[9.63,107,13,120],[3.78,18,2,20],[13.05,145,5,150]],""t"":[[0,0,0,0],[0,0,0,0],[0,0,86,5],[0,0,0,0]],""g"":[[0,0,0,0],[0,0,0,0],[0,0,0,0],[0,0,0,0]],""d"":20495}","w63060003",NULL,2,"0.00",0
2187,5050,"{""c"":[0.43,0,0,0,0.86],""m"":[[0,20,0,20],[0,0,0,0],[0,0,0,0],[0,0,0,0],[0,20,0,20]],""t"":[[0,0,0,0],[0,0,0,0],[0,0,0,0],[0,0,0,0],[1.8,2.75,1,3]],""g"":[[0,0,0,0],[0,0,0,0],[0,0,0,0],[0,0,0,0],[0,0,0,0]],""d"":20495}","p61766c83",NULL,4,"0.00",0
2193,5058,"{""c"":[0.14,0.71],""m"":[[8.17,19,4,20],[43.36,95,6,100]],""t"":[[0,0,0,0],[0,0,0,0]],""g"":[[0,0,0,0],[0,0,0,0]],""d"":20475}","w63060003",776,3,"0.00",0
2196,1959,"{""c"": [], ""m"": [], ""t"": [], ""g"": [], ""d"": null}","w63060003",NULL,-1,"0.00",0
2197,5061,"{""c"":[0,0.43,0.43,0.71,0.71],""m"":[[2.5,50,0,50],[6.09,29,128,50],[4.14,23,24,30],[30.76,164,36,190],[8.09,35,6,40]],""t"":[[0,0,0,0],[5.25,4,95,18],[0.36,2,36,10],[3,4.25,173,30],[1.93,2.25,143,20]],""g"":[[3.24,81,141,145],[2.12,53,40,73],[0.32,8,6,11],[6.88,172,96,223],[0,0,0,0]],""d"":20496}","g18452033",676,4,"0.00",0
2199,5063,"{""c"":[0.57,0,0,0.71],""m"":[[29.14,158,35,183],[0,0,0,0],[0,0,0,0],[0,0,0,0]],""t"":[[1.08,2,14,5],[0,0,0,0],[0,0,0,0],[0,0,0,0]],""g"":[[0,0,0,0],[0,0,0,0],[0,0,0,0],[0,0,0,0]],""d"":20487}","6230400c3",821,4,"0.00",0
2200,5065,"{""c"":[0.14,0,0,0,0.86],""m"":[[17,100,0,100],[0,0,0,0],[0,0,0,0],[0,0,0,0],[6.86,98,2,100]],""t"":[[0,0,0,0],[0,0,0,0],[0,0,0,0],[0,0,0,0],[0,0,0,0]],""g"":[[0,0,0,0],[0,0,0,0],[0,0,0,0],[0,0,0,0],[0,0,0,0]],""d"":20494}","w63060003",NULL,1,"0.00",0
2201,5066,"{""c"":[0.15,0,0,0.86],""m"":[[4.77,78,2,80],[0,0,0,0],[0,0,0,0],[4.38,42,4,45]],""t"":[[0,0,0,0],[0,0,0,0],[0,0,0,0],[0,0,0,0]],""g"":[[0,0,0,0],[0,0,0,0],[0,0,0,0],[8.69,79,4,81]],""d"":20487}","w63060003",698,2,"0.00",0
2202,5068,"{""c"":[0.29,0.43,0.15,0,0.57],""m"":[[8.81,112,2,114],[24.24,303,9,312],[13.04,163,6,169],[0,0,0,0],[8.48,106,5,111,0.08]],""t"":[[0,0,0,0],[0,0,0,0],[0,0,0,0],[0,0,0,0],[0,0,0,0]],""g"":[[0,24,9,30],[0,0,0,0],[0,0,0,0],[0,0,0,0],[0,0,0,0]],""d"":20497}","0430847a3",784,3,"0.00",0
2203,5069,"{""c"":[0.14,0.14,0.43],""m"":[[0,0,0,0],[0,0,0,0],[3.24,12,0,12]],""t"":[[0,0,0,0],[0,0,0,0],[0,0,0,0]],""g"":[[1.32,33,4,36],[2.28,159,114,213],[0,0,0,0]],""d"":20483}","w63060003",NULL,4,"0.00",0
2204,5070,"{""c"":[0,0.14,0,0,0,0.86],""m"":[[0,0,0,0],[0.8,20,0,20],[0,0,0,0],[0,0,0,0],[0,0,0,0],[0,0,0,0]],""t"":[[0,0,0,0],[0,0,0,0],[0,0,0,0],[0,0,0,0],[0,0,0,0],[0,0,0,0]],""g"":[[0,0,0,0],[0,0,0,0],[0,0,0,0],[0,0,0,0],[0,0,0,0],[0,0,0,0]],""d"":20493}","w63060003",171,4,"0.00",0
2205,5071,"{""c"": [], ""m"": [], ""t"": [], ""g"": [], ""d"": null}","w63060003",NULL,2,"0.00",0
2206,5073,"{""c"":[0.86,0.71,0.86,0.28,0.29],""m"":[[53.9,591,4,595],[73.95,428,5,432],[59.62,302,6,308],[19.29,111,7,117],[21,100,1,101,0.21]],""t"":[[0,0,0,0],[0,0,0,0],[0,0.5,2,1],[3.15,4,4,5],[0,0,0,0]],""g"":[[25.22,97,1,98],[6.24,24,3,26],[12.22,47,1,48],[0,0,0,0],[0,0,0,0]],""d"":20499}","p15086033",825,1,"0.00",2
2207,5074,"{""c"":[0.57],""m"":[[0,6,0,6]],""t"":[[0,0.25,4,1]],""g"":[[0,0,0,0]],""d"":20469}","w63060003",NULL,4,"0.00",0
2208,5075,"{""c"": [], ""m"": [], ""t"": [], ""g"": [], ""d"": null}","w63060003",NULL,3,"0.00",0
2209,3202,"{""c"":[0,0,0.14,0,0.71],""m"":[[0,0,0,0],[0,0,0,0],[4.25,55,15,65],[0,0,0,0],[0,19,1,20]],""t"":[[0,0,0,0],[0,0,0,0],[0,2.5,7,4],[0,0,0,0],[0,4.5,2,5]],""g"":[[0,0,0,0],[0,0,0,0],[0,0,0,0],[0,0,0,0],[0,0,0,0]],""d"":20495}","w63060003",738,3,"0.00",0
2211,5077,"{""c"":[0.43,0.29,0.29,1],""m"":[[14.04,160,12,170],[9,90,24,105],[9.3,93,8,100],[6.9,69,18,80]],""t"":[[0,0,0,0],[0,0,0,0],[0,0,0,0],[0,0,0,0]],""g"":[[0,0,0,0],[3.3,30,10,38],[0,0,0,0],[0,0,0,0]],""d"":20486}","w63060003",NULL,2,"0.00",0
2212,5078,"{""c"":[0,0.86,0.57,0.72,0.57],""m"":[[0,0,0,0],[75.79,1768,72,1833],[61.62,1022,33,1053],[48.43,921,77,986],[3.51,27,5,31]],""t"":[[0,0,0,0],[0,0,0,0],[4.46,6.75,13,10],[0,0,0,0],[0,0,0,0]],""g"":[[0,0,0,0],[1.3,5,0,5],[0,0,0,0],[0.26,1,1,2],[0,0,0,0]],""d"":20489}","w63060003",762,1,"0.00",0
2214,5079,"{""c"":[1],""m"":[[2.8,35,5,40]],""t"":[[0,0,0,0]],""g"":[[0,0,0,0]],""d"":20465}","w63060003",NULL,3,"0.00",0
2215,5080,"{""c"":[0,0.57,0.43,0.28,0.14,0.28,1],""m"":[[0,0,0,0],[23.85,223,2,225],[23.53,169,7,175],[6.14,44,1,45],[0,0,0,0],[1.96,14,1,15,0.14],[6.06,64,1,65,0.09]],""t"":[[0,0,0,0],[76.74,58.75,29,65],[15.09,13,8,15],[18.34,14,4,15],[11.79,9.5,2,10],[22.92,18.5,6,20],[11.14,8.5,3,10,1.31]],""g"":[[0,0,0,0],[1.3,5,0,5],[0,0,0,0],[0,0,0,0],[0,0,0,0],[0,0,0,0],[0,0,0,0,0]],""d"":20500}","253480436",762,1,"0.00",0
2216,5081,"{""c"":[0,0.14,0.28,0.15,0.57],""m"":[[0,0,0,0],[0,0,0,0],[0,0,0,0],[0,0,0,0],[0,0,0,0]],""t"":[[0,0,0,0],[1.2,1,6,2],[0,0,0,0],[3.3,3.25,3,4],[2.32,4.5,2,5]],""g"":[[0,0,0,0],[1.56,39,11,46],[1.6,40,4,44],[0.64,16,0,16],[0.8,20,14,27]],""d"":20496}","l21061943",622,4,"0.00",0
2217,1950,"{""c"": [], ""m"": [], ""t"": [], ""g"": [], ""d"": null}","w63060003",725,4,"0.00",0
2220,1814,"{""c"": [], ""m"": [], ""t"": [], ""g"": [], ""d"": null}","w63060003",NULL,-1,"0.00",0
2221,5085,"{""c"":[0,0.72],""m"":[[0,0,0,0],[18.7,74,6,80]],""t"":[[0,0,0,0],[0,0,0,0]],""g"":[[0,0,0,0],[0,0,0,0]],""d"":20475}","w63060003",776,3,"0.00",0
2222,5086,"{""c"":[1],""m"":[[4.92,54,7,60]],""t"":[[0,0,0,0]],""g"":[[0,0,0,0]],""d"":20465}","w63060003",NULL,1,"0.00",0
2223,5087,"{""c"":[1],""m"":[[1.6,20,0,20]],""t"":[[0,0,0,0]],""g"":[[0,0,0,0]],""d"":20465}","w63060003",173,3,"0.00",0
2224,5088,"{""c"":[0,0.16,0.01,0.01,0.44,0.58,0.86],""m"":[[0,0,0,0],[0,0,0,0],[0,0,0,0],[0,0,0,0],[2.88,16,4,20],[0,0,0,0],[0,0,0,0,0]],""t"":[[0,0,0,0],[0.72,2.5,10,5],[0,0,0,0],[0,0,0,0],[2.22,3.5,74,15],[16.44,22,55,35],[0,0,0,0,0]],""g"":[[0,0,0,0],[0,0,0,0],[0,0,0,0],[0,0,0,0],[7.92,198,115,248],[2.36,59,45,82],[0,0,0,0,0]],""d"":20500}","o25082073",806,4,"0.00",2
2225,5089,"{""c"":[1],""m"":[[2.22,57,43,60]],""t"":[[0,0,0,0]],""g"":[[0,0,0,0]],""d"":20465}","w63060003",NULL,5,"0.00",0
2226,5090,"{""c"":[0.43,0.29,0.14,0.14,1],""m"":[[15.62,185,18,195],[0.7,7,4,10],[2.6,26,7,30],[1,10,0,10],[9,90,10,100]],""t"":[[0,0,0,0],[0,0,0,0],[0,0,0,0],[0,0,0,0],[0,0,0,0]],""g"":[[0,0,0,0],[1.87,17,30,31],[0,0,0,0],[0,0,0,0],[0,0,0,0]],""d"":20493}","w63060003",NULL,2,"0.00",0
2227,5091,"{""c"":[1],""m"":[[3.64,28,2,30]],""t"":[[0,0,0,0]],""g"":[[0,0,0,0]],""d"":20467}","w63060003",NULL,1,"0.00",0
2228,5092,"{""c"":[1],""m"":[[0.2,20,0,20]],""t"":[[0,0,0,0]],""g"":[[0,0,0,0]],""d"":20465}","w63060003",NULL,1,"0.00",0
2233,5098,"{""c"":[0,0.01,0.01,0.44,0.16,0.86],""m"":[[2.73,13,2,15],[0,0,0,0],[0,0,0,0],[2.38,14,1,15],[0,0,0,0],[0,0,0,0,0]],""t"":[[0,0,0,0],[0,0,0,0],[0,0,0,0],[10.2,13,8,15],[9.78,11.25,15,15],[0,0,0,0,0]],""g"":[[0,0,0,0],[0,0,0,0],[0,0,0,0],[0,0,0,0],[0,0,0,0],[0,0,0,0,0]],""d"":20500}","p21706043",806,4,"0.00",0
2234,5099,"{""c"":[0,0.43,0.14,0.43,0.29,1],""m"":[[0,0,0,0],[7.19,104,1,105],[1.6,20,0,20],[5.7,70,0,70],[0.59,59,1,60],[18.42,154,6,160,0.12]],""t"":[[0,0,0,0],[0,0,0,0],[0,0,0,0],[18.62,17.25,11,20],[15.06,13.25,7,15],[11.87,6.5,9,10,1.87]],""g"":[[0,0,0,0],[0,0,0,0],[0,0,0,0],[0,0,0,0],[0,0,0,0],[0,0,0,0,0]],""d"":20501}","w63060003",825,1,"0.00",0
2235,5100,"{""c"":[0.57,0.28,0.71],""m"":[[5.4,20,0,20],[28.12,61,15,70],[24.26,125,6,130]],""t"":[[0,0,0,0],[0,0,0,0],[0,0,0,0]],""g"":[[0,0,0,0],[0,0,0,0],[0,0,0,0]],""d"":20481}","453068023",776,3,"0.00",0
2236,5101,"{""c"":[0,0.28,0.58],""m"":[[0,0,0,0],[2.1,15,9,20],[0,0,0,0]],""t"":[[0,0,0,0],[0,0,0,0],[0,0,0,0]],""g"":[[0,0,0,0],[3.44,86,54,115],[0,0,0,0]],""d"":20481}","481062033",302,4,"0.00",0
2237,5102,"{""c"":[1],""m"":[[2.08,16,5,20]],""t"":[[0,0,0,0]],""g"":[[0,0,0,0]],""d"":20465}","w63060003",NULL,1,"0.00",0
2238,5103,"{""c"":[0.57,1],""m"":[[0,0,0,0],[0,0,0,0]],""t"":[[0,0,0,0],[0,0,0,0]],""g"":[[8,456,48,484],[9,89,20,102]],""d"":20472}","w63060003",NULL,3,"0.00",0
2239,5104,"{""c"":[0.14,0.72,0.14],""m"":[[2.1,39,1,40],[15.6,156,7,163],[2.2,40,0,40]],""t"":[[0,0,0,0],[0,0,0,0],[0,0,0,0]],""g"":[[0,0,0,0],[0,0,0,0],[0,0,0,0]],""d"":20485}","w63060003",NULL,2,"0.00",0
2240,5105,"{""c"":[0.15,0.71],""m"":[[0,20,0,20],[5.32,39,1,40]],""t"":[[0,0,0,0],[0,0,0,0]],""g"":[[0,0,0,0],[0,0,0,0]],""d"":20474}","w63060003",576,3,"0.00",0
2241,5106,"{""c"":[1],""m"":[[1.44,18,5,20]],""t"":[[0,0,0,0]],""g"":[[0,0,0,0]],""d"":20465}","w63060003",NULL,3,"0.00",0
2242,5108,"{""c"":[0,0.57,0.43,0.43,0,1],""m"":[[0,0,0,0],[168.39,421,20,437],[100.65,183,23,204],[44,80,3,82],[0,0,0,0,0],[9.9,18,2,20,0.55]],""t"":[[0,0,0,0],[0,0,0,0],[0,0,0,0],[0,0,0,0],[0,0,0,0,0],[0,0,0,0,0]],""g"":[[0,0,0,0],[0,0,0,0],[0,0,0,0],[0,0,0,0],[0,0,0,0,0],[0,0,0,0,0]],""d"":20500}","p550820b3",776,3,"0.00",0
2243,5109,"{""c"":[0.57,0.14,0,1],""m"":[[2.47,19,1,20],[1.4,20,0,20],[0,0,0,0],[1.33,19,1,20]],""t"":[[0,0,0,0],[0,0,0,0],[0,0,0,0],[0,0,0,0]],""g"":[[0,0,0,0],[0,0,0,0],[0,0,0,0],[0,0,0,0]],""d"":20486}","w63060003",NULL,1,"0.00",0
2244,5111,"{""c"":[0.14,0.43,0.43],""m"":[[2.8,40,0,40],[70.59,1891,31,1920],[1.98,33,1,34]],""t"":[[0,0,0,0],[0,0,0,0],[0.63,1,8,3]],""g"":[[3.52,32,0,32],[0,0,0,0],[0,0,0,0]],""d"":20483}","w63060003",NULL,2,"0.00",0
2246,5114,"{""c"":[0,0.02,0.01,0.15,0.3,0.3,0.86],""m"":[[0,0,0,0],[0,0,0,0],[0,0,0,0],[0,0,0,0],[9.53,79,1,80],[3.6,20,0,20],[0,0,0,0,0]],""t"":[[0,0,0,0],[0,0,0,0],[0,0,0,0],[0,0,0,0],[1.44,2.5,2,3],[9.3,18.5,7,20],[1.08,1.5,1,2,0.72]],""g"":[[0,0,0,0],[0,0,0,0],[0,0,0,0],[5.68,148,42,174],[0,0,0,0],[2.08,52,15,64],[0,0,0,0,0]],""d"":20501}","0250840a3",806,4,"0.00",0
2247,5115,"{""c"":[0.29,0,0,0.57],""m"":[[0,40,6,41],[0,0,0,0],[0,0,0,0],[0,10,0,10]],""t"":[[0,0,0,0],[0,0,0,0],[0,0,0,0],[0,0,0,0]],""g"":[[0,0,0,0],[0,0,0,0],[0,0,0,0],[0,0,0,0]],""d"":20489}","g11582033",776,3,"0.00",0
2248,5116,"{""c"":[0.86,0.72,0.57,0.71,0.43,1],""m"":[[54.72,502,22,524],[7.31,43,11,46],[0,0,0,0],[6.83,24,3,26],[5.02,16,1,17],[0,0,0,0,0]],""t"":[[28.81,28.75,21,34],[44.5,41,47,51],[9.36,17.75,29,24],[48.6,70,17,74],[9.59,15.5,6,17],[6.48,9,0,9,0.72]],""g"":[[0,0,0,0],[0,0,0,0],[2.4,60,46,89],[0.4,10,0,10],[0.44,11,21,18],[0,0,0,0,0]],""d"":20501}","w63060003",622,4,"0.00",0
2249,5117,"{""c"":[0,0.43,0,0,0.43],""m"":[[0,0,0,0],[5.07,39,1,40],[0,0,0,0],[0,0,0,0],[0,0,0,0]],""t"":[[0,0,0,0],[0,0,0,0],[0,0,0,0],[0,0,0,0],[0,0,0,0]],""g"":[[0,0,0,0],[1.3,5,0,5],[0,0,0,0],[0,0,0,0],[0,0,0,0]],""d"":20489}","463061003",762,1,"0.00",0
2250,5118,"{""c"":[0],""m"":[[14.72,23,3,25]],""t"":[[0,0,0,0]],""g"":[[0,0,0,0]],""d"":20474}","p350632a6",691,3,"0.00",0
2251,5119,"{""c"": [], ""m"": [], ""t"": [], ""g"": [], ""d"": null}","w63060003",NULL,4,"0.00",0
2253,5122,"{""c"":[0,0.15,0.15,0.44,0.01,0.86],""m"":[[8.63,37,3,40],[5.13,19,1,20],[4.86,18,2,20],[5.13,19,3,20],[0,0,0,0],[0,0,0,0,0]],""t"":[[0,0,0,0],[0,0,0,0],[0,0,0,0],[3.6,7.25,11,10],[0,0,0,0],[0,0,0,0,0]],""g"":[[0,0,0,0],[0,0,0,0],[0,0,0,0],[0,0,0,0],[0,0,0,0],[0,0,0,0,0]],""d"":20500}","v26430653",806,4,"0.00",0
2254,5123,"{""c"":[0,0.43,0.43,0.57,0.86],""m"":[[2.45,49,1,50],[8.61,41,32,50],[5.22,29,9,30],[33.28,177,23,190],[14.19,78,15,90]],""t"":[[0,0,0,0],[1.5,1,74,12],[0.36,3.25,32,10],[4.2,7,119,30],[2.52,2.5,316,20]],""g"":[[7.16,179,179,277],[2.12,53,26,73],[0.24,6,8,11],[6.08,152,130,223],[0,0,0,0]],""d"":20496}","p45163493",676,4,"0.00",0
2255,5124,"{""c"":[0.43,0.43,0,1],""m"":[[69.93,378,19,394],[0,0,0,0],[0,0,0,0],[4.5,25,7,30]],""t"":[[0,0,0,0],[7.06,9,14,11],[0,0,0,0],[0,0,0,0]],""g"":[[0,0,0,0],[0,0,0,0],[0,0,0,0],[0,0,0,0]],""d"":20487}","g18860083",719,4,"0.00",0
2256,5125,"{""c"":[0.29,0.43,0,1],""m"":[[2.1,15,0,15],[10.77,43,3,45],[0,0,0,0],[4.14,23,11,30]],""t"":[[0,0,0,0],[6.28,10.25,17,14],[0,0,0,0],[0,0,0,0]],""g"":[[0,0,0,0],[0,0,0,0],[0,0,0,0],[0,0,0,0]],""d"":20487}","w08010086",719,4,"0.00",0
2257,5126,"{""c"":[1],""m"":[[0,20,0,20]],""t"":[[0,0,0,0]],""g"":[[0,0,0,0]],""d"":20466}","w63060003",NULL,4,"0.00",0
2258,5127,"{""c"":[0],""m"":[[2.2,61,6,65]],""t"":[[0,0,0,0]],""g"":[[0,0,0,0]],""d"":20468}","668181703",751,3,"0.00",0
2259,2062,"{""c"": [], ""m"": [], ""t"": [], ""g"": [], ""d"": null}","w63060003",NULL,-1,"0.00",0
2260,5128,"{""c"":[0,0.29,0,0.29,0.86],""m"":[[0,0,0,0],[6.85,50,6,55],[0,0,0,0],[18.22,374,7,380],[3.9,78,2,80]],""t"":[[0,0,0,0],[0,0,44,5],[0,0,0,0],[0,0,0,0],[0,0,0,0]],""g"":[[0,0,0,0],[0,0,0,0],[0,0,0,0],[1.64,41,17,53],[0.76,19,12,26]],""d"":20494}","021066046",761,4,"0.00",0
2261,5129,"{""c"":[1],""m"":[[0.02,2,0,2,0.01]],""t"":[[0,0,0,0,0]],""g"":[[0,0,0,0,0]],""d"":20497}","w63060003",NULL,2,"0.00",0
2263,5131,"{""c"":[0,0.72],""m"":[[0,0,0,0],[0,0,0,0]],""t"":[[0,0,0,0],[0,0,0,0]],""g"":[[0,0,0,0],[0,0,0,0]],""d"":20480}","w63060003",679,4,"0.00",0
2265,5133,"{""c"":[1,0.01,0,1],""m"":[[625.62,2243,113,2342],[0,0,0,0],[0,0,0,0],[4.68,26,4,30]],""t"":[[0,0,0,0],[0,0,0,0],[0,0,0,0],[0,0,0,0]],""g"":[[0,0,0,0],[0,0,0,0],[0,0,0,0],[0,0,0,0]],""d"":20487}","w63060003",719,4,"0.00",0
2266,5134,"{""c"":[0,0,1],""m"":[[104.94,198,2,200],[0,0,0,0],[19.55,23,8,30]],""t"":[[90.15,16.25,19,21],[0,0,0,0],[0,0,0,0]],""g"":[[0,0,0,0],[0,0,0,0],[0,0,0,0]],""d"":20487}","661240723",719,0,"0.00",0
2267,5135,"{""c"": [], ""m"": [], ""t"": [], ""g"": [], ""d"": null}","w63060003",NULL,4,"0.00",0
2268,5136,"{""c"":[0.14,0.29,0,1],""m"":[[0,0,0,0],[1.68,6,4,10],[0,0,0,0],[4.32,24,14,30]],""t"":[[0,0,0,0],[3.28,6.5,20,11],[0,0,0,0],[0,0,0,0]],""g"":[[4.4,110,12,115],[0,0,0,0],[0,0,0,0],[0,0,0,0]],""d"":20487}","663160023",719,4,"0.00",0
2269,1997,"{""c"": [], ""m"": [], ""t"": [], ""g"": [], ""d"": null}","w63060003",725,4,"0.00",0
2271,5138,"{""c"":[1],""m"":[[0.99,99,1,100]],""t"":[[0,0,0,0]],""g"":[[0,0,0,0]],""d"":20465}","w63060003",NULL,2,"0.00",0
2272,5139,"{""c"":[0.29,0.43,0,1],""m"":[[10.53,39,2,40],[3.78,14,2,15],[0,0,0,0],[4.32,24,6,30]],""t"":[[0,0,0,0],[7.78,10,4,11],[0,0,0,0],[0,0,0,0]],""g"":[[0,0,0,0],[0,0,0,0],[0,0,0,0],[0,0,0,0]],""d"":20487}","648060013",719,4,"0.00",0
2273,5140,"{""c"": [], ""m"": [], ""t"": [], ""g"": [], ""d"": null}","w63060003",NULL,4,"0.00",0
2274,5141,"{""c"":[0.14,0.29,0,1],""m"":[[2.38,17,3,20],[0,0,0,0],[0,0,0,0],[4.68,26,5,30]],""t"":[[0,0,0,0],[4.66,7.25,11,10],[0,0,0,0],[0,0,0,0]],""g"":[[0,0,0,0],[0,0,0,0],[0,0,0,0],[0,0,0,0]],""d"":20487}","615771023",719,4,"0.00",0
2275,5142,"{""c"":[0,0.86,0.29,0.57,1],""m"":[[0,0,0,0],[93.88,1372,13,1385],[15.48,123,3,125],[203.02,1606,87,1685],[140.62,1048,56,1085]],""t"":[[0,0,0,0],[0,0,0,0],[1.31,1,5,2],[13.92,8.5,8,10],[0,0,0,0]],""g"":[[0,0,0,0],[0,0,0,0],[0,0,0,0],[0,0,0,0],[0,0,0,0]],""d"":20496}","o13064043",825,1,"0.00",1
2276,5143,"{""c"":[0,0,1],""m"":[[4.9,142,8,150],[0,0,0,0],[3.42,19,30,30]],""t"":[[4.9,7.75,13,11],[0,0,0,0],[0,0,0,0]],""g"":[[0,0,0,0],[0,0,0,0],[0,0,0,0]],""d"":20487}","p410130a2",719,4,"0.00",0
2277,5144,"{""c"":[0.43,0.43,0,1],""m"":[[245.98,697,25,720],[0,0,0,0],[0,0,0,0],[5.04,28,2,30]],""t"":[[0,0,0,0],[8.02,9.75,5,11],[0,0,0,0],[0,0,0,0]],""g"":[[0,0,0,0],[0,0,0,0],[0,0,0,0],[0,0,0,0]],""d"":20487}","063060093",719,4,"0.00",0
2278,5145,"{""c"":[0,0,0.86],""m"":[[0,0,0,0],[0,0,0,0],[4.14,23,10,30]],""t"":[[4.58,8.25,11,11],[0,0,0,0],[1.68,1,4,2]],""g"":[[0,0,0,0],[0,0,0,0],[0,0,0,0]],""d"":20488}","j48010023",719,4,"0.00",0
2279,5146,"{""c"":[1],""m"":[[2.21,36,3,39]],""t"":[[0,0,0,0]],""g"":[[0,0,0,0]],""d"":20465}","w63060003",NULL,3,"0.00",0
2280,5147,"{""c"":[0.43,0.29,0.15,1],""m"":[[0,0,0,0],[15.39,288,2,290],[3.23,17,3,20],[24.27,314,12,325]],""t"":[[1.74,3.5,2,4],[8.86,11.75,9,14],[1.68,1,0,1],[8.39,13,8,15]],""g"":[[0,0,0,0],[0,0,0,0],[0,0,0,0],[0,0,0,0]],""d"":20487}","q280140a3",719,4,"0.00",0
2281,5148,"{""c"":[0.29,0.43,0,1],""m"":[[107.24,797,23,819],[39.42,146,4,150],[0,0,0,0],[5.22,29,2,30]],""t"":[[0,0,0,0],[18.01,25.25,24,30],[0,0,0,0],[0,0,0,0]],""g"":[[0,0,0,0],[0,0,0,0],[0,0,0,0],[0,0,0,0]],""d"":20487}","648780073",719,4,"0.00",0
2282,5149,"{""c"":[0.29,0.28,0.28,0.14,0.57],""m"":[[0,20,0,20],[0.4,40,0,40],[10.87,67,2,69],[4.16,16,5,20],[8.83,43,4,45]],""t"":[[0,0,0,0],[0,0,0,0],[0,0,0,0],[0,0,0,0],[0,0,0,0]],""g"":[[0,0,0,0],[108.68,278,177,360],[27.6,60,23,73],[0,0,0,0],[0,0,0,0]],""d"":20496}","w63060003",NULL,1,"0.00",0
2283,5150,"{""c"":[0,0,1],""m"":[[1.64,24,1,25],[0,0,0,0],[4.5,25,7,30]],""t"":[[4.19,7,17,11],[0,0,0,0],[0,0,0,0]],""g"":[[0,0,0,0],[0,0,0,0],[0,0,0,0]],""d"":20487}","w63060003",719,4,"0.00",0
2285,5152,"{""c"":[0.29,0.43,0,1],""m"":[[4.9,129,6,134],[0,0,0,0],[0,0,0,0],[5.04,28,4,30]],""t"":[[0,0,0,0],[8.26,11.75,9,14],[0,0,0,0],[0,0,0,0]],""g"":[[0,0,0,0],[0,0,0,0],[0,0,0,0],[0,0,0,0]],""d"":20487}","665241223",719,4,"0.00",0
2286,5153,"{""c"":[0.29,1],""m"":[[0,39,1,40],[3.92,71,10,75]],""t"":[[0,0,0,0],[0,0,0,0]],""g"":[[0,0,0,0],[0,0,0,0]],""d"":20487}","w63060003",NULL,4,"0.00",0
2287,5154,"{""c"":[0,0,1],""m"":[[0,0,0,0],[0,0,0,0],[2.88,16,4,20]],""t"":[[2.26,2,0,2],[0,0,0,0],[0,0,0,0]],""g"":[[0,0,0,0],[0,0,0,0],[0,0,0,0]],""d"":20486}","w63060003",719,4,"0.00",0
2288,5156,"{""c"": [], ""m"": [], ""t"": [], ""g"": [], ""d"": null}","w63060003",NULL,4,"0.00",0
2291,5159,"{""c"":[1],""m"":[[4.32,54,6,60]],""t"":[[0,0,0,0]],""g"":[[0,0,0,0]],""d"":20466}","w63060003",NULL,2,"0.00",0
2292,5160,"{""c"": [], ""m"": [], ""t"": [], ""g"": [], ""d"": null}","w63060003",NULL,1,"0.00",0
2293,5161,"{""c"":[0,0.29,0.14,0.71],""m"":[[0,0,0,0],[6.59,77,3,80],[2.4,15,0,15],[4.49,34,1,35]],""t"":[[0,0,0,0],[0,0,0,0],[0,0,5,1],[4.2,4.5,2,5]],""g"":[[0,0,0,0],[0,0,0,0],[0,0,0,0],[0,0,0,0]],""d"":20489}","w63060003",825,1,"0.00",0
2294,5162,"{""c"":[0],""m"":[[0,0,0,0]],""t"":[[0,0,0,0]],""g"":[[0,0,0,0]],""d"":20464}","w63060003",180,5,"0.00",0
2295,5163,"{""c"":[0.71,0,0.71],""m"":[[14.82,114,6,120],[0,0,0,0],[4.41,49,1,50]],""t"":[[0,0,0,0],[0,0,0,0],[0,0,0,0]],""g"":[[0,0,0,0],[0,0,0,0],[0,0,0,0]],""d"":20495}","w63060003",NULL,2,"0.00",0
2296,5164,"{""c"":[0.42,0.14,0,0.29,0.71],""m"":[[12.44,213,16,226],[0.39,39,1,40],[0,0,0,0],[0.2,20,0,20],[5.03,43,12,50]],""t"":[[0,0,0,0],[0,0,0,0],[0,0,0,0],[3.73,4.75,1,5],[0,0,0,0]],""g"":[[1.65,15,3,16],[0,0,0,0],[0,0,0,0],[11.33,103,27,120],[0,0,0,0]],""d"":20495}","w63060003",698,2,"0.00",0
2297,5165,"{""c"": [], ""m"": [], ""t"": [], ""g"": [], ""d"": null}","w63060003",NULL,3,"0.00",0
2299,5167,"{""c"":[0.57,0.71,0.14,0.43],""m"":[[18.72,666,27,680],[7.38,294,6,300],[1.4,20,0,20],[2.21,17,3,20]],""t"":[[0,0,0,0],[0,0,0,0],[0,0,0,0],[0,0,0,0]],""g"":[[0,0,0,0],[0,0,0,0],[0,0,0,0],[0,0,0,0]],""d"":20490}","w63060003",NULL,1,"0.00",0
2300,5169,"{""c"":[0.71,0,0.72,0.29],""m"":[[9.52,159,1,160],[0,0,0,0],[227.28,2735,31,2766],[9.82,136,7,143]],""t"":[[0,4.25,3,5],[0,0,0,0],[0,0,0,0],[0,0,0,0]],""g"":[[0,0,0,0],[0,0,0,0],[0,0,0,0],[0,0,0,0]],""d"":20492}","p630610a3",789,3,"0.00",0
2301,5170,"{""c"":[0.29,0.43,0,1],""m"":[[0,60,0,60],[0,0,0,0],[0,0,0,0],[4.32,24,7,30]],""t"":[[0,0,0,0],[6.94,8.25,12,11],[0,0,0,0],[0,0,0,0]],""g"":[[0,0,0,0],[0,0,0,0],[0,0,0,0],[0,0,0,0]],""d"":20487}","g48881043",719,4,"0.00",0
2302,1946,"{""c"":[1],""m"":[[6.65,170,12,180]],""t"":[[0,0,0,0]],""g"":[[0,0,0,0]],""d"":20465}","w63060003",725,4,"0.00",0
2303,5171,"{""c"":[0,0.15,0.57],""m"":[[0,0,0,0],[4.59,17,3,20],[21.45,39,2,40]],""t"":[[0,0,0,0],[0,0,0,0],[0,0,0,0]],""g"":[[0,0,0,0],[0,0,0,0],[0,0,0,0]],""d"":20482}","o18062043",776,3,"0.00",0
2305,5172,"{""c"":[0,0.14,1],""m"":[[20.1,402,12,414],[0,0,0,0],[4.86,27,6,30]],""t"":[[4.66,7.75,9,10],[0,0,6,1],[0,0,0,0]],""g"":[[0,0,0,0],[0,0,0,0],[0,0,0,0]],""d"":20487}","p08062086",719,4,"0.00",0
2306,5173,"{""c"":[0.57,0.3,0.01,0.86],""m"":[[0,0,0,0],[3.42,19,1,20],[0,0,0,0],[0,0,0,0,0]],""t"":[[1.44,3,4,4],[7.68,11.5,14,15],[0,0,0,0],[0,0,0,0,0]],""g"":[[0,0,0,0],[0,0,0,0],[0,0,0,0],[0,0,0,0,0]],""d"":20500}","w63060003",806,4,"0.00",0
2307,5174,"{""c"":[0,0.43,0.15,0.86],""m"":[[5.43,29,8,35],[6.37,25,5,30],[2.52,9,1,10],[0,0,0,0]],""t"":[[0,0,0,0],[3.62,9.25,27,15],[0,0,0,0],[0,0,0,0]],""g"":[[0,0,0,0],[0,0,0,0],[0.64,16,4,19],[0,0,0,0]],""d"":20486}","x49080773",818,4,"0.00",0
2310,5177,"{""c"":[0,0.43,0.29,0.86],""m"":[[5.51,29,9,35],[3.36,12,34,23],[5.18,23,7,30],[0,0,0,0]],""t"":[[0.94,1.75,27,6],[2.97,8.75,33,15],[0,0,0,0],[0,0,0,0]],""g"":[[0,0,0,0],[0,0,0,0],[0.6,15,12,19],[0,0,0,0]],""d"":20486}","n662460b4",818,4,"0.00",0
2312,5179,"{""c"":[0.72,0.44,0.43,0.14,0.86],""m"":[[327.57,2404,32,2436],[37.13,184,7,190],[0,0,0,0],[0,0,0,0],[6.55,30,13,39]],""t"":[[0,0,0,0],[87.46,74.25,39,84],[49.99,38,26,44],[0,0,0,0],[0,0,0,0]],""g"":[[0,0,0,0],[8.74,19,6,24],[0,0,0,0],[8.28,18,10,24],[0,0,0,0]],""d"":20495}","k48764023",644,1,"0.00",3
2313,5180,"{""c"":[0.72,0.58,0.29,0.14,0.57],""m"":[[218.26,1418,32,1448],[198.9,919,54,961],[14.5,70,3,73],[13.23,63,2,65],[13.44,64,4,68]],""t"":[[0,0,0,0],[3.45,2.5,6,4],[5.31,1.5,7,3],[0,0,0,0],[0,0,0,0]],""g"":[[0,0,0,0],[15.64,34,22,46],[0,0,0,0],[0,0,0,0],[0,0,0,0]],""d"":20496}","648164022",644,1,"0.00",2
2316,5183,"{""c"":[0,0.57,0.14,0.86],""m"":[[21.5,179,7,185],[21.58,217,11,225],[0,0,0,0],[33.55,255,2,257]],""t"":[[0,0,0,0],[0,0,0,0],[0.66,0.75,1,1],[13.92,9,4,10]],""g"":[[0,0,0,0],[0,0,0,0],[0,0,0,0],[0,0,0,0]],""d"":20489}","p550640b3",825,1,"0.00",0
2318,5185,"{""c"":[0,0.43,0.29,0.86],""m"":[[6.43,34,1,35],[12.32,48,2,50],[10.33,37,5,40],[0,0,0,0]],""t"":[[0,0,0,0],[5.42,9.75,20,14],[0,0,0,0],[0,0,0,0]],""g"":[[0,0,0,0],[0,0,0,0],[0.72,18,1,19],[0,0,0,0]],""d"":20486}","610026703",818,4,"0.00",0
2319,5186,"{""c"":[1,0.72,0,1],""m"":[[622.68,2046,76,2118],[29.26,98,2,100],[0,0,0,0],[4.68,26,4,30]],""t"":[[0,0,0,0],[8.74,10.5,2,11],[0,0,0,0],[0,0,0,0]],""g"":[[0,0,0,0],[0,0,0,0],[0,0,0,0],[0,0,0,0]],""d"":20487}","0640890a3",719,4,"0.00",0
2321,5188,"{""c"":[0.43,0.14,0.86,0.29,1],""m"":[[9,88,2,90],[19.86,83,2,85],[37.68,69,3,70],[0.34,1,0,1],[0,0,0,0]],""t"":[[0,0,0,0],[17.04,7.25,11,10],[253.73,117.5,23,123],[188.82,86,0,86],[182.28,88.5,39,96,2.17]],""g"":[[0,0,0,0],[0,0,0,0],[0.36,2,0,2],[0,0,0,0],[0,0,0,0]],""d"":20497}","c15150023",776,3,"0.00",1
2323,1982,"{""c"": [], ""m"": [], ""t"": [], ""g"": [], ""d"": null}","w63060003",725,-1,"0.00",0
2325,1980,"{""c"": [], ""m"": [], ""t"": [], ""g"": [], ""d"": null}","w63060003",NULL,-1,"0.00",0
2326,5192,"{""c"":[0.71,0,0.14,0.29,0.57],""m"":[[4.28,141,10,147],[0,0,0,0],[2.65,72,8,80],[18.7,374,23,389],[9.8,196,4,200]],""t"":[[0,0,0,0],[0,0,0,0],[0,0.25,9,2],[2.1,2.5,6,4],[0,0,0,0]],""g"":[[0,0,0,0],[0,0,0,0],[2.8,70,23,86],[0.6,15,1,16],[0,0,0,0]],""d"":20496}","o374860c3",622,4,"0.00",0
2327,5193,"{""c"":[0.57,0.14,0,0.71],""m"":[[48.2,704,23,726],[7.45,149,1,150],[0,0,0,0],[5.2,104,1,105]],""t"":[[0,0,0,0],[0,0,0,0],[0,0,0,0],[0,0,0,0]],""g"":[[2.8,70,9,77],[0,0,0,0],[0,0,0,0],[0,0,0,0]],""d"":20488}","p25061026",725,4,"0.00",0
2330,5198,"{""c"":[0,0,0.86],""m"":[[0,0,0,0],[0,0,0,0],[2.94,34,4,35]],""t"":[[0,0,0,0],[0,0,0,0],[0,0,0,0]],""g"":[[0,0,0,0],[0,0,0,0],[0,0,0,0]],""d"":20481}","w63060003",302,4,"0.00",0
2331,1961,"{""c"":[1],""m"":[[2,40,0,40]],""t"":[[0,0,0,0]],""g"":[[0,0,0,0]],""d"":20469}","w63060003",725,4,"0.00",0
2333,2086,"{""c"": [], ""m"": [], ""t"": [], ""g"": [], ""d"": null}","w63060003",NULL,4,"0.00",0
2335,5199,"{""c"":[0.29,0,0,0.57],""m"":[[3.6,36,4,40],[0,0,0,0],[0,0,0,0],[1.39,49,1,50]],""t"":[[0,0,0,0],[0,0,0,0],[0,0,0,0],[0,0,0,0]],""g"":[[0,0,0,0],[0,0,0,0],[0,0,0,0],[0,0,0,0]],""d"":20490}","w63060003",NULL,2,"0.00",0
2336,5201,"{""c"":[0],""m"":[[0,0,0,0]],""t"":[[1.93,1.75,5,3]],""g"":[[0,0,0,0]],""d"":20467}","w68060163",184,1,"0.00",0
2337,5202,"{""c"":[0.43,0.57],""m"":[[0,40,0,40],[23.28,55,8,60]],""t"":[[0,0,0,0],[0,0,0,0]],""g"":[[0,0,0,0],[0,0,0,0]],""d"":20476}","q03061043",776,3,"0.00",0
2338,5203,"{""c"":[0.43,0,0,0.86],""m"":[[0,0,0,0],[0,0,0,0],[0,0,0,0],[0,0,0,0]],""t"":[[0,0,0,0],[0,0,0,0],[0,0,0,0],[0,0,0,0]],""g"":[[7.92,44,36,65],[0,0,0,0],[0,0,0,0],[14.76,82,52,109]],""d"":20487}","w63060003",NULL,3,"0.00",0
2339,5204,"{""c"":[1],""m"":[[4.56,57,3,60]],""t"":[[0,0,0,0]],""g"":[[3.24,18,10,23]],""d"":20467}","w63060003",NULL,3,"0.00",0
2342,5208,"{""c"": [], ""m"": [], ""t"": [], ""g"": [], ""d"": null}","w63060003",NULL,4,"0.00",0
2344,5211,"{""c"":[1],""m"":[[20.67,39,1,40]],""t"":[[0,0,0,0]],""g"":[[0,0,0,0]],""d"":20466}","w63060003",NULL,0,"0.00",0
2345,5212,"{""c"":[0,0.57,0.29,0.43,0.57],""m"":[[0,0,0,0],[0,19,1,20],[5.67,27,7,30],[31.74,123,41,150],[3.57,17,4,20]],""t"":[[3.6,6.25,18,10],[1.33,0.75,78,12],[13.8,7.5,10,10],[0,0,0,0],[5.05,1.75,168,20]],""g"":[[2.76,69,59,93],[40.48,88,82,134],[0,0,0,0],[29.44,64,118,116],[0,0,0,0]],""d"":20496}","q28034783",676,1,"0.00",0
2346,5214,"{""c"":[0,0.43,0.14,0.71],""m"":[[0,0,0,0],[4.9,70,0,70],[1.6,20,0,20],[2.2,20,0,20]],""t"":[[0,0,0,0],[0,0,0,0],[1.76,1.75,35,8],[5.25,5,0,5]],""g"":[[0,0,0,0],[0,0,0,0],[0,0,0,0],[0,0,0,0]],""d"":20489}","o65164c43",825,1,"0.00",0
2347,5215,"{""c"":[0.29,0.71],""m"":[[1.6,99,1,100],[0,20,0,20]],""t"":[[0,0,0,0],[0,0,0,0]],""g"":[[0,0,0,0],[0,0,0,0]],""d"":20474}","p43062823",776,3,"0.00",0
2348,5216,"{""c"":[0.29,0.43],""m"":[[3.84,48,2,50],[4.9,229,1,230,0.02]],""t"":[[0,0,0,0],[0,0,0,0,0]],""g"":[[0,0,0,0],[0,0,0,0,0]],""d"":20497}","w63060003",NULL,2,"0.00",0
2349,5218,"{""c"": [], ""m"": [], ""t"": [], ""g"": [], ""d"": null}","w63060003",NULL,4,"0.00",0
2350,5220,"{""c"":[0.72,0.3,0.43,0.28,0.71],""m"":[[216.09,4035,39,4072],[29.61,81,2,83],[7.8,158,172,164],[17,340,3,343],[1.8,10,2,11]],""t"":[[0,0,0,0],[0,0,0,0],[0.6,0.75,11,3],[0,0,0,0],[0,0.5,17,4]],""g"":[[0,0,0,0],[1.48,37,19,47],[0,0,0,0],[0,0,0,0],[0,0,0,0]],""d"":20495}","s04072002",644,4,"0.00",1
2351,5221,"{""c"":[1],""m"":[[5.12,115,5,120]],""t"":[[0,0,0,0]],""g"":[[0,0,0,0]],""d"":20466}","w63060003",NULL,3,"0.00",0
2352,5222,"{""c"":[0.71,0.29,0.15,0.86],""m"":[[3.6,186,2,188],[47.85,114,6,120],[24.84,57,4,60],[20.28,39,1,40]],""t"":[[0,0,0,0],[0,0,0,0],[0,0,0,0],[0,0,0,0]],""g"":[[0,0,0,0],[0,0,0,0],[0,0,0,0],[3.42,19,2,20]],""d"":20494}","p200600a2",674,3,"0.00",0
2353,5223,"{""c"": [], ""m"": [], ""t"": [], ""g"": [], ""d"": null}","w63060003",NULL,4,"0.00",0
2361,5231,"{""c"":[0,0.29,0.57,0.57,0.72],""m"":[[0,0,0,0],[165.55,658,36,684],[167.98,634,20,653],[222.21,823,18,840],[21.06,78,0,78,0.27]],""t"":[[0,0,0,0],[5.1,6,18,10],[0,0,0,0],[0,0,0,0],[1.08,2.75,5,4]],""g"":[[0,0,0,0],[1.36,34,31,48],[0,0,0,0],[0,0,0,0],[0,0,0,0]],""d"":20497}","p41774923",664,4,"0.00",0
2362,5232,"{""c"":[0,0.14,1],""m"":[[0,0,0,0],[0,0,0,0],[4.14,23,8,30]],""t"":[[5.68,8,12,11],[0.6,0.75,1,1],[0,0,0,0]],""g"":[[0,0,0,0],[0,0,0,0],[0,0,0,0]],""d"":20487}","l63014023",719,4,"0.00",0
2363,5233,"{""c"":[0.57,0.43,0,1],""m"":[[81.3,558,19,576],[13.77,51,6,54],[0,0,0,0],[3.96,22,13,30]],""t"":[[2.88,4.5,2,5],[4.84,8,12,11],[0,0,0,0],[0,0,0,0]],""g"":[[0,0,0,0],[0,0,0,0],[0,0,0,0],[0,0,0,0]],""d"":20487}","643471423",719,4,"0.00",0
2364,5237,"{""c"":[0.86],""m"":[[11.5,77,3,80]],""t"":[[0,0,0,0]],""g"":[[12.42,69,6,74]],""d"":20468}","w63060003",NULL,3,"0.00",0
2370,5241,"{""c"":[0.57,0.15,0.14,0.71],""m"":[[0,0,0,0],[2.6,20,0,20],[1.52,19,1,20],[1.87,17,4,20]],""t"":[[0,0,0,0],[0,0,0,0],[3.28,2.75,9,5],[5.25,5,0,5]],""g"":[[4.94,19,10,24],[0,0,0,0],[0,0,0,0],[0,0,0,0]],""d"":20489}","o181660a3",825,1,"0.00",0
2371,5242,"{""c"":[0,0.29,0.14,0.57],""m"":[[0,0,0,0],[7.02,54,7,60],[0,0,0,0],[4.29,39,12,50]],""t"":[[0,0,0,0],[0,0,0,0],[1.31,1,0,1],[9.72,4.25,3,5]],""g"":[[0,0,0,0],[0,0,0,0],[0,0,0,0],[0,0,0,0]],""d"":20489}","049772093",825,1,"0.00",0
2372,5243,"{""c"":[0,0.57,0.14,0.71],""m"":[[0,0,0,0],[79.25,592,13,605],[0,0,0,0],[4.4,40,0,40]],""t"":[[0,0,0,0],[0,0,0,0],[5.05,3,0,3],[4.73,4.75,1,5]],""g"":[[0,0,0,0],[0,0,0,0],[0,0,0,0],[0,0,0,0]],""d"":20489}","w63060003",825,1,"0.00",0
2382,5248,"{""c"":[0,0.14,0,0.71],""m"":[[2.52,69,3,72],[1.2,20,0,20],[0,0,0,0],[0,0,0,0]],""t"":[[0,0,0,0],[0,0,0,0],[0,0,0,0],[0,0,0,0]],""g"":[[0,0,0,0],[0,0,0,0],[0,0,0,0],[0,0,0,0]],""d"":20487}","s24870040",821,4,"0.00",0
2383,5249,"{""c"":[0.29,0.86],""m"":[[6.8,20,0,20],[5.78,17,8,20]],""t"":[[0,0,0,0],[0,0,0,0]],""g"":[[0,0,0,0],[0,0,0,0]],""d"":20487}","w63060003",NULL,3,"0.00",0
2385,2670,"{""c"":[0,0,0,0.86],""m"":[[0,0,0,0],[0,0,0,0],[0,0,0,0],[3.33,15,4,18]],""t"":[[0,0,0,0],[0,0,0,0],[0,0,0,0],[0,0,0,0]],""g"":[[0,0,0,0],[0,0,0,0],[0,0,0,0],[0,0,0,0]],""d"":20487}","763050080",775,4,"0.00",0
2387,5250,"{""c"":[0,0.01],""m"":[[0,0,0,0],[0,0,0,0]],""t"":[[0,0,0,0],[0,0,0,0]],""g"":[[0,0,0,0],[0,0,0,0]],""d"":20485}","w63060003",NULL,4,"0.00",0
2390,5255,"{""c"":[0.43,0.29,0.14,0,0.72],""m"":[[4.6,40,0,40],[0,0,0,0],[0,0,0,0],[0,0,0,0],[0,0,0,0]],""t"":[[0,0,0,0],[1.5,2.5,115,15],[0,0,0,0],[0,0,0,0],[0,0,0,0]],""g"":[[2.52,63,59,91],[0,0,0,0],[1.08,27,32,38],[0,0,0,0],[0,0,0,0]],""d"":20494}","w63060003",716,4,"0.00",0
2392,5257,"{""c"":[0.29,0,0,0,0.86],""m"":[[4.02,87,98,120],[0,0,0,0],[0,0,0,0],[0,0,0,0],[0.18,18,2,20]],""t"":[[0,0,0,0],[0,0,0,0],[0,0,0,0],[0,0,0,0],[0,0,0,0]],""g"":[[0,0,0,0],[0,0,0,0],[0,0,0,0],[0,0,0,0],[0,0,0,0]],""d"":20494}","w63060003",NULL,2,"0.00",0
2393,5258,"{""c"":[0.29,0,0,0.15,0.86],""m"":[[0.4,40,0,40],[0,0,0,0],[0,0,0,0],[0.39,39,1,40],[0.39,39,1,40]],""t"":[[0,0,0,0],[0,0,0,0],[0,0,0,0],[0,0,0,0],[0,0,0,0]],""g"":[[0,0,0,0],[0,0,0,0],[0,0,0,0],[0,0,0,0],[0,0,0,0]],""d"":20494}","l47066cb6",797,1,"0.00",0
2397,5261,"{""c"":[1],""m"":[[0.25,25,0,25]],""t"":[[0,0,0,0]],""g"":[[0,0,0,0]],""d"":20466}","w63060003",NULL,1,"0.00",0
2398,5262,"{""c"":[0,0,0,0.71],""m"":[[13.51,183,18,192],[0,0,0,0],[0,0,0,0],[0,0,0,0]],""t"":[[1.8,2.75,1,3],[0,0,0,0],[0,0,0,0],[0,0,0,0]],""g"":[[1.08,27,11,35],[0,0,0,0],[0,0,0,0],[0,0,0,0]],""d"":20487}","p61086003",821,4,"0.00",0
2400,5263,"{""c"": [], ""m"": [], ""t"": [], ""g"": [], ""d"": null}","w63060003",NULL,4,"0.00",0
2401,5264,"{""c"": [], ""m"": [], ""t"": [], ""g"": [], ""d"": null}","w63060003",NULL,4,"0.00",0
2402,5265,"{""c"":[0.29,0.43],""m"":[[20.76,272,16,283],[1.9,19,1,20]],""t"":[[0,0,0,0],[0,0,0,0]],""g"":[[0,0,0,0],[0,0,0,0]],""d"":20476}","w63060003",NULL,2,"0.00",0
2404,5266,"{""c"":[0.57,0.29,0.29,0.57],""m"":[[4.29,60,1,61],[4.58,43,4,46],[9.74,122,14,130],[8.04,66,4,70]],""t"":[[0,0,0,0],[0,0,0,0],[0,0,0,0],[0,0,0,0]],""g"":[[0,0,0,0],[0,0,0,0],[3.85,35,7,40],[0,0,0,0]],""d"":20490}","w63060003",819,2,"0.00",0
2407,5267,"{""c"":[0.57,0,0,0.28,0.71],""m"":[[0.79,79,1,80],[0,0,0,0],[0,0,0,0],[2.6,35,0,35],[0,0,0,0]],""t"":[[0,0,0,0],[0,0,0,0],[0,0,0,0],[0,0,0,0],[0,0,0,0]],""g"":[[0,0,0,0],[0,0,0,0],[0,0,0,0],[0.78,3,4,6],[0,0,0,0]],""d"":20494}","068012093",797,1,"0.00",1
2409,5268,"{""c"":[0.43,0,0.29,0.15,1],""m"":[[2,20,0,20],[0,0,0,0],[3.5,39,1,40],[3.8,38,2,40],[8.76,117,3,120]],""t"":[[5.39,7.5,10,10],[0,0,0,0],[8.35,10.5,18,15],[0,0,0,0],[2.49,3.75,5,5]],""g"":[[0,0,0,0],[0,0,0,0],[0,0,0,0],[0,0,0,0],[2.42,22,8,27]],""d"":20495}","w63060003",NULL,2,"0.00",0
2411,5270,"{""c"":[1],""m"":[[3.15,30,6,35]],""t"":[[0,0,0,0]],""g"":[[0,0,0,0]],""d"":20466}","w63060003",NULL,4,"0.00",0
2419,5275,"{""c"":[1],""m"":[[22.88,74,0,74]],""t"":[[0,0,0,0]],""g"":[[0,0,0,0]],""d"":20466}","w63060003",NULL,3,"0.00",0
2421,5276,"{""c"":[1],""m"":[[4.72,59,1,60]],""t"":[[0,0,0,0]],""g"":[[0,0,0,0]],""d"":20466}","w63060003",NULL,2,"0.00",0
2422,5277,"{""c"":[0.57],""m"":[[7.44,93,7,100]],""t"":[[0,0,0,0]],""g"":[[0,0,0,0]],""d"":20470}","w63060003",NULL,2,"0.00",0
2432,5283,"{""c"":[1],""m"":[[3.42,38,2,40]],""t"":[[0,0,0,0]],""g"":[[0,0,0,0]],""d"":20476}","w63060003",NULL,2,"0.00",0
2434,5285,"{""c"":[1],""m"":[[15.71,162,14,170]],""t"":[[0,0,0,0]],""g"":[[0,0,0,0]],""d"":20495}","w63060003",NULL,2,"0.00",0
2435,5286,"{""c"":[0.29,0,0.42],""m"":[[7.38,37,3,40],[0,0,0,0],[0,0,0,0]],""t"":[[0,0,0,0],[0,0,0,0],[0,0,0,0]],""g"":[[0,0,0,0],[0,0,0,0],[0,0,0,0]],""d"":20482}","q43166063",779,3,"0.00",0
2437,5287,"{""c"":[0,0.57,0,0.57],""m"":[[0,0,0,0],[78.71,300,107,310],[0,0,0,0],[64.35,117,4,120]],""t"":[[0,0,0,0],[0,0,0,0],[0,0,0,0],[0,0,0,0]],""g"":[[0,0,0,0],[0,0,0,0],[0,0,0,0],[0,0,0,0]],""d"":20489}","g00370013",776,3,"0.00",0
2440,5288,"{""c"":[1],""m"":[[1.75,35,0,35]],""t"":[[0,0,0,0]],""g"":[[0,0,0,0]],""d"":20466}","w63060003",NULL,4,"0.00",0
2441,5289,"{""c"":[1],""m"":[[31.27,59,18,70]],""t"":[[0,0,0,0]],""g"":[[0,0,0,0]],""d"":20467}","w63060003",NULL,0,"0.00",0
2443,5290,"{""c"":[0,0,1],""m"":[[0,39,1,40],[0,0,0,0],[5.4,30,0,30]],""t"":[[8.74,10,4,11],[0,0,0,0],[0,0,0,0]],""g"":[[0,0,0,0],[0,0,0,0],[0,0,0,0]],""d"":20487}","q48581563",719,4,"0.00",0
2444,5291,"{""c"":[1],""m"":[[15.04,188,10,196]],""t"":[[0,0,0,0]],""g"":[[0,0,0,0]],""d"":20466}","w63060003",NULL,2,"0.00",0
2445,5292,"{""c"":[0.57,0.43],""m"":[[28.58,283,53,316],[3.24,18,2,20]],""t"":[[0,0,0,0],[0,0,0,0]],""g"":[[17.28,96,14,106],[0,0,0,0]],""d"":20476}","w63060003",NULL,3,"0.00",0
2448,5293,"{""c"": [], ""m"": [], ""t"": [], ""g"": [], ""d"": null}","w63060003",NULL,1,"0.00",0
2449,5294,"{""c"":[0,0.29,0.14,0.57],""m"":[[0,0,0,0],[9.37,74,6,80],[3.63,49,1,50],[4.29,39,1,40]],""t"":[[0,0,0,0],[0,0,0,0],[16.74,6,13,8],[4.73,4.75,1,5]],""g"":[[0,0,0,0],[0,0,0,0],[0,0,0,0],[0,0,0,0]],""d"":20489}","o61084093",825,1,"0.00",0
2452,5295,"{""c"":[1],""m"":[[12.42,146,4,150]],""t"":[[0,0,0,0]],""g"":[[0,0,0,0]],""d"":20467}","w63060003",NULL,5,"0.00",0
2453,5296,"{""c"":[0.43,0.71],""m"":[[1.44,18,2,20],[1.84,23,0,23]],""t"":[[0,0,0,0],[0,0,0,0]],""g"":[[0,19,4,21],[2.88,16,12,21]],""d"":20474}","w63060003",NULL,3,"0.00",0
2455,5297,"{""c"": [], ""m"": [], ""t"": [], ""g"": [], ""d"": null}","p76116ba3",723,1,"0.00",0
2459,5299,"{""c"":[0.58,0.57,0.57,0.72,0.43],""m"":[[8.91,64,15,70],[12.14,65,14,76],[11.2,36,7,40],[12.6,133,14,142],[18.02,220,3,222]],""t"":[[1.11,1.5,6,3],[1.46,2.25,22,7],[0.89,1.75,42,10],[2.4,2.75,7,3],[0.9,1.5,48,7]],""g"":[[0.64,16,17,25],[3.08,77,44,108],[3.12,78,6,82],[4.92,123,32,140],[3.4,85,35,107]],""d"":20499}","063061013",639,4,"0.50",0
2463,5302,"{""c"":[0.29,0,0.28,0.14],""m"":[[0,0,0,0],[0,0,0,0],[0,18,2,20],[0,0,0,0]],""t"":[[3.24,4.75,1,5],[0,0,0,0],[3.24,6.75,13,10],[2.88,4.5,2,5]],""g"":[[0,0,0,0],[0,0,0,0],[0,0,0,0],[0,0,0,0]],""d"":20492}","w63060003",NULL,4,"0.00",0
2465,5303,"{""c"":[1],""m"":[[1.3,10,0,10]],""t"":[[0,0,0,0]],""g"":[[0,0,0,0]],""d"":20466}","w63060003",NULL,1,"0.00",0
2466,5304,"{""c"": [], ""m"": [], ""t"": [], ""g"": [], ""d"": null}","w63060003",NULL,4,"0.00",0
2468,5305,"{""c"":[0.43,0.14,0.15,0,0.43],""m"":[[13,166,8,174],[12.56,157,3,160],[2.3,59,2,60],[0,0,0,0],[38.62,423,37,452,0.08]],""t"":[[0,0,0,0],[0,0,0,0],[0,0,0,0],[0,0,0,0],[0,0,0,0]],""g"":[[0,0,0,0],[0,0,0,0],[0,0,0,0],[0,0,0,0],[0,0,0,0]],""d"":20499}","w63060003",NULL,2,"0.00",0
2469,5306,"{""c"":[0.29,0.43,0,1],""m"":[[4.64,32,0,32],[0,0,0,0],[0,0,0,0],[4.86,27,4,30]],""t"":[[0,0,0,0],[5.97,8.5,10,11],[0,0,0,0],[0,0,0,0]],""g"":[[0,0,0,0],[0,0,0,0],[0,0,0,0],[0,0,0,0]],""d"":20487}","e83180063",719,4,"0.00",0
2474,5309,"{""c"":[1],""m"":[[1.5,36,4,40]],""t"":[[0,0,0,0]],""g"":[[0,0,0,0]],""d"":20466}","w63060003",NULL,1,"0.00",0
2476,5311,"{""c"":[0.57,0.57,0.43,0.58,0.86],""m"":[[61.43,295,13,300],[18.95,160,1,161],[22.78,105,5,110],[15.53,88,2,90],[18.24,111,4,115]],""t"":[[0,0,0,0],[0,0,0,0],[11.64,5.5,14,7],[4.2,4.5,2,5],[0,0,0,0]],""g"":[[0,0,0,0],[0,0,0,0],[0,0,0,0],[0,0,0,0],[0,0,0,0]],""d"":20496}","o16253916",825,1,"0.00",0
2480,5314,"{""c"":[0,0,1],""m"":[[0,20,0,20],[0,0,0,0],[4.32,24,7,30]],""t"":[[5.42,9.25,25,15],[0,0,0,0],[0,0,0,0]],""g"":[[0,0,0,0],[0,0,0,0],[0,0,0,0]],""d"":20487}","j08765382",719,4,"0.00",0
2482,5316,"{""c"":[0.71,0.43,0,0.43],""m"":[[18.68,390,6,396],[2.98,76,5,80],[0,0,0,0],[0,0,0,0]],""t"":[[0,0,0,0],[6.7,7.5,12,10],[0,0,0,0],[0,0,0,0]],""g"":[[1.3,5,1,6],[0,0,0,0],[0,0,0,0],[0,0,0,0]],""d"":20489}","g18271023",762,1,"0.00",0
2483,5317,"{""c"":[0.43,0,0,0.43],""m"":[[1.34,39,1,40],[0,0,0,0,0],[0,0,0,0,0],[8.82,256,4,260,0.04]],""t"":[[0,0,0,0],[0,0,0,0,0],[0,0,0,0,0],[0,0,0,0,0]],""g"":[[0,0,0,0],[0,0,0,0,0],[0,0,0,0,0],[0,0,0,0,0]],""d"":20497}","w63060003",NULL,2,"0.00",0
2484,5318,"{""c"":[0.29,1],""m"":[[4.32,54,1,55],[4.54,75,5,80]],""t"":[[0,0,0,0],[0,0,0,0]],""g"":[[0,0,0,0],[0,0,0,0]],""d"":20472}","w63060003",NULL,2,"0.00",0
2485,5319,"{""c"":[0.71],""m"":[[1.39,20,4,23]],""t"":[[0,0,0,0]],""g"":[[0,0,0,0]],""d"":20469}","w63060003",NULL,2,"0.00",0
2489,5320,"{""c"":[1],""m"":[[7.52,62,10,70]],""t"":[[0,0,0,0]],""g"":[[0,0,0,0]],""d"":20474}","w63060003",NULL,2,"0.00",0
2493,5322,"{""c"":[0.29,0,0,0,0.57],""m"":[[4,50,0,50],[0,0,0,0],[0,0,0,0],[0,0,0,0],[7.8,105,6,110]],""t"":[[0,0,0,0],[0,0,0,0],[0,0,0,0],[0,0,0,0],[0,0,0,0]],""g"":[[0,0,0,0],[0,0,0,0],[0,0,0,0],[0,0,0,0],[0,0,0,0]],""d"":20496}","w63060003",NULL,3,"0.00",0
2494,5323,"{""c"":[1],""m"":[[1.7,17,4,20]],""t"":[[0,0,0,0]],""g"":[[0,0,0,0]],""d"":20466}","w63060003",NULL,2,"0.00",0
2495,5324,"{""c"":[0.57,0.14,0,0,0.57],""m"":[[44.22,478,23,500],[1.46,19,2,21],[0,0,0,0],[0,0,0,0],[2.27,87,2,89]],""t"":[[0,0,0,0],[0,0,0,0],[0,0,0,0],[0,0,0,0],[0,0,0,0]],""g"":[[0,0,0,0],[0,0,0,0],[0,0,0,0],[0,0,0,0],[0,0,0,0]],""d"":20496}","w63060003",NULL,2,"0.00",0
2496,5325,"{""c"":[1],""m"":[[1.87,49,1,50]],""t"":[[0,0,0,0]],""g"":[[0,0,0,0]],""d"":20466}","w63060003",NULL,1,"0.00",0
2499,5326,"{""c"":[0.29,0.71],""m"":[[5.1,55,5,60],[0,40,0,40]],""t"":[[0,0,0,0],[0,0,0,0]],""g"":[[0,0,0,0],[0,0,0,0]],""d"":20474}","w63060003",NULL,3,"0.00",0
2504,5328,"{""c"":[0.43,0.29,0,1],""m"":[[7.66,38,2,40],[0,0,0,0],[0,0,0,0],[5.04,28,4,30]],""t"":[[0,3.5,2,4],[4.6,7.75,9,10],[0,0,0,0],[1.68,1,0,1]],""g"":[[0,0,0,0],[0,0,0,0],[0,0,0,0],[0,0,0,0]],""d"":20487}","e44071273",719,4,"0.00",0
2505,5329,"{""c"":[0,0.43,0,0.29,0.57,1],""m"":[[0,0,0,0],[5.05,75,27,90],[0,0,0,0],[5.56,70,5,75],[64.5,1290,23,1313],[22.6,452,8,460,0.05]],""t"":[[0,0,0,0],[0,0,46,5],[0,0,0,0],[0,0,0,0],[0,0,0,0],[0,0,0,0,0]],""g"":[[0,0,0,0],[0,0,0,0],[0,0,0,0],[0.92,23,36,35],[0,0,0,0],[0,0,0,0,0]],""d"":20501}","240280614",761,4,"0.00",0
2506,5330,"{""c"":[0,0,0,0.86],""m"":[[0,0,0,0],[0,0,0,0],[0,0,0,0],[4.68,26,4,30]],""t"":[[7.16,10,4,11],[0,0,0,0],[0,0,0,0],[1.68,1,0,1]],""g"":[[0,0,0,0],[0,0,0,0],[0,0,0,0],[0,0,0,0]],""d"":20494}","p73084013",719,4,"0.00",0
2507,5331,"{""c"":[0,0.15,0.28,0.71],""m"":[[0,0,0,0],[3.9,30,0,30],[7.82,89,1,90],[2.6,60,0,60]],""t"":[[0,0,0,0],[0,0,0,0],[13.33,5.75,5,7],[9.45,9.5,2,10]],""g"":[[0,0,0,0],[0,0,0,0],[0,0,0,0],[0,0,0,0]],""d"":20489}","p01169ba3",825,1,"0.00",0
2508,5332,"{""c"": [], ""m"": [], ""t"": [], ""g"": [], ""d"": null}","w63060003",NULL,4,"0.00",0
2510,5334,"{""c"":[1],""m"":[[5.28,143,7,150]],""t"":[[0,0,0,0]],""g"":[[0,0,0,0]],""d"":20466}","w63060003",NULL,2,"0.00",0
2512,5336,"{""c"":[0.43,0.57],""m"":[[33.36,117,4,121],[136.15,357,32,380]],""t"":[[34.99,19.5,53,30],[0,0,0,0]],""g"":[[0,0,0,0],[0,0,0,0]],""d"":20475}","w63060003",NULL,3,"0.00",0
2515,5337,"{""c"":[0,0.14,1],""m"":[[0,0,0,0],[6.18,51,5,55],[5.4,30,0,30]],""t"":[[7.36,9.75,5,11],[1.8,3.75,5,5],[0,0,0,0]],""g"":[[0,0,0,0],[0,0,0,0],[0,0,0,0]],""d"":20487}","853062b63",719,4,"0.00",0
2516,5338,"{""c"":[0.43,0.57,0.29,0.71],""m"":[[3.6,20,0,20],[35.45,200,6,205],[6.3,30,0,30],[2.2,20,0,20]],""t"":[[0,0,0,0],[0,0,0,0],[1.31,1,0,1],[4.73,4.75,1,5]],""g"":[[0,0,0,0],[0,0,0,0],[0,0,0,0],[0,0,0,0]],""d"":20489}","6430660b3",825,1,"0.00",0
2517,5339,"{""c"":[0],""m"":[[0.58,58,2,60]],""t"":[[0,0,0,0]],""g"":[[5.72,22,2,24]],""d"":20467}","w63060003",NULL,1,"0.00",0
2518,5340,"{""c"": [], ""m"": [], ""t"": [], ""g"": [], ""d"": null}","w63060003",NULL,2,"0.00",0
2519,5341,"{""c"": [], ""m"": [], ""t"": [], ""g"": [], ""d"": null}","w63060003",NULL,2,"0.00",0
2520,5342,"{""c"":[0.43,0.43,0.29,0.43,0.86],""m"":[[0.05,5,0,5],[6.4,61,4,65],[6.12,66,4,70],[54.57,553,8,561],[4.99,139,0,139]],""t"":[[0,0,0,0],[0,0,0,0],[1.31,1.25,3,2],[33.03,27.5,12,30],[17.7,14.25,3,15]],""g"":[[0,0,0,0],[0,0,0,0],[0,0,0,0],[0,0,0,0],[0,0,0,0]],""d"":20495}","918562013",825,1,"0.00",0
2521,5343,"{""c"":[0,0,1],""m"":[[10.49,73,18,83],[0,0,0,0],[5.22,69,2,70]],""t"":[[5.32,7.5,14,11],[0,0,0,0],[0,3.5,6,5]],""g"":[[0,0,0,0],[0,0,0,0],[0,0,0,0]],""d"":20488}","m68876732",719,4,"0.00",0
2522,5344,"{""c"":[0,0.43,0.15,0,0.43],""m"":[[151.28,1874,70,1938],[101.24,1267,14,1280],[24.31,127,5,131],[0,0,0,0],[8.25,30,0,30,0.28]],""t"":[[0,0,0,0],[0,0,0,0],[0,0,0,0],[0,0,0,0],[0,0,0,0]],""g"":[[0,24,15,30],[2.88,16,12,21],[0,0,0,0],[0,0,0,0],[0,0,0,0]],""d"":20497}","p530647c3",784,3,"0.00",0
2524,5345,"{""c"":[0,0.57,0.57,0.44,0.86],""m"":[[0,244,6,249],[35.04,438,4,441],[46.84,418,16,431],[23.1,231,6,236],[18.64,208,6,214]],""t"":[[0,0,0,0],[0,0,0,0],[0,0,0,0],[0,0,0,0],[0,0,0,0]],""g"":[[0,0,0,0],[0,0,0,0],[0,0,0,0],[0,0,0,0],[0,0,0,0]],""d"":20495}","o21050326",729,3,"0.00",0
2525,5346,"{""c"":[0.43,0.14,0,0.86],""m"":[[0.39,39,1,40],[2.34,18,2,20],[0,0,0,0],[11.2,160,25,180]],""t"":[[0,0,0,0],[0,0,0,0],[0,0,0,0],[0,0,0,0]],""g"":[[0,0,0,0],[0,0,0,0],[0,0,0,0],[0,0,0,0]],""d"":20488}","w63060003",NULL,1,"0.00",0
2527,5348,"{""c"":[0,0.29,0.14,0.71],""m"":[[0,0,0,0],[3.84,24,8,30],[1.36,17,3,20],[1.87,17,3,20]],""t"":[[0,0,0,0],[0,0,0,0],[9.72,4,7,5],[2.24,3.75,9,6]],""g"":[[0,0,0,0],[0,0,0,0],[0,0,0,0],[0,0,0,0]],""d"":20489}","w63060003",825,1,"0.00",0
2528,5349,"{""c"":[0.72,0.57,0,0,0.57],""m"":[[103.88,647,16,660],[32.52,202,4,205],[0,0,0,0],[0,0,0,0],[0,0,0,0]],""t"":[[0,0,0,0],[0,0,0,0],[0,0,0,0],[0,0,0,0],[0,0,0,0]],""g"":[[0,0,0,0],[2.34,31,32,47],[0,0,0,0],[0,0,0,0],[0,0,0,0]],""d"":20495}","w63060333",784,3,"0.00",0
2529,5350,"{""c"":[0,0.72],""m"":[[0,20,0,20],[0,0,0,0]],""t"":[[0,0,0,0],[0,0,0,0]],""g"":[[5,125,18,134],[0,0,0,0]],""d"":20473}","o21152943",NULL,4,"0.00",0
2532,5351,"{""c"":[0.29,0,0,0.71],""m"":[[8.89,53,2,55],[0,0,0,0],[0,0,0,0],[0,0,0,0]],""t"":[[0,0,0,0],[0,0,0,0],[0,0,0,0],[0,0,0,0]],""g"":[[0,0,0,0],[0,0,0,0],[0,0,0,0],[0,0,0,0]],""d"":20487}","w63060003",821,4,"0.00",0
2533,5352,"{""c"":[0.71,0.43,0.14,0.71],""m"":[[10.23,429,9,437],[6.68,62,3,65],[1.6,20,0,20],[2.09,19,1,20]],""t"":[[119.57,88.5,75,100],[0,0,0,0],[6.17,6,0,6],[3.15,3.25,9,5]],""g"":[[0,0,0,0],[0,0,0,0],[0,0,0,0],[0,0,0,0]],""d"":20489}","w63060003",825,1,"0.00",0
2535,5353,"{""c"":[0.71,0.14,0,0,0.71],""m"":[[8.75,113,12,120],[0.2,20,0,20],[0,0,0,0],[0,0,0,0],[11.21,98,3,101]],""t"":[[0,0,0,0],[0,0,0,0],[0,0,0,0],[0,0,0,0],[0,0,0,0]],""g"":[[0,0,0,0],[0,0,0,0],[0,0,0,0],[0,0,0,0],[0,0,0,0]],""d"":20495}","w63060003",NULL,2,"0.00",0
2536,5354,"{""c"":[1],""m"":[[0.17,17,4,20]],""t"":[[0,0,0,0]],""g"":[[0,0,0,0]],""d"":20466}","w63060003",NULL,1,"0.00",0
2538,5356,"{""c"":[0,0,1],""m"":[[0,0,0,0],[0,0,0,0],[9.09,50,2,51]],""t"":[[6.7,9.25,7,11],[0,0,0,0],[0,0,0,0]],""g"":[[0,0,0,0],[0,0,0,0],[0,0,0,0]],""d"":20487}","p73064043",719,4,"0.00",0
2540,5357,"{""c"":[0,0.29,1,0.29],""m"":[[0,0,0,0],[0.9,15,0,15],[106.18,1675,26,1699],[13.86,231,4,235]],""t"":[[0,0,0,0],[1.02,1.5,14,5],[18.29,25.25,48,36],[7.56,11.25,3,12]],""g"":[[0,0,0,0],[0,0,0,0],[0,0,0,0],[1.08,27,26,35]],""d"":20492}","028163083",761,4,"0.00",0
2541,5358,"{""c"":[1],""m"":[[9.74,135,9,140]],""t"":[[0,0,0,0]],""g"":[[0,0,0,0]],""d"":20467}","w63060003",NULL,2,"0.00",0
2543,5360,"{""c"": [], ""m"": [], ""t"": [], ""g"": [], ""d"": null}","w63060003",NULL,4,"0.00",0
2545,2503,"{""c"":[0,0.14],""m"":[[0.48,48,0,48],[0,0,0,0]],""t"":[[0,0,0,0],[0,0,0,0]],""g"":[[0,0,0,0],[0,0,0,0]],""d"":20477}","w63060003",330,2,"0.00",0
2546,2497,"{""c"":[0,0.14],""m"":[[0,0,0,0],[0,0,0,0]],""t"":[[0,0,0,0],[0,0,0,0]],""g"":[[0,0,0,0],[0,0,0,0]],""d"":20477}","w63060003",330,2,"0.00",0
2547,2516,"{""c"":[0,0.14],""m"":[[0,0,0,0],[0,0,0,0]],""t"":[[0,0,0,0],[0,0,0,0]],""g"":[[0,0,0,0],[0,0,0,0]],""d"":20477}","w63060003",330,2,"0.00",0
2548,2501,"{""c"":[0,0.14],""m"":[[0,0,0,0],[0,0,0,0]],""t"":[[0,0,0,0],[0,0,0,0]],""g"":[[0,0,0,0],[0,0,0,0]],""d"":20477}","w63060003",330,2,"0.00",0
2549,2504,"{""c"":[0,0.14],""m"":[[3.82,382,6,388],[0,0,0,0]],""t"":[[0,0,0,0],[0,0,0,0]],""g"":[[0,0,0,0],[0,0,0,0]],""d"":20477}","w63060003",330,2,"0.00",0
2550,2500,"{""c"":[0,0.14],""m"":[[0,0,0,0],[0,0,0,0]],""t"":[[0,0,0,0],[0,0,0,0]],""g"":[[0,0,0,0],[0,0,0,0]],""d"":20477}","w63060003",330,2,"0.00",0
2551,2512,"{""c"":[0,0.14],""m"":[[0,0,0,0],[0,0,0,0]],""t"":[[0,0,0,0],[0,0,0,0]],""g"":[[0,0,0,0],[0,0,0,0]],""d"":20477}","w63060003",330,2,"0.00",0
2552,2514,"{""c"":[0,0.14],""m"":[[0,0,0,0],[0,0,0,0]],""t"":[[0,0,0,0],[0,0,0,0]],""g"":[[0,0,0,0],[0,0,0,0]],""d"":20477}","w63060003",330,2,"0.00",0
2553,2499,"{""c"":[0,0.14],""m"":[[0.2,20,0,20],[0,0,0,0]],""t"":[[0,0,0,0],[0,0,0,0]],""g"":[[0,0,0,0],[0,0,0,0]],""d"":20477}","w63060003",330,2,"0.00",0
2554,2498,"{""c"":[0,0.14],""m"":[[0,0,0,0],[0,0,0,0]],""t"":[[0,0,0,0],[0,0,0,0]],""g"":[[0,0,0,0],[0,0,0,0]],""d"":20477}","w63060003",330,2,"0.00",0
2555,2502,"{""c"":[0,0.14],""m"":[[0,0,0,0],[0,0,0,0]],""t"":[[0,0,0,0],[0,0,0,0]],""g"":[[0,0,0,0],[0,0,0,0]],""d"":20477}","w63060003",330,2,"0.00",0
2556,2511,"{""c"":[0,0.14],""m"":[[0,0,0,0],[0,0,0,0]],""t"":[[0,0,0,0],[0,0,0,0]],""g"":[[0,0,0,0],[0,0,0,0]],""d"":20477}","w63060003",330,2,"0.00",0
2557,2509,"{""c"":[0,0.14],""m"":[[0,0,0,0],[0,0,0,0]],""t"":[[0,0,0,0],[0,0,0,0]],""g"":[[0,0,0,0],[0,0,0,0]],""d"":20477}","w63060003",330,2,"0.00",0
2558,2506,"{""c"":[0,0.14],""m"":[[0,0,0,0],[0,0,0,0]],""t"":[[0,0,0,0],[0,0,0,0]],""g"":[[0,0,0,0],[0,0,0,0]],""d"":20477}","w63060003",330,2,"0.00",0
2559,2519,"{""c"":[0,0.14],""m"":[[0,0,0,0],[0,0,0,0]],""t"":[[0,0,0,0],[0,0,0,0]],""g"":[[0,0,0,0],[0,0,0,0]],""d"":20477}","w63060003",330,2,"0.00",0
2560,2521,"{""c"":[0,0.14],""m"":[[0,0,0,0],[0,0,0,0]],""t"":[[0,0,0,0],[0,0,0,0]],""g"":[[0,0,0,0],[0,0,0,0]],""d"":20477}","w63060003",330,2,"0.00",0
2561,2520,"{""c"":[0,0.14],""m"":[[0,0,0,0],[0,0,0,0]],""t"":[[0,0,0,0],[0,0,0,0]],""g"":[[0,0,0,0],[0,0,0,0]],""d"":20477}","w63060003",330,2,"0.00",0
2562,2517,"{""c"":[0,0.14],""m"":[[0,0,0,0],[0,0,0,0]],""t"":[[0,0,0,0],[0,0,0,0]],""g"":[[0,0,0,0],[0,0,0,0]],""d"":20477}","w63060003",330,2,"0.00",0
2563,2508,"{""c"":[0,0.14],""m"":[[0,0,0,0],[0,0,0,0]],""t"":[[0,0,0,0],[0,0,0,0]],""g"":[[0,0,0,0],[0,0,0,0]],""d"":20477}","w63060003",330,2,"0.00",0
2564,2585,"{""c"":[0,0.14],""m"":[[0,0,0,0],[0,0,0,0]],""t"":[[0,0,0,0],[0,0,0,0]],""g"":[[0,0,0,0],[0,0,0,0]],""d"":20477}","w63060003",330,2,"0.00",0
2571,1337,"{""c"":[0.71,0,0,0.43],""m"":[[0,0,0,0],[0,0,0,0],[0,0,0,0],[0,0,0,0]],""t"":[[1.44,4.75,27,11],[0,0,0,0],[0,0,0,0],[0,0,0,0]],""g"":[[0,0,0,0],[0,0,0,0],[0,0,0,0],[1.68,42,18,51]],""d"":20491}","u18170436",810,4,"0.00",0
2574,1672,"{""c"":[0.71,0,0.28,0.86],""m"":[[2.8,20,0,20],[0,0,0,0],[0,1,0,1],[1.08,24,1,25]],""t"":[[0,0,0,0],[0,0,0,0],[0,0,0,0],[0,0,0,0]],""g"":[[0,0,0,0],[0,0,0,0],[0.32,8,6,10],[0,0,0,0]],""d"":20487}","w63060013",810,4,"0.00",0
2577,5367,"{""c"":[0.71,0.43,0.14,0.15,0.57],""m"":[[9.1,192,10,201],[0,120,0,120],[1.85,37,5,40],[0,0,0,0],[0,0,0,0]],""t"":[[0,4.25,3,5],[0.96,1.25,41,6],[0,0,0,0],[1.08,2,4,3],[1.16,3,4,4]],""g"":[[0,0,0,0],[0,0,0,0],[0,0,0,0],[1.52,38,27,49],[0,0,0,0]],""d"":20496}","048760093",622,4,"0.00",0
2583,5369,"{""c"":[0,0.71,0.57,0.29,0.57],""m"":[[0,0,0,0],[12.19,63,17,76],[11.46,37,3,40],[7.33,24,10,30],[17,268,23,287]],""t"":[[0,0,0,0],[5.16,5.25,8,7],[3.36,2.75,16,5],[3.6,3.25,11,5],[1.2,1.5,4,2]],""g"":[[0,0,0,0],[4.08,102,38,124],[3.16,79,3,82],[3.8,95,9,104],[2.16,54,27,67]],""d"":20499}","0680627a3",639,4,"0.00",0
2587,5370,"{""c"":[0,0.57,0.14,0.43,0.86],""m"":[[6.29,212,8,220],[0.4,40,0,40],[0,0,0,0],[0,0,0,0],[4.16,32,8,40]],""t"":[[3.97,3.25,29,8],[45.24,40,78,58],[4.15,5,0,5],[7.05,9.25,3,10],[0,0,0,0]],""g"":[[0,0,0,0],[0,0,0,0],[0,0,0,0],[12.21,111,19,120],[0,0,0,0]],""d"":20494}","g18082003",698,2,"0.00",0
2592,5376,"{""c"":[1],""m"":[[0.2,20,0,20]],""t"":[[0,0,0,0]],""g"":[[0,0,0,0]],""d"":20467}","w63060003",NULL,2,"0.00",0
2595,5378,"{""c"":[0,0,0.01,0,0.71],""m"":[[0,0,0,0],[0,0,0,0],[0,0,0,0],[0,0,0,0],[0,0,0,0]],""t"":[[0,0,0,0],[0,0,0,0],[0,0,0,0],[0,0,0,0],[0,0,0,0]],""g"":[[0,0,0,0],[0,0,0,0],[0,0,0,0],[0,0,0,0],[0,0,0,0]],""d"":20494}","w63060003",718,4,"0.00",0
2600,5384,"{""c"":[1],""m"":[[10.6,20,0,20]],""t"":[[0,0,0,0]],""g"":[[0,0,0,0]],""d"":20467}","w63060003",NULL,0,"0.00",0
2604,5386,"{""c"": [], ""m"": [], ""t"": [], ""g"": [], ""d"": null}","w63060003",NULL,2,"0.00",0
2605,5388,"{""c"": [], ""m"": [], ""t"": [], ""g"": [], ""d"": null}","w63060003",NULL,4,"0.00",0
2606,5389,"{""c"": [], ""m"": [], ""t"": [], ""g"": [], ""d"": null}","w63060003",NULL,2,"0.00",0
2607,5390,"{""c"":[0,0.43,0,0.15],""m"":[[0,0,0,0],[0.9,45,0,45],[0,0,0,0],[0,0,0,0]],""t"":[[0,0,0,0],[6.97,5,0,5],[0,0,0,0],[0,0,0,0]],""g"":[[0,0,0,0],[0,15,18,23],[0,0,0,0],[1.4,35,0,35]],""d"":20492}","p45061073",761,4,"0.00",0
2612,5396,"{""c"":[1],""m"":[[0,0,0,0]],""t"":[[4.5,6.5,45,13]],""g"":[[0,0,0,0]],""d"":20480}","w63060003",NULL,4,"0.00",0
2613,5397,"{""c"":[0.29,0.86],""m"":[[2.66,19,1,20],[0,0,0,0]],""t"":[[0,0,0,0],[2.88,4.5,2,5]],""g"":[[0,0,0,0],[0,0,0,0]],""d"":20480}","w63060003",NULL,4,"0.00",0
2615,5399,"{""c"":[0.43,0.86],""m"":[[0,0,0,0],[0,0,0,0]],""t"":[[2.7,3.5,32,10],[3.54,4.5,35,10]],""g"":[[0,0,0,0],[0,0,0,0]],""d"":20480}","w63060003",NULL,4,"0.00",0
2618,5402,"{""c"":[1],""m"":[[0,0,0,0]],""t"":[[1.08,3,8,5]],""g"":[[0,0,0,0]],""d"":20474}","w63060003",NULL,4,"0.00",0
2619,5403,"{""c"":[0.43,0.86],""m"":[[0,0,0,0],[0,0,0,0]],""t"":[[0.9,1.5,15,5],[2.1,2.25,13,5]],""g"":[[0,0,0,0],[0,0,0,0]],""d"":20480}","w63060003",NULL,4,"0.00",0
2620,5404,"{""c"":[0.43,0.86],""m"":[[0,0,0,0],[0,0,0,0]],""t"":[[3.6,3.5,6,5],[6,6.75,15,10]],""g"":[[0,0,0,0],[0,0,0,0]],""d"":20480}","w63060003",NULL,4,"0.00",0
2625,5409,"{""c"": [], ""m"": [], ""t"": [], ""g"": [], ""d"": null}","w63060003",NULL,4,"0.00",0
2627,5411,"{""c"":[0.43,0.86],""m"":[[0,0,0,0],[0,0,0,0]],""t"":[[2.16,4,4,5],[0,3,8,5]],""g"":[[0,0,0,0],[0,0,0,0]],""d"":20480}","w63060003",NULL,4,"0.00",0
2628,5412,"{""c"":[1],""m"":[[1,38,2,40]],""t"":[[0,0,0,0]],""g"":[[0,0,0,0]],""d"":20473}","w63060003",NULL,4,"0.00",0
2629,5413,"{""c"":[1],""m"":[[2.52,18,3,20]],""t"":[[0,0,0,0]],""g"":[[0,0,0,0]],""d"":20473}","w63060003",NULL,4,"0.00",0
2631,5415,"{""c"":[1],""m"":[[42.86,465,45,503]],""t"":[[36.32,41,20,46]],""g"":[[0,0,0,0]],""d"":20469}","w63060003",NULL,2,"0.00",0
2636,5418,"{""c"": [], ""m"": [], ""t"": [], ""g"": [], ""d"": null}","w63060003",NULL,3,"0.00",0
2638,5420,"{""c"": [], ""m"": [], ""t"": [], ""g"": [], ""d"": null}","w63060003",NULL,3,"0.00",0
2641,5425,"{""c"":[0,0.15,0,0.43,0.86],""m"":[[0,0,0,0],[2.9,58,2,60],[0,0,0,0],[0,34,12,40],[6.75,25,0,25]],""t"":[[0,0,0,0],[2.1,10,33,14],[0,0,0,0],[0,0.5,2,1],[0,1,4,2]],""g"":[[0,0,0,0],[0,0,0,0],[0,0,0,0],[0,157,97,204],[0,69,18,83]],""d"":20496}","w63060003",633,4,"0.00",0
2642,5426,"{""c"":[0,0.01,0.01,0.3,0.01,0.86],""m"":[[0,0,0,0],[0,0,0,0],[0,0,0,0],[3.24,18,2,20],[0,0,0,0],[0,0,0,0,0]],""t"":[[0,0,0,0],[0,0,0,0],[0,0,0,0],[2.52,5.75,23,10],[0,0,0,0],[0,0,0,0,0]],""g"":[[3.88,97,50,119],[0,0,0,0],[0,0,0,0],[0,0,0,0],[0,0,0,0],[0,0,0,0,0]],""d"":20500}","n47647000",806,4,"0.00",0
2643,5427,"{""c"":[0,0.01,0,0.57,0.86],""m"":[[0,0,0,0],[0,0,0,0],[0,0,0,0],[0.95,38,3,40],[5.94,22,3,25]],""t"":[[0,0,0,0],[0,0,0,0],[0,0,0,0],[1.44,2.5,2,3],[0,2,0,2]],""g"":[[0,0,0,0],[0,0,0,0],[0,0,0,0],[5.2,226,83,281],[0,20,27,27]],""d"":20496}","w63060003",633,4,"0.00",0
2644,5429,"{""c"": [], ""m"": [], ""t"": [], ""g"": [], ""d"": null}","w63060003",NULL,4,"0.00",0
2645,5430,"{""c"":[0.29,0,0.86],""m"":[[0,0,0,0],[0,0,0,0],[0,0,0,0]],""t"":[[2.1,2.25,29,6],[0,0,0,0],[3.6,7.5,10,10]],""g"":[[0,0,0,0],[0,0,0,0],[0,0,0,0]],""d"":20494}","w63060003",NULL,4,"0.00",0
2646,5431,"{""c"":[1],""m"":[[22.13,118,12,126]],""t"":[[0,0,0,0]],""g"":[[0,0,0,0]],""d"":20468}","w63060003",NULL,4,"0.00",0
2647,5432,"{""c"":[0.43,0.14],""m"":[[0,0,0,0],[0.14,20,1,21]],""t"":[[2.16,4,4,5],[0,0,0,0]],""g"":[[0,0,0,0],[3.56,89,14,98]],""d"":20478}","w63060003",NULL,4,"0.00",0
2648,5433,"{""c"":[1],""m"":[[0,20,0,20]],""t"":[[1.44,3,8,5]],""g"":[[0,0,0,0]],""d"":20468}","w63060003",NULL,4,"0.00",0
2649,5434,"{""c"":[1],""m"":[[0,0,0,0]],""t"":[[2.16,4,4,5]],""g"":[[0,0,0,0]],""d"":20467}","w63060003",NULL,4,"0.00",0
2650,5435,"{""c"":[0.71,0,0,0,1],""m"":[[8.89,49,1,50],[0,0,0,0],[0,0,0,0],[0,0,0,0],[1.4,39,1,40]],""t"":[[1.44,4.5,39,11],[0,0,0,0],[0,0,0,0],[0,0,0,0],[3.6,8.75,56,20]],""g"":[[0,0,0,0],[0,0,0,0],[0,0,0,0],[0,0,0,0],[0,0,0,0]],""d"":20495}","w63060003",NULL,4,"0.00",0
2651,5437,"{""c"":[1],""m"":[[2.21,13,4,15]],""t"":[[8.51,10.75,53,16]],""g"":[[0,0,0,0]],""d"":20467}","w63060003",NULL,4,"0.00",0
2652,5436,"{""c"":[1],""m"":[[0,0,0,0]],""t"":[[1.8,3.75,5,5]],""g"":[[0,0,0,0]],""d"":20467}","w63060003",NULL,4,"0.00",0
2654,5439,"{""c"":[0.57,0,0.15,1],""m"":[[30.75,177,21,180],[0,0,0,0],[0,0,0,0],[0,0,0,0]],""t"":[[3.6,6.75,25,11],[0,0,0,0],[2.16,3.75,5,5],[1.44,2.75,10,5]],""g"":[[0,0,0,0],[0,0,0,0],[0,0,0,0],[0,0,0,0]],""d"":20486}","w63060003",NULL,4,"0.00",0
2655,5440,"{""c"":[1],""m"":[[0,0,0,0]],""t"":[[0.36,1.25,30,5]],""g"":[[0,0,0,0]],""d"":20467}","w63060003",NULL,4,"0.00",0
2656,5441,"{""c"":[1],""m"":[[0,0,0,0]],""t"":[[0,4.5,2,5]],""g"":[[0,0,0,0]],""d"":20467}","w63060003",NULL,4,"0.00",0
2657,5442,"{""c"":[1],""m"":[[2.94,14,1,15]],""t"":[[1.45,2.75,13,5]],""g"":[[0,0,0,0]],""d"":20467}","w63060003",NULL,4,"0.00",0
2659,5444,"{""c"": [], ""m"": [], ""t"": [], ""g"": [], ""d"": null}","w63060003",NULL,4,"0.00",0
2660,5445,"{""c"":[1],""m"":[[0,20,0,20]],""t"":[[3.19,7.5,10,10]],""g"":[[0,0,0,0]],""d"":20468}","w63060003",NULL,4,"0.00",0
2661,5446,"{""c"":[0.57,0,0.86],""m"":[[0,0,0,0],[0,0,0,0],[0,20,0,20]],""t"":[[0,3.75,5,5],[0,0,0,0],[0.3,0.5,59,5]],""g"":[[0,0,0,0],[0,0,0,0],[0,0,0,0]],""d"":20480}","w63060003",NULL,4,"0.00",0
2662,5447,"{""c"":[0.43,0,0.86],""m"":[[0,0,0,0],[0,0,0,0],[0,0,0,0]],""t"":[[6.83,18.75,66,31],[0,0,0,0],[2.53,5.25,20,9]],""g"":[[0,0,0,0],[0,0,0,0],[0,0,0,0]],""d"":20480}","w63060003",NULL,4,"0.00",0
2663,5448,"{""c"":[1],""m"":[[0,0,0,0]],""t"":[[2.32,4.5,2,5]],""g"":[[0,0,0,0]],""d"":20467}","w63060003",NULL,4,"0.00",0
2665,1161,"{""c"":[1],""m"":[[0,0,0,0]],""t"":[[2.88,4,5,5]],""g"":[[0,0,0,0]],""d"":20468}","w63060003",748,4,"0.00",0
2667,5450,"{""c"":[0,0.15,0,0.57,0.44],""m"":[[0,0,0,0],[1.56,39,1,40],[0,0,0,0],[1.55,45,5,50],[0,0,0,0]],""t"":[[0,0,0,0],[0,0,0,0],[0,0,0,0],[0,0,27,4],[0,0,0,0]],""g"":[[0,0,0,0],[0,0,0,0],[0,0,0,0],[1.92,110,431,272],[0,0,0,0]],""d"":20496}","w63060003",633,4,"0.00",0
2668,5451,"{""c"":[0.57,0,0.86],""m"":[[10.12,91,17,105],[0,0,0,0],[1.05,15,10,20]],""t"":[[0,0,82,6],[0,0,0,0],[0,0,0,0]],""g"":[[0,0,0,0],[0,0,0,0],[0,0,0,0]],""d"":20480}","w63060003",NULL,4,"0.00",0
2670,5453,"{""c"": [], ""m"": [], ""t"": [], ""g"": [], ""d"": null}","w63060003",NULL,2,"0.00",0
2671,5454,"{""c"":[0,0.15,0,0.01,0.44],""m"":[[0,0,0,0],[1,20,0,20],[0,0,0,0],[0,0,0,0],[0,0,0,0]],""t"":[[0,3,13,6],[0.3,0.5,26,5],[0,0,0,0],[0,0,0,0],[0,0,0,0]],""g"":[[0,0,0,0],[0,0,0,0],[0,0,0,0],[0,0,0,0],[0,0,0,0]],""d"":20496}","w63060003",633,4,"0.00",0
2673,5457,"{""c"":[1],""m"":[[0,0,0,0]],""t"":[[2.9,6.75,19,10]],""g"":[[0,0,0,0]],""d"":20467}","w63060003",NULL,4,"0.00",0
2674,5458,"{""c"":[0,0.01,0.14,0.15,0.72],""m"":[[0,0,0,0],[0,0,0,0],[4.85,97,3,100],[0,57,3,60],[3.78,14,1,15]],""t"":[[0,0,0,0],[0,0,0,0],[3.6,3,29,6],[0,1,0,1],[0,0,0,0]],""g"":[[0,0,0,0],[0,0,0,0],[0,0,0,0],[0,122,26,143],[0,27,5,32]],""d"":20496}","w63060003",633,4,"0.00",0
2675,5459,"{""c"":[1],""m"":[[0,20,0,20]],""t"":[[0,0,0,0]],""g"":[[0,0,0,0]],""d"":20467}","w63060003",NULL,4,"0.00",0
2676,5460,"{""c"":[1],""m"":[[0,0,0,0]],""t"":[[1.16,2.5,13,5]],""g"":[[0,0,0,0]],""d"":20467}","w63060003",NULL,4,"0.00",0
2678,5462,"{""c"":[0,0.72],""m"":[[0,0,0,0],[0,0,0,0]],""t"":[[0,0,0,0],[0,0,0,0]],""g"":[[0,0,0,0],[0,0,0,0]],""d"":20473}","w63060003",NULL,4,"0.00",0
2683,1155,"{""c"": [], ""m"": [], ""t"": [], ""g"": [], ""d"": null}","w63060003",748,4,"0.00",0
2685,5463,"{""c"": [], ""m"": [], ""t"": [], ""g"": [], ""d"": null}","w63060003",NULL,4,"0.00",0
2686,5464,"{""c"":[1],""m"":[[4.97,71,3,74]],""t"":[[0,0,0,0]],""g"":[[0,0,0,0]],""d"":20470}","w63060003",NULL,4,"0.00",0
2695,5465,"{""c"":[1],""m"":[[0,57,3,60]],""t"":[[0,0,0,0]],""g"":[[0,0,0,0]],""d"":20467}","w63060003",NULL,3,"0.00",0
2696,5467,"{""c"":[0.43,0,0,0.29],""m"":[[1.52,19,1,20],[0,0,0,0],[0,0,0,0],[8,100,0,100]],""t"":[[0,0,0,0],[0,0,0,0],[0,0,0,0],[0,0,0,0]],""g"":[[0,0,0,0],[0,0,0,0],[0,0,0,0],[0,0,0,0]],""d"":20491}","w63060003",NULL,2,"0.00",0
2697,2789,"{""c"":[0.72,0,0,0.14,0.71],""m"":[[10.59,99,15,104],[0,0,0,0],[0,0,0,0],[4.03,31,0,31],[3.95,68,2,70]],""t"":[[0,0,0,0],[0,0,0,0],[0,0,0,0],[0,0,0,0],[0,0,0,0]],""g"":[[0,0,0,0],[0,0,0,0],[0,0,0,0],[0,0,0,0],[0,0,0,0]],""d"":20495}","w63060003",788,1,"0.00",0
2703,5472,"{""c"":[0,0,0.15,0.14,0.71],""m"":[[0,0,0,0],[0,0,0,0],[26.65,157,2,159],[12.6,90,0,90],[0,0,0,0]],""t"":[[0,0,0,0],[0,0,0,0],[0,0,0,0],[0,0,0,0],[0,0,0,0]],""g"":[[0,0,0,0],[0,0,0,0],[0,0,0,0],[0,0,0,0],[0,0,0,0]],""d"":20494}","528080033",718,4,"0.00",0
2705,2720,"{""c"":[0,0,0.43],""m"":[[0.65,5,0,5],[0,0,0,0],[0,0,0,0]],""t"":[[0,0,0,0],[0,0,0,0],[0,0,0,0]],""g"":[[0,0,0,0],[0,0,0,0],[0,0,0,0]],""d"":20482}","w63060003",788,1,"0.00",0
2706,2788,"{""c"":[0,0.14,0.14,0.29,1],""m"":[[82.51,944,56,994],[2.1,15,0,15],[6.09,46,5,51],[6.36,100,21,115],[1.12,16,5,20]],""t"":[[33.35,23.75,5,25],[0,0,0,0],[0,0,0,0],[0,0,0,0],[0,0,0,0]],""g"":[[17.68,68,3,71],[0,0,0,0],[0,0,0,0],[0,0,0,0],[0,0,0,0]],""d"":20493}","x63060b93",788,1,"0.00",0
2707,2791,"{""c"":[0,0,0.14,0.57,0.86],""m"":[[78.41,435,17,450],[0,0,0,0],[91.39,781,13,792],[63.27,516,11,527],[8.24,38,2,40]],""t"":[[0,0,0,0],[0,0,0,0],[0,0,0,0],[0,0,0,0],[0,0,0,0]],""g"":[[5.72,22,3,24],[0,0,0,0],[0,0,0,0],[25.76,56,21,61],[0,0,0,0]],""d"":20495}","w63060003",788,1,"0.00",0
2708,2815,"{""c"":[0,0.29,0.14,0,0.71],""m"":[[11.87,117,10,122],[3.57,87,3,90],[5.53,47,6,50],[0,0,0,0],[3.3,30,0,30]],""t"":[[0,0,0,0],[0,0,0,0],[0,0,0,0],[0,0,0,0],[0,0,0,0]],""g"":[[0,0,0,0],[0,0,0,0],[0,0,0,0],[0,0,0,0],[0,0,0,0]],""d"":20495}","o44080b86",788,1,"0.00",0
2709,2838,"{""c"":[0,0.29,0.14,0.14,0.71],""m"":[[34.12,283,6,287],[5.73,43,2,45],[20.03,168,9,175],[2.1,15,0,15],[3.64,28,2,30]],""t"":[[0,0,0,0],[18.35,14.5,2,15],[0,0,0,0],[0,0,0,0],[0,0,0,0]],""g"":[[0,0,0,0],[6.5,25,3,28],[0,0,0,0],[0,0,0,0],[0,0,0,0]],""d"":20495}","o41562ba6",788,1,"0.00",0
2710,2825,"{""c"":[0,0.57,0.28,0.14,0.71],""m"":[[10.23,129,6,134],[13.07,119,6,124],[8.93,77,3,80],[2.66,38,2,40],[1.4,20,0,20]],""t"":[[0,0,0,0],[0,0,0,0],[0,0,0,0],[0,0,0,0],[0,0,0,0]],""g"":[[0,0,0,0],[0,0,0,0],[0,0,0,0],[0,0,0,0],[0,0,0,0]],""d"":20495}","w63060003",788,1,"0.00",0
2711,2846,"{""c"":[0,0,0,0.71],""m"":[[17.3,203,4,207],[0,0,0,0],[0,0,0,0],[6.6,60,0,60]],""t"":[[0,0,0,0],[0,0,0,0],[0,0,0,0],[0,0,0,0]],""g"":[[0,0,0,0],[0,0,0,0],[0,0,0,0],[0,0,0,0]],""d"":20488}","w63060003",788,1,"0.00",0
2712,2739,"{""c"":[0,0.15,0.43],""m"":[[6.34,58,3,61],[9.02,73,2,75],[0,0,0,0]],""t"":[[0,0,0,0],[0,0,0,0],[0,0,0,0]],""g"":[[0,0,0,0],[0,0,0,0],[0,0,0,0]],""d"":20482}","w63060003",788,1,"0.00",0
2713,2723,"{""c"":[0,0,0.43],""m"":[[0,0,0,0],[0,0,0,0],[0,0,0,0]],""t"":[[0,0,0,0],[0,0,0,0],[0,0,0,0]],""g"":[[0,0,0,0],[0,0,0,0],[0,0,0,0]],""d"":20482}","w63060003",788,-1,"0.00",0
2714,2797,"{""c"":[0,0.43,0.14,0.14,1],""m"":[[73.58,613,19,631],[47.36,333,21,354],[7.93,58,3,61],[8.84,59,1,60],[0,0,0,0]],""t"":[[37.34,31.75,13,35],[118.15,80.25,31,88],[12.44,10.75,5,12],[8.98,6,0,6],[43.69,27.75,11,30]],""g"":[[0,0,0,0],[0,0,0,0],[0,0,0,0],[0,0,0,0],[0,0,0,0]],""d"":20493}","411082a93",788,1,"0.00",0
2715,2847,"{""c"":[0,0,0.14,0.15,0.71],""m"":[[34.65,278,9,287],[0,0,0,0],[2.1,15,0,15],[8.84,68,0,68],[7.67,59,1,60]],""t"":[[0,0,0,0],[0,0,0,0],[0,0,0,0],[0,0,0,0],[0,0,0,0]],""g"":[[0,0,0,0],[0,0,0,0],[0,0,0,0],[0,0,0,0],[0,0,0,0]],""d"":20495}","w63060003",788,1,"0.00",0
2716,2848,"{""c"":[0,0.57,0.14,0.14,0.57],""m"":[[8.2,106,1,107],[39.62,351,4,355],[2.4,15,0,15],[12.48,96,1,97],[9.76,74,1,75]],""t"":[[0,0,0,0],[5.9,4.75,1,5],[0,0,0,0],[0,0,0,0],[0,0,0,0]],""g"":[[0,0,0,0],[8.32,32,0,32],[0,0,0,0],[0,0,0,0],[1.3,5,0,5]],""d"":20496}","w63060003",788,1,"0.00",0
2717,2850,"{""c"":[0,0.43,0.15,0.14,0,0.86],""m"":[[36.96,283,11,294],[23.58,192,3,195],[8.32,64,2,66],[3.99,19,1,20],[0,0,0,0,0],[15.8,136,4,140,0.12]],""t"":[[0,0,0,0],[0,0,0,0],[0,0,0,0],[0,0,0,0],[0,0,0,0,0],[0,0,0,0,0]],""g"":[[0,0,0,0],[0,0,0,0],[0,0,0,0],[0,0,0,0],[0,0,0,0,0],[0,0,0,0,0]],""d"":20501}","j28180903",788,1,"0.00",0
2718,2911,"{""c"":[0,0.15,0.29,0.14,0.86],""m"":[[27.64,258,14,272],[6.53,59,1,60],[20.27,164,1,165],[7.41,57,3,60],[25.31,207,3,210]],""t"":[[0,0,0,0],[0,0,0,0],[0,0,0,0],[0,0,0,0],[21.07,11.75,5,13]],""g"":[[0,0,0,0],[0,0,0,0],[16.38,63,3,66],[0,0,0,0],[11.7,45,8,51]],""d"":20495}","v61774983",788,1,"0.00",1
2719,2856,"{""c"":[0,0.43,0.14,0,0.71],""m"":[[101.77,780,33,807],[15.49,117,4,120],[3.38,26,6,32],[0,0,0,0],[2.1,15,0,15]],""t"":[[0,0,0,0],[0,0,0,0],[0,0,0,0],[0,0,0,0],[0,0,0,0]],""g"":[[10.66,41,7,46],[0,0,0,0],[0,0,0,0],[0,0,0,0],[0,0,0,0]],""d"":20495}","465161163",788,1,"0.00",2
2720,3057,"{""c"":[0,0.14,0,1],""m"":[[19.94,155,5,160],[8.71,67,6,72],[0,0,0,0],[4.68,36,4,40]],""t"":[[0,0,0,0],[0,0,0,0],[0,0,0,0],[0,0,0,0]],""g"":[[0,0,0,0],[0,0,0,0],[0,0,0,0],[0,0,0,0]],""d"":20486}","w63060003",788,1,"0.00",0
2724,5475,"{""c"":[0,0,0],""m"":[[0,0,0,0],[0,0,0,0],[0,0,0,0]],""t"":[[0,0,0,0],[0,0,0,0],[0,0,0,0]],""g"":[[0,0,0,0],[0,0,0,0],[0,0,0,0]],""d"":20485}","o63066003",823,2,"0.00",0
2726,5477,"{""c"":[1],""m"":[[3.92,49,1,50]],""t"":[[0,0,0,0]],""g"":[[0,0,0,0]],""d"":20467}","w63060003",NULL,2,"0.00",0
2727,5478,"{""c"":[1,0.29,0.15,0,0.57],""m"":[[104.44,1296,24,1320],[11.76,102,8,108],[11.2,140,5,145],[0,0,0,0],[0,0,0,0]],""t"":[[0,0,0,0],[0,0,0,0],[0,0,0,0],[0,0,0,0],[0,0,0,0]],""g"":[[0,0,0,0],[2.52,38,14,47],[0,0,0,0],[0,0,0,0],[0,0,0,0]],""d"":20495}","o500647c6",784,3,"0.00",0
2728,5480,"{""c"":[0,0,0,0.14,0.71],""m"":[[0,0,0,0],[0,0,0,0],[0,0,0,0],[0,0,0,0],[2.2,20,0,20]],""t"":[[0,0,0,0],[0,0,0,0],[0,0,0,0],[0,0,0,0],[0,0,0,0]],""g"":[[0,0,0,0],[0,0,0,0],[0,0,0,0],[1.32,12,4,15],[9.68,88,6,93]],""d"":20495}","w63060003",823,2,"0.00",0
2729,5481,"{""c"":[0.43,0.14,0,0,0.71],""m"":[[1.36,17,3,20],[6.16,77,4,80],[0,0,0,0],[0,0,0,0],[7.36,92,43,100]],""t"":[[0,0,0,0],[0,0,0,0],[0,0,0,0],[0,0,0,0],[0,0,0,0]],""g"":[[0,0,0,0],[0,0,0,0],[0,0,0,0],[0,0,0,0],[0,0,0,0]],""d"":20495}","w63060003",NULL,2,"0.00",0
2731,5482,"{""c"":[0.57,0,0.57],""m"":[[20.14,117,3,120],[0,0,0,0],[3.12,39,1,40]],""t"":[[0,0,0,0],[0,0,0,0],[0,0,0,0]],""g"":[[0,0,0,0],[0,0,0,0],[0,0,0,0]],""d"":20482}","w63060003",NULL,3,"0.00",0
2737,5485,"{""c"": [], ""m"": [], ""t"": [], ""g"": [], ""d"": null}","w63060003",NULL,4,"0.00",0
2738,5486,"{""c"": [], ""m"": [], ""t"": [], ""g"": [], ""d"": null}","w63060003",NULL,3,"0.00",0
2739,5487,"{""c"": [], ""m"": [], ""t"": [], ""g"": [], ""d"": null}","w63060003",NULL,3,"0.00",0
2740,5488,"{""c"":[0.43,0.14,0.57,0.29,0.86],""m"":[[11.12,139,1,140],[13.95,58,2,60],[110.47,466,5,471],[49.5,117,3,120],[77.8,120,0,120]],""t"":[[0,0,0,0],[0,0,0,0],[0,0,0,0],[6.51,4,4,5],[0,0,0,0]],""g"":[[0,0,0,0],[0,0,0,0],[27.36,152,18,165],[44.46,247,17,258],[14.22,79,20,90]],""d"":20496}","w63060003",791,3,"0.00",0
2744,5490,"{""c"":[0.57,0,0,0.28],""m"":[[8.15,131,10,140],[0,0,0,0],[0,0,0,0],[7.69,94,1,95]],""t"":[[0,0,0,0],[0,0,0,0],[0,0,0,0],[0,0,0,0]],""g"":[[0,0,0,0],[0,0,0,0],[0,0,0,0],[0,0,0,0]],""d"":20492}","w65160083",625,1,"0.00",0
2747,5491,"{""c"":[0.86,0.57,0.71,0.57,0.72],""m"":[[43.31,470,10,480],[18.05,257,23,278],[63.24,767,12,776],[6.72,73,7,76],[5.46,78,18,90,0.07]],""t"":[[0,0,0,0],[0,0,0,0],[0,0,0,0],[0,0,0,0],[0,0,0,0]],""g"":[[15.25,101,16,112],[0,0,0,0],[0,0,0,0],[0,0,0,0],[0,0,0,0]],""d"":20497}","w63060003",NULL,2,"0.00",0
2748,5492,"{""c"":[1],""m"":[[10.68,157,3,160]],""t"":[[0,0,0,0]],""g"":[[0,0,0,0]],""d"":20469}","w63060003",NULL,1,"0.00",0
2750,5495,"{""c"": [], ""m"": [], ""t"": [], ""g"": [], ""d"": null}","w63060003",NULL,3,"0.00",0
2751,5496,"{""c"":[1],""m"":[[9.16,72,9,80]],""t"":[[0,0,0,0]],""g"":[[0,0,0,0]],""d"":20468}","w63060003",NULL,1,"0.00",0
2752,1683,"{""c"":[0.43,0.14,0,0,0.86],""m"":[[0,20,1,21],[5.7,57,4,60],[0,0,0,0],[0,0,0,0],[1.8,18,2,20]],""t"":[[0,0,0,0],[0,0,0,0],[0,0,0,0],[0,0,0,0],[0,0,0,0]],""g"":[[0,0,0,0],[0,0,0,0],[0,0,0,0],[0,0,0,0],[0,0,0,0]],""d"":20494}","w63060003",NULL,3,"0.00",0
2753,5497,"{""c"":[1],""m"":[[16.14,74,6,80]],""t"":[[0,0,0,0]],""g"":[[0,0,0,0]],""d"":20467}","w63060003",NULL,3,"0.00",0
2760,5498,"{""c"":[0.57,0,0,0.71],""m"":[[14.21,105,2,107],[0,0,0,0],[0,0,0,0],[0,0,0,0]],""t"":[[0,0,0,0],[0,0,0,0],[0,0,0,0],[0,0,0,0]],""g"":[[0,0,0,0],[0,0,0,0],[0,0,0,0],[0,0,0,0]],""d"":20487}","w63060003",821,4,"0.00",0
2762,5500,"{""c"":[1],""m"":[[2.03,29,1,30]],""t"":[[0,0,0,0]],""g"":[[0,0,0,0]],""d"":20479}","w63060003",NULL,4,"0.00",0
2764,5501,"{""c"":[0.86,0,0,0.14],""m"":[[16.89,172,23,188],[0,0,0,0],[0,0,0,0],[0.2,20,0,20]],""t"":[[0,0,0,0],[0,0,0,0],[0,0,0,0],[0,0,0,0]],""g"":[[0,0,0,0],[0,0,0,0],[0,0,0,0],[0,0,0,0]],""d"":20492}","063069c03",625,1,"0.00",0
2766,5502,"{""c"":[0.43,0,0.14,0,0.86],""m"":[[3.2,40,0,40],[0,0,0,0],[1.6,20,0,20],[0,0,0,0],[3.12,39,2,40]],""t"":[[0,0,0,0],[0,0,0,0],[0,0,0,0],[0,0,0,0],[0,0,0,0]],""g"":[[0,0,0,0],[0,0,0,0],[0,0,0,0],[0,0,0,0],[0,0,0,0]],""d"":20494}","w63060003",NULL,3,"0.00",0
2767,5503,"{""c"":[0.57,0.29,0.14,0.43],""m"":[[8.25,85,10,90],[5.78,78,2,80],[0.2,20,0,20],[11.65,155,6,160]],""t"":[[0,0,0,0],[0,0,0,0],[0,0,0,0],[0,0,0,0]],""g"":[[0,0,0,0],[0,0,0,0],[0,0,0,0],[0,0,0,0]],""d"":20492}","w63060003",625,1,"0.00",0
2769,5504,"{""c"":[0.71,0,0,0,0.86],""m"":[[24,300,16,306],[0,0,0,0],[0,0,0,0],[0,0,0,0],[17.2,172,48,189]],""t"":[[0,0,0,0],[0,0,0,0],[0,0,0,0],[0,0,0,0],[0,0,0,0]],""g"":[[0,0,0,0],[0,0,0,0],[0,0,0,0],[0,0,0,0],[0,0,0,0]],""d"":20494}","w63060003",NULL,2,"0.00",0
2771,5505,"{""c"":[0.57,0,0,0.14,0.57],""m"":[[17.76,222,5,227],[0,0,0,0],[0,0,0,0],[10.88,136,5,141],[0,0,0,0]],""t"":[[0,0,0,0],[0,0,0,0],[0,0,0,0],[0,0,0,0],[0,0,0,0]],""g"":[[0,0,0,0],[0,0,0,0],[0,0,0,0],[0,0,0,0],[0,0,0,0]],""d"":20495}","w63060003",773,2,"0.00",0
2772,5506,"{""c"":[0,0.01,0.71],""m"":[[0,0,0,0],[0,0,0,0],[0,0,0,0]],""t"":[[0,0,0,0],[0,0,0,0],[0,0,0,0]],""g"":[[0,0,0,0],[0,0,0,0],[0,0,0,0]],""d"":20480}","w63060003",716,4,"0.00",0
2777,5509,"{""c"": [], ""m"": [], ""t"": [], ""g"": [], ""d"": null}","w63060003",NULL,4,"0.00",0
2778,5510,"{""c"":[0,1],""m"":[[0,0,0,0],[0,0,0,0]],""t"":[[0,0,0,0],[0,0,0,0]],""g"":[[0,0,0,0],[1.54,14,1,15]],""d"":20486}","0681637a3",823,2,"0.00",0
2779,5511,"{""c"":[1],""m"":[[3.61,38,2,40]],""t"":[[0,0,0,0]],""g"":[[0,0,0,0]],""d"":20467}","w63060003",NULL,4,"0.00",0
2781,5512,"{""c"":[1],""m"":[[1.6,20,0,20]],""t"":[[0,0,0,0]],""g"":[[0,0,0,0]],""d"":20467}","w63060003",NULL,2,"0.00",0
2784,5515,"{""c"":[0.57,0.28],""m"":[[6.62,78,2,80],[3.98,78,2,80]],""t"":[[0,0,0,0],[0,0,0,0]],""g"":[[0,0,0,0],[0,0,0,0]],""d"":20478}","w63060003",NULL,2,"0.00",0
2787,5516,"{""c"":[0.57,0.14],""m"":[[6.4,165,20,180],[3.78,14,7,20]],""t"":[[9.77,4.75,1,5],[17.22,7.5,21,10]],""g"":[[0,0,0,0],[0,0,0,0]],""d"":20478}","w63060003",NULL,1,"0.00",0
2788,5517,"{""c"": [], ""m"": [], ""t"": [], ""g"": [], ""d"": null}","w63060003",NULL,3,"0.00",0
2790,5518,"{""c"":[0,0.01,0.01,0.29,0,0.86],""m"":[[2.52,18,3,20],[0,0,0,0],[0,0,0,0],[2.24,16,6,20],[0,0,0,0,0],[0,0,0,0,0]],""t"":[[0,0,0,0],[0,0,0,0],[0,0,0,0],[7.22,9.5,41,16],[0,0,0,0,0],[0,0,0,0,0]],""g"":[[0,0,0,0],[0,0,0,0],[0,0,0,0],[2.24,56,27,70],[0,0,0,0,0],[0,0,0,0,0]],""d"":20500}","o23076023",813,4,"0.00",0
2791,5519,"{""c"":[0],""m"":[[0,0,0,0]],""t"":[[0,0,0,0]],""g"":[[0,0,0,0]],""d"":20485}","w63060003",823,2,"0.00",0
2792,5520,"{""c"":[1],""m"":[[6.12,18,2,20]],""t"":[[0,0,0,0]],""g"":[[0,0,0,0]],""d"":20472}","w63060003",NULL,3,"0.00",0
2793,5521,"{""c"": [], ""m"": [], ""t"": [], ""g"": [], ""d"": null}","w63060003",NULL,2,"0.00",0
2795,5522,"{""c"":[0.43,0.29],""m"":[[0.18,18,3,20],[0.2,20,0,20]],""t"":[[0,0,0,0],[0,0,0,0]],""g"":[[0,0,0,0],[0,0,0,0]],""d"":20477}","w63060003",NULL,1,"0.00",0
2798,5524,"{""c"":[0,0.01,0.01,0.01,0,0.86],""m"":[[0,0,0,0],[0,0,0,0],[0,0,0,0],[0,0,0,0],[0,0,0,0,0],[0,0,0,0,0]],""t"":[[0,0,0,0],[0,0,0,0],[0,0,0,0],[0,0,0,0],[0,0,0,0,0],[0,0,0,0,0]],""g"":[[0,0,0,0],[0,0,0,0],[0,0,0,0],[0,0,0,0],[0,0,0,0,0],[0,0,0,0,0]],""d"":20500}","o55082043",778,2,"0.00",0
2799,5525,"{""c"":[0,0.15,0.15,0.01,0,0.86],""m"":[[0,0,0,0],[0,0,0,0],[0,0,0,0],[0,0,0,0],[0,0,0,0,0],[0,0,0,0,0]],""t"":[[0,0,0,0],[1.64,2,4,3],[1.2,2.5,6,4],[0,0,0,0],[0,0,0,0,0],[0,0,0,0,0]],""g"":[[0,0,0,0],[0,0,0,0],[0,0,0,0],[0,0,0,0],[0,0,0,0,0],[0,0,0,0,0]],""d"":20500}","w63060003",813,4,"0.00",0
2800,5526,"{""c"":[0,1],""m"":[[0,0,0,0],[0,0,0,0]],""t"":[[0,0,0,0],[0,0,0,0]],""g"":[[0,0,0,0],[2.42,22,5,26]],""d"":20486}","w63060003",823,2,"0.00",0
2801,5528,"{""c"":[1],""m"":[[2.75,25,6,30]],""t"":[[0,0,0,0]],""g"":[[0,0,0,0]],""d"":20467}","w63060003",NULL,2,"0.00",0
2802,5529,"{""c"":[1],""m"":[[5.76,72,9,80]],""t"":[[0,0,0,0]],""g"":[[0,0,0,0]],""d"":20467}","w63060003",NULL,2,"0.00",0
2804,5530,"{""c"":[1],""m"":[[9.42,99,3,100]],""t"":[[1.97,2.25,11,5]],""g"":[[0,0,0,0]],""d"":20467}","w63060003",NULL,1,"0.00",0
2805,5531,"{""c"":[0.57,0.14,0,0.57],""m"":[[1.25,53,28,60],[4.68,18,3,20],[0,0,0,0],[6.55,48,23,60]],""t"":[[0,0,0,0],[0,0,0,0],[0,0,0,0],[0,0,0,0]],""g"":[[0,0,0,0],[0,0,0,0],[0,0,0,0],[0,0,0,0]],""d"":20491}","w63060003",NULL,1,"0.00",0
2806,5532,"{""c"":[0,0.01,0.01,0.29,0.29,0.86],""m"":[[4.34,54,1,55],[0,0,0,0],[0,0,0,0],[3.62,39,8,40],[7.77,37,6,40],[0.19,19,1,20,0.01]],""t"":[[0,5,7,6],[0,0,0,0],[0,0,0,0],[2.53,2.25,3,3],[0,0,0,0],[3.93,3,7,5,1.31]],""g"":[[3.6,90,12,99],[0,0,0,0],[0,0,0,0],[8.32,32,2,34],[5.2,20,2,22],[0,0,0,0,0]],""d"":20502}","w63060003",813,1,"0.00",0
2808,5533,"{""c"":[0,0.15,0.15,0.15,0,0.86],""m"":[[0,40,0,40],[0,0,0,0],[0,0,0,0],[2.38,17,5,20],[0,0,0,0,0],[0,0,0,0,0]],""t"":[[0,0,0,0],[1.25,1.75,6,3],[1.25,2.5,6,4],[0,0,0,0],[0,0,0,0,0],[0,0,0,0,0]],""g"":[[0,0,0,0],[0,0,0,0],[0,0,0,0],[0,0,0,0],[0,0,0,0,0],[0,0,0,0,0]],""d"":20500}","w63060003",813,4,"0.00",0
2809,5534,"{""c"":[1],""m"":[[10.1,119,1,120]],""t"":[[0,0,0,0]],""g"":[[0,0,0,0]],""d"":20467}","w63060003",NULL,2,"0.00",0
2813,5535,"{""c"":[0,0.29,0,0,0.43],""m"":[[5.44,68,0,68],[3.12,59,2,61],[0,0,0,0],[0,0,0,0],[0,17,13,20,0]],""t"":[[0,0,0,0],[0,0,0,0],[0,0,0,0],[0,0,0,0],[0,0,0,0]],""g"":[[0,24,15,30],[2.52,14,20,21],[0,0,0,0],[0,0,0,0],[0,0,0,0]],""d"":20497}","t853400c5",784,3,"0.00",0
2815,5536,"{""c"":[0],""m"":[[0,0,0,0]],""t"":[[0,0,0,0]],""g"":[[0,0,0,0]],""d"":20467}","w63060003",613,1,"0.00",0
2816,5537,"{""c"":[1],""m"":[[10.22,70,29,90]],""t"":[[0,0,0,0]],""g"":[[0,0,0,0]],""d"":20475}","w63060003",NULL,1,"0.00",0
2818,5539,"{""c"":[0,1],""m"":[[0,0,0,0],[3.19,29,1,30]],""t"":[[0,0,0,0],[0,0,0,0]],""g"":[[0,0,0,0],[1.65,15,0,15]],""d"":20486}","w63060003",823,2,"0.00",0
2820,5540,"{""c"":[0],""m"":[[6.38,58,2,60]],""t"":[[0,0,0,0]],""g"":[[0,0,0,0]],""d"":20485}","w63060003",823,2,"0.00",0
2821,5541,"{""c"":[0],""m"":[[0,0,0,0]],""t"":[[0,0,0,0]],""g"":[[0,0,0,0]],""d"":20485}","g45161743",823,2,"0.00",0
2822,5542,"{""c"":[0,0,0.29],""m"":[[0,0,0,0],[0,0,0,0],[0.2,20,0,20]],""t"":[[0,0,0,0],[0,0,0,0],[0,0,0,0]],""g"":[[0,0,0,0],[0,0,0,0],[0,0,0,0]],""d"":20484}","w63060003",613,1,"0.00",0
2824,5543,"{""c"":[0,0.29,0.15,0.01,0,0.86],""m"":[[0,0,0,0],[0,13,0,13],[0,0,0,0],[0,0,0,0],[0,0,0,0,0],[0,0,0,0,0]],""t"":[[0,0,0,0],[0,0,0,0],[2.26,3.25,3,4],[0,0,0,0],[0,0,0,0,0],[0,0,0,0,0]],""g"":[[0,0,0,0],[2.04,51,27,66],[0,0,0,0],[0,0,0,0],[0,0,0,0,0],[0,0,0,0,0]],""d"":20500}","w63060003",813,4,"0.00",0
2827,5544,"{""c"":[0,0.15,0.15,0.01,0,0.86],""m"":[[0,0,0,0],[2.73,13,2,15],[0,0,0,0],[0,0,0,0],[0,0,0,0,0],[0,0,0,0,0]],""t"":[[0,0,0,0],[0.29,1,8,3],[3.51,6,10,8],[0,0,0,0],[0,0,0,0,0],[0,0,0,0,0]],""g"":[[0,0,0,0],[0,0,0,0],[0,0,0,0],[0,0,0,0],[0,0,0,0,0],[0,0,0,0,0]],""d"":20500}","w63060003",813,4,"0.00",0
2829,5545,"{""c"":[0,0.29,0.01,0.15,0,0.86],""m"":[[0,0,0,0],[2.94,14,1,15],[0,0,0,0],[2.66,19,1,20],[0,0,0,0,0],[0,0,0,0,0]],""t"":[[0,0,0,0],[0.9,1.25,19,4],[0,0,0,0],[4.16,6.5,28,12],[0,0,0,0,0],[0,0,0,0,0]],""g"":[[0,0,0,0],[0,0,0,0],[0,0,0,0],[0,0,0,0],[0,0,0,0,0],[0,0,0,0,0]],""d"":20500}","0645710a3",813,4,"0.00",0
2830,5546,"{""c"":[0,0.01,0.01,0.01,0,0.86],""m"":[[0,0,0,0],[0,0,0,0],[0,0,0,0],[0,0,0,0],[0,0,0,0,0],[0,0,0,0,0]],""t"":[[0,0,0,0],[0,0,0,0],[0,0,0,0],[0,0,0,0],[0,0,0,0,0],[0,0,0,0,0]],""g"":[[0,0,0,0],[0,0,0,0],[0,0,0,0],[0,0,0,0],[0,0,0,0,0],[0,0,0,0,0]],""d"":20500}","w63060003",813,4,"0.00",0
2831,5547,"{""c"":[0,0.15,0.01,0.01,0,0.86],""m"":[[2.73,13,4,15],[0,0,0,0],[0,0,0,0],[0,0,0,0],[0,0,0,0,0],[0,0,0,0,0]],""t"":[[0,0,0,0],[0,0,34,4],[0,0,0,0],[0,0,0,0],[0,0,0,0,0],[0,0,0,0,0]],""g"":[[0,0,0,0],[0,0,0,0],[0,0,0,0],[0,0,0,0],[0,0,0,0,0],[0,0,0,0,0]],""d"":20500}","w63060003",813,4,"0.00",0
2832,5548,"{""c"":[0,0.15,0.15,0.01,0,0.86],""m"":[[4.99,19,1,20],[0,0,0,0],[0,0,0,0],[0,0,0,0],[0,0,0,0,0],[0,0,0,0,0]],""t"":[[0,0,0,0],[0.96,1.75,5,3],[2.02,3,4,4],[0,0,0,0],[0,0,0,0,0],[0,0,0,0,0]],""g"":[[0,0,0,0],[0,0,0,0],[0,0,0,0],[0,0,0,0],[0,0,0,0,0],[0,0,0,0,0]],""d"":20500}","w63060003",813,4,"0.00",0
2833,5549,"{""c"":[0,0.57],""m"":[[0,0,0,0],[5.5,30,0,30]],""t"":[[0,0,0,0],[0,0,0,0]],""g"":[[0,0,0,0],[0,0,0,0]],""d"":20476}","w63060003",776,3,"0.00",0
2835,5550,"{""c"":[0,0.01,0.01,0.01,0,0.86],""m"":[[0,0,0,0],[0,0,0,0],[0,0,0,0],[0,0,0,0],[0,0,0,0,0],[0,0,0,0,0]],""t"":[[0,0,0,0],[0,0,0,0],[0,0,0,0],[0,0,0,0],[0,0,0,0,0],[0,0,0,0,0]],""g"":[[0,0,0,0],[0,0,0,0],[0,0,0,0],[0,0,0,0],[0,0,0,0,0],[0,0,0,0,0]],""d"":20500}","w63060003",813,4,"0.00",0
2836,5551,"{""c"":[0,0.15,0.01,0.15,0,0.86],""m"":[[4.16,22,3,25],[0,0,0,0],[0,0,0,0],[2.24,16,4,20],[0,0,0,0,0],[0,0,0,0,0]],""t"":[[2.23,2.5,6,4],[0.96,2,4,3],[0,0,0,0],[3.46,5,22,9],[0,0,0,0,0],[0,0,0,0,0]],""g"":[[0,0,0,0],[0,0,0,0],[0,0,0,0],[2.36,59,22,71],[0,0,0,0,0],[0,0,0,0,0]],""d"":20500}","w63060003",813,4,"0.00",0
2838,5553,"{""c"":[0,0.29,0,0.57,0.86],""m"":[[9.86,176,4,180],[14.91,168,3,171],[0,0,0,0],[15.99,167,6,172],[5.79,181,7,188]],""t"":[[0,0,0,0],[0,0,0,0],[0,0,0,0],[0,0,0,0],[0,0,0,0]],""g"":[[0,0,0,0],[0,0,0,0],[0,0,0,0],[0,0,0,0],[0,0,0,0]],""d"":20495}","j18780413",788,1,"0.00",0
2840,5554,"{""c"":[0,0.29,0.01,0.01,0,0.86],""m"":[[0,0,0,0],[4.57,17,3,20],[0,0,0,0],[0,0,0,0],[0,0,0,0,0],[0,0,0,0,0]],""t"":[[0,0,0,0],[2.21,2.75,1,3],[0,0,0,0],[0,0,0,0],[0,0,0,0,0],[0,0,0,0,0]],""g"":[[0,0,0,0],[0,0,0,0],[0,0,0,0],[0,0,0,0],[0,0,0,0,0],[0,0,0,0,0]],""d"":20500}","w63060003",813,4,"0.00",0
2841,5555,"{""c"":[0,0.29,0.15,0.01,0,0.86],""m"":[[0,0,0,0],[11.96,43,39,60],[0,0,0,0],[0,0,0,0],[0,0,0,0,0],[0,0,0,0,0]],""t"":[[0,0,124,12],[0,0,49,5],[0.48,3,7,4],[0,0,0,0],[0,0,0,0,0],[0,0,0,0,0]],""g"":[[0,0,0,0],[0,0,0,0],[0,0,0,0],[0,0,0,0],[0,0,0,0,0],[0,0,0,0,0]],""d"":20500}","w63060003",813,4,"0.00",0
2842,5557,"{""c"":[0,0.43,0.29,0.72,0,0.86],""m"":[[36.42,178,48,200],[13.74,75,11,85],[3.15,15,0,15],[3.84,15,6,20],[0,0,0,0,0],[0,0,0,0,0]],""t"":[[1.8,2,10,4],[3.32,6.5,6,8],[3.62,6,4,7],[6.84,6.75,33,13],[0,0,0,0,0],[3,2.5,6,5,1.2]],""g"":[[4.64,116,54,138],[0,0,0,0],[0,0,0,0],[0,0,0,0],[0,0,0,0,0],[0,0,0,0,0]],""d"":20501}","g36081723",813,4,"2.00",1
2843,5558,"{""c"":[0,0.15,0.15,0.15,0,0.86],""m"":[[0,0,0,0],[0,0,0,0],[0,0,0,0],[1.82,13,18,20],[0,0,0,0,0],[0,0,0,0,0]],""t"":[[0,0,0,0],[0,0,28,3],[0,0,29,4],[0,0,76,5],[0,0,0,0,0],[0,0,0,0,0]],""g"":[[0,0,0,0],[0,0,0,0],[0,0,0,0],[0,0,0,0],[0,0,0,0,0],[0,0,0,0,0]],""d"":20500}","w63060003",813,4,"0.00",0
2844,5559,"{""c"":[0],""m"":[[0,0,0,0]],""t"":[[0,0,0,0]],""g"":[[0,0,0,0]],""d"":20485}","w63060003",823,2,"0.00",0
2845,5560,"{""c"":[0,0.15,0.01,0.01,0,0.86],""m"":[[2.05,5,0,5],[1.82,13,9,20],[0,0,0,0],[0,0,0,0],[0,0,0,0,0],[0,0,0,0,0]],""t"":[[0,0,0,0],[0.29,1,44,7],[0,0,0,0],[0,0,0,0],[0,0,0,0,0],[0,0,0,0,0]],""g"":[[0,0,0,0],[0,0,0,0],[0,0,0,0],[0,0,0,0],[0,0,0,0,0],[0,0,0,0,0]],""d"":20500}","w63060003",813,4,"0.00",0
2847,5562,"{""c"":[0,0.15,0.01,0.15,0,0.86],""m"":[[0,0,0,0],[0,20,0,20],[0,0,0,0],[0,0,0,0],[0,0,0,0,0],[0,0,0,0,0]],""t"":[[0,0,44,4],[0,0,0,0],[0,0,0,0],[1.5,1.5,45,5],[0,0,0,0,0],[0,0,0,0,0]],""g"":[[0,0,0,0],[0,0,0,0],[0,0,0,0],[0,0,0,0],[0,0,0,0,0],[0,0,0,0,0]],""d"":20500}","w63060003",813,4,"0.00",0
2850,5563,"{""c"":[0,0.15,0.15,0.15,0,0.86],""m"":[[0,0,0,0],[0,0,0,0],[2.52,18,3,20],[0,0,0,0],[0,0,0,0,0],[0,0,0,0,0]],""t"":[[0,0,0,0],[0.67,1.25,8,3],[2.45,3.25,3,4],[1.5,1.5,25,5],[0,0,0,0,0],[0,0,0,0,0]],""g"":[[0,0,0,0],[0,0,0,0],[0,0,0,0],[0,0,0,0],[0,0,0,0,0],[0,0,0,0,0]],""d"":20500}","w63060003",813,4,"0.00",0
2851,5564,"{""c"":[0,0.15,0.01,0.15,0,0.86],""m"":[[1.23,3,5,5],[0,0,0,0],[0,0,0,0],[4.2,30,15,40],[0,0,0,0,0],[0,0,0,0,0]],""t"":[[0,0,0,0],[0,0.5,20,4],[0,0,0,0],[4.87,6.5,35,12],[0,0,0,0,0],[0,0,0,0,0]],""g"":[[0,0,0,0],[0,0,0,0],[0,0,0,0],[0,0,0,0],[0,0,0,0,0],[0,0,0,0,0]],""d"":20500}","w63060003",813,4,"0.00",0
2852,5565,"{""c"":[0,1],""m"":[[0,0,0,0],[0.8,80,0,80]],""t"":[[0,0,0,0],[0,0,0,0]],""g"":[[0,0,0,0],[16.5,150,5,155]],""d"":20487}","q11068123",823,2,"0.00",0
2853,5566,"{""c"": [], ""m"": [], ""t"": [], ""g"": [], ""d"": null}","w63060003",NULL,4,"0.00",0
2854,5567,"{""c"":[0,0.01,0.01,0.57,0.14,0.86],""m"":[[0,0,0,0],[0,0,0,0],[0,0,0,0],[41.6,315,0,315],[3.78,18,2,20],[0,0,0,0,0]],""t"":[[0,0,0,0],[0,0,0,0],[0,0,0,0],[39.66,27.5,6,29],[0,0,0,0],[0,0,0,0,0]],""g"":[[0,0,0,0],[0,0,0,0],[0,0,0,0],[2.86,11,1,12],[2.6,10,14,13],[0,0,0,0,0]],""d"":20500}","668160063",813,1,"0.00",0
2856,5569,"{""c"":[0,0.71],""m"":[[0,0,0,0],[0,0,0,0]],""t"":[[0,0,0,0],[0,0,0,0]],""g"":[[0,0,0,0],[0,0,0,0]],""d"":20473}","w63060003",776,3,"0.00",0
2857,5570,"{""c"":[0,0.01,0.01,0.29,0,0.86],""m"":[[0,0,0,0],[0,0,0,0],[0,0,0,0],[19.65,94,18,105],[0,0,0,0,0],[0,0,0,0,0]],""t"":[[0,0,0,0],[0,0,0,0],[0,0,0,0],[2.16,4,4,5],[0,0,0,0,0],[0,0,0,0,0]],""g"":[[0,0,0,0],[0,0,0,0],[0,0,0,0],[0,0,0,0],[0,0,0,0,0],[0,0,0,0,0]],""d"":20500}","w63060003",813,4,"0.00",0
2860,5573,"{""c"":[0,0.15,0.15,0.29,0,0.86],""m"":[[0,0,0,0],[0,0,0,0],[0,0,0,0],[2.24,16,5,20],[0,0,0,0,0],[0,0,0,0,0]],""t"":[[0,0,70,4],[0.29,0.75,13,3],[0.48,1.75,9,4],[2.1,2.5,15,5],[0,0,0,0,0],[0,0,0,0,0]],""g"":[[0,0,0,0],[0,0,0,0],[0,0,0,0],[0,0,0,0],[0,0,0,0,0],[0,0,0,0,0]],""d"":20500}","543770023",813,4,"0.00",0
2862,5575,"{""c"":[0,0.43,0.15,0.15,0,0.86],""m"":[[27.39,116,7,121],[8.67,35,6,40],[0,0,0,0],[0,0,0,0],[0,0,0,0,0],[0,0,0,0,0]],""t"":[[0,0,0,0],[0,0,128,7],[0,0,51,4],[0.6,0.75,32,5],[0,0,0,0,0],[0,0,0,0,0]],""g"":[[0,0,0,0],[0,0,0,0],[0.56,14,116,57],[0,0,0,0],[0,0,0,0,0],[0,0,0,0,0]],""d"":20500}","q48182973",813,4,"0.00",0
2863,5576,"{""c"":[0,0,0,0.43],""m"":[[0,0,0,0],[0,0,0,0],[0,0,0,0],[0,0,0,0]],""t"":[[0,0,0,0],[0,0,0,0],[0,0,0,0],[0,0,0,0]],""g"":[[0,0,0,0],[0,0,0,0],[0,0,0,0],[0,0,0,0]],""d"":20489}","w63060003",762,1,"0.00",0
2864,5577,"{""c"":[1],""m"":[[0,20,0,20]],""t"":[[0,0,0,0]],""g"":[[0,0,0,0]],""d"":20467}","w63060003",NULL,5,"0.00",0
2865,5578,"{""c"":[1],""m"":[[0,0,0,0]],""t"":[[1.8,2,4,3]],""g"":[[0,0,0,0]],""d"":20479}","w63060003",NULL,4,"0.00",0
2870,2843,"{""c"":[0.57,0,0.43],""m"":[[12.5,95,3,98],[0,0,0,0],[0,0,0,0]],""t"":[[0,0,0,0],[0,0,0,0],[0,0,0,0]],""g"":[[0,0,0,0],[0,0,0,0],[0,0,0,0]],""d"":20482}","x63160b73",788,1,"0.00",0
2874,5579,"{""c"":[0],""m"":[[0,0,0,0]],""t"":[[0,0,0,0]],""g"":[[0,0,0,0]],""d"":20485}","w63060003",823,2,"0.00",0
2875,5580,"{""c"":[0,0,0,0.71],""m"":[[4.64,25,6,30],[0,0,0,0],[0,0,0,0],[0,0,0,0]],""t"":[[1.8,2,4,3],[0,0,0,0],[0,0,0,0],[0,0,0,0]],""g"":[[0,0,0,0],[0,0,0,0],[0,0,0,0],[0,0,0,0]],""d"":20487}","p61086703",821,4,"0.00",0
2877,5582,"{""c"":[0],""m"":[[0,0,0,0]],""t"":[[0,0,0,0]],""g"":[[0,0,0,0]],""d"":20485}","w63060003",823,2,"0.00",0
2878,5584,"{""c"":[1],""m"":[[0,0,0,0]],""t"":[[0.72,1.5,2,2]],""g"":[[0,0,0,0]],""d"":20469}","w63060003",NULL,4,"0.00",0
2884,5585,"{""c"":[0,1],""m"":[[0,0,0,0],[0,0,0,0]],""t"":[[0,0,0,0],[0,0,0,0]],""g"":[[0,0,0,0],[1.21,11,8,15]],""d"":20486}","0630640c3",823,2,"0.00",0
2901,5587,"{""c"":[0.86],""m"":[[0,26,4,30]],""t"":[[2.1,7,17,10]],""g"":[[3.28,102,31,123]],""d"":20475}","w63060003",NULL,4,"0.00",0
2911,5591,"{""c"":[0,0.3,0,0.71,0.86],""m"":[[0,0,0,0],[1,20,0,20],[0,0,0,0],[0,20,0,20],[5.94,22,3,25]],""t"":[[1.44,2.75,9,5],[3.3,9,12,12],[0,0,0,0],[2.4,4.5,2,5],[2.32,4.75,5,6]],""g"":[[1,25,1,26],[0,0,0,0],[0,0,0,0],[9.2,334,97,390],[3.24,81,12,90]],""d"":20496}","w63060003",633,4,"0.00",0
2912,5594,"{""c"":[0,0.15,0.14,0.43,0.01,0.86],""m"":[[0,0,0,0],[0.9,18,3,20],[0,0,0,0],[1.96,14,10,20],[0,0,0,0],[0,20,0,20,0]],""t"":[[0,0,0,0],[3.6,4.25,10,6],[0,1,0,1],[0,0,0,0],[0,0,0,0],[0,0,0,0,0]],""g"":[[0,0,0,0],[0,0,0,0],[2.96,148,16,159],[2.96,102,36,127],[0,0,0,0],[0,0,0,0,0]],""d"":20501}","w63060603",633,4,"0.00",0
2914,5595,"{""c"":[0,0.14,0.29,0.71,1],""m"":[[7.36,54,8,60],[8.12,29,5,30],[7.2,64,6,70],[167.25,952,12,964],[25.03,277,1,278]],""t"":[[0,0,0,0],[0,0,0,0],[3.4,3,74,10],[7.76,4,12,5],[2.91,2,14,5]],""g"":[[0,0,0,0],[4.94,19,3,22],[15.86,61,5,65],[5.2,20,0,20],[9.36,36,1,37]],""d"":20496}","g03080963",772,1,"0.00",0
2916,5596,"{""c"":[0,0.28,0.43,0.14,0.71],""m"":[[11.36,94,6,100],[18.9,141,9,150],[6.98,62,10,70],[16.71,158,7,165],[3.49,39,1,40]],""t"":[[0,0,0,0],[0,0,0,0],[16.49,9.25,3,10],[43.98,24,4,25],[8.73,4.75,1,5]],""g"":[[0,0,0,0],[10.4,40,4,44],[16.12,62,3,65],[5.2,20,0,20],[15.6,60,4,64]],""d"":20495}","821074036",772,1,"0.00",0
2917,5597,"{""c"":[0,0.01,0.14,0.71,0.86],""m"":[[0,0,0,0],[0,0,0,0],[0.9,18,2,20],[1.82,30,29,40],[9.5,30,10,35]],""t"":[[0,1,0,1],[0,0,0,0],[0,0,6,1],[0,0,10,2],[0,0,0,0]],""g"":[[0,0,0,0],[0,0,0,0],[0,126,58,164],[4.68,144,305,281],[1.8,45,219,133]],""d"":20496}","w63060203",633,4,"0.00",0
2919,5598,"{""c"":[0.57,0.14,0,0.43],""m"":[[1.02,437,3,440],[7.22,38,5,40],[0,0,0,0],[3.8,20,0,20]],""t"":[[0,0,0,0],[0,0,0,0],[0,0,0,0],[0,0,0,0]],""g"":[[0,0,0,0],[0,0,0,0],[0,0,0,0],[0,0,0,0]],""d"":20490}","w63060003",NULL,5,"0.00",0
2920,5599,"{""c"":[0,0.57,0.43,0.42,1],""m"":[[861.66,5208,86,5290],[364.24,1874,45,1915],[58.11,419,14,431],[79.32,397,12,409],[89.93,483,12,494]],""t"":[[52.4,43.25,15,47],[0,0,0,0],[7.28,5.75,29,11],[5.33,3.75,5,5],[3.4,2.75,18,5]],""g"":[[0.26,1,0,1],[44.72,172,8,179],[19.5,75,1,76],[5.2,20,0,20],[8.32,32,7,37]],""d"":20495}","v47160026",772,1,"0.00",3
2923,5601,"{""c"":[0,0.28,0.44,0.29,0.86],""m"":[[118.85,985,33,1010],[17.99,86,4,90],[7.6,68,4,71],[17.97,162,15,175],[20.07,184,17,198]],""t"":[[0,0,0,0],[0,0,0,0],[6.79,5.5,20,10],[4.85,3.5,6,5],[6.79,3.75,6,5]],""g"":[[0,0,0,0],[5.46,21,1,22],[16.12,62,4,65],[4.94,19,1,20],[5.72,22,26,32]],""d"":20496}","v17762021",772,1,"0.00",0
2929,5607,"{""c"":[0,0.57,0.42,0.43,0.72],""m"":[[4.86,39,1,40],[10.97,95,7,100],[7.81,69,1,70],[3.11,39,1,40],[3.49,39,1,40]],""t"":[[0,0,0,0],[24.23,21,16,25],[10.67,6.75,20,10],[17.27,15,20,20],[8.24,4.5,2,5]],""g"":[[0,0,0,0],[5.46,21,1,22],[0,0,0,0],[5.2,20,0,20],[0,0,0,0]],""d"":20495}","004089093",772,1,"0.00",0
2931,5609,"{""c"":[1],""m"":[[0.39,39,1,40]],""t"":[[0,0,0,0]],""g"":[[0,0,0,0]],""d"":20468}","w63060003",NULL,1,"0.00",0
2940,5623,"{""c"":[0.71,0.57,0.57,0.71,0.57,1],""m"":[[0.2,2,4,3],[1.27,28,12,32],[5.4,66,14,70],[10.53,204,66,237],[6.65,95,8,99,0.03],[0.7,10,1,11,0.07]],""t"":[[0,0,0,0],[0,0,0,0],[0,0,0,0],[0,0,0,0],[0,0,0,0],[0,0,0,0,0]],""g"":[[0,0,0,0],[0,0,0,0],[0,0,0,0],[0,0,0,0],[0,0,0,0],[0,0,0,0,0]],""d"":20500}","w63060003",NULL,2,"0.00",0
2942,5624,"{""c"": [], ""m"": [], ""t"": [], ""g"": [], ""d"": null}","w63060003",NULL,5,"0.00",0
2946,5626,"{""c"":[1],""m"":[[4.64,177,3,180]],""t"":[[0,0,0,0]],""g"":[[0,0,0,0]],""d"":20468}","w63060003",NULL,3,"0.00",0
2948,5627,"{""c"": [], ""m"": [], ""t"": [], ""g"": [], ""d"": null}","w63060003",NULL,2,"0.00",0
2949,5628,"{""c"":[0,0,0,0.86],""m"":[[0,0,0,0],[0,0,0,0],[0,0,0,0],[2.72,17,3,20]],""t"":[[0,0,0,0],[0,0,0,0],[0,0,0,0],[0,0,0,0]],""g"":[[0,0,0,0],[0,0,0,0],[0,0,0,0],[0,0,0,0]],""d"":20487}","w63060003",568,4,"0.00",0
2950,5629,"{""c"":[1],""m"":[[1.8,40,0,40]],""t"":[[0,0,0,0]],""g"":[[0,0,0,0]],""d"":20468}","w63060003",NULL,2,"0.00",0
2951,5630,"{""c"": [], ""m"": [], ""t"": [], ""g"": [], ""d"": null}","w63060003",NULL,3,"0.00",0
2953,5631,"{""c"": [], ""m"": [], ""t"": [], ""g"": [], ""d"": null}","w63060003",NULL,3,"0.00",0
2956,2781,"{""c"":[0.72,0.43,0.28,0.14,0,0.86],""m"":[[41.78,256,6,260],[51.8,300,0,300],[11.4,38,2,40],[0,0,0,0],[0,0,0,0,0],[8.19,39,1,40,0.21]],""t"":[[0,0,0,0],[0,0,0,0],[0,0,0,0],[0,0,0,0],[0,0,0,0,0],[0,0,0,0,0]],""g"":[[14.56,56,26,72],[29.12,112,63,153],[6.76,26,0,26],[22.62,87,30,101],[0,0,0,0,0],[0,0,0,0,0]],""d"":20501}","w63060003",NULL,1,"0.00",0
2958,5633,"{""c"":[0,0,0,0.86],""m"":[[0,0,0,0],[0,0,0,0],[0,0,0,0],[3.04,19,2,20]],""t"":[[0,0,0,0],[0,0,0,0],[0,0,0,0],[0,0,0,0]],""g"":[[0,0,0,0],[0,0,0,0],[0,0,0,0],[0,0,0,0]],""d"":20487}","q33172783",568,4,"0.00",0
2960,5635,"{""c"":[0.72,0.44,0.29,0,0.72],""m"":[[0,99,1,100],[7.32,60,5,65],[0.54,3,4,4],[0,0,0,0],[0,96,4,100]],""t"":[[0,0,0,0],[1.44,2.75,5,4],[0.6,1.25,7,3],[0,0,0,0],[0,0,0,0]],""g"":[[0,0,0,0],[1.56,39,13,48],[0,0,0,0],[0,0,0,0],[0,0,0,0]],""d"":20495}","d88779022",644,4,"0.00",0
2961,5636,"{""c"":[0.29,0.86],""m"":[[0,159,2,161],[5.76,36,4,40]],""t"":[[0,0,0,0],[0,0,0,0]],""g"":[[0,0,0,0],[0,0,0,0]],""d"":20487}","o65082083",568,4,"0.00",1
2963,1159,"{""c"":[0.71,0,0.14,0.43],""m"":[[0,3,0,3],[0,0,0,0],[0,0,0,0],[0,0,0,0]],""t"":[[0,0,7,1],[0,0,0,0],[0.6,0.75,1,1],[7.5,11.75,28,17]],""g"":[[0,0,0,0],[0,0,0,0],[0,0,0,0],[0,0,0,0]],""d"":20490}","w63060003",748,4,"0.00",0
2965,1160,"{""c"":[1,0.15,0.14,0,0.57],""m"":[[0,0,0,0],[0,0,0,0],[0,0,0,0],[0,0,0,0],[0,0,0,0]],""t"":[[0.36,0.75,1,1],[1.44,2.25,88,11],[0.72,1.5,17,5],[0,0,0,0],[0,4.75,1,5]],""g"":[[0,0,0,0],[0,0,0,0],[0,0,0,0],[0,0,0,0],[0,0,0,0]],""d"":20496}","w63060003",748,4,"0.00",0
2966,1148,"{""c"":[1],""m"":[[0,0,0,0]],""t"":[[0.6,0.75,74,5]],""g"":[[0,0,0,0]],""d"":20496}","w63060003",748,4,"0.00",0
2967,1134,"{""c"":[0.14,0,0.57],""m"":[[0,0,0,0],[0,0,0,0],[0,0,0,0]],""t"":[[0,4.25,3,5],[0,0,0,0],[0.36,1.25,26,5]],""g"":[[0,0,0,0],[0,0,0,0],[0,0,0,0]],""d"":20496}","w63060003",748,4,"0.00",0
2968,1156,"{""c"":[0.71,0,0.14,0.57],""m"":[[0,0,0,0],[0,0,0,0],[0,0,0,0],[0,0,0,0]],""t"":[[5.76,8,12,10],[0,0,0,0],[2.16,4,4,5],[1.08,3,8,5]],""g"":[[0,0,0,0],[0,0,0,0],[0,0,0,0],[0,0,0,0]],""d"":20496}","w63060003",748,4,"0.00",0
2971,1141,"{""c"":[0.71,0.14,1],""m"":[[0,0,0,0],[0,0,0,0],[2.94,14,2,15,0.21]],""t"":[[0,3.25,7,5],[0.36,1.25,23,5],[0,0,0,0,0]],""g"":[[0,0,0,0],[0,0,0,0],[0,0,0,0,0]],""d"":20500}","w63060003",748,4,"0.00",0
2974,1150,"{""c"":[0.71,0,0,0,0.57],""m"":[[0,0,0,0],[0,0,0,0],[0,0,0,0],[0,0,0,0],[0,0,0,0]],""t"":[[0,4.75,1,5],[0,0,0,0],[0,0,0,0],[0,0,0,0],[4.68,7,40,15]],""g"":[[0,0,0,0],[0,0,0,0],[0,0,0,0],[0,0,0,0],[0,0,0,0]],""d"":20496}","w63060003",748,4,"0.00",0
2977,1158,"{""c"":[0.71,0,0.15,0.57],""m"":[[0,0,0,0],[0,0,0,0],[0,56,5,60],[0,19,1,20]],""t"":[[4.08,5.5,18,10],[0,0,0,0],[0,0,0,0],[2.52,9.25,29,15]],""g"":[[0,0,0,0],[0,0,0,0],[0,0,0,0],[0,0,0,0]],""d"":20490}","w63060003",748,4,"0.00",0
2982,1139,"{""c"":[0.57,0,0.14,0.14,0.57],""m"":[[0,0,0,0],[0,0,0,0],[0,0,0,0],[0,0,0,0],[0,0,0,0]],""t"":[[1.08,3,8,5],[0,0,0,0],[0.6,1.25,24,5],[2.7,3.5,12,6],[1.8,1.75,1,2]],""g"":[[0,0,0,0],[0,0,0,0],[0,0,0,0],[0,0,0,0],[0,0,0,0]],""d"":20496}","w63060003",748,4,"0.00",0
2984,1149,"{""c"":[1],""m"":[[0,0,0,0]],""t"":[[0.3,1,20,5]],""g"":[[0,0,0,0]],""d"":20479}","w63060003",748,4,"0.00",0
2985,1146,"{""c"":[0.57,0.14,0,0.57],""m"":[[0,0,0,0],[0,0,0,0],[0,0,0,0],[0,0,0,0]],""t"":[[1.8,3,10,5],[0,0,0,0],[0,0,0,0],[0,4.5,2,5]],""g"":[[0,0,0,0],[0,0,0,0],[0,0,0,0],[0,0,0,0]],""d"":20496}","w63060003",748,4,"0.00",0
2988,1143,"{""c"":[1],""m"":[[0,0,0,0]],""t"":[[0.72,2.5,13,5]],""g"":[[0,0,0,0]],""d"":20474}","w63060003",748,4,"0.00",0
2990,1135,"{""c"":[1],""m"":[[0,0,0,0]],""t"":[[0,0,0,0]],""g"":[[0.8,20,139,71]],""d"":20488}","w63060003",748,4,"0.00",0
2992,1132,"{""c"":[0.14,0,1],""m"":[[0,0,0,0],[0,0,0,0],[0,0,0,0]],""t"":[[3.6,5,0,5],[0,0,0,0],[1.08,2.25,12,5]],""g"":[[0,0,0,0],[0,0,0,0],[0,0,0,0]],""d"":20486}","w63060003",748,4,"0.00",0
2994,5639,"{""c"": [], ""m"": [], ""t"": [], ""g"": [], ""d"": null}","w63060003",NULL,4,"0.00",0
2999,5641,"{""c"":[0,0.57,0.57,0.43,0,1],""m"":[[23.02,138,11,143],[87.3,549,9,558],[32.5,136,4,140],[29.9,110,0,110],[0,0,0,0],[69.77,189,14,200,0.37]],""t"":[[16.17,8.75,75,20],[6.19,4.5,72,16],[9.08,2.5,19,5],[0,8.25,31,15],[0,0,0,0],[0,0,0,0,0]],""g"":[[10.98,61,6,65],[0,0,0,0],[10.08,56,14,64],[14.04,78,35,95],[0,0,0,0],[0,0,0,0,0]],""d"":20501}","p04014b13",769,3,"5.00",0
3003,5642,"{""c"":[0,0.71,0.28,0.14,0.43],""m"":[[196.53,2115,70,2177],[160.36,1584,71,1645],[8.84,17,6,20],[17.68,34,10,40],[0,0,0,0]],""t"":[[2.17,1,57,6],[2.27,1,222,18],[0,0,51,5],[0,0,46,5],[0,0,0,0]],""g"":[[0,0,0,0],[0,0,0,0],[19.8,110,36,128],[2.52,14,11,22],[0,0,0,0]],""d"":20496}","s401498a1",769,3,"0.00",0
3004,5643,"{""c"":[0,0.71,0.29,0.29,0.57],""m"":[[18.26,77,19,89],[57.44,313,27,328],[18.2,35,8,40],[30.59,254,6,260],[0,0,0,0]],""t"":[[0,0,0,0],[21.48,9.5,144,24],[18.03,7.75,51,15],[1.7,9.75,1,10],[10.83,3.75,45,10]],""g"":[[0,0,0,0],[0,0,0,0],[10.08,56,22,64],[3.42,19,8,22],[0,0,0,0]],""d"":20496}","o45762c23",769,3,"0.00",0
3005,5644,"{""c"":[0,0.72,0.43,0.14,0.43],""m"":[[36.32,432,11,441],[22.35,51,5,55],[26.84,133,7,140],[20.28,39,1,40],[8.5,25,5,30,0.34]],""t"":[[0,0,0,0],[34.04,14.25,59,24],[21.44,7.5,12,10],[0,0,0,0],[0,0,0,0]],""g"":[[0,0,0,0],[0,0,0,0],[9.72,54,23,64],[3.24,18,10,22],[0,0,0,0]],""d"":20497}","o43074743",769,3,"0.00",0
3006,5645,"{""c"":[0,0.57,0.72,0.72,0.42],""m"":[[16.55,117,6,122],[79.77,710,11,720],[41.58,129,8,136],[45.1,355,7,362],[25.67,70,8,76,0.34]],""t"":[[6.62,4.75,13,8],[17.11,9.75,31,16],[19.07,6.5,84,18],[3.92,10.5,28,15],[10.95,3.5,57,10]],""g"":[[0,0,0,0],[0,0,0,0],[10.26,57,13,64],[15.48,86,14,95],[0,0,0,0]],""d"":20499}","943010620",769,3,"0.00",0
3007,5647,"{""c"":[0,0.57,0.72,0.44,0.71],""m"":[[4.92,46,8,51],[44.4,117,25,130],[28.08,54,6,60],[17.44,32,13,40],[23.3,53,7,60]],""t"":[[0,0,0,0],[8.39,5,155,16],[10.36,3.75,81,15],[21.84,12.25,48,20],[0,0,0,0]],""g"":[[0,0,0,0],[0,0,0,0],[9.36,52,37,64],[15.84,88,7,95],[0,0,0,0]],""d"":20496}","o25054003",769,3,"0.00",0
3009,5648,"{""c"":[0,0.57,0.72,0.57,0.86],""m"":[[9.94,48,14,54],[119.45,1294,14,1305],[80.76,501,19,510],[31.49,57,3,60],[16.72,47,4,51,0.34]],""t"":[[6.28,3,25,8],[12.44,3.75,100,13],[10.89,4,44,10],[5.22,11.25,15,15],[14.03,5.25,160,20]],""g"":[[0,0,0,0],[9.54,53,23,68],[14.22,79,15,86],[11.52,64,20,73],[0,0,0,0]],""d"":20497}","m48062003",769,3,"0.00",0
3011,5650,"{""c"":[0,0.86,0.58,0.86,0.86],""m"":[[441.37,875,116,939],[457.78,1083,96,1133],[395.82,929,35,962],[367.61,776,26,802],[204.26,547,12,559]],""t"":[[7.85,3,0,3],[5.93,3,143,21],[4.59,2,80,12],[1.7,6.75,22,12],[0,0,0,0]],""g"":[[3.96,22,10,28],[0,0,0,0],[10.62,59,17,66],[102.6,570,184,661],[0,0,0,0]],""d"":20496}","n57670020",769,3,"0.00",1
3012,5651,"{""c"":[0,0.71,0.58,0.14,0.57],""m"":[[35.96,110,16,116],[37.46,95,4,98],[19.76,38,10,40],[20.28,39,1,40],[18.72,45,10,50]],""t"":[[52.05,32.75,52,45],[720.7,348.75,192,386],[26.17,10.75,40,15],[0,0,0,0],[4.79,5.25,187,30]],""g"":[[0,0,0,0],[10.44,58,30,73],[9.72,54,21,64],[3.24,18,6,22],[0,0,0,0]],""d"":20496}","g19162022",769,3,"0.00",0
3013,5652,"{""c"":[1,0.72,0.58,0.43,0.42,1],""m"":[[188.77,1628,13,1641],[100.43,712,39,726],[44.04,275,6,281],[46.23,111,2,112],[24.6,60,17,70,0.34],[3.06,9,1,10,0.34]],""t"":[[7.85,3,0,3],[41.71,12.25,18,16],[9.59,3.25,52,10],[0,8.5,9,10],[6.88,2.25,153,20],[0,0,8,1,3.63]],""g"":[[0,0,0,0],[0,0,0,0],[9.54,53,25,64],[15.3,85,19,96],[0,0,0,0],[0,0,0,0,0]],""d"":20500}","h15202336",769,3,"12.00",0
3014,5653,"{""c"":[0,0.71,0.29,0.71,0.71],""m"":[[35.57,145,14,153],[53.39,229,13,240],[19.24,37,4,40],[151.33,409,15,420],[15.92,44,7,50]],""t"":[[0,0.5,195,8],[7.79,5,185,28],[2.58,1.5,141,15],[0,3.5,57,15],[1.21,0.75,214,20]],""g"":[[0,0,0,0],[0,0,0,0],[10.8,60,7,66],[18.36,102,26,117],[0,0,0,0]],""d"":20496}","648775933",769,3,"0.00",0
3015,5654,"{""c"":[0.71,0.71,0.72,0.43,0.71],""m"":[[80.72,664,19,679],[88.01,638,9,646],[154.64,1171,21,1190],[48.63,99,1,100],[9.88,19,1,20]],""t"":[[5.42,3.25,7,5],[36.74,13.75,66,26],[9.87,4.25,29,10],[1.7,9.5,2,10],[12.48,4.25,32,10]],""g"":[[4.32,24,4,26],[0,0,0,0],[10.44,58,6,64],[16.02,89,6,95],[0,0,0,0]],""d"":20496}","g21250020",769,3,"0.00",0
3017,5656,"{""c"":[0,0.71,0.58,0.44,0.42,1],""m"":[[34.87,213,7,217],[102.17,1026,37,1055],[210.11,1091,24,1111],[9.36,18,2,20],[82.06,485,29,510,0.15],[29.75,87,4,90,0.34]],""t"":[[5.58,2,34,8],[19.67,4.75,64,13],[24.99,13.75,80,26],[6.51,11,137,30],[0,0,94,10],[0,0,0,0,0]],""g"":[[0,0,0,0],[0,0,0,0],[9.36,52,42,74],[10.98,61,136,117],[0,0,0,0],[0,0,0,0,0]],""d"":20500}","p38062083",769,3,"4.00",0
3018,5659,"{""c"":[0,0.71,0.57,0.86,0.86],""m"":[[74.13,165,10,171],[174.18,304,8,310],[92.2,169,16,179],[48.16,110,9,118],[15.21,39,8,45]],""t"":[[5.34,2.5,42,8],[3.38,2,80,13],[10.21,4.25,41,13],[8.22,7.75,93,20],[0,0,0,0]],""g"":[[0,0,0,0],[0,0,0,0],[8.82,49,30,64],[24.66,137,37,168],[0,0,0,0]],""d"":20496}","662842023",769,3,"0.00",2
3019,5658,"{""c"":[0,0.43,0.29,0.28,0.43],""m"":[[63.24,432,17,449],[21.98,68,2,70],[25.02,50,10,55],[20.09,37,6,40],[0,0,0,0]],""t"":[[4.86,12,62,18],[0.45,0.25,77,5],[0,0,0,0],[0,0,0,0],[0,0,0,0]],""g"":[[0,0,0,0],[0,0,0,0],[9.54,53,22,64],[3.24,18,8,22],[0,0,0,0]],""d"":20496}","p43068a23",769,3,"0.00",0
3020,5660,"{""c"":[1,0.71,0.72,0.71,0.71],""m"":[[159.43,763,27,784],[128.61,557,26,580],[230.83,855,79,885],[273.44,834,29,860],[21.58,61,11,70]],""t"":[[24.44,8.75,11,11],[20.07,11.25,45,20],[45.99,26,48,37],[21.15,26.5,17,30],[38.28,13.25,43,20]],""g"":[[0,0,0,0],[0,0,0,0],[31.86,177,24,189],[65.16,362,41,389],[10.98,61,28,75,0.18]],""d"":20497}","g480829c2",769,3,"0.00",3
3022,5662,"{""c"":[0,0.58,0.58,0.72,0.28],""m"":[[21.82,111,6,116],[65.32,538,58,585],[24.4,129,15,140],[25.76,48,31,60],[9.69,17,3,20]],""t"":[[7.23,13,34,18],[10.23,5,43,13],[4.83,2.25,56,10],[32.23,19.75,30,25],[0,4.25,24,10,null]],""g"":[[4.32,24,0,24],[0,0,0,0],[35.28,196,116,256],[15.12,84,22,95],[0,0,0,0]],""d"":20499}","w08760983",769,3,"0.00",0
3023,5663,"{""c"":[0,0.57,0.43,0.43,0.57],""m"":[[37.84,375,5,380],[113.83,681,13,693],[29.83,96,7,100],[35.49,73,19,80],[14.26,34,6,40]],""t"":[[3.92,1.75,9,3],[11.34,8.75,18,12],[5.05,3.25,62,15],[0,6.75,14,10],[0.36,0.25,88,10]],""g"":[[0,0,0,0],[13.86,77,25,85],[10.08,56,14,64],[13.68,76,31,95],[0,0,0,0]],""d"":20496}","g18173413",769,3,"0.00",0
3024,5664,"{""c"":[0.57,0.15,0,0.01,0.72],""m"":[[0,20,0,20],[3.15,59,1,60],[0,0,0,0],[0,0,0,0],[0,0,0,0]],""t"":[[0,0,0,0],[0,0,0,0],[0,0,0,0],[0,0,0,0],[1.8,2,51,5]],""g"":[[0,0,0,0],[0,0,0,0],[0,0,0,0],[0,0,0,0],[0,0,0,0]],""d"":20495}","g450560c6",816,4,"0.00",0
3025,5665,"{""c"":[0.57,0.14,0,0.71],""m"":[[0.19,19,0,19],[3.87,43,8,50],[0,0,0,0],[24.91,249,1,250]],""t"":[[0,0,0,0],[0,0,0,0],[0,0,0,0],[0,0,0,0]],""g"":[[0,0,0,0],[0,0,0,0],[0,0,0,0],[0,0,0,0]],""d"":20495}","w63060003",NULL,2,"0.00",0
3027,5667,"{""c"":[0,0.72,0.57,0.29,0.71],""m"":[[39.71,276,6,281],[47.68,311,14,325],[29.64,57,3,60],[31.02,56,4,60],[10.66,28,4,30,0.34]],""t"":[[15.59,5.75,9,8],[27.49,9.25,20,13],[30.52,8.5,6,10],[1.7,9.25,3,10],[33.49,10.25,102,20]],""g"":[[0,31,0,31],[0,0,0,0],[9.54,53,27,64],[24.66,137,48,168],[0,0,0,0]],""d"":20497}","p63062023",769,3,"0.00",0
3028,5668,"{""c"":[0.86,1],""m"":[[20.82,210,2,212],[13.03,139,20,150]],""t"":[[4.15,5,0,5],[3.78,5,23,10]],""g"":[[15.62,142,82,183],[7.92,72,25,89]],""d"":20474}","w63060003",NULL,2,"0.00",0
3031,5671,"{""c"":[0,0.71,0.15,0.43,0.86],""m"":[[62.63,226,13,236],[20.67,47,10,55],[8.32,16,4,20],[47.51,88,14,100],[16.38,45,6,50,0.34]],""t"":[[0,0,0,0],[31.63,11.5,46,18],[25.49,7.5,134,18],[0,5.25,66,15],[0,0.25,234,20]],""g"":[[0,0,0,0],[0,0,0,0],[9.9,55,20,64],[12.6,70,54,95],[0,0,0,0]],""d"":20497}","p24016b13",769,3,"0.00",0
3036,5674,"{""c"":[0,0.72,0.28,0.28,0.71],""m"":[[0.2,20,0,20],[49.22,444,6,450],[21.59,119,1,120],[19.3,155,0,155],[11.97,57,3,60]],""t"":[[0,0,0,0],[0,0,0,0],[0,0,0,0],[0,0,0,0],[0,0,0,0]],""g"":[[0,0,0,0],[1.04,4,2,5],[0,0,0,0],[0,0,0,0],[0,0,0,0]],""d"":20496}","x08170303",827,1,"0.00",0
3037,5675,"{""c"":[0,0.58,0.14,0,0.57],""m"":[[0,0,0,0],[32.85,299,5,304],[3.6,20,0,20],[0,0,0,0],[3.24,18,2,20]],""t"":[[0,0,0,0],[0,0,0,0],[0,0,0,0],[0,0,0,0],[0,0,0,0]],""g"":[[0,0,0,0],[1.3,5,0,5],[0,0,0,0],[0,0,0,0],[0,0,0,0]],""d"":20496}","o350667a6",827,1,"0.00",0
3038,5676,"{""c"":[0,0.58,0.28,0.28,0.71],""m"":[[0.2,20,0,20],[25.9,350,5,355],[12.24,68,3,71],[31.48,203,4,206],[31.5,186,2,188]],""t"":[[0,0,0,0],[0,0,0,0],[0,0,0,0],[0,0,0,0],[0,0,0,0]],""g"":[[0,0,0,0],[1.3,5,0,5],[0,0,0,0],[0,0,0,0],[0,0,0,0]],""d"":20496}","l67009882",827,1,"0.00",0
3039,5677,"{""c"":[0,0.58,0.28,0.71],""m"":[[0.2,20,0,20],[10.04,100,12,110],[25.96,138,2,140],[6.9,75,0,75]],""t"":[[0,0,0,0],[0,0,0,0],[0,0,0,0],[0,0,0,0]],""g"":[[0,0,0,0],[1.3,5,0,5],[0,0,0,0],[0,0,0,0]],""d"":20489}","x48070026",827,1,"0.00",0
3040,5678,"{""c"":[0.57,1],""m"":[[1.6,20,0,20],[0.04,2,0,2]],""t"":[[0,0,0,0],[0,0,0,0]],""g"":[[0,0,0,0],[0,0,0,0]],""d"":20472}","w63060003",NULL,2,"0.00",0
3041,5679,"{""c"":[0,0.01,0.43,0.14,0.71],""m"":[[0.2,20,0,20],[0,0,0,0],[18.77,488,12,500],[20.49,205,13,215],[12.1,194,6,200]],""t"":[[0,0,0,0],[0,0,0,0],[0,0,0,0],[0,0,0,0],[0,0,0,0]],""g"":[[0,0,0,0],[0,0,0,0],[0,0,0,0],[0,0,0,0],[0,0,0,0]],""d"":20496}","w63060936",827,1,"0.00",0
3042,5680,"{""c"":[0,0.15,0.14,0.71],""m"":[[0.2,20,0,20],[7.07,81,6,85],[3.24,18,2,20],[16.76,110,5,115]],""t"":[[0,0,0,0],[0,0,0,0],[0,0,0,0],[0,0,0,0]],""g"":[[0,0,0,0],[1.3,5,0,5],[0,0,0,0],[0,0,0,0]],""d"":20489}","u43060983",827,1,"0.00",0
3043,5681,"{""c"":[0,0.58,0.14,0.28,0.71],""m"":[[0.2,20,0,20],[14.65,230,0,230],[1.4,20,0,20],[17,155,0,155],[8.4,72,0,72]],""t"":[[0,0,0,0],[0,0,0,0],[0,0,0,0],[0,0,0,0],[0,0,0,0]],""g"":[[0,0,0,0],[1.3,5,0,5],[0,0,0,0],[0,0,0,0],[0,0,0,0]],""d"":20496}","g18764023",827,1,"0.00",0
3044,5682,"{""c"":[0,0.3,0.28,0.14,0.71],""m"":[[0.2,20,0,20],[6.73,79,1,80],[3.8,38,2,40],[3.74,33,2,35],[13.25,116,4,120]],""t"":[[0,0,0,0],[0,0,0,0],[0,0,0,0],[0,0,0,0],[0,0,0,0]],""g"":[[0,0,0,0],[0,0,0,0],[0,0,0,0],[0,0,0,0],[0,0,0,0]],""d"":20496}","o63063a83",827,1,"0.00",0
3045,5683,"{""c"":[0,0.72,0.14,0.28,1],""m"":[[0,0,0,0],[21.97,183,14,195],[3.6,20,0,20],[4.47,72,3,75],[16.87,139,1,140]],""t"":[[0,0,0,0],[0,0,0,0],[0,0,0,0],[0,0.5,25,5],[0,0,0,0]],""g"":[[0,0,0,0],[1.04,4,1,5],[0,0,0,0],[0,0,0,0],[0,0,0,0]],""d"":20493}","p83066093",827,1,"0.00",0
3046,5684,"{""c"":[0,0.58,0.14,0.28,0.57],""m"":[[0.2,20,0,20],[19.94,331,4,335],[8.29,87,0,87],[21.96,133,2,135],[9,50,2,52]],""t"":[[0,0,0,0],[0,0,0,0],[0,0,0,0],[0,0,0,0],[0,0,0,0]],""g"":[[0,0,0,0],[1.3,5,0,5],[0,0,0,0],[0,0,0,0],[0,0,0,0]],""d"":20496}","m43062023",827,1,"0.00",0
3047,5685,"{""c"":[0,0.01,0.28,0,1],""m"":[[0.2,20,0,20],[0,0,0,0],[24.68,156,4,160],[0,0,0,0],[4.1,35,0,35]],""t"":[[0,0,0,0],[0,0,0,0],[0,0,0,0],[0,0,0,0],[0,0,0,0]],""g"":[[0,0,0,0],[0,0,0,0],[0,0,0,0],[0,0,0,0],[0,0,0,0]],""d"":20493}","w63060b76",827,1,"0.00",0
3048,5686,"{""c"":[0,0.72,0.28,0.57,0.57],""m"":[[0.2,20,0,20],[104.12,752,9,760],[20.45,125,0,125],[212.73,1340,3,1343],[141.18,543,4,547,0.26]],""t"":[[0,0,0,0],[23.15,20,33,27],[0,0,0,0],[2.43,1,0,1],[0,0,0,0]],""g"":[[0,0,0,0],[15.86,61,1,62],[0,0,0,0],[8.32,32,2,34],[2.6,10,3,12,0.26]],""d"":20498}","618071016",827,1,"0.00",2
3049,5687,"{""c"":[0,0.57,0.14,0.57,0.86],""m"":[[0.2,20,0,20],[13.27,320,14,332],[3.24,18,2,20],[195.09,1121,37,1153],[54.27,407,6,413]],""t"":[[0,0,0,0],[44.51,26.5,32,34],[0,0,0,0],[71.43,59.75,25,66],[0,0,0,0]],""g"":[[0,0,0,0],[1.3,5,0,5],[0,0,0,0],[0,0,0,0],[0,0,0,0]],""d"":20496}","g63064033",827,1,"0.00",0
3050,5688,"{""c"":[0,0.58,0.28,0.28,1],""m"":[[0.2,20,0,20],[18.68,218,8,225],[13.6,100,0,100],[14.36,92,3,95],[10.26,57,3,60]],""t"":[[0,0,0,0],[0,0,0,0],[0,0,0,0],[0,0,0,0],[0,0,0,0]],""g"":[[0,0,0,0],[1.04,4,1,5],[0,0,0,0],[0,0,0,0],[0,0,0,0]],""d"":20493}","p33066ba3",827,1,"0.00",0
3051,5689,"{""c"":[0,0.57,0,0.71],""m"":[[0.2,20,0,20],[15.98,232,8,240],[0,0,0,0],[9.56,73,2,75]],""t"":[[0,0,0,0],[0,0,0,0],[0,0,0,0],[0,0,0,0]],""g"":[[0,0,0,0],[1.04,4,2,5],[0,0,0,0],[0,0,0,0]],""d"":20489}","w63060003",827,1,"0.00",0
3052,5690,"{""c"":[0,0.72,0.29,0,0.43],""m"":[[0,0,0,0],[14.28,184,1,185],[10,103,2,105],[0,0,0,0],[60.46,408,7,415,0.18]],""t"":[[0,0,0,0],[0,0,0,0],[0,0,0,0],[0,0,0,0],[0,0,0,0]],""g"":[[0,0,0,0],[1.04,4,1,5],[0,0,0,0],[0,0,0,0],[0,0,0,0]],""d"":20499}","468166c96",827,1,"0.00",0
3054,5692,"{""c"":[0,0.86,0.28,0.43,0.71],""m"":[[0.39,39,1,40],[130.01,1067,60,1125],[18.91,115,5,120],[15.7,109,7,115],[18.27,87,1,88]],""t"":[[0,0,0,0],[0,0,0,0],[84.86,33.75,50,46],[3.28,3.75,5,5],[0,0,0,0]],""g"":[[0,0,0,0],[1.3,5,0,5],[0,0,0,0],[0,0,0,0],[0,0,0,0]],""d"":20496}","c17870023",827,1,"0.00",0
3055,5693,"{""c"":[0,0.58,0.57,0.42,0.57,0.86],""m"":[[0.19,19,1,20],[10.7,274,13,285],[62.65,472,11,480],[241.61,1172,40,1209],[93.59,428,17,440,0.21],[16.66,84,2,85,0.2]],""t"":[[0,0,0,0],[0,0,0,0],[0,0,0,0],[0,0,0,0],[0,0,0,0],[0,0,0,0,0]],""g"":[[0,0,0,0],[1.04,4,1,5],[0,0,0,0],[0,0,0,0],[0,0,0,0],[0,0,0,0,0]],""d"":20501}","w63060003",827,1,"16.00",1
3056,1652,"{""c"":[0,0.72,0.86,0.86,0.86],""m"":[[42.88,213,10,223],[53.55,174,7,181],[23.01,67,8,75],[23.42,79,3,80],[5.32,19,1,20]],""t"":[[2.82,2.75,26,6],[0.17,0.25,38,3],[2.02,1.5,2,2],[1.05,1,4,2],[5.76,4,0,4]],""g"":[[1.2,30,6,35],[1.28,32,3,33],[9.88,247,103,308],[2,50,0,50],[0,0,0,0]],""d"":20496}","q65482bb6",662,4,"0.00",0
3062,5694,"{""c"":[0,0.58,0.43,0.57],""m"":[[0.2,20,0,20],[12.63,243,26,265],[8.86,73,12,85],[3.49,31,7,35]],""t"":[[0,0,0,0],[0,0,0,0],[0,0,0,0],[0,0,0,0]],""g"":[[0,0,0,0],[0.52,2,4,5],[0,0,0,0],[0,0,0,0]],""d"":20489}","w68440316",827,1,"0.00",0
3063,5695,"{""c"":[0,0.58,0.14,0.14,1],""m"":[[0.59,59,1,60],[11.17,353,3,356],[1.33,19,1,20],[7.4,60,0,60],[5.5,55,0,55]],""t"":[[0,0,0,0],[4.58,4.25,3,5],[0,0,0,0],[0,0,0,0],[0,0,0,0]],""g"":[[0,0,0,0],[1.3,5,0,5],[0,0,0,0],[0,0,0,0],[0,0,0,0]],""d"":20493}","w46660983",827,1,"0.00",0
3066,5698,"{""c"":[0,0.16,0.28,0.57],""m"":[[0,0,0,0],[1.4,20,0,20],[5.16,48,2,50],[18.46,147,21,155]],""t"":[[0,0,0,0],[0,0,0,0],[0,0,0,0],[0,0,0,0]],""g"":[[0,0,0,0],[0,0,0,0],[0,0,0,0],[0,0,0,0]],""d"":20490}","v63060aa6",827,1,"0.00",0
3067,5699,"{""c"":[0,0.58,0.28,0.29,0.57],""m"":[[0,0,0,0],[2.22,222,0,222],[4.46,446,1,447],[3.04,122,3,125],[65.63,459,15,472,0.17]],""t"":[[0,0,0,0],[0,0,0,0],[0,0,0,0],[0,0,0,0],[3.93,3,5,5,1.44]],""g"":[[0,0,0,0],[0,0,0,0],[0,0,0,0],[0,0,0,0],[0,0,0,0]],""d"":20499}","044073096",827,1,"0.00",0
3069,5700,"{""c"":[0.57,0.14,0.28,0.43,0.43],""m"":[[3.15,15,0,15],[0,0,0,0],[0,0,0,0],[0,0,0,0],[0,0,0,0,0]],""t"":[[2.88,4.5,46,7],[1.08,1.75,1,2],[0,0,0,0],[2.82,5,8,7],[0,0,0,0,0]],""g"":[[0,0,0,0],[0,0,0,0],[2.48,62,52,89],[1.08,27,12,32],[0,0,0,0,0]],""d"":20496}","607281935",622,4,"0.00",0
3072,5701,"{""c"": [], ""m"": [], ""t"": [], ""g"": [], ""d"": null}","w63060003",NULL,2,"0.00",0
3073,5702,"{""c"":[0],""m"":[[3.2,20,0,20]],""t"":[[0,0,0,0]],""g"":[[0,0,0,0]],""d"":20487}","p01084093",568,4,"0.00",0
3078,5705,"{""c"": [], ""m"": [], ""t"": [], ""g"": [], ""d"": null}","w63060003",NULL,3,"0.00",0
3079,2020,"{""c"":[0.57,0.72],""m"":[[9.22,98,2,100],[6.18,59,5,63]],""t"":[[0,0,0,0],[0,0,0,0]],""g"":[[0,0,0,0],[0,0,0,0]],""d"":20474}","638772003",819,2,"0.00",0
3081,5706,"{""c"":[0,1],""m"":[[0,0,0,0],[0,0,0,0]],""t"":[[0,0,0,0],[0,0,0,0]],""g"":[[0,0,0,0],[1.54,14,1,15]],""d"":20486}","w63060003",823,2,"0.00",0
3085,5707,"{""c"":[0.72,0.43,0.15,0,0.71],""m"":[[93.11,396,4,400],[175.7,675,4,679],[0,0,0,0],[0,0,0,0],[3.57,17,3,20]],""t"":[[0,0,0,0],[3.45,2.75,5,4],[4.25,1.25,7,3],[0,0,0,0],[0,0,0,0]],""g"":[[0,0,0,0],[7.36,16,12,24],[0,0,0,0],[0,0,0,0],[0,0,0,0]],""d"":20495}","765469032",644,4,"0.00",0
3086,5708,"{""c"":[0.57,0,0.14,0.86],""m"":[[0.2,20,0,20],[0,0,0,0],[0.01,1,0,1],[0.76,76,2,78]],""t"":[[0,0,0,0],[0,0,0,0],[0,0,0,0],[0,0,0,0]],""g"":[[0,0,0,0],[0,0,0,0],[0,0,0,0],[0,0,0,0]],""d"":20487}","w63060003",NULL,1,"0.00",0
3088,5709,"{""c"":[1],""m"":[[0.09,9,23,19]],""t"":[[0,0,0,0]],""g"":[[0,0,0,0]],""d"":20468}","w63060003",NULL,1,"0.00",0
3089,5710,"{""c"":[0.57,0.14,0,1],""m"":[[0.38,38,1,39],[0.21,21,2,23],[0,0,0,0],[0.86,86,13,95]],""t"":[[0,0,0,0],[0,0,0,0],[0,0,0,0],[0,0,0,0]],""g"":[[0,0,0,0],[0,0,0,0],[0,0,0,0],[0,0,0,0]],""d"":20488}","w63060003",NULL,1,"0.00",0
3093,5711,"{""c"":[1,0.14,0.71],""m"":[[2.75,25,6,30],[2.86,26,6,30],[5.49,45,7,50]],""t"":[[0,0,0,0],[0,0,0,0],[0,0,0,0]],""g"":[[0,0,0,0],[0,0,0,0],[0,0,0,0]],""d"":20482}","w63060003",NULL,1,"0.00",0
3094,5712,"{""c"":[0,0.28,0.44,0.28,0.86],""m"":[[8.2,60,0,60],[11.91,100,5,105],[7.68,68,2,70],[2.95,37,3,40],[3.05,35,19,40]],""t"":[[0,0,0,0],[0,0,0,0],[7.76,6.25,20,10],[6.79,4.25,3,5],[0,0,0,0]],""g"":[[0,0,0,0],[5.2,20,4,22],[15.86,61,4,65],[5.2,20,0,20],[8.32,32,0,32]],""d"":20495}","003563713",772,1,"0.00",0
3095,5714,"{""c"":[0.71,0.86],""m"":[[6.56,82,8,88],[4.8,60,0,60]],""t"":[[0,0,0,0],[0,0,0,0]],""g"":[[0,0,0,0],[0,0,0,0]],""d"":20473}","w63060003",NULL,3,"0.00",0
3096,5716,"{""c"":[0,0.57,0.43,0.43,0.29,1],""m"":[[4.58,37,3,40],[56.48,487,35,510],[28.43,249,15,259],[13.01,144,1,145],[18.07,179,1,180,0.1],[8.78,88,2,90,0.09]],""t"":[[0,0,0,0],[0,0,0,0],[18.72,15,28,21],[6.79,4,4,5],[2.42,2.25,45,5],[0,0,0,0,0]],""g"":[[0,0,0,0],[9.1,35,1,36],[16.9,65,0,65],[4.68,18,3,20],[7.28,28,9,32],[0,0,0,0,0]],""d"":20500}","v04060026",772,1,"0.00",0
3099,5717,"{""c"":[0.86,0.43,0.29,0.28,0.14,0.86],""m"":[[51.48,519,12,530],[44.37,460,17,477],[29.7,285,6,290],[40.27,463,19,480],[54.68,674,29,692],[9.52,119,1,120,0.08]],""t"":[[0,0,0,0],[0,0,0,0],[0,0,0,0],[0,0,0,0],[0,0,0,0],[0,0,0,0,0]],""g"":[[0,0,0,0],[0,0,0,0],[0,0,0,0],[0,0,0,0],[0,0,0,0],[0,0,0,0,0]],""d"":20501}","n67670381",819,2,"0.00",0
3100,5718,"{""c"":[0,0.58,0.29,0.28,0.86],""m"":[[9.49,199,1,200],[46.51,445,5,450],[7.72,84,3,87],[3.2,40,0,40],[3.6,40,0,40]],""t"":[[0,0,0,0],[44.53,39,20,44],[20.1,13,8,15],[24.32,18.25,7,20],[6.79,4,4,5]],""g"":[[0,0,0,0],[5.46,21,10,28],[16.64,64,3,65],[5.2,20,0,20],[8.32,32,0,32]],""d"":20495}","p68061a93",772,1,"0.00",0
3101,5719,"{""c"":[0,0.57,1,0.86,1],""m"":[[21.74,373,7,380],[24.54,455,18,468],[250.33,1643,69,1703],[50.5,414,7,421],[36.05,297,3,300,0.13]],""t"":[[0,0,0,0],[30.13,26.5,60,37],[364.86,297,241,351],[93.54,61.75,33,70],[4.85,3.25,8,5]],""g"":[[0,0,0,0],[4.68,18,4,22],[15.86,61,4,65],[7.03,19,1,20],[8.06,31,8,37,0.26]],""d"":20497}","v484718c3",772,1,"0.00",0
3102,5720,"{""c"":[0,0.29,0.29,0.43,0.72],""m"":[[659.07,2334,34,2366],[27.14,164,6,170],[7.82,70,1,71],[42.8,260,1,261],[13.68,96,0,96]],""t"":[[0,0,0,0],[0,0,0,0],[10.67,7.5,10,10],[9.7,5,0,5],[8.73,4.75,1,5]],""g"":[[0,0,0,0],[5.72,22,0,22],[16.64,64,1,65],[5.2,20,0,20],[7.8,30,6,36]],""d"":20496}","g68070cc3",772,1,"0.00",1
3103,5721,"{""c"":[0,0.14,0.29,0.14,0.57],""m"":[[2.09,19,1,20],[7.78,53,2,55],[7.77,69,1,70],[3.2,40,0,40],[1.4,20,0,20]],""t"":[[0,0,0,0],[0,0,0,0],[2.42,2.75,50,10],[3.88,2.5,13,5],[0,0,0,0]],""g"":[[0,0,0,0],[0,0,0,0],[0,0,0,0],[3.64,14,15,20],[0,0,0,0]],""d"":20496}","0740190a6",772,1,"0.00",0
3104,5722,"{""c"":[1],""m"":[[6.8,20,0,20]],""t"":[[0,0,0,0]],""g"":[[0,0,0,0]],""d"":20476}","w63060003",NULL,3,"0.00",0
3105,5723,"{""c"":[1],""m"":[[6.08,76,6,80]],""t"":[[0,0,0,0]],""g"":[[0,0,0,0]],""d"":20468}","w63060003",NULL,3,"0.00",0
3107,5724,"{""c"":[0,0.71,0.57,0.57,0.86],""m"":[[10.4,120,0,120],[21.12,94,10,101],[29.12,75,7,80],[59.31,161,68,180],[22.22,104,16,115]],""t"":[[0,0,0,0],[0,0,225,22],[0,0,152,15],[0,0,81,10],[0,0,225,20]],""g"":[[0,0,0,0],[0,0,0,0],[9.72,54,16,64],[2.34,73,38,95],[0,0,0,0]],""d"":20496}","u55070820",769,3,"0.00",0
3108,5725,"{""c"":[0,0.28,0.15,0.15,0.57],""m"":[[13.52,79,1,80],[15.29,66,4,70],[7.2,64,6,70],[3.2,40,0,40],[3.49,39,1,40]],""t"":[[0,0,0,0],[0,0,0,0],[15.52,9,4,10],[9.7,5,0,5],[7.76,4.5,2,5]],""g"":[[0,0,0,0],[5.98,23,0,23],[16.64,64,1,65],[4.94,19,1,20],[8.32,32,0,32]],""d"":20496}","o65086ca3",772,1,"0.00",0
3109,5726,"{""c"":[0,0.86,0.29,0.3,0.71],""m"":[[11.57,33,11,38],[53.14,120,43,145],[8.84,17,4,20],[21.23,39,1,40],[9.86,26,11,30,0.4]],""t"":[[0,0,0,0],[6.67,3.75,263,24],[0,0,66,5],[0.85,9.25,66,20],[1.82,0.75,217,20]],""g"":[[0,0,0,0],[7.2,40,73,73],[0,0,0,0],[11.88,86,10,95],[0,0,0,0]],""d"":20497}","o430609a3",769,3,"0.00",0
3110,5727,"{""c"":[0.71,0.29,0.29,0.71],""m"":[[0,39,1,40],[0,19,3,20],[0,30,0,30],[0,0,0,0]],""t"":[[0,0,0,0],[0,0,0,0],[0,0,0,0],[0,0,0,0]],""g"":[[0,0,0,0],[0,14,45,36],[0,70,52,101],[0,0,0,0]],""d"":20487}","o61789696",821,4,"0.00",0
3111,5728,"{""c"":[0,0.15,0.43,0.14,0.71],""m"":[[14.58,150,7,157],[8.4,30,0,30],[7.46,66,4,70],[3.4,60,0,60],[3.6,40,0,40]],""t"":[[0,0,0,0],[0,0,0,0],[15.52,9,4,10],[9.7,5,0,5],[0,0,0,0]],""g"":[[0,0,0,0],[5.72,22,0,22],[16.9,65,0,65],[4.94,19,1,20],[0,0,0,0]],""d"":20495}","418064033",772,1,"0.00",0
3113,5729,"{""c"":[0,0.14,0.29,0.57,0.72],""m"":[[322.37,2157,25,2180],[61.51,320,4,324],[7.68,68,4,70],[217.09,1066,10,1076],[14.39,159,1,160]],""t"":[[0,0,0,0],[0,0,0,0],[11.15,6.75,17,10],[145.69,87.5,30,95],[26.11,13,8,15]],""g"":[[0,0,0,0],[4.94,19,2,21],[14.56,56,8,63],[5.2,20,0,20],[9.62,37,0,37]],""d"":20496}","g65762443",772,1,"0.00",2
3114,5730,"{""c"":[0,0.28,0.28,0,0.71,0.86],""m"":[[0.2,20,0,20],[5,40,0,40],[7.81,69,1,70],[0,0,0,0],[90.12,452,4,455,0.21],[7.97,49,1,50,0.16]],""t"":[[0,0,0,0],[0,0,0,0],[0,0,0,0],[0,0,0,0],[8.73,4.75,1,5],[3.28,2.5,1,3,1.31]],""g"":[[0,0,0,0],[5.72,22,0,22],[15.34,59,0,59],[0,0,0,0],[9.62,37,0,37],[0,0,0,0,0]],""d"":20501}","408064013",772,1,"0.00",0
3115,5731,"{""c"":[0,0.28,0.72,0.29,0.28,0.86],""m"":[[0.59,59,1,60],[15.32,85,11,90],[19.39,264,1,265],[11.5,138,5,143],[3.68,58,2,60,0.01],[1.82,13,2,15,0.14]],""t"":[[0,0,0,0],[0,0,0,0],[47.08,38.75,25,45],[12.37,8.5,7,10],[6.79,3.5,4,5,1.94],[0,0,0,0,0]],""g"":[[0,0,0,0],[16.38,63,8,66],[16.9,65,0,65],[5.2,20,0,20],[7.28,28,8,32,0.26],[0,0,0,0,0]],""d"":20501}","x402706c5",772,1,"0.00",0
3116,5732,"{""c"":[0,0.29,0.14,0.28,0.72],""m"":[[15.4,134,7,140],[16.8,132,8,140],[7.51,67,3,70],[9.67,133,8,140],[3.53,39,2,40]],""t"":[[0,0,0,0],[0,0,0,0],[9.7,7,26,10],[4.85,3.5,6,5],[4.37,3,20,5]],""g"":[[0,0,0,0],[5.2,20,2,22],[14.82,57,10,65],[4.42,17,6,20],[5.98,23,16,32]],""d"":20496}","l41072683",772,1,"0.00",0
3118,5733,"{""c"":[0,0.14,0.15,0.28,0.86],""m"":[[4.06,32,29,40],[8.24,35,20,50],[7.9,70,0,70],[3.8,100,0,100],[6.43,99,2,101]],""t"":[[0,0,0,0],[0,0,0,0],[14.06,8.25,7,10],[8.73,4.75,1,5],[7.76,4.25,3,5]],""g"":[[0,0,0,0],[0,0,0,0],[16.64,64,1,65],[5.2,20,0,20],[8.58,33,4,37]],""d"":20495}","0644190a6",772,1,"0.00",0
3120,5734,"{""c"":[0,0.57,0.29,0.42,0.15,1],""m"":[[6.89,51,11,60],[2.18,98,3,100],[7.33,65,5,70],[15.14,154,6,160],[1.4,20,0,20],[0,0,0,0,0]],""t"":[[0,0,0,0],[0,0,0,0],[8.73,6.5,31,10],[5.33,3.5,6,5],[0,0,0,0],[0,0,0,0,0]],""g"":[[0,0,0,0],[5.2,20,2,22],[16.12,62,3,65],[4.94,19,3,21],[0,0,0,0],[11.44,44,20,64,0.26]],""d"":20500}","821074036",772,1,"0.00",0
3122,5735,"{""c"":[0,0.86,0.72,0.72,0.72],""m"":[[36.87,356,16,370],[58.43,422,33,451],[43.81,364,29,390],[76.11,807,34,841],[9.9,88,14,100]],""t"":[[70.11,76.25,138,110],[18.02,18.5,54,31],[15.79,13.75,32,20],[8.73,4.75,1,5],[6.79,3.75,8,5]],""g"":[[0,0,0,0],[3.64,14,11,22],[45.24,174,36,195],[5.2,20,0,20],[0,0,0,0]],""d"":20496}","x402703c5",772,1,"0.00",0
3124,5737,"{""c"":[0,0.14,0.43,0.57,0.57],""m"":[[7.56,72,8,80],[0.2,20,0,20],[6.46,74,29,90],[45.85,524,18,540],[0,0,0,0]],""t"":[[0,0,0,0],[0,0,0,0],[2.91,3.25,41,10],[4.37,3.25,7,5],[0,0,0,0]],""g"":[[0,0,0,0],[0,0,0,0],[15.34,59,9,65],[4.16,16,8,20],[0,0,0,0]],""d"":20495}","p28060093",772,1,"0.00",0
3125,5738,"{""c"":[0,0.14,0.29,0.43,0.14],""m"":[[16.48,114,7,120],[7,25,7,30],[7.59,67,5,70],[42.39,293,27,315],[3.6,40,0,40,0.09]],""t"":[[0,0,0,0],[0,0,0,0],[10.67,6.25,20,10],[7.28,4.25,3,5],[0,0,0,0]],""g"":[[0,0,0,0],[3.12,12,17,22],[16.12,62,3,65],[4.94,19,1,20],[0,0,0,0]],""d"":20499}","967061063",772,1,"0.00",0
3128,5739,"{""c"":[0,0.29,0.43,0.28,0.57],""m"":[[65.5,658,15,671],[26.1,153,8,161],[7.46,66,4,70],[25.47,266,2,268],[3.42,38,2,40]],""t"":[[0,0,0,0],[0,0,0,0],[3.88,3.75,34,10],[6.31,4,4,5],[5.33,3.5,6,5]],""g"":[[0,0,0,0],[4.42,17,9,22],[15.86,61,4,65],[4.94,19,1,20],[6.76,26,6,32]],""d"":20496}","b83073013",772,1,"0.00",0
3129,5740,"{""c"":[0,0.57,0.58,0.43,0.29,1],""m"":[[11.3,99,1,100],[56.7,515,10,525],[44.46,349,6,355],[29.31,283,2,285],[23.44,164,2,166],[10.08,63,0,63,0.16]],""t"":[[0,0,0,0],[0,0,0,0],[18.43,9.75,1,10],[9.7,5,0,5],[9.7,5,0,5],[0,0,0,0,0]],""g"":[[0,0,0,0],[0,0,0,0],[16.38,63,2,65],[5.2,20,0,20],[7.28,28,4,32],[0,0,0,0,0]],""d"":20500}","g680714c3",772,1,"0.00",0
3130,5741,"{""c"":[0],""m"":[[0,0,0,0]],""t"":[[0,0,0,0]],""g"":[[0,0,0,0]],""d"":20485}","l64064733",789,3,"0.00",0
3131,5742,"{""c"": [], ""m"": [], ""t"": [], ""g"": [], ""d"": null}","w63060003",NULL,5,"0.00",0
3133,5743,"{""c"":[1],""m"":[[1.26,18,2,20]],""t"":[[0,0,0,0]],""g"":[[0,0,0,0]],""d"":20473}","w63060003",NULL,4,"0.00",0
3137,5744,"{""c"":[0.57,0,0],""m"":[[1.6,20,0,20],[0,0,0,0],[0,0,0,0]],""t"":[[0,0,0,0],[0,0,0,0],[0,0,0,0]],""g"":[[0,0,0,0],[0,0,0,0],[0,0,0,0]],""d"":20485}","w63060003",789,3,"0.00",0
3138,5745,"{""c"":[0.72,0.57,0.14,0.29],""m"":[[6.31,115,3,117],[17.11,357,13,369],[1,20,0,20],[1.14,19,2,20]],""t"":[[0,0,0,0],[77.34,108,29,115],[0,0,0,0],[7.2,10,0,10]],""g"":[[4.68,117,14,126],[0,0,0,0],[0,0,0,0],[1.8,45,7,51]],""d"":20492}","q484640a3",761,4,"0.00",0
3139,5746,"{""c"": [], ""m"": [], ""t"": [], ""g"": [], ""d"": null}","w63060003",NULL,2,"0.00",0
3140,5747,"{""c"":[0.57,0,0,0.86],""m"":[[2.24,28,2,30],[0,0,0,0],[0,0,0,0],[3.28,41,2,43]],""t"":[[0,0,0,0],[0,0,0,0],[0,0,0,0],[0,0,0,0]],""g"":[[0,0,0,0],[0,0,0,0],[0,0,0,0],[0,0,0,0]],""d"":20487}","w63060003",NULL,3,"0.00",0
3141,5748,"{""c"":[0.57,0.14,0,1],""m"":[[2.08,16,5,20],[0,0,0,0],[0,0,0,0],[34.78,178,51,213]],""t"":[[4.89,3.25,28,8],[3.15,4,4,5],[0,0,0,0],[0,0,0,0]],""g"":[[0,0,0,0],[0,0,0,0],[0,0,0,0],[0,0,0,0]],""d"":20487}","w63060003",NULL,1,"0.00",0
3143,5750,"{""c"":[0.57,0.43,0.71,0.72],""m"":[[5.35,64,14,71],[7.4,76,16,85],[7.6,81,21,94],[4.55,65,21,79,0.07]],""t"":[[0,0,0,0],[0,0,0,0],[0,0,0,0],[0,0,0,0]],""g"":[[0,0,0,0],[0,0,0,0],[0,0,0,0],[0,0,0,0]],""d"":20497}","w63060003",NULL,2,"0.00",0
3146,5752,"{""c"":[0.57,0,0,1],""m"":[[4.7,86,15,100],[0,0,0,0],[0,0,0,0],[12.1,130,11,140]],""t"":[[0,0,0,0],[0,0,0,0],[0,0,0,0],[1.97,2.5,20,5]],""g"":[[0,0,0,0],[0,0,0,0],[0,0,0,0],[7.02,27,135,76]],""d"":20486}","w63060003",NULL,1,"0.00",0
3147,5753,"{""c"":[0],""m"":[[3.2,20,0,20]],""t"":[[0,0,0,0]],""g"":[[0,0,0,0]],""d"":20487}","o45583043",568,4,"0.00",0
3149,5754,"{""c"":[0.86,0.57,0.42,0.29,0.43,1],""m"":[[32.08,426,15,440],[73.04,752,8,760],[32.89,299,1,300],[22.12,109,11,120],[107.8,385,8,393,0.28],[78.72,315,5,320,0.24]],""t"":[[0,0,0,0],[0,0,0,0],[0,0,0,0],[0,0,0,0],[0,0,0,0,0],[0,0,0,0,0]],""g"":[[0,0,0,0],[0,0,0,0],[0,0,0,0],[0,0,0,0],[0,0,0,0,0],[0,0,0,0,0]],""d"":20501}","w63060003",625,1,"0.00",2
3151,5755,"{""c"":[0.71,0.43],""m"":[[43.25,321,9,330],[9.43,109,2,111]],""t"":[[6.55,5,0,5],[0,0,0,0]],""g"":[[0,0,0,0],[0,0,0,0]],""d"":20477}","w63060003",NULL,1,"0.00",0
3152,1305,"{""c"":[0.14,0.71],""m"":[[0,0,0,0],[0,0,0,0]],""t"":[[0,0,0,0],[0,0,0,0]],""g"":[[0.72,18,36,34],[1.72,72,26,85]],""d"":20482}","o23582023",810,4,"0.00",0
3155,5756,"{""c"":[0.71,0.14,0.43,0.14,0.71],""m"":[[4.29,60,9,65],[1.7,17,7,21],[4.3,66,31,81],[2.24,32,0,32],[5.18,74,25,82]],""t"":[[0,0,0,0],[0,0,0,0],[0,0,0,0],[0,0,0,0],[0,0,0,0]],""g"":[[0,0,0,0],[0,0,0,0],[0,0,0,0],[0,0,0,0],[0,0,0,0]],""d"":20496}","w63060003",NULL,2,"0.00",0
3158,5758,"{""c"":[1],""m"":[[2.09,19,0,19]],""t"":[[0,22.5,10,25]],""g"":[[0,0,0,0]],""d"":20468}","w63060003",NULL,4,"0.00",0
3161,5761,"{""c"":[0.71,0,0,0.14],""m"":[[6.88,76,4,80],[0,0,0,0],[0,0,0,0],[1.96,14,1,15]],""t"":[[0,0,0,0],[0,0,0,0],[0,0,0,0],[0,0,0,0]],""g"":[[0,0,0,0],[0,0,0,0],[0,0,0,0],[0,0,0,0]],""d"":20492}","014060096",625,1,"0.00",0
3162,5762,"{""c"":[0.57,0,0,0.86],""m"":[[4.94,19,2,20],[0,0,0,0],[0,0,0,0],[6.09,29,1,30]],""t"":[[0,0,0,0],[0,0,0,0],[0,0,0,0],[0,0,0,0]],""g"":[[0,0,0,0],[0,0,0,0],[0,0,0,0],[0,0,0,0]],""d"":20487}","o28086ba3",568,4,"0.00",0
3165,5764,"{""c"": [], ""m"": [], ""t"": [], ""g"": [], ""d"": null}","w63060003",NULL,4,"0.00",0
3167,5765,"{""c"":[0,0.57,0.42],""m"":[[0,0,0,0],[68.08,856,10,865],[0,0,0,0]],""t"":[[0,0,0,0],[302.71,156.5,112,183],[0,0,0,0]],""g"":[[0,0,0,0],[0,0,0,0],[0,0,0,0]],""d"":20482}","o43162a23",779,3,"0.00",0
3175,5770,"{""c"":[1],""m"":[[7.7,114,6,120]],""t"":[[0,0,0,0]],""g"":[[0,0,0,0]],""d"":20468}","w63060003",NULL,1,"0.00",0
3177,5771,"{""c"":[1],""m"":[[0,40,0,40]],""t"":[[0,0,0,0]],""g"":[[0,0,0,0]],""d"":20468}","w63060003",NULL,4,"0.00",0
3180,5772,"{""c"":[0.57,0,0,0,1],""m"":[[0.2,20,0,20],[0,0,0,0],[0,0,0,0],[0,0,0,0],[2.86,58,2,60]],""t"":[[0,0,0,0],[0,0,0,0],[0,0,0,0],[0,0,0,0],[0,0,0,0]],""g"":[[0,0,0,0],[0,0,0,0],[0,0,0,0],[0,0,0,0],[0,0,0,0]],""d"":20493}","w63060003",NULL,2,"0.00",0
3181,5773,"{""c"":[0.71,0.43,0.43,0.57,1],""m"":[[12.09,134,22,146],[7.56,138,99,173],[2.35,49,57,70],[13.08,134,42,158],[2.59,37,12,40]],""t"":[[0,0,0,0],[0,0,0,0],[0,0,0,0],[0,0,0,0],[0,0,0,0]],""g"":[[45.73,269,24,286],[0,0,0,0],[0,0,0,0],[0,0,0,0],[0,0,0,0]],""d"":20494}","w63060003",NULL,2,"0.00",0
3190,5775,"{""c"":[0],""m"":[[0,0,0,0]],""t"":[[0,0,0,0]],""g"":[[0,0,0,0]],""d"":20487}","083060293",568,4,"0.00",0
3191,5776,"{""c"":[1],""m"":[[43.6,75,7,80]],""t"":[[0,0,0,0]],""g"":[[0,0,0,0]],""d"":20472}","w63060003",NULL,0,"0.00",0
3193,5777,"{""c"":[0.43,0.42,0.86],""m"":[[14.42,226,9,234],[5.17,67,6,73],[0,0,0,0]],""t"":[[0,0,0,0],[21.67,24.75,41,33],[0.96,0.75,5,2]],""g"":[[0,0,0,0],[6.49,59,5,63],[0,0,0,0]],""d"":20494}","g48764743",823,2,"0.00",0
3194,5778,"{""c"": [], ""m"": [], ""t"": [], ""g"": [], ""d"": null}","w63060003",NULL,1,"0.00",0
3195,5779,"{""c"":[0.71,0.57,0.57,0.71,0.71],""m"":[[3.3,33,0,33],[14.31,206,5,210],[8.47,97,13,108],[12.6,133,6,139],[7.35,105,8,111,0.07]],""t"":[[0,0,0,0],[0,0,0,0],[0,0,0,0],[0,0,0,0],[0,0,0,0]],""g"":[[0,0,0,0],[0,0,0,0],[0,0,0,0],[0,0,0,0],[0,0,0,0]],""d"":20497}","w63060003",NULL,2,"0.00",0
3198,5780,"{""c"": [], ""m"": [], ""t"": [], ""g"": [], ""d"": null}","w63060003",NULL,4,"0.00",0
3200,5781,"{""c"":[0.86,0.43,0.28,0.71],""m"":[[12.54,237,11,245],[10.51,487,5,492],[2.8,40,0,40],[47.03,458,19,475]],""t"":[[0,0,0,0],[0,0,0,0],[0,0,0,0],[0,0,0,0]],""g"":[[0,0,0,0],[0,0,0,0],[0,0,0,0],[0,0,0,0]],""d"":20492}","0161630a3",625,1,"0.00",0
3201,5782,"{""c"":[0.71,0.43,0.43,0.71,0.86],""m"":[[0.4,4,2,6],[5.45,123,16,134],[2.32,25,17,31],[7.33,76,15,87],[7.07,101,13,112,0.07]],""t"":[[0,0,0,0],[0,0,11,1],[0,0,0,0],[0,0,0,0],[0,0,0,0]],""g"":[[0,0,0,0],[0,0,0,0],[0,0,0,0],[0,0,0,0],[0,0,0,0]],""d"":20497}","w63060003",NULL,2,"0.00",0
3204,5785,"{""c"":[0.71,0.14,0,0.57],""m"":[[15.63,93,10,100],[0.2,20,0,20],[0,0,0,0],[107.29,481,18,497]],""t"":[[0,0,0,0],[0,0,0,0],[0,0,0,0],[0,0,0,0]],""g"":[[0,0,0,0],[0,0,0,0],[0,0,0,0],[0,0,0,0]],""d"":20492}","p28064023",625,1,"0.00",0
3206,5786,"{""c"":[0.71,0.57,0.15,0.86],""m"":[[16.6,166,30,180],[16,160,0,160],[3.9,39,1,40],[3.9,39,1,40]],""t"":[[0,0,0,0],[0,0,0,0],[0,0,0,0],[0,0,0,0]],""g"":[[0,0,0,0],[0,0,0,0],[0,0,0,0],[0,0,0,0]],""d"":20487}","w63060003",NULL,3,"0.00",0
3209,5787,"{""c"":[0,1],""m"":[[0,0,0,0],[0,0,0,0]],""t"":[[0,0,0,0],[0,0,0,0]],""g"":[[0,0,0,0],[1.65,15,0,15]],""d"":20486}","061064093",823,2,"0.00",0
3211,5789,"{""c"":[0,0.43,0.14,0.29,0.43],""m"":[[0.17,17,5,20],[8.49,159,1,160],[5.2,79,1,80],[9.04,466,5,471],[0,0,0,0,0]],""t"":[[0,0,0,0],[6.46,5.5,8,7],[0,0,0,0],[0,0,0,0],[0,0,0,0,0]],""g"":[[0,0,0,0],[7.92,72,4,76],[0,0,0,0],[0,0,0,0],[0,0,0,0,0]],""d"":20496}","w64070ca3",721,2,"0.00",0
3212,5790,"{""c"":[0.58,0.43,0,0,0.86],""m"":[[32.73,197,17,211],[9.14,110,5,114],[0,0,0,0],[0,0,0,0],[5.31,101,4,103]],""t"":[[0,0,0,0],[0,0,30,4],[0,0,0,0],[0,0,0,0],[0,0.25,17,3]],""g"":[[0,0,0,0],[0.76,19,11,24],[0,0,0,0],[0,0,0,0],[0,0,0,0]],""d"":20495}","7496774c6",644,4,"0.00",0
3214,5792,"{""c"":[0.71,0.14,0.28,0.15,0.57],""m"":[[2.9,78,5,82],[0,0,0,0],[1.23,3,4,5],[0,0,0,0],[0,0,0,0]],""t"":[[0,0,0,0],[0.72,1.5,2,2],[0,0,0,0],[0.72,1.75,5,3],[0,0,0,0]],""g"":[[0,0,0,0],[0,0,0,0],[2.28,57,22,70],[0.36,9,1,10],[0.2,5,35,18]],""d"":20496}","n23710006",622,4,"0.00",0
3215,5793,"{""c"":[0.57,0.43],""m"":[[0,29,2,31],[5.44,16,4,20]],""t"":[[0,0,0,0],[0,0,0,0]],""g"":[[0,0,0,0],[0,0,0,0]],""d"":20476}","w63060003",NULL,3,"0.00",0
3217,5794,"{""c"":[1,0.43,0.29,0.43],""m"":[[109.47,649,13,662],[31.73,173,8,180],[7.8,40,0,40],[39.04,464,5,469]],""t"":[[48.62,31,50,40],[0,0,0,0],[0,0,0,0],[18.52,15,62,22]],""g"":[[11.44,44,4,48],[0,0,0,0],[0,0,0,0],[1.56,6,0,6]],""d"":20492}","p63066703",625,1,"0.00",3
3220,5796,"{""c"":[0.71,0.43,0.28,0.72,0.86],""m"":[[0.8,8,3,10],[3.79,46,22,55],[1.45,18,4,21],[6.25,183,28,193],[3.01,43,9,49,0.07]],""t"":[[0,0,0,0],[0,0,0,0],[0,0,0,0],[0,0,0,0],[0,0,0,0]],""g"":[[0,0,0,0],[0,0,0,0],[0,0,0,0],[0,0,0,0],[0,0,0,0]],""d"":20497}","w63060003",NULL,2,"0.00",0
3222,5797,"{""c"":[0,0.29,0.14,0.29,0.57],""m"":[[7.09,26,5,30],[15.39,57,3,60],[0,0,0,0],[3.28,8,6,10],[0,0,0,0]],""t"":[[0,0,0,0],[0,0,25,2],[0,0,0,0],[3,3.25,3,4],[1.45,3.5,6,5]],""g"":[[0,0,0,0],[0.92,23,60,49],[1.64,41,4,44],[0.64,16,0,16],[0.88,22,5,27]],""d"":20496}","n61550022",622,4,"0.00",0
3223,5798,"{""c"":[1],""m"":[[0,0,0,0]],""t"":[[1.31,1,0,1]],""g"":[[6.76,26,1,27]],""d"":20468}","w63060003",NULL,1,"0.00",0
3224,5799,"{""c"":[1],""m"":[[9.54,18,4,20]],""t"":[[0,0,0,0]],""g"":[[0,0,0,0]],""d"":20468}","w63060003",NULL,0,"0.00",0
3226,5802,"{""c"":[0,0.14,0.42,0.15,0.57],""m"":[[2.94,302,17,316],[0,35,0,35],[4.32,54,3,57],[4.2,30,0,30],[0,0,0,0]],""t"":[[0,0,0,0],[2.4,2,0,2],[0,0,0,0],[2.4,2.75,5,4],[0,0,0,0]],""g"":[[0,0,0,0],[0,0,0,0],[2.88,72,42,93],[1.88,47,2,49],[0.92,23,5,27]],""d"":20496}","q45770043",622,4,"0.00",0
3228,5803,"{""c"":[1],""m"":[[4.5,45,7,50]],""t"":[[0,0,0,0]],""g"":[[0,0,0,0]],""d"":20468}","w63060003",NULL,3,"0.00",0
3231,5808,"{""c"": [], ""m"": [], ""t"": [], ""g"": [], ""d"": null}","w63060003",NULL,4,"0.00",0
3246,5812,"{""c"":[0],""m"":[[0,0,0,0]],""t"":[[0,0,0,0]],""g"":[[0,0,0,0]],""d"":20471}","x63060a03",NULL,4,"0.00",0
3252,5819,"{""c"":[0.43,0.14,0,0.57],""m"":[[62.37,323,32,350],[1.19,17,4,19],[0,0,0,0],[3.6,18,2,20]],""t"":[[1.8,4,8,6],[0,0,0,0],[0,0,0,0],[0,0,0,0]],""g"":[[0,0,0,0],[0,0,0,0],[0,0,0,0],[0,0,0,0]],""d"":20496}","w63060003",NULL,4,"0.00",0
3255,5821,"{""c"":[0,0,0,0,0.28,0.86],""m"":[[1.69,13,5,15],[0,0,0,0],[0,0,0,0],[0,0,0,0],[4.68,36,10,45,0.13],[0,0,0,0,0]],""t"":[[0,0,0,0],[0,0,0,0],[0,0,0,0],[0,0,0,0],[0,0,0,0],[0,0,0,0,0]],""g"":[[0,0,0,0],[0,0,0,0],[0,0,0,0],[0,0,0,0],[0,198,24,220,0],[0,0,0,0,0]],""d"":20500}","p53063cc6",746,3,"0.00",0
3256,5822,"{""c"":[0,0,0,0,0,0.86],""m"":[[2.5,16,2,17],[0,0,0,0],[0,0,0,0],[0,0,0,0],[0,0,0,0],[0,0,0,0,0]],""t"":[[0,0,0,0],[0,0,0,0],[0,0,0,0],[0,0,0,0],[0,0,0,0],[0,0,0,0,0]],""g"":[[0,0,0,0],[0,0,0,0],[0,0,0,0],[0,0,0,0],[0,0,0,0],[0,0,0,0,0]],""d"":20500}","w63060003",746,3,"0.00",0
3257,5823,"{""c"":[0,0.57,0.29,0.43,0.57],""m"":[[6.46,19,1,20],[8.97,21,22,30],[7.2,16,17,25],[41.41,78,49,100],[0,0,0,0]],""t"":[[0,0,0,0],[2.55,7,158,23],[0,0.25,132,15],[0,0,48,5],[0,3,250,30]],""g"":[[0,0,0,0],[0,0,0,0],[15.84,88,100,128],[10.98,61,67,95],[0,0,0,0]],""d"":20496}","p04463036",769,3,"0.00",0
3260,5825,"{""c"":[0,0,0,0,0,0.86],""m"":[[1.43,11,11,15],[0,0,0,0],[0,0,0,0],[0,0,0,0],[0,0,0,0],[0,0,0,0,0]],""t"":[[0,0,0,0],[0,0,0,0],[0,0,0,0],[0,0,0,0],[0,0,0,0],[0,0,0,0,0]],""g"":[[0,0,0,0],[0,0,0,0],[0,0,0,0],[0,0,0,0],[0,0,0,0],[0,0,0,0,0]],""d"":20500}","v11030983",746,3,"0.00",0
3261,5826,"{""c"":[0,0.71,0.29,0.14,0.57],""m"":[[0,0,0,0],[20.26,46,25,65],[27.56,53,7,60],[17.16,33,7,40],[12.52,26,5,30]],""t"":[[0,0,0,0],[17.41,10.5,178,26],[0,0,0,0],[0,0,0,0],[9.08,6,101,20]],""g"":[[0,0,0,0],[0,0,0,0],[10.62,59,10,66],[3.6,20,2,22],[0,0,0,0]],""d"":20496}","o63060043",769,3,"0.00",0
3264,5827,"{""c"":[0.86,0,0,0.71],""m"":[[59.12,739,16,753],[0,0,0,0],[0,0,0,0],[8,100,0,100]],""t"":[[0,0,0,0],[0,0,0,0],[0,0,0,0],[0,0,0,0]],""g"":[[0,0,0,0],[0,0,0,0],[0,0,0,0],[0,0,0,0]],""d"":20488}","w63060003",789,3,"0.00",0
3266,5830,"{""c"":[0.71,0,0.29],""m"":[[7.19,71,11,80],[0,0,0,0],[0.18,18,2,20]],""t"":[[0,0,0,0],[0,0,0,0],[0,0,0,0]],""g"":[[0,0,0,0],[0,0,0,0],[0,0,0,0]],""d"":20484}","w63060003",NULL,1,"0.00",0
3288,5839,"{""c"":[0],""m"":[[0,0,0,0]],""t"":[[0,0,0,0]],""g"":[[0,0,0,0]],""d"":20485}","1010620a3",789,3,"0.00",0
3291,2467,"{""c"": [], ""m"": [], ""t"": [], ""g"": [], ""d"": null}","w63060003",810,4,"0.00",0
3302,5842,"{""c"":[0.43,0,1],""m"":[[6.4,64,8,70],[0,0,0,0],[2.7,27,4,30]],""t"":[[0,0,0,0],[0,0,0,0],[0,0,0,0]],""g"":[[0,0,0,0],[0,0,0,0],[3.19,29,26,39]],""d"":20493}","w63060003",NULL,2,"0.00",0
3304,5844,"{""c"": [], ""m"": [], ""t"": [], ""g"": [], ""d"": null}","w63060003",NULL,1,"0.00",0
3305,5846,"{""c"":[0,0.15,0,0.3,0.72],""m"":[[1.2,20,0,20],[4.06,29,1,30],[0,0,0,0],[9.9,198,2,200],[3.36,16,7,20]],""t"":[[0,0,0,0],[0,0,0,0],[0,0,0,0],[0,3.5,6,5],[0,0,0,0]],""g"":[[0,0,0,0],[0,0,0,0],[0,0,0,0],[0,0,0,0],[0,0,0,0]],""d"":20495}","068742743",816,4,"0.00",0
3307,5847,"{""c"":[0,0.29,0,0.15,0.57],""m"":[[0,0,0,0],[2.4,17,3,20],[0,0,0,0],[11.88,198,3,200],[0,0,0,0]],""t"":[[0,0,0,0],[0,0,0,0],[0,0,0,0],[0,0,0,0],[0,0,0,0]],""g"":[[0,0,0,0],[0,0,0,0],[0,0,0,0],[0,0,0,0],[0,0,0,0]],""d"":20495}","t63012020",816,4,"0.00",0
3310,5849,"{""c"":[0.86],""m"":[[1.64,41,2,43]],""t"":[[0,0,0,0]],""g"":[[0,0,0,0]],""d"":20471}","w63060003",NULL,4,"0.00",0
3314,5852,"{""c"":[0.71,0.14,0,0.43],""m"":[[0,19,1,20],[10.62,192,28,210],[0,0,0,0],[22.91,327,19,345]],""t"":[[0,0,0,0],[0,0,0,0],[0,0,0,0],[0,0,0,0]],""g"":[[0,0,0,0],[0,0,0,0],[0,0,0,0],[0,0,0,0]],""d"":20490}","w63060003",NULL,2,"0.00",0
3315,5856,"{""c"":[0,0.43,0.43,0.01,0.72],""m"":[[0,0,0,0],[28.62,340,14,350],[14.3,286,1,287],[0,0,0,0],[4.95,99,1,100]],""t"":[[0,0,0,0],[3.3,3.75,5,5],[0,0,0,0],[0,0,0,0],[0,0,0,0]],""g"":[[0,0,0,0],[0,0,0,0],[0,0,0,0],[0,0,0,0],[0,0,0,0]],""d"":20495}","o68067b43",816,4,"0.00",0
3318,5858,"{""c"":[0,0,0.29,0.14,1],""m"":[[0,0,0,0],[0,0,0,0],[19.71,369,8,376],[2.8,40,0,40],[4.2,40,0,40]],""t"":[[0,0,0,0],[0,0,0,0],[0.64,1,4,2],[0,0,0,0],[0,0,0,0]],""g"":[[0,0,0,0],[0,0,0,0],[21.01,191,5,196],[10.23,93,7,96],[4.73,43,4,46]],""d"":20493}","0630647a3",669,2,"0.00",0
3324,5861,"{""c"":[0],""m"":[[0,0,0,0]],""t"":[[0,0,0,0]],""g"":[[0,0,0,0]],""d"":20485}","w46070972",789,3,"0.00",0
3326,5862,"{""c"":[0.71,0.57,0.57,0.71,0.86],""m"":[[5.6,70,0,70],[9.74,154,27,169],[4.52,52,16,60],[6.62,73,26,86],[6.65,95,18,105,0.07]],""t"":[[0,0,0,0],[0,0,0,0],[0,0,0,0],[0,0,0,0],[0,0,0,0]],""g"":[[0,0,0,0],[0,0,0,0],[0,0,0,0],[0,0,0,0],[0,0,0,0]],""d"":20497}","w63060003",NULL,2,"0.00",0
3328,5863,"{""c"": [], ""m"": [], ""t"": [], ""g"": [], ""d"": null}","w63060003",NULL,3,"0.00",0
3332,5864,"{""c"":[1],""m"":[[6.96,77,3,80]],""t"":[[0,0,0,0]],""g"":[[0,0,0,0]],""d"":20492}","w63060003",NULL,2,"0.00",0
3333,5865,"{""c"":[1],""m"":[[0.2,20,0,20]],""t"":[[0,0,0,0]],""g"":[[0,0,0,0]],""d"":20469}","w63060003",NULL,1,"0.00",0
3335,5866,"{""c"":[0.57,0.43,0.71,0.86],""m"":[[12.6,256,28,269],[1.95,25,19,34],[4.08,42,88,57],[5.25,75,18,86,0.07]],""t"":[[0,0,0,0],[0,0,0,0],[0,0,0,0],[0,0,0,0]],""g"":[[0,0,0,0],[0,0,0,0],[0,0,0,0],[0,0,0,0]],""d"":20497}","w63060003",NULL,2,"0.00",0
3341,3189,"{""c"":[0,0.14,0.14,0,0.71],""m"":[[0,0,0,0],[1.5,15,0,15],[3.77,29,1,30],[0,0,0,0],[0,0,0,0]],""t"":[[0,0,0,0],[0,3.25,3,4],[0,0,0,0],[0,0,0,0],[0,0,0,0]],""g"":[[0,0,0,0],[0,105,9,114],[0,0,0,0],[0,0,0,0],[0,0,0,0]],""d"":20494}","w63060003",738,3,"0.00",0
3342,3185,"{""c"":[0,0.14,0.28,0,0.71],""m"":[[0,0,0,0],[0,20,0,20],[17.62,67,17,75],[0,0,0,0],[0,0,0,0]],""t"":[[0,0,0,0],[0,2.5,6,4],[0,4.25,8,6],[0,0,0,0],[0,0,0,0]],""g"":[[0,0,0,0],[0,0,0,0],[8.28,46,9,54],[0,0,0,0],[0,0,0,0]],""d"":20494}","p63011303",738,3,"0.00",0
3343,3179,"{""c"":[0,0,0.14,0,0.71],""m"":[[0,0,0,0],[0,0,0,0],[21,75,0,75],[0,0,0,0],[0,0,0,0]],""t"":[[0,0,0,0],[0,0,0,0],[0,0,0,0],[0,0,0,0],[0,0,0,0]],""g"":[[0,0,0,0],[0,0,0,0],[0,0,0,0],[0,0,0,0],[0,0,0,0]],""d"":20494}","w63060003",738,3,"0.00",0
3344,3181,"{""c"":[0,0.14,0.14,0,0.71],""m"":[[0,0,0,0],[1.4,14,1,15],[0,36,4,40],[0,0,0,0],[0,0,0,0]],""t"":[[0,0,0,0],[0,0,0,0],[0,3,12,6],[0,0,0,0],[0,3,4,4]],""g"":[[0,0,0,0],[0,0,0,0],[0,0,0,0],[0,0,0,0],[0,0,0,0]],""d"":20495}","w63060003",738,3,"0.00",0
3345,3177,"{""c"":[0,0.14,0.14,0,0.71],""m"":[[4.4,55,4,58],[3.6,20,0,20],[0,0,0,0],[0,0,0,0],[0,0,0,0]],""t"":[[0,0,0,0],[0,0,0,0],[0,2.75,5,4],[0,0,0,0],[0,2.75,18,6]],""g"":[[0,0,0,0],[0,0,0,0],[0,0,0,0],[0,0,0,0],[0,0,0,0]],""d"":20495}","w63060003",738,3,"0.00",0
3346,3203,"{""c"":[0,0,0.28,0,0.71],""m"":[[0,0,0,0],[0,0,0,0],[1.2,12,3,15],[0,0,0,0],[0,0,0,0]],""t"":[[0,0,0,0],[0,0,0,0],[0,3,4,4],[0,0,0,0],[0,0,0,0]],""g"":[[0,0,0,0],[0,0,0,0],[8.46,47,7,54],[0,0,0,0],[0,0,0,0]],""d"":20494}","612271023",738,3,"0.00",0
3347,3182,"{""c"":[0,0.14,0.28,0,0.71],""m"":[[0,0,0,0],[1,10,5,15],[15.96,51,6,56],[0,0,0,0],[0,0,0,0]],""t"":[[0,0,0,0],[0,0,0,0],[0,6,0,6],[0,0,0,0],[0,3,4,4]],""g"":[[0,0,0,0],[0,0,0,0],[0,0,0,0],[0,0,0,0],[0,0,0,0]],""d"":20495}","o68084c03",738,3,"0.00",0
3348,3204,"{""c"":[0,0.14,0.28,0,0.71],""m"":[[0,0,0,0],[1.4,14,1,15],[3.51,27,6,30],[0,0,0,0],[0,0,0,0]],""t"":[[0,0,0,0],[0,2.75,5,4],[0,5,4,6],[0,0,0,0],[8.68,4,5,5]],""g"":[[0,0,0,0],[0,28,17,38],[0,0,0,0],[0,0,0,0],[0,0,0,0]],""d"":20495}","o21086a23",738,3,"0.00",0
3349,3183,"{""c"":[0,0.14,0.14,0,0.71],""m"":[[0,0,0,0],[1.5,15,0,15],[0,0,0,0],[0,0,0,0],[0,19,1,20]],""t"":[[0,0,0,0],[0,7.25,3,8],[0,0,0,0],[0,0,0,0],[0,5.75,1,6]],""g"":[[0,0,0,0],[0,0,0,0],[0,34,8,38],[0,0,0,0],[0,0,0,0]],""d"":20495}","w63060003",738,3,"0.00",0
3350,3178,"{""c"":[0,0,0.14,0,0.71],""m"":[[0,0,0,0],[0,0,0,0],[3.8,38,2,40],[0,0,0,0],[0,0,0,0]],""t"":[[0,0,0,0],[0,0,0,0],[0,4,11,6],[0,0,0,0],[0,2.75,7,4]],""g"":[[0,0,0,0],[0,0,0,0],[0,0,0,0],[0,0,0,0],[0,0,0,0]],""d"":20495}","w63060003",738,3,"0.00",0
3351,3190,"{""c"":[0,0.14,0.28,0,0.71],""m"":[[0,0,0,0],[1.5,15,0,15],[3.64,48,3,50],[0,0,0,0],[0,0,0,0]],""t"":[[0,0,0,0],[0,4,0,4],[0,5.25,3,6],[0,0,0,0],[0,0,0,0]],""g"":[[0,0,0,0],[0,0,0,0],[9,83,13,92],[0,0,0,0],[0,0,0,0]],""d"":20494}","w63060003",738,3,"0.00",0
3352,3191,"{""c"":[0,0,0,0,0.71],""m"":[[0,0,0,0],[0,0,0,0],[0,0,0,0],[0,0,0,0],[0,0,0,0]],""t"":[[0,0,0,0],[0,0,0,0],[0,0,0,0],[0,0,0,0],[0,0,0,0]],""g"":[[0,0,0,0],[0,0,0,0],[0,0,0,0],[0,0,0,0],[0,0,0,0]],""d"":20494}","w63060003",738,3,"0.00",0
3353,3192,"{""c"":[0,0.14,0.14,0,0.71],""m"":[[0,0,0,0],[1.3,40,6,45],[0,0,0,0],[0,0,0,0],[0,0,0,0]],""t"":[[0,0,0,0],[0,0,0,0],[0,3.5,2,4],[0,0,0,0],[0,0,0,0]],""g"":[[0,0,0,0],[0,25,26,38],[0,0,0,0],[0,0,0,0],[0,0,0,0]],""d"":20494}","w63060003",738,3,"0.00",0
3354,3193,"{""c"":[0,0,0.28,0,0.71],""m"":[[0,0,0,0],[0,0,0,0],[5.14,43,2,45],[0,0,0,0],[0,0,0,0]],""t"":[[0,0,0,0],[0,0,0,0],[0,9.5,2,10],[0,0,0,0],[0,0,0,0]],""g"":[[0,0,0,0],[0,0,0,0],[0,0,0,0],[0,0,0,0],[0,0,0,0]],""d"":20494}","w63060003",738,3,"0.00",0
3355,3194,"{""c"":[0,0.14,0.43,0,0.71],""m"":[[0,0,0,0],[1.5,15,0,15],[19.5,60,0,60],[0,0,0,0],[0,0,0,0]],""t"":[[0,0,0,0],[0,2.75,5,4],[0,4,8,6],[0,0,0,0],[0,0,0,0]],""g"":[[0,0,0,0],[0,32,15,38],[8.64,48,7,54],[0,0,0,0],[0,0,0,0]],""d"":20494}","w63060003",738,3,"0.00",0
3356,3195,"{""c"":[0,0.14,0.28,0,0.71],""m"":[[0,0,0,0],[1.4,34,1,35],[3.38,65,5,70],[0,0,0,0],[0,0,0,0]],""t"":[[0,0,0,0],[0,3.75,1,4],[0,0,0,0],[0,0,0,0],[0,0,0,0]],""g"":[[0,0,0,0],[0,0,0,0],[0,0,0,0],[0,0,0,0],[0,0,0,0]],""d"":20494}","w63060003",738,3,"0.00",0
3357,3197,"{""c"":[0,0.14,0.28,0,0.57],""m"":[[0,0,0,0],[4.2,60,5,65],[0,0,0,0],[0,0,0,0],[1.7,5,0,5]],""t"":[[0,0,0,0],[0,2,8,4],[0,4.25,8,6],[0,0,0,0],[0,0,0,0]],""g"":[[0,0,0,0],[0,29,16,38],[8.28,46,9,55],[0,0,0,0],[0,0,0,0]],""d"":20496}","641860023",738,3,"0.00",0
3358,3198,"{""c"":[0,0.14,0.28,0,0.71],""m"":[[0,0,0,0],[1.5,15,0,15],[15.73,52,10,60],[0,0,0,0],[6.46,19,1,20]],""t"":[[0,0,0,0],[0,0.75,17,4],[2.17,10.75,37,16],[0,0,0,0],[1.08,2,14,5]],""g"":[[0,0,0,0],[0,36,2,38],[9,50,5,54],[0,0,0,0],[0,0,0,0]],""d"":20496}","w63060003",738,3,"0.00",0
3359,3199,"{""c"":[0,0,0.14,0,0.71],""m"":[[0,0,0,0],[0,0,0,0],[12.48,24,10,30],[0,0,0,0],[0,0,0,0]],""t"":[[0,0,0,0],[0,0,0,0],[0,0,0,0],[0,0,0,0],[0,0,0,0]],""g"":[[0,0,0,0],[0,0,0,0],[0,0,0,0],[0,0,0,0],[0,0,0,0]],""d"":20494}","w63060003",738,3,"0.00",0
3360,3200,"{""c"":[0,0.14,0.28,0,0.57],""m"":[[0,0,0,0],[45.4,454,18,470],[30.92,200,15,210],[0,0,0,0],[10.2,30,0,30]],""t"":[[0,0,0,0],[0,2.75,5,4],[0,5,4,6],[0,0,0,0],[0,0,0,0]],""g"":[[0,0,0,0],[0,0,0,0],[8.28,46,10,54],[0,0,0,0],[0,0,0,0]],""d"":20496}","028062023",738,3,"0.00",0
3361,3201,"{""c"":[0,0.14,0.28,0,0.72],""m"":[[0,0,0,0],[1.5,15,0,15],[17.03,72,11,80],[0,0,0,0],[6.18,24,21,30]],""t"":[[0,0,0,0],[0,3.5,2,4],[0,5,4,6],[0,0,0,0],[0,0,0,0]],""g"":[[0,0,0,0],[0,31,11,38],[8.82,49,5,54],[0,0,0,0],[0,0,0,0]],""d"":20496}","w63060003",738,3,"0.00",0
3364,5869,"{""c"":[0.86,0.57,0,0],""m"":[[6.23,89,14,100],[8.78,94,6,100],[0,0,0,0],[0,0,0,0]],""t"":[[0,0,0,0],[0,0,0,0],[0,0,0,0],[0,0,0,0]],""g"":[[0,0,0,0],[0,0,0,0],[0,0,0,0],[0,0,0,0]],""d"":20492}","063066a03",625,1,"0.00",0
3365,5870,"{""c"":[0,0,0.15,0.14,1],""m"":[[0,0,0,0],[0,0,0,0],[13.3,148,8,154],[2.66,38,2,40],[3.77,36,4,40]],""t"":[[0,0,0,0],[0,0,0,0],[0.79,0.75,7,2],[0,0,0,0],[0,0,0,0]],""g"":[[0,0,0,0],[0,0,0,0],[0,0,0,0],[7.37,67,4,69],[4.07,37,9,46]],""d"":20493}","w63060003",669,2,"0.00",0
3366,5872,"{""c"":[0.71,1],""m"":[[18.68,265,18,280],[11.92,224,18,240]],""t"":[[0,0,0,0],[36.67,31.5,45,37]],""g"":[[0,0,0,0],[5.2,20,4,22]],""d"":20475}","w63060003",NULL,1,"0.00",0
3367,5873,"{""c"":[1],""m"":[[0,20,0,20]],""t"":[[0,0,0,0]],""g"":[[0,0,0,0]],""d"":20469}","w63060003",NULL,4,"0.00",0
3369,5875,"{""c"":[0.71,0.43],""m"":[[0,105,0,105],[0,20,0,20]],""t"":[[0,0,0,0],[0,0,0,0]],""g"":[[0,0,0,0],[0,0,0,0]],""d"":20476}","w63060003",NULL,3,"0.00",0
3371,5876,"{""c"":[0.71,0.43,0.28,0.29,1],""m"":[[31.71,549,22,565],[26.82,293,9,300],[59.38,566,38,591],[28.19,137,18,151,0.35],[10.74,59,1,60,0.19]],""t"":[[0,0,0,0],[1.8,1.75,21,4],[0,0,0,0],[0,0,0,0],[0,0,0,0,0]],""g"":[[2.28,57,16,68],[14.36,359,42,389],[4,100,14,110],[1.72,43,6,48],[2.96,74,19,87,0.04]],""d"":20501}","w63060003",NULL,4,"0.00",0
3374,1970,"{""c"":[1],""m"":[[0.2,20,0,20]],""t"":[[0,0,0,0]],""g"":[[0,0,0,0]],""d"":20469}","w63060003",NULL,2,"0.00",0
3380,5880,"{""c"":[0,0.14,0.71],""m"":[[0,20,0,20],[0,20,0,20],[0,0,0,0]],""t"":[[0,0,0,0],[0,0,0,0],[0,0,0,0]],""g"":[[0,98,2,100],[0,0,0,0],[0,0,0,0]],""d"":20487}","q63161003",821,4,"0.00",0
3386,5885,"{""c"":[1],""m"":[[2.52,18,4,20]],""t"":[[0.6,0.75,1,1]],""g"":[[0,0,0,0]],""d"":20469}","w63060003",NULL,4,"0.00",0
3388,2900,"{""c"": [], ""m"": [], ""t"": [], ""g"": [], ""d"": null}","w63060003",NULL,-1,"0.00",0
3389,5887,"{""c"":[0.86,0.43,0,0.29],""m"":[[56.71,107,3,110],[171.16,251,22,266],[0,0,0,0],[53.67,91,7,98]],""t"":[[0,0,0,0],[0,0,0,0],[0,0,0,0],[0,0,0,0]],""g"":[[0,0,0,0],[0,0,0,0],[0,0,0,0],[0,0,0,0]],""d"":20491}","w63060003",611,0,"0.00",1
3392,5889,"{""c"":[0,0,0.29,0.28,0.57],""m"":[[0,0,0,0],[0,0,0,0],[4.27,37,3,40],[7.51,86,6,90],[3.46,33,9,40]],""t"":[[0,0,0,0],[0,0,0,0],[0,0,7,1],[2.02,2,0,2],[0,0,0,0]],""g"":[[0,0,0,0],[0,0,0,0],[8.58,78,15,89],[16.83,153,24,171],[6.38,58,8,63]],""d"":20496}","o08770703",669,2,"0.00",0
3395,5893,"{""c"":[0.86,0.71],""m"":[[0,59,1,60],[0,10,0,10]],""t"":[[1.8,3.75,5,5],[2.16,9.75,1,10]],""g"":[[0,0,0,0],[0,0,0,0]],""d"":20474}","w63060003",NULL,4,"0.00",0
3398,5895,"{""c"":[1,0.14,0,0,0.43],""m"":[[0,20,0,20],[1.6,20,0,20],[0,0,0,0],[0,0,0,0],[5.12,59,1,60,0.1]],""t"":[[11.93,6.75,10,9],[0,0,0,0],[0,0,0,0],[0,0,0,0],[0,0,0,0]],""g"":[[0,0,0,0],[0,0,0,0],[0,0,0,0],[0,0,0,0],[0,0,0,0]],""d"":20498}","w63060003",NULL,3,"0.00",0
3399,5897,"{""c"":[0.86,0,0,1],""m"":[[5.8,58,2,60],[0,0,0,0],[0,0,0,0],[2,20,0,20]],""t"":[[0,0,0,0],[0,0,0,0],[0,0,0,0],[0,0,0,0]],""g"":[[0,0,0,0],[0,0,0,0],[0,0,0,0],[0,0,0,0]],""d"":20486}","w63060003",NULL,3,"0.00",0
3401,5898,"{""c"": [], ""m"": [], ""t"": [], ""g"": [], ""d"": null}","w63060003",NULL,4,"0.00",0
3404,5899,"{""c"":[0.86,0.15,0.14,1],""m"":[[57.29,217,6,220],[66.23,118,3,120],[0,0,0,0],[351.62,653,21,674,0.55]],""t"":[[0,0,0,0],[0,0,0,0],[0,0,0,0],[0,0,0,0]],""g"":[[0,0,0,0],[0,0,0,0],[0,43,10,52],[13.14,73,28,88]],""d"":20497}","345780005",674,3,"0.00",0
3406,5900,"{""c"":[1],""m"":[[0.2,20,0,20]],""t"":[[0,0,0,0]],""g"":[[0,0,0,0]],""d"":20470}","w63060003",NULL,1,"0.00",0
3408,5902,"{""c"":[1],""m"":[[1.6,16,7,20]],""t"":[[0,0,0,0]],""g"":[[0,0,0,0]],""d"":20470}","w63060003",NULL,2,"0.00",0
3410,5903,"{""c"": [], ""m"": [], ""t"": [], ""g"": [], ""d"": null}","w63060003",NULL,4,"0.00",0
3413,5905,"{""c"":[0.86,0.86],""m"":[[6.84,38,2,40],[3.6,20,0,20]],""t"":[[0,0,0,0],[0,0,0,0]],""g"":[[0,0,0,0],[0,0,0,0]],""d"":20473}","w63060003",NULL,3,"0.00",0
3414,5906,"{""c"":[1],""m"":[[8.8,88,3,91]],""t"":[[0,0,0,0]],""g"":[[0,0,0,0]],""d"":20471}","w63060003",NULL,3,"0.00",0
3415,5907,"{""c"":[1,1],""m"":[[5.9,87,22,100],[26.98,295,32,320]],""t"":[[0,0,0,0],[0,0,0,0]],""g"":[[0,0,0,0],[0,0,0,0]],""d"":20476}","w63060003",NULL,2,"0.00",0
3419,5908,"{""c"":[1],""m"":[[4.64,38,2,40]],""t"":[[0,0,0,0]],""g"":[[3.9,15,12,22]],""d"":20471}","w63060003",NULL,1,"0.00",0
3420,5909,"{""c"":[1],""m"":[[28.02,93,14,104]],""t"":[[0,0,30,3]],""g"":[[0,0,0,0]],""d"":20481}","w63060003",NULL,5,"0.00",0
3421,5910,"{""c"":[0.57,0.29,1],""m"":[[5.91,237,3,240],[1.76,176,4,180],[0.79,79,1,80]],""t"":[[34.05,30,48,40],[0,0,0,0],[0,0,0,0]],""g"":[[5.72,22,6,27],[0,0,0,0],[0,0,0,0]],""d"":20486}","w63060003",NULL,1,"0.00",0
3423,5911,"{""c"":[0.86,0.57],""m"":[[3.2,80,0,80],[36.35,424,22,445]],""t"":[[0,0,0,0],[3.28,3.75,5,5]],""g"":[[11.18,43,5,48],[20.28,78,57,105]],""d"":20478}","w63060003",NULL,1,"0.00",0
3424,5912,"{""c"":[1,0.43,0.57],""m"":[[9.12,114,12,120],[8.92,107,27,120],[3.5,39,1,40]],""t"":[[0,0,0,0],[0,0,0,0],[0,0,0,0]],""g"":[[0,0,0,0],[0,0,0,0],[0,0,0,0]],""d"":20482}","w63060003",NULL,2,"0.00",0
3426,5914,"{""c"":[1,1],""m"":[[37.98,163,22,180],[0,0,0,0]],""t"":[[0,0,0,0],[0,0,0,0]],""g"":[[7.28,28,6,34],[7.02,27,22,38]],""d"":20472}","w63060003",NULL,1,"0.00",0
3428,5915,"{""c"":[0.86,0.57],""m"":[[6.8,20,0,20],[26.54,95,5,100]],""t"":[[0,0,0,0],[0,0,0,0]],""g"":[[0,0,0,0],[0,0,0,0]],""d"":20475}","841014003",776,3,"0.00",0
3430,5916,"{""c"":[1],""m"":[[8.98,93,1,94]],""t"":[[0,0,0,0]],""g"":[[0,0,0,0]],""d"":20470}","w63060003",NULL,5,"0.00",0
3432,2357,"{""c"":[1,0.14,0,0,0.29],""m"":[[1.9,190,5,195],[0.3,30,0,30],[0,0,0,0,0],[0,0,0,0,0],[0.59,59,2,61,0.01]],""t"":[[0,0,0,0],[0,0,0,0],[0,0,0,0,0],[0,0,0,0,0],[0,0,0,0,0]],""g"":[[0,0,0,0],[0,0,0,0],[0,0,0,0,0],[0,0,0,0,0],[0,0,0,0,0]],""d"":20498}","w63060003",NULL,1,"0.00",0
3434,5917,"{""c"":[1,0.29,0.28,0.57,1],""m"":[[7.2,40,0,40],[16.67,176,4,180],[7.7,55,0,55],[9.57,29,8,34],[7.9,55,0,55]],""t"":[[0,0,0,0],[0,0,0,0],[6.83,8.25,7,10],[0,0,0,0],[2.98,3,8,5]],""g"":[[0,0,0,0],[5.95,35,19,45],[0,0,0,0],[34.6,290,30,307],[31.42,260,37,288]],""d"":20496}","911863043",674,2,"3.00",0
3437,5918,"{""c"":[1],""m"":[[7.52,94,6,100]],""t"":[[0,0,0,0]],""g"":[[0,0,0,0]],""d"":20486}","w63060003",NULL,3,"0.00",0
3438,5919,"{""c"": [], ""m"": [], ""t"": [], ""g"": [], ""d"": null}","w63060003",NULL,3,"0.00",0
3440,5921,"{""c"":[1],""m"":[[2.9,96,3,98]],""t"":[[14.43,13.25,39,20]],""g"":[[0.78,3,0,3]],""d"":20471}","w63060003",NULL,1,"0.00",0
3441,5922,"{""c"":[1],""m"":[[0.17,17,4,20]],""t"":[[0,0,0,0]],""g"":[[0,0,0,0]],""d"":20470}","w63060003",NULL,2,"0.00",0
3445,5925,"{""c"": [], ""m"": [], ""t"": [], ""g"": [], ""d"": null}","w63060003",NULL,3,"0.00",0
3446,5926,"{""c"":[1,1],""m"":[[13.64,147,4,150],[74.86,903,25,928]],""t"":[[0,0,0,0],[0,0,0,0]],""g"":[[0,0,0,0],[3.08,28,4,31]],""d"":20475}","w63060003",NULL,2,"0.00",0
3447,5927,"{""c"": [], ""m"": [], ""t"": [], ""g"": [], ""d"": null}","w63060003",NULL,3,"0.00",0
3448,5928,"{""c"": [], ""m"": [], ""t"": [], ""g"": [], ""d"": null}","w63060003",NULL,1,"0.00",0
3449,5929,"{""c"": [], ""m"": [], ""t"": [], ""g"": [], ""d"": null}","w63060003",NULL,4,"0.00",0
3451,5930,"{""c"":[1,0.43,0,1],""m"":[[8,80,0,80],[12.3,123,8,130],[0,0,0,0],[9.4,94,6,100]],""t"":[[0,0,0,0],[0,0,0,0],[0,0,0,0],[0,0,0,0]],""g"":[[0,0,0,0],[0,0,0,0],[0,0,0,0],[0,0,0,0]],""d"":20487}","w63060003",NULL,2,"0.00",0
3453,5931,"{""c"":[0],""m"":[[8.5,65,9,70]],""t"":[[0,0,0,0]],""g"":[[0,0,0,0]],""d"":20487}","w63060003",568,4,"0.00",0
3456,5935,"{""c"":[1,0,0,0,0.71],""m"":[[1.92,59,1,60],[0,0,0,0],[0,0,0,0],[0,0,0,0],[1.6,20,0,20]],""t"":[[0,0,0,0],[0,0,0,0],[0,0,0,0],[0,0,0,0],[0,0,0,0]],""g"":[[0,0,0,0],[0,0,0,0],[0,0,0,0],[0,0,0,0],[0,0,0,0]],""d"":20495}","w63060003",NULL,2,"0.00",0
3457,5936,"{""c"":[0,1],""m"":[[0,0,0,0],[0,0,0,0]],""t"":[[0,0,0,0],[0,0,0,0]],""g"":[[0,0,0,0],[5.83,53,6,59]],""d"":20486}","w63060003",823,2,"0.00",0
3458,5937,"{""c"":[1],""m"":[[1.26,18,2,20]],""t"":[[0,0,0,0]],""g"":[[0,0,0,0]],""d"":20471}","w63060003",NULL,4,"0.00",0
3460,5939,"{""c"":[1,0.14,0,0.71],""m"":[[2.34,18,2,20],[2.38,34,7,40],[0,0,0,0],[4.11,35,3,37]],""t"":[[0,0,0,0],[0,0,0,0],[0,0,0,0],[0,0,0,0]],""g"":[[0,0,0,0],[0,0,0,0],[0,0,0,0],[0,0,0,0]],""d"":20489}","w63060003",NULL,1,"0.00",0
3462,5940,"{""c"":[0],""m"":[[0,39,1,40]],""t"":[[0,0,0,0]],""g"":[[0,0,0,0]],""d"":20487}","w63060003",568,4,"0.00",0
3463,5941,"{""c"":[1,0.57,0,0.57,0.72],""m"":[[0,45,4,49],[144.33,871,8,879],[0,0,0,0],[22.14,109,2,111],[6.5,25,0,25]],""t"":[[0,0,0,0],[3.93,3.5,8,5],[0,0,0,0],[54.45,40,22,44],[5.9,4.75,1,5]],""g"":[[0,0,0,0],[0,0,0,0],[0,0,0,0],[0,0,0,0],[0,0,0,0]],""d"":20496}","o23132002",816,1,"0.00",0
3464,5942,"{""c"":[1],""m"":[[2.19,39,1,40]],""t"":[[0,0,0,0]],""g"":[[6.24,24,2,26]],""d"":20471}","w63060003",NULL,1,"0.00",0
3465,5944,"{""c"":[1,0.14,0.15,0.01,0.86],""m"":[[0,20,0,20],[0,0,0,0],[0,0,0,0],[0,0,0,0],[0,0,0,0]],""t"":[[1.2,1,0,1],[0,0,0,0],[0.96,1,0,1],[0,0,0,0],[0.58,1.5,2,2]],""g"":[[0,0,0,0],[2.28,57,14,68],[0,0,0,0],[0,0,0,0],[0.56,14,5,17]],""d"":20495}","l78484046",809,4,"0.00",0
3466,5945,"{""c"":[1,0,0,0,0.86],""m"":[[5.16,63,20,70],[0,0,0,0],[0,0,0,0],[0,0,0,0],[0,58,2,60]],""t"":[[0,0,0,0],[0,0,0,0],[0,0,0,0],[0,0,0,0],[0,0,0,0]],""g"":[[0,0,0,0],[0,0,0,0],[0,0,0,0],[0,0,0,0],[0,0,0,0]],""d"":20494}","w63060003",NULL,3,"0.00",0
3472,5947,"{""c"":[0],""m"":[[2.72,17,7,20]],""t"":[[0,0,0,0]],""g"":[[0,0,0,0]],""d"":20487}","o28081023",568,4,"0.00",0
3474,5949,"{""c"":[1,0,0.43,0.28,0.71],""m"":[[1.5,15,6,20],[0,0,0,0],[157.7,1986,4,1990],[2.73,39,2,40],[3.78,36,4,40]],""t"":[[0,0,0,0],[0,0,0,0],[0,0,0,0],[0,0,0,0],[0,0,0,0]],""g"":[[0,0,0,0],[0,0,0,0],[9.46,86,1,87],[7.48,68,2,70],[5.06,46,3,49,0.11]],""d"":20497}","o41062993",669,2,"0.00",0
3475,5950,"{""c"":[1,0.71],""m"":[[12.58,37,3,40],[0,0,0,0]],""t"":[[0,0,0,0],[0,0,0,0]],""g"":[[0,0,0,0],[0,0,0,0]],""d"":20473}","645040003",776,3,"0.00",0
3477,5951,"{""c"":[1],""m"":[[4.9,49,8,55]],""t"":[[0,0,0,0]],""g"":[[0,0,0,0]],""d"":20471}","w63060003",NULL,2,"0.00",0
3478,5954,"{""c"":[0.43,0,0.28],""m"":[[1.71,57,3,60],[0,0,0,0],[43.6,517,15,530]],""t"":[[0,0,0,0],[0,0,0,0],[0,0,0,0]],""g"":[[0,0,0,0],[0,0,0,0],[0,0,0,0]],""d"":20492}","o63061093",625,1,"0.00",0
3479,5956,"{""c"":[0.29,0.14],""m"":[[2,169,4,173],[3.7,37,6,40]],""t"":[[0,0,0,0],[0,0,0,0]],""g"":[[0,0,0,0],[0,0,0,0]],""d"":20485}","w63060003",NULL,3,"0.00",0
3480,5958,"{""c"":[0,0.72,0.01,0.44,0.71],""m"":[[0,0,0,0],[7.79,54,1,55],[0,0,0,0],[18.08,59,1,60],[0,0,0,0]],""t"":[[0,0,0,0],[5.1,7.75,17,12],[0,0,0,0],[3,3.25,7,5],[0,0,0,0]],""g"":[[0,0,0,0],[0.76,19,1,20],[0,0,0,0],[0,0,0,0],[0,0,0,0]],""d"":20494}","0630830a3",774,4,"0.00",0
3483,5960,"{""c"":[1,0.15,0.14,0.29,0.29,1],""m"":[[0.3,30,0,30],[0.06,6,0,6],[0.06,6,0,6],[0.12,12,0,12],[0.06,6,0,6],[0.02,2,0,2,0.01]],""t"":[[0,0,0,0],[0,0,4,1],[0,0,0,0],[0,0,0,0],[0,0,0,0],[0,0,0,0,0]],""g"":[[1.82,7,0,7],[0,0,0,0],[0,0,0,0],[0,0,0,0],[0,0,0,0],[0,0,0,0,0]],""d"":20500}","w63060003",NULL,1,"0.00",0
3484,5961,"{""c"":[1,0.71],""m"":[[7.1,75,6,80],[8.76,95,5,100]],""t"":[[0,0,0,0],[0,0,0,0]],""g"":[[0,0,0,0],[0,0,0,0]],""d"":20475}","w63060003",NULL,2,"0.00",0
3485,5962,"{""c"":[1,0.28,0,0.14,0.71],""m"":[[7.62,122,9,131],[12.01,151,5,156],[0,0,0,0],[9.82,111,4,115],[0,0,0,0]],""t"":[[0,0,0,0],[0,0,0,0],[0,0,0,0],[0,0,0,0],[0,0,0,0]],""g"":[[0,0,0,0],[0,0,0,0],[0,0,0,0],[4.18,38,20,52],[0,0,0,0]],""d"":20494}","v17232023",674,2,"0.00",0
3489,5964,"{""c"":[1,0,0,0.14],""m"":[[5.49,29,1,30],[0,0,0,0],[0,0,0,0],[7.76,48,2,50]],""t"":[[0,0,0,0],[0,0,0,0],[0,0,0,0],[0,0,0,0]],""g"":[[0,0,0,0],[0,0,0,0],[0,0,0,0],[0,0,0,0]],""d"":20492}","w63060003",NULL,3,"0.00",0
3492,5965,"{""c"":[1,0.86,0.43,0.58,1,1],""m"":[[0,58,2,60],[52.31,223,27,245],[11.48,48,3,50],[54.51,200,11,210],[82,307,11,315,0.21],[24.61,81,7,85,0.31]],""t"":[[0,0,0,0],[0.96,2.25,65,12],[0,0,19,2],[4.5,4.25,3,5],[1.89,2,55,13],[1.05,0.5,5,2,2.11]],""g"":[[0,0,0,0],[1.56,39,1,40],[3.92,98,18,108],[0,0,0,0],[0,0,0,0],[0,0,0,0,0]],""d"":20502}","483010396",774,4,"0.00",0
3494,5966,"{""c"":[1,1],""m"":[[11.1,115,6,120],[6.64,118,2,120]],""t"":[[0,0,0,0],[0,0,0,0]],""g"":[[0,0,0,0],[0,0,0,0]],""d"":20472}","w63060003",NULL,2,"0.00",0
3495,5967,"{""c"":[0,0.43,0.43,0.15],""m"":[[0,0,0,0],[193.24,2700,69,2766],[48.4,856,5,861],[0,0,0,0]],""t"":[[0,0,0,0],[10.26,17.25,53,27],[0,0,0,0],[0,0,0,0]],""g"":[[0,0,0,0],[0,0,0,0],[3.8,95,27,110],[1.28,32,6,35]],""d"":20492}","p45782053",761,4,"0.00",0
3496,5968,"{""c"":[1,0.86],""m"":[[7.68,96,5,100],[7.84,98,2,100]],""t"":[[0,0,0,0],[0,0,0,0]],""g"":[[0,0,0,0],[0,0,0,0]],""d"":20473}","w63060003",NULL,3,"0.00",0
3498,5970,"{""c"":[1],""m"":[[1.6,20,0,20]],""t"":[[0,0,0,0]],""g"":[[0,0,0,0]],""d"":20471}","w63060003",NULL,3,"0.00",0
3499,5971,"{""c"":[0,0.43,0,0.29],""m"":[[0,0,0,0],[3.42,173,5,178],[0,0,0,0],[0,0,0,0]],""t"":[[0,0,0,0],[2.11,1.5,2,2],[0,0,0,0],[0,0,0,0]],""g"":[[0,0,0,0],[7,175,88,211],[0,0,0,0],[1.32,33,4,35]],""d"":20492}","p15062753",761,4,"0.00",0
3502,5972,"{""c"":[1,0.57,0.86],""m"":[[4.32,39,20,50],[13.91,135,20,150],[2.1,30,0,30]],""t"":[[0,0,0,0],[0,0,0,0],[0,0,0,0]],""g"":[[0,0,0,0],[0,0,0,0],[0,0,0,0]],""d"":20480}","w63060003",NULL,2,"0.00",0
3505,5974,"{""c"":[1],""m"":[[0,0,0,0]],""t"":[[0,0,0,0]],""g"":[[0,37,6,43]],""d"":20471}","w63060003",NULL,4,"0.00",0
3508,5975,"{""c"":[0],""m"":[[3.04,19,1,20]],""t"":[[0,0,0,0]],""g"":[[0,0,0,0]],""d"":20490}","p85060093",568,4,"0.00",0
3509,5976,"{""c"": [], ""m"": [], ""t"": [], ""g"": [], ""d"": null}","w63060003",NULL,2,"0.00",0
3510,5977,"{""c"":[1],""m"":[[3.2,40,0,40]],""t"":[[0,0,0,0]],""g"":[[0,0,0,0]],""d"":20471}","w63060003",NULL,2,"0.00",0
3511,5978,"{""c"":[1,0,0.14],""m"":[[0.8,80,0,80],[0,0,0,0],[0.2,20,0,20]],""t"":[[12.45,9.75,1,10],[0,0,0,0],[0,0,0,0]],""g"":[[0,0,0,0],[0,0,0,0],[0,0,0,0]],""d"":20485}","w63060003",NULL,1,"0.00",0
3512,5979,"{""c"":[1],""m"":[[0,0,0,0]],""t"":[[0,12.25,11,15]],""g"":[[0,0,0,0]],""d"":20482}","w63060003",NULL,4,"0.00",0
3513,5980,"{""c"":[1,0.14,0,0.43],""m"":[[3.64,28,2,30],[1.82,13,3,15],[0,0,0,0],[0,0,0,0]],""t"":[[0,0,0,0],[5.25,7.5,10,10],[0,0,0,0],[0,0,0,0]],""g"":[[0,0,0,0],[0,0,0,0],[0,0,0,0],[0,0,0,0]],""d"":20489}","w63060333",762,1,"0.00",0
3515,5981,"{""c"":[1,0.14,0.57],""m"":[[0,39,1,40],[27.88,238,9,246],[1.52,19,1,20]],""t"":[[0,0,0,0],[0,0,0,0],[0,0,0,0]],""g"":[[0,0,0,0],[0,0,0,0],[0,0,0,0]],""d"":20482}","w63060003",NULL,3,"0.00",0
3517,5982,"{""c"": [], ""m"": [], ""t"": [], ""g"": [], ""d"": null}","w63060003",NULL,2,"0.00",0
3518,5983,"{""c"":[0.71,0.57,0.57,0.86],""m"":[[16.65,248,77,295],[6.09,77,28,97],[7.96,93,24,106],[9.87,141,19,152,0.07]],""t"":[[0,0,0,0],[0,0,0,0],[0,0,0,0],[0,0,0,0]],""g"":[[0,0,0,0],[0,0,0,0],[0,0,0,0],[0,0,0,0]],""d"":20497}","w63060003",NULL,2,"0.00",0
3519,5984,"{""c"":[1,0.86],""m"":[[0,40,0,40],[0,20,0,20]],""t"":[[0,0,0,0],[0,0,0,0]],""g"":[[0,0,0,0],[0,0,0,0]],""d"":20473}","w63060003",NULL,4,"0.00",0
3520,5985,"{""c"":[1],""m"":[[6.46,19,1,20]],""t"":[[0,0,0,0]],""g"":[[0,0,0,0]],""d"":20476}","w63060003",NULL,3,"0.00",0
3524,5986,"{""c"":[1],""m"":[[1.28,28,11,32]],""t"":[[0,0,0,0]],""g"":[[0,0,0,0]],""d"":20471}","w63060003",NULL,3,"0.00",0
3527,5987,"{""c"":[1,0.01,0.14,0.29],""m"":[[0,80,0,80],[0,0,0,0],[0.72,12,3,15],[0,58,2,60]],""t"":[[0,0,0,0],[0,0,0,0],[1.01,1,4,2],[0,0,0,0]],""g"":[[0,0,0,0],[0,0,0,0],[0,0,0,0],[1.12,28,8,35]],""d"":20492}","w63060003",761,4,"0.00",0
3529,5988,"{""c"":[1,1],""m"":[[3.04,38,9,44],[5.2,65,1,66]],""t"":[[0,0,0,0],[0,0,0,0]],""g"":[[0,0,0,0],[0,0,0,0]],""d"":20473}","w63060003",NULL,2,"0.00",0
3530,5989,"{""c"":[0],""m"":[[3.04,19,1,20]],""t"":[[0,0,0,0]],""g"":[[1.24,31,8,35]],""d"":20487}","o68064046",568,4,"0.00",0
3531,5990,"{""c"":[0],""m"":[[2.72,17,7,20]],""t"":[[0,0,0,0]],""g"":[[0,0,0,0]],""d"":20487}","063063103",568,4,"0.00",0
3532,5991,"{""c"":[0.43,0.15,0,0.71],""m"":[[0,20,0,20],[0,0,0,0],[0,0,0,0],[11.2,56,4,60,0.21]],""t"":[[0,4.5,12,6],[0,0.5,38,5],[0,0,0,0],[0,0,21,2]],""g"":[[0,0,0,0],[0,0,0,0],[0,0,0,0],[0.08,2,2,3]],""d"":20497}","g43076983",774,4,"0.00",0
3534,5992,"{""c"":[1,0.57,0.72,0.57,0.43],""m"":[[0.9,18,3,20],[19.55,86,32,105],[11.6,36,5,41],[21.92,302,4,306],[0,0,0,0,0]],""t"":[[1.5,3.25,105,13],[3.72,10,108,22],[7.05,15,92,31],[9.72,17.75,79,29],[0,0,0,0,0]],""g"":[[0,0,0,0],[0,0,0,0],[3.72,93,173,159],[0.32,8,5,10],[0,0,0,0,0]],""d"":20496}","x48160416",622,4,"0.00",1
3535,5993,"{""c"":[1,1],""m"":[[11.44,263,7,270],[7.76,97,3,100]],""t"":[[0,0,0,0],[0,0,0,0]],""g"":[[0,0,0,0],[0,0,0,0]],""d"":20472}","w63060003",NULL,3,"0.00",0
3536,5994,"{""c"":[1,0.43,0.14,0.57,0.57],""m"":[[10.94,117,3,120],[18.58,223,7,230],[11.2,140,0,140],[30.8,385,6,390],[20.95,46,4,50,0]],""t"":[[0,0,0,0],[10.84,6,4,7],[0,0,0,0],[15.18,8.25,7,10],[0,0,0,0]],""g"":[[0,0,0,0],[0,7,5,10],[0,0,0,0],[0,0,0,0],[0,0,0,0]],""d"":20496}","w63060003",NULL,3,"0.00",0
3537,5995,"{""c"": [], ""m"": [], ""t"": [], ""g"": [], ""d"": null}","w63060003",NULL,3,"0.00",0
3538,5997,"{""c"":[0,0,0.15],""m"":[[0.84,38,3,41],[0,0,0,0],[0,0,0,0]],""t"":[[0,0,27,2],[0,0,0,0],[0,0,0,0]],""g"":[[0,0,0,0],[0,0,0,0],[1.2,30,43,51]],""d"":20492}","v18771000",761,4,"0.00",0
3539,5998,"{""c"":[0,0.43,0.57,0.72,0.86],""m"":[[0,0,0,0],[32.43,103,17,118],[20.25,64,33,85],[13.01,48,16,60],[11.58,33,8,40]],""t"":[[0,0,0,0],[0,0,0,0],[3.95,4,16,7],[0,0,10,2],[1.2,1,13,4]],""g"":[[0,0,0,0],[3.32,83,36,100],[0,0,0,0],[1.68,42,12,50],[0,0,0,0]],""d"":20496}","n56652000",662,4,"0.00",0
3540,5999,"{""c"":[0,0,0,0.14,0.71],""m"":[[0,0,0,0],[0,0,0,0],[0,0,0,0],[1.6,20,0,20],[2.16,27,3,30]],""t"":[[0,0,0,0],[0,0,0,0],[0,0,0,0],[0,0,0,0],[0,0,0,0]],""g"":[[0,0,0,0],[0,0,0,0],[0,0,0,0],[0,0,0,0],[0,0,0,0]],""d"":20495}","w63060003",669,2,"0.00",0
3541,6000,"{""c"":[0.28,0.29,0.14,1],""m"":[[3.12,6,6,10],[23.81,163,4,166],[14.56,28,6,30],[18.72,36,3,39]],""t"":[[0,0,0,0],[0,0,0,0],[0,0,0,0],[0,0,0,0]],""g"":[[4.68,26,12,33],[0,0,0,0],[0,0,0,0],[0,0,0,0]],""d"":20493}","w63060003",682,3,"0.00",0
3542,6001,"{""c"":[0,0,0.29,0.14],""m"":[[0,0,0,0],[0,0,0,0],[21.86,629,12,641],[2.38,34,8,40]],""t"":[[0,0,0,0],[0,0,0,0],[0,0,0,0],[0,0,0,0]],""g"":[[0,0,0,0],[0,0,0,0],[7.81,71,17,83],[6.6,60,10,67]],""d"":20492}","607570983",669,2,"0.00",0
3544,6002,"{""c"":[0,0.14,0.15,0.28,0.86],""m"":[[0,0,0,0],[0,0,0,0],[4.76,27,8,34],[9.04,19,7,24],[4.16,8,0,8]],""t"":[[0,0,0,0],[0,0,0,0],[0,0,0,0],[0,0,0,0],[0,0,0,0]],""g"":[[0,0,0,0],[1.08,6,9,10],[0,0,0,0],[0,0,0,0],[0,0,0,0]],""d"":20494}","w63060003",682,3,"0.00",0
3545,6003,"{""c"":[0,0.14,0.43,0.28,0.86],""m"":[[0,0,0,0],[13.6,40,0,40],[72.25,221,13,228],[65.9,126,2,127],[0,0,0,0]],""t"":[[0,0,0,0],[0,0,0,0],[15.18,8.25,7,10],[0,0,0,0],[0,0,0,0]],""g"":[[0,0,0,0],[6.3,35,11,44],[45.72,326,84,373],[10.8,60,11,68],[0,0,0,0]],""d"":20493}","k48870066",682,3,"0.00",1
3546,6004,"{""c"":[0,0,0.15,0.14,1],""m"":[[0,0,0,0],[0,0,0,0],[5.78,31,3,34],[12.68,26,3,29],[8.32,16,2,16]],""t"":[[0,0,0,0],[0,0,0,0],[0,0,0,0],[0,0,0,0],[0,0,0,0]],""g"":[[0,0,0,0],[0,0,0,0],[1.44,8,2,10],[0,0,0,0],[0,0,0,0]],""d"":20493}","p481727a3",682,3,"0.00",0
3547,6005,"{""c"":[0,0,0.57,0.14,1],""m"":[[0,0,0,0],[0,0,0,0],[29.31,96,4,100],[8.84,17,1,18],[9.36,18,5,20]],""t"":[[0,0,0,0],[0,0,0,0],[0,0,0,0],[0,0,0,0],[0,0,0,0]],""g"":[[0,0,0,0],[0,0,0,0],[1.44,8,7,10],[0,0,0,0],[0,0,0,0]],""d"":20493}","p13082062",682,3,"0.00",2
3548,6006,"{""c"":[0,0.14,0.01,0.29,1],""m"":[[0,0,0,0],[0,0,0,0],[0,0,0,0],[16.7,38,13,41],[15.35,45,7,52]],""t"":[[0,0,0,0],[0,0,0,0],[0,0,0,0],[0,0,0,0],[0,0,0,0]],""g"":[[0,0,0,0],[5.76,32,8,36],[0,0,0,0],[0,0,0,0],[0,0,0,0]],""d"":20493}","421064093",682,3,"0.00",0
3550,6008,"{""c"":[0,0,0.57,0.28,0.86],""m"":[[0,0,0,0],[0,0,0,0],[12.65,46,3,48],[13,25,2,27],[0,0,0,0]],""t"":[[0,0,0,0],[0,0,0,0],[0,0,0,0],[0,0,0,0],[0,0,0,0]],""g"":[[0,0,0,0],[0,0,0,0],[1.8,10,0,10],[0,0,0,0],[0,0,0,0]],""d"":20493}","063066c83",682,3,"0.00",0
3551,6009,"{""c"":[0,0.14,0.29,0.29,0.86],""m"":[[0,0,0,0],[0,0,0,0],[11.99,121,16,128],[11.44,22,3,23],[0,0,0,0]],""t"":[[0,0,0,0],[0,0,0,0],[0,0,0,0],[0,0,0,0],[0,0,0,0]],""g"":[[0,0,0,0],[3.06,17,6,20],[0,0,0,0],[0,0,0,0],[0,0,0,0]],""d"":20493}","619240662",682,3,"0.00",0
3552,6010,"{""c"":[0,0,0.43,0.14,1],""m"":[[0,0,0,0],[0,0,0,0],[27.11,118,16,128],[14.26,34,5,38],[9.88,19,5,23]],""t"":[[0,0,0,0],[0,0,0,0],[0,0,0,0],[0,0,0,0],[0,0,0,0]],""g"":[[0,0,0,0],[0,0,0,0],[1.62,9,1,10],[0,0,0,0],[0,0,0,0]],""d"":20493}","413019a93",682,3,"0.00",0
3553,6011,"{""c"":[0,0.14,0.15,0.14,1],""m"":[[0,0,0,0],[0,0,0,0],[12.92,65,11,68],[25.99,58,24,72],[16.12,31,4,32]],""t"":[[0,0,0,0],[0,0,0,0],[0,0,0,0],[0,0,0,0],[0,0,0,0]],""g"":[[0,0,0,0],[1.26,7,8,10],[0,0,0,0],[0,0,0,0],[0,0,0,0]],""d"":20493}","o23084033",682,3,"0.00",0
3554,6012,"{""c"":[0,0,0.29,0.29,1],""m"":[[0,0,0,0],[0,0,0,0],[6.12,32,3,34],[6.65,33,7,39],[1.04,2,7,3]],""t"":[[0,0,0,0],[0,0,0,0],[0,0,0,0],[0,0,0,0],[0,0,0,0]],""g"":[[0,0,0,0],[0,0,0,0],[1.26,7,8,10],[0,0,0,0],[0,0,0,0]],""d"":20493}","o38776793",682,3,"0.00",3
3555,6013,"{""c"":[0,0.14,0.01,0.14,1],""m"":[[0,0,0,0],[0,0,0,0],[0,0,0,0],[16.18,52,12,60],[9.88,19,3,20]],""t"":[[0,0,0,0],[0,0,0,0],[0,0,0,0],[0,0,0,0],[0,0,0,0]],""g"":[[0,0,0,0],[1.62,9,5,10],[0,0,0,0],[0,0,0,0],[0,0,0,0]],""d"":20493}","w63060003",682,3,"0.00",0
3556,6014,"{""c"":[0,0.14,0.15,0.14,0.72],""m"":[[0,0,0,0],[0,0,0,0],[0,34,0,34],[18.67,44,22,58],[12.02,83,16,89]],""t"":[[0,0,0,0],[0,0,0,0],[0,0,0,0],[0,0,0,0],[0,0,0,0]],""g"":[[0,0,0,0],[2.7,15,9,21],[0,0,0,0],[0,0,0,0],[0,0,0,0]],""d"":20496}","613016983",682,3,"0.00",0
3557,6016,"{""c"":[0,0.14,0.44,0.14,1],""m"":[[0,0,0,0],[0,0,0,0],[30.03,116,27,128],[7.28,14,1,15],[11.96,23,2,25]],""t"":[[0,0,0,0],[0,0,0,0],[0,0,0,0],[0,0,0,0],[0,0,0,0]],""g"":[[0,0,0,0],[4.5,25,11,32],[0,0,0,0],[0,0,0,0],[0,0,0,0]],""d"":20493}","647470942",682,3,"0.00",0
3558,6017,"{""c"":[0,0.14,0.43,0.28,0.86],""m"":[[0,0,0,0],[0,0,0,0],[17.87,118,37,124],[32.58,78,3,81],[0,0,0,0]],""t"":[[0,0,0,0],[0,0,0,0],[0,0,0,0],[0,0,0,0],[0,0,0,0]],""g"":[[0,0,0,0],[1.44,8,4,10],[0,0,0,0],[0,0,0,0],[0,0,0,0]],""d"":20493}","021084023",682,3,"0.00",0
3559,6018,"{""c"":[0,0.14,0.01,0.14,1],""m"":[[0,0,0,0],[0,0,0,0],[0,0,0,0],[20.91,62,10,70],[15.6,30,1,30]],""t"":[[0,0,0,0],[0,0,0,0],[0,0,0,0],[0,0,0,0],[0,0,0,0]],""g"":[[0,0,0,0],[1.62,9,7,10],[0,0,0,0],[0,0,0,0],[0,0,0,0]],""d"":20493}","q63063ba3",682,3,"0.00",0
3561,6020,"{""c"":[0,0.71,0.58,0.72,0.57],""m"":[[0,0,0,0],[101.03,419,24,439],[42.31,93,8,97],[51.03,99,1,100],[6.46,19,1,20]],""t"":[[0,0,0,0],[30.96,12,39,19],[23.83,7.75,35,15],[33.52,19,4,20],[21.78,6.5,18,10]],""g"":[[0,0,0,0],[23.58,131,21,147],[9.9,55,13,64],[15.3,85,20,95],[0,0,0,0]],""d"":20496}","0110817a3",769,3,"0.00",0
3564,6022,"{""c"": [], ""m"": [], ""t"": [], ""g"": [], ""d"": null}","w63060003",NULL,2,"0.00",0
3584,6041,"{""c"":[0,0.14,0.15,0.28,0.86],""m"":[[0,0,0,0],[0,0,0,0],[6.12,31,9,34],[23.01,46,13,50],[0,0,0,0]],""t"":[[0,0,0,0],[0,0,0,0],[0,0,0,0],[0,0,0,0],[0,0,0,0]],""g"":[[0,0,0,0],[2.88,16,12,20],[0,0,0,0],[0,0,0,0],[0,0,0,0]],""d"":20493}","v45040983",682,3,"0.00",0
3587,6044,"{""c"":[0],""m"":[[0,0,0,0]],""t"":[[0,0,0,0]],""g"":[[0,0,0,0]],""d"":20487}","w63060003",568,4,"0.00",0
3588,6045,"{""c"":[0,0.01,0,0.71],""m"":[[20.82,95,23,110],[0,0,0,0],[0,0,0,0],[0,0,0,0]],""t"":[[0.3,0.75,22,5],[0,0,0,0],[0,0,0,0],[0,0,0,0]],""g"":[[0,0,0,0],[0,0,0,0],[0,0,0,0],[0,0,0,0]],""d"":20494}","x48760a90",774,4,"0.00",0
3590,6048,"{""c"":[0,0.71,0,0.14,0.86],""m"":[[0,0,0,0],[83.7,370,16,381],[0,0,0,0],[5.13,19,1,20],[62.91,233,6,238,0.27]],""t"":[[0,0,0,0],[0,0,33,5],[0,0,0,0],[0,0,0,0],[3.68,5,51,13]],""g"":[[0,0,0,0],[2.52,63,18,75],[0,0,0,0],[0,0,0,0],[0,0,0,0]],""d"":20497}","o25162723",652,4,"0.00",0
3591,6049,"{""c"":[0,0.71,0.29,0.14,0.71],""m"":[[0,0,0,0],[4.85,25,6,30],[0,0,0,0],[0,0,0,0],[0,0,0,0]],""t"":[[0,0,0,0],[49.17,56.75,62,71],[5.76,9,4,10],[2.52,4.25,3,5],[7.2,10,0,10]],""g"":[[0,0,0,0],[5.24,131,24,151],[0,0,0,0],[0,0,0,0],[0,0,0,0]],""d"":20495}","445081023",652,4,"7.00",0
3592,6050,"{""c"":[0,0.71,0.28,0.14,0.86],""m"":[[0,0,0,0],[61.66,257,6,263],[5.94,22,0,22],[0,0,0,0],[21.6,80,0,80]],""t"":[[0,0,0,0],[14.79,17.25,15,21],[4.05,4.75,1,5],[9.58,7,17,11],[20.4,18.25,11,21]],""g"":[[0,0,0,0],[0,0,0,0],[0,0,0,0],[0,0,0,0],[0,0,0,0]],""d"":20495}","x33079663",652,4,"9.00",0
3594,6052,"{""c"":[0,0.43,0,0.14,0.71],""m"":[[0,0,0,0],[21.42,213,19,230],[0,0,0,0],[0,0,0,0],[0,0,0,0]],""t"":[[0,0,0,0],[61.44,45.25,44,55],[0,0,0,0],[17.25,12.25,11,15],[23.7,18.75,5,20]],""g"":[[0,0,0,0],[2.88,72,3,75],[0,0,0,0],[0,0,0,0],[0,0,0,0]],""d"":20496}","103074033",652,4,"15.00",0
3595,6053,"{""c"":[0,0.57,0.14,0.14,0.86],""m"":[[0,0,0,0],[104.26,474,17,485],[41.31,153,4,157],[17.1,66,4,69],[111.15,365,17,380,0.27]],""t"":[[0,0,0,0],[1.8,10.75,58,16],[0,0,0,0],[0,0,0,0],[2.7,3.25,64,10]],""g"":[[0,0,0,0],[0,0,0,0],[0,0,0,0],[0,0,0,0],[0,0,0,0]],""d"":20497}","948070382",652,4,"13.00",0
3596,6054,"{""c"":[0,0.42,0,0.14,0.57],""m"":[[0,0,0,0],[12.69,77,4,81],[0,0,0,0],[15.39,57,1,58],[24.84,92,2,94,0.27]],""t"":[[0,0,0,0],[0,0,0,0],[0,0,0,0],[0,0,0,0],[0.48,0.5,1,1,0.96]],""g"":[[0,0,0,0],[0,0,0,0],[0,0,0,0],[0,0,0,0],[0,0,0,0]],""d"":20497}","w01160082",652,4,"0.00",0
3598,6056,"{""c"":[0,0.43,0.43,0.14,0.57],""m"":[[0,0,0,0],[82.77,313,7,319],[39.13,119,13,130],[5.13,19,1,20],[21.42,70,3,73,0.27]],""t"":[[0,0,0,0],[1.5,1.5,24,5],[0,0,0,0],[0,0,0,0],[0,0,0,0]],""g"":[[0,0,0,0],[0,0,0,0],[0,0,0,0],[0,0,0,0],[0,0,0,0]],""d"":20497}","u03270000",652,4,"0.00",0
3599,6057,"{""c"":[0,0.71,0.71,0.43,1],""m"":[[0,0,0,0],[17.61,146,5,147],[0,0,0,0],[4.1,50,0,50],[35.28,173,2,175,0.21]],""t"":[[0,0,0,0],[911.32,364.25,67,381],[619.36,214.75,9,217],[91.32,34.5,2,35],[267.61,104.5,98,130,4.18]],""g"":[[0,0,0,0],[9.88,38,1,39],[7.8,30,0,30],[4.68,18,0,18],[18.2,70,9,77,0.26]],""d"":20497}","618770622",652,1,"21.00",3
3600,6058,"{""c"":[0,0.71,0,0,0.86],""m"":[[0,0,0,0],[10.45,237,10,247],[0,0,0,0],[0,0,0,0],[160.82,1100,45,1142,0.21]],""t"":[[0,0,0,0],[3,3.75,12,5],[0,0,0,0],[0,0,0,0],[0.72,1.25,22,5]],""g"":[[0,0,0,0],[0,0,0,0],[0,0,0,0],[0,0,0,0],[0,0,0,0]],""d"":20497}","q13063086",652,4,"0.00",0
3601,6059,"{""c"":[0,0.57,0.29,0.14,0.71],""m"":[[0,0,0,0],[56.16,258,18,269],[15.22,65,4,69],[6.75,44,1,45],[5.13,19,1,20]],""t"":[[0,0,0,0],[1.5,2.25,19,5],[0,0,0,0],[0,0,0,0],[0,0,0,0]],""g"":[[0,0,0,0],[0,0,0,0],[0,0,0,0],[0,0,0,0],[0,0,0,0]],""d"":20495}","c62050023",652,4,"0.00",0
3602,6060,"{""c"":[0,0.71,0.71,0.29,1],""m"":[[0,0,0,0],[191.73,746,54,785],[288.33,1071,22,1089],[136.12,332,18,350],[366.51,967,26,989,0.27]],""t"":[[0,0,0,0],[0.6,5.25,27,10],[0,0,0,0],[4.5,5,0,5],[8.15,8,33,13]],""g"":[[0,0,0,0],[0,0,0,0],[0,0,0,0],[0,0,0,0],[0,0,0,0]],""d"":20498}","608770922",652,4,"28.00",1
3603,6061,"{""c"":[0,0.28,0,0,0.57],""m"":[[0,0,0,0],[14.84,106,6,108],[0,0,0,0],[0,0,0,0],[0,0,0,0]],""t"":[[0,0,0,0],[0,0,0,0],[0,0,0,0],[0,0,0,0],[0,0,0,0]],""g"":[[0,0,0,0],[0,0,0,0],[0,0,0,0],[0,0,0,0],[0,0,0,0]],""d"":20495}","p28060723",652,4,"0.00",0
3610,6067,"{""c"":[1],""m"":[[3.42,37,9,40]],""t"":[[0,0,0,0]],""g"":[[0,0,0,0]],""d"":20472}","w63060003",NULL,4,"0.00",0
3611,6068,"{""c"":[0,0.71,0.71,0.86,0.72],""m"":[[0,0,0,0],[24.8,109,17,125],[195.62,730,14,742],[74.69,267,10,277],[4.05,15,0,15]],""t"":[[0,0,0,0],[6.68,8,99,16],[7.28,10.25,73,20],[1.97,6.75,5,8],[1.35,1.5,2,2]],""g"":[[0,0,0,0],[0,0,0,0],[2.4,60,32,77],[0,0,0,0],[0.8,20,21,31]],""d"":20495}","901637070",809,4,"0.00",0
3613,6071,"{""c"":[0],""m"":[[0,0,0,0]],""t"":[[0,0,0,0]],""g"":[[0,0,0,0]],""d"":20487}","g63062363",775,4,"0.00",0
3615,6072,"{""c"":[1],""m"":[[0,0,0,0]],""t"":[[0,3,5,4]],""g"":[[0,0,0,0]],""d"":20487}","013062766",775,4,"0.00",0
3617,6074,"{""c"":[0,0.43,0.15,0.15,0.86],""m"":[[0,0,0,0],[5.46,32,3,35],[0,0,0,0],[0,0,0,0],[0,0,0,0]],""t"":[[0,0,0,0],[2.4,2,0,2],[1.56,1.75,1,2],[0.6,0.75,1,1],[0,0,12,2]],""g"":[[0,0,0,0],[2.24,56,31,69],[0,0,0,0],[0,0,0,0],[2.56,64,32,79]],""d"":20495}","w65040725",809,4,"0.00",2
3618,6075,"{""c"":[0],""m"":[[0,0,0,0]],""t"":[[0,0,0,0]],""g"":[[0,0,0,0]],""d"":20487}","q484840c3",775,4,"0.00",0
3619,2700,"{""c"":[0],""m"":[[0,0,0,0]],""t"":[[0,0,0,0]],""g"":[[0,0,0,0]],""d"":20487}","w73060915",775,4,"0.00",0
3622,6076,"{""c"":[0.14,1],""m"":[[8.96,14,10,20],[22.52,34,7,40]],""t"":[[0,0,0,0],[0,0,0,0]],""g"":[[0,0,0,0],[0,0,0,0]],""d"":20486}","w63060003",NULL,3,"0.00",0
3626,6078,"{""c"": [], ""m"": [], ""t"": [], ""g"": [], ""d"": null}","w63060003",NULL,3,"0.00",0
3629,6080,"{""c"":[0.57,0.72,0.43,0.71],""m"":[[30.47,449,46,471],[44.19,633,24,655],[6.02,74,2,76],[3.06,17,2,19]],""t"":[[6.55,5,0,5],[6.06,4,50,11],[21.75,19,8,21],[0,0,0,0]],""g"":[[14.56,56,40,79],[3.64,14,4,17],[0,0,0,0],[0,0,0,0]],""d"":20495}","w18062303",825,1,"0.00",0
3630,6081,"{""c"":[0.14,0,0.14],""m"":[[0.2,20,0,20],[0,0,0,0],[5.13,57,4,60]],""t"":[[0,0,0,0],[0,0,0,0],[0,0,0,0]],""g"":[[0,0,0,0],[0,0,0,0],[0,0,0,0]],""d"":20492}","w63060003",625,1,"0.00",0
3634,6083,"{""c"":[1,0.43,0.43,0.28,0.86],""m"":[[34.89,429,18,442],[3.7,70,0,70],[20.63,281,5,286],[2.9,29,1,30],[0,0,0,0,0]],""t"":[[0,0,0,0],[0,0,14,1],[8.17,8.75,29,13],[0,0,0,0],[0,0,0,0,0]],""g"":[[59.62,542,22,557],[30.25,275,8,283],[20.13,183,2,185],[4.18,38,6,42,0.11],[0,0,0,0,0]],""d"":20500}","p280827a3",778,2,"6.50",3
3635,6084,"{""c"":[0,0,0.15],""m"":[[1.68,6,7,10],[0,0,0,0],[1.8,30,0,30]],""t"":[[0,0,0,0],[0,0,0,0],[0,0,0,0]],""g"":[[0,0,0,0],[0,0,0,0],[0.76,19,22,35]],""d"":20492}","w63060003",761,4,"0.00",0
3637,6086,"{""c"":[0.72,0.43,0.15,1],""m"":[[4.9,14,1,15],[35.61,180,4,183],[0,0,0,0],[14.83,59,1,60]],""t"":[[0,0,0,0],[0.65,2.75,18,5],[0.36,5.5,41,15],[2.08,3.75,17,7]],""g"":[[1.52,38,195,98],[2.56,64,39,84],[0,0,0,0],[2.16,54,90,85]],""d"":20495}","w63060003",809,4,"0.00",1
3638,6087,"{""c"":[0,0.57,0.01,0.72],""m"":[[0,0,0,0],[0,0,0,0],[0,0,0,0],[0,0,0,0]],""t"":[[1.5,1.5,2,2],[4.02,5.5,86,15],[0,0,0,0],[0.48,0.75,1,1]],""g"":[[0,0,0,0],[2.36,59,30,77],[0,0,0,0],[0.88,22,26,31]],""d"":20495}","p23084953",809,4,"0.00",0
3639,1937,"{""c"":[1],""m"":[[2.8,59,1,60]],""t"":[[0,0,0,0]],""g"":[[0,0,0,0]],""d"":20472}","w63060003",NULL,4,"0.00",0
3640,2459,"{""c"":[1],""m"":[[2.47,51,5,55]],""t"":[[0,0,0,0]],""g"":[[0,0,0,0]],""d"":20472}","w63060003",NULL,5,"0.00",0
3642,6089,"{""c"":[0,0.29,0.14,0.15,0.01,0.72],""m"":[[0,0,0,0],[10.6,106,4,110],[4,40,0,40],[39.85,129,10,135],[0,0,0,0],[0,0,0,0,0]],""t"":[[0,0,0,0],[0,0,0,0],[0,0,0,0],[0,0,0,0],[0,0,0,0],[0,0,0,0,0]],""g"":[[0,0,0,0],[0,0,0,0],[0,0,0,0],[0,0,0,0],[0,0,0,0],[0,0,0,0,0]],""d"":20501}","w63060003",689,3,"0.00",0
3648,6092,"{""c"":[0,0.14,0.71],""m"":[[4.42,31,4,35],[3.7,50,0,50],[1.98,18,2,20]],""t"":[[0,0,0,0],[0,0,0,0],[4.73,4.75,1,5]],""g"":[[0,0,0,0],[0,0,0,0],[0,0,0,0]],""d"":20489}","w63060003",825,1,"0.00",0
3651,6094,"{""c"":[0,0.43,0.57,0.86],""m"":[[21.16,176,5,181],[221.86,891,25,914],[238.84,914,37,948],[166.86,661,23,680]],""t"":[[2.13,1,71,10],[0,0,0,0],[0,1.25,47,10],[0,0,0,0]],""g"":[[0,0,0,0],[0,0,0,0],[0,0,0,0],[49.68,108,23,123]],""d"":20496}","p28068073",816,1,"0.00",0
3652,6095,"{""c"":[0.57,0.15,0.15,0,0.86],""m"":[[15.54,189,12,200],[3.57,105,5,110],[3.42,66,6,70],[0,0,0,0,0],[0,0,0,0,0]],""t"":[[0,0,0,0],[0,0,0,0],[0,0,0,0],[0,0,0,0,0],[0,0,0,0,0]],""g"":[[0,0,0,0],[0,0,0,0],[12.43,113,12,124],[0,0,0,0,0],[0,0,0,0,0]],""d"":20500}","0731650a6",778,2,"0.00",0
3657,6100,"{""c"":[0.57,0.43,0.29,0,0.86],""m"":[[32.09,228,21,241],[0.39,39,1,40],[3.43,49,1,50],[0,0,0,0,0],[0,0,0,0,0]],""t"":[[0,0,0,0],[0,0,60,3],[0.32,0.5,50,8],[0,0,0,0,0],[0,0,0,0,0]],""g"":[[9.24,84,2,86],[0,0,0,0],[12.65,115,14,124],[0,0,0,0,0],[0,0,0,0,0]],""d"":20500}","641710086",778,2,"0.00",0
3658,6101,"{""c"":[0.57,0.43,0.72,0,0.86],""m"":[[11.25,138,2,140],[9.16,107,6,113],[10,103,16,115],[0,0,0,0,0],[5.18,55,5,60,0.09]],""t"":[[0,0,0,0],[1.26,1.5,2,2],[0,0,0,0],[0,0,0,0,0],[0,0,0,0,0]],""g"":[[0,0,0,0],[0.66,6,2,7],[0,0,0,0],[0,0,0,0,0],[0,0,0,0,0]],""d"":20502}","w63060003",NULL,2,"0.00",0
3659,6102,"{""c"":[0.28,0.43,0.28,0.86],""m"":[[27.6,80,0,80],[28.49,101,3,104],[67.01,136,17,150],[0,0,0,0]],""t"":[[0,0,0,0],[0,0,0,0],[0,0,0,0],[0,0,0,0]],""g"":[[7.2,40,20,56],[0,0,0,0],[0,0,0,0],[0,0,0,0]],""d"":20493}","713551341",682,3,"0.00",0
3662,6105,"{""c"":[1],""m"":[[5.78,77,3,80]],""t"":[[0,0,0,0]],""g"":[[0,0,0,0]],""d"":20472}","w63060003",NULL,2,"0.00",0
3664,6106,"{""c"":[0],""m"":[[1.92,52,16,60]],""t"":[[0,0,0,0]],""g"":[[0,0,0,0]],""d"":20487}","k28062743",568,4,"0.00",0
3665,2673,"{""c"":[0],""m"":[[0,0,0,0]],""t"":[[0,0,0,0]],""g"":[[0,0,0,0]],""d"":20487}","u40250026",775,4,"0.00",0
3666,6107,"{""c"":[1],""m"":[[9.92,114,6,120]],""t"":[[0,0,0,0]],""g"":[[0,0,0,0]],""d"":20473}","w63060003",NULL,2,"0.00",0
3668,6109,"{""c"":[0.29,0,0.71],""m"":[[59.42,748,10,758],[0,0,0,0],[0.1,1,0,1]],""t"":[[0,0,0,0],[0,0,0,0],[0,0,0,0]],""g"":[[0,0,0,0],[0,0,0,0],[0,0,0,0]],""d"":20488}","w63060003",NULL,2,"0.00",0
3671,6110,"{""c"": [], ""m"": [], ""t"": [], ""g"": [], ""d"": null}","w63060003",NULL,4,"0.00",0
3672,6111,"{""c"":[0.14,0.29,0.01,0.86],""m"":[[0,20,0,20],[2.94,14,1,15],[0,0,0,0],[0,20,0,20]],""t"":[[0,0,0,0],[0,0,0,0],[0,0,0,0],[0.29,1.25,15,4]],""g"":[[0,0,0,0],[1.84,46,170,84],[0,0,0,0],[2.76,69,168,85]],""d"":20495}","023082083",809,4,"0.00",0
3674,6112,"{""c"":[1],""m"":[[1.88,58,0,58]],""t"":[[0,0,0,0]],""g"":[[0,0,0,0]],""d"":20493}","w63060003",NULL,2,"0.00",0
3677,6113,"{""c"":[1],""m"":[[0,80,0,80]],""t"":[[0,0,0,0]],""g"":[[0,0,0,0]],""d"":20472}","w63060003",NULL,4,"0.00",0
3681,6114,"{""c"":[1],""m"":[[35.99,188,27,200]],""t"":[[30.53,22.5,11,25]],""g"":[[13,50,6,54]],""d"":20474}","w63060003",NULL,1,"0.00",0
3682,6115,"{""c"":[0,0.29,0.01,0.15,0.71],""m"":[[0,0,0,0],[9.07,43,9,50],[0,0,0,0],[45.05,145,5,150],[0,0,0,0]],""t"":[[0,0,0,0],[7.2,8.75,5,10],[0,0,0,0],[0,0,0,0],[0,0,0,0]],""g"":[[0,0,0,0],[1.2,30,32,40],[0,0,0,0],[0,0,0,0],[0,0,0,0]],""d"":20494}","p64073003",774,4,"0.00",0
3683,6116,"{""c"":[0.57,0.14,0.71],""m"":[[46.66,1036,27,1052],[1.44,9,10,15],[7.1,75,15,85]],""t"":[[0,0,0,0],[0,0.5,15,2],[8.92,8.75,50,16]],""g"":[[0,0,0,0],[0,0,0,0],[0,0,0,0]],""d"":20489}","w63060003",825,1,"0.00",0
3685,6117,"{""c"":[0.14,0.43],""m"":[[8.6,86,19,100],[9.6,156,4,160]],""t"":[[0,0,0,0],[0,0,0,0]],""g"":[[0,0,0,0],[0,0,0,0]],""d"":20483}","w63060003",NULL,3,"0.00",0
3687,6118,"{""c"":[0.43,0.28,0.43,0.15,0.72],""m"":[[31.34,119,12,130],[8.38,46,4,50],[45.5,129,4,133],[0.64,8,0,8],[0,0,0,0,0]],""t"":[[0,0,0,0],[0,0,0,0],[0,0,0,0],[0,0,0,0],[0,0,0,0,0]],""g"":[[0,0,0,0],[0,0,0,0],[0,0,0,0],[0,0,0,0],[0,0,0,0,0]],""d"":20501}","p431617a3",689,3,"0.00",0
3688,6119,"{""c"":[0,0.57,0,0.43,0.29,0.72],""m"":[[0,0,0,0],[24.82,303,8,310],[0,0,0,0],[97.4,874,32,900],[26.63,130,3,133,0.1],[0,0,0,0,0]],""t"":[[0,0,0,0],[0,0,0,0],[0,0,0,0],[0,0,0,0],[0,0,31,2,2.72],[0,0,0,0,0]],""g"":[[0,0,0,0],[0,0,0,0],[0,0,0,0],[0,0,0,0],[0,0,0,0],[0,0,0,0,0]],""d"":20501}","g47070003",689,3,"26.00",0
3689,6120,"{""c"":[0.15,0.01,0.01,0,0.86],""m"":[[5.6,56,4,60],[0,0,0,0],[0,0,0,0],[0,0,0,0,0],[0,0,0,0,0]],""t"":[[0,0,0,0],[0,0,0,0],[0,0,0,0],[0,0,0,0,0],[0,0,0,0,0]],""g"":[[0,0,0,0],[0,0,0,0],[0,0,0,0],[0,0,0,0,0],[0,0,0,0,0]],""d"":20500}","064466666",778,2,"0.00",0
3690,6121,"{""c"":[0,0,0.29],""m"":[[1.68,28,2,30],[0,0,0,0],[0,0,0,0]],""t"":[[1.26,1.25,3,2],[0,0,0,0],[0,0,0,0]],""g"":[[0,0,0,0],[0,0,0,0],[1.08,27,15,35]],""d"":20492}","w63060003",761,4,"0.00",0
3693,6122,"{""c"":[0],""m"":[[0,0,0,0]],""t"":[[0,0,0,0]],""g"":[[0,0,0,0]],""d"":20495}","w63060003",809,4,"0.00",0
3694,6123,"{""c"":[0.57,0.71,0.43,1],""m"":[[41.32,473,63,525],[47.46,542,51,580],[11.28,136,4,140],[23.38,253,9,260]],""t"":[[0,0,0,0],[0,0,0,0],[0,0,0,0],[0,0,0,0]],""g"":[[0,0,0,0],[0,0,0,0],[0,0,0,0],[0,0,0,0]],""d"":20495}","w63060003",NULL,3,"0.00",0
3695,6124,"{""c"":[0,0.01,0,0.71],""m"":[[3.04,16,9,20],[0,0,0,0],[0,0,0,0],[0,0,0,0]],""t"":[[0.72,2.75,51,10],[0,0,0,0],[0,0,0,0],[0,0,0,0]],""g"":[[0.52,13,18,20],[0,0,0,0],[0,0,0,0],[0,0,0,0]],""d"":20494}","o43062523",774,4,"0.00",0
3698,6126,"{""c"":[0.42,0,0,0.43],""m"":[[8.34,174,6,180],[0,0,0,0],[0,0,0,0],[0,0,0,0,0]],""t"":[[0,0,0,0],[0,0,0,0],[0,0,0,0],[0,0,0,0,0]],""g"":[[0,0,0,0],[0,0,0,0],[0,0,0,0],[0,0,0,0,0]],""d"":20496}","w63060003",731,1,"0.00",0
3700,6127,"{""c"":[0,0.43,0,0.29,0.15,0.72],""m"":[[0,0,0,0],[16.9,169,1,170],[0,0,0,0],[35.1,78,2,80],[15.96,28,2,30],[0,0,0,0,0]],""t"":[[0,0,0,0],[0,0,0,0],[0,0,0,0],[0,0,0,0],[0,0,0,0],[0,0,0,0,0]],""g"":[[0,0,0,0],[0,0,0,0],[0,0,0,0],[0,0,0,0],[0,0,0,0],[0,0,0,0,0]],""d"":20501}","h11780043",689,3,"0.00",0
3702,6130,"{""c"":[1],""m"":[[1.52,19,1,20]],""t"":[[0,0,0,0]],""g"":[[0,0,0,0]],""d"":20472}","w63060003",NULL,2,"0.00",0
3705,6132,"{""c"":[0],""m"":[[1.19,7,14,15]],""t"":[[0,0,0,0]],""g"":[[0,0,0,0]],""d"":20487}","w63060003",568,4,"0.00",0
3706,6133,"{""c"":[0.57,0.01,0.72],""m"":[[0,29,0,29],[0,0,0,0],[0,0,0,0]],""t"":[[0.6,0.75,24,3],[0,0,0,0],[0.48,0.75,1,1]],""g"":[[0,0,0,0],[0,0,0,0],[1.8,45,91,79]],""d"":20495}","o23060073",809,4,"0.00",0
3707,6134,"{""c"": [], ""m"": [], ""t"": [], ""g"": [], ""d"": null}","w63060003",274,4,"0.00",0
3708,6135,"{""c"":[1],""m"":[[4.54,94,2,96]],""t"":[[0,0,0,0]],""g"":[[0,0,0,0]],""d"":20472}","w63060003",NULL,2,"0.00",0
3709,6136,"{""c"":[0,0,0.01,0.15,0.72],""m"":[[23.5,255,12,265],[0,0,0,0],[0,0,0,0],[3.12,6,5,10],[0,0,0,0,0]],""t"":[[0,0,0,0],[0,0,0,0],[0,0,0,0],[0,0,0,0],[0,0,0,0,0]],""g"":[[0,0,0,0],[0,0,0,0],[0,0,0,0],[0,0,0,0],[0,0,0,0,0]],""d"":20501}","w63060003",689,3,"0.00",0
3711,6138,"{""c"":[1],""m"":[[0.5,50,2,52]],""t"":[[0,0,0,0]],""g"":[[0,0,0,0]],""d"":20472}","w63060003",NULL,2,"0.00",0
3712,6139,"{""c"": [], ""m"": [], ""t"": [], ""g"": [], ""d"": null}","w63060003",NULL,0,"0.00",0
3714,6140,"{""c"":[1],""m"":[[4.2,42,11,46]],""t"":[[3.73,4.75,1,5]],""g"":[[0,0,0,0]],""d"":20472}","w63060003",NULL,2,"0.00",0
3715,6141,"{""c"":[0,0.15,0.01,0.58],""m"":[[0,0,0,0],[0,0,0,0],[0,0,0,0],[0,0,0,0]],""t"":[[0,0,0,0],[0,0,0,0],[0,0,0,0],[0,0,0,0]],""g"":[[0,0,0,0],[2.12,53,71,84],[0,0,0,0],[0,0,0,0]],""d"":20495}","w63060003",809,4,"0.00",0
3717,6142,"{""c"":[0,0.57,0.15,0.15,0.72],""m"":[[287.8,3152,60,3210],[118.2,1182,18,1200],[35.55,79,1,80],[23.6,236,5,240],[0,0,0,0,0]],""t"":[[0,0,0,0],[0,0,0,0],[0,0,0,0],[0,0,0,0],[0,0,0,0,0]],""g"":[[0,0,0,0],[0,0,0,0],[0,0,0,0],[0,0,0,0],[0,0,0,0,0]],""d"":20501}","611067bc3",689,3,"0.00",1
3722,6145,"{""c"":[0,0.15,0.29,0.15,0.72],""m"":[[85.35,281,9,290],[10.45,19,1,20],[35.1,78,2,80],[16.53,29,3,30],[0,0,0,0,0]],""t"":[[0,0,0,0],[0,0,0,0],[0,0,0,0],[0,0,0,0],[0,0,0,0,0]],""g"":[[0,0,0,0],[0,0,0,0],[0,0,0,0],[0,0,0,0],[0,0,0,0,0]],""d"":20501}","605260003",689,3,"0.00",0
3724,6147,"{""c"":[0,0.01,0,0.71],""m"":[[0,20,0,20],[0,0,0,0],[0,0,0,0],[0,0,0,0]],""t"":[[1.2,1.5,18,5],[0,0,0,0],[0,0,0,0],[0,0,0,0]],""g"":[[0,0,0,0],[0,0,0,0],[0,0,0,0],[0,0,0,0]],""d"":20494}","p640710c3",774,4,"0.00",0
3726,6149,"{""c"":[0.58,0.43,0.14,1],""m"":[[12.6,120,0,120],[5.7,57,3,60],[1.9,19,1,20],[4,40,0,40]],""t"":[[0,0,0,0],[0,0,0,0],[0,0,0,0],[0,0,0,0]],""g"":[[0,0,0,0],[0,0,0,0],[0,0,0,0],[0,0,0,0]],""d"":20493}","w63060003",NULL,2,"0.00",0
3729,6151,"{""c"":[1],""m"":[[4.68,36,5,40]],""t"":[[0,0,0,0]],""g"":[[0,0,0,0]],""d"":20472}","w63060003",NULL,2,"0.00",0
3731,6153,"{""c"":[0.14,0,0.15,0.86],""m"":[[5.64,65,4,69],[0,0,0,0],[0,0,0,0],[0,0,0,0]],""t"":[[7.59,4,4,5],[0,0,0,0],[0,0,0,0],[0,0,0,0]],""g"":[[0,0,0,0],[0,0,0,0],[0,48,6,52],[3.42,19,1,20]],""d"":20494}","263069a03",674,3,"0.00",0
3733,6154,"{""c"":[0,0.01,0,0.01,0.57],""m"":[[0,0,0,0],[0,0,0,0],[0,0,0,0],[0,0,0,0],[2.38,37,5,40]],""t"":[[0,0,0,0],[0,0,0,0],[0,0,0,0],[0,0,0,0],[0.48,0.75,1,1]],""g"":[[0,0,0,0],[0,0,0,0],[0,0,0,0],[0,0,0,0],[0,0,0,0]],""d"":20497}","w63060003",713,4,"3.00",0
3735,6155,"{""c"":[0.15,0.01,0.14,0.71],""m"":[[9.51,142,9,146],[0,0,0,0],[5.15,75,0,75],[2.41,37,3,40]],""t"":[[0,0,0,0],[0,0,0,0],[0,0,0,0],[0,0,0,0]],""g"":[[0,0,0,0],[0,0,0,0],[0,0,0,0],[0,0,0,0]],""d"":20495}","p21063043",718,4,"8.00",1
3737,6156,"{""c"":[0.29],""m"":[[5.7,57,3,60]],""t"":[[0,0,0,0]],""g"":[[0,0,0,0]],""d"":20478}","w63060003",NULL,3,"0.00",0
3738,6157,"{""c"":[0,0.15,0,0.71],""m"":[[0,0,0,0],[0,0,0,0],[0,0,0,0],[0,0,0,0]],""t"":[[0,0,0,0],[0.72,1.5,16,5],[0,0,0,0],[0,0,0,0]],""g"":[[0,0,0,0],[0,0,0,0],[0,0,0,0],[0,0,0,0]],""d"":20494}","j40740022",774,4,"0.00",0
3740,6158,"{""c"":[1],""m"":[[82.56,1555,69,1603]],""t"":[[0,0,0,0]],""g"":[[0,0,0,0]],""d"":20474}","w63060003",NULL,4,"0.00",0
3741,6159,"{""c"":[0,0.14,0.71],""m"":[[28.42,560,6,565],[4.06,58,2,60],[3.77,36,4,40]],""t"":[[0,0,0,0],[0,0,0,0],[0,0,0,0]],""g"":[[17.16,156,2,158],[10.34,94,2,96],[0,0,0,0]],""d"":20495}","063063003",669,2,"0.00",0
3742,6160,"{""c"":[1],""m"":[[0,19,1,20]],""t"":[[0,0,0,0]],""g"":[[0,0,0,0]],""d"":20472}","w63060003",NULL,4,"0.00",0
3745,6163,"{""c"":[0.86],""m"":[[31.8,60,37,80]],""t"":[[0,0,0,0]],""g"":[[0,0,0,0]],""d"":20474}","w63060003",NULL,0,"0.00",0
3747,6165,"{""c"":[0.29,0,0.86],""m"":[[1.45,126,4,130],[0,0,0,0],[2.72,17,3,20]],""t"":[[0,0,0,0],[0,0,0,0],[0,0,0,0]],""g"":[[0,0,0,0],[0,0,0,0],[0,0,0,0]],""d"":20487}","p23086013",568,4,"1.00",0
3748,6166,"{""c"":[0.43,0.3,0.29],""m"":[[59.98,1141,8,1149],[2.9,29,1,30],[5.23,88,3,90]],""t"":[[0,0,0,0],[0,0,0,0],[0,0,0,0]],""g"":[[0,0,0,0],[7.81,71,31,91],[8.03,73,5,76]],""d"":20492}","p43114713",669,2,"0.00",0
3749,6167,"{""c"":[1],""m"":[[10.96,157,4,160]],""t"":[[0,0,0,0]],""g"":[[0,0,0,0]],""d"":20472}","w63060003",NULL,3,"0.00",0
3752,6170,"{""c"":[0,0.86,0.43,0.29,0.72],""m"":[[21.05,193,30,212],[152.96,395,29,420],[52.05,128,13,140],[29.72,63,24,80],[0,0,0,0,0]],""t"":[[5.49,3.25,33,8],[0,1,13,3],[0,0,0,0],[0,0,0,0],[0,0,0,0,0]],""g"":[[25.02,139,38,156],[88.38,491,73,538],[9.54,53,11,59],[0,0,0,0],[0,0,0,0,0]],""d"":20501}","q010810a3",689,3,"0.00",2
3754,6171,"{""c"":[0,0,0.29,0.01,0.72],""m"":[[9.4,94,27,110],[0,0,0,0],[33.75,75,7,80],[0,0,0,0],[0,0,0,0,0]],""t"":[[0,0,0,0],[0,0,0,0],[0,0,0,0],[0,0,0,0],[0,0,0,0,0]],""g"":[[0,0,0,0],[0,0,0,0],[0,0,0,0],[0,0,0,0],[0,0,0,0,0]],""d"":20501}","p487740c3",689,3,"0.00",0
3757,6172,"{""c"":[0,0.15,0.01,0.58],""m"":[[0,0,0,0],[0,0,0,0],[0,0,0,0],[0,0,0,0]],""t"":[[0,0,0,0],[0,3.25,7,5],[0,0,0,0],[0,0,0,0]],""g"":[[0,0,0,0],[0,0,0,0],[0,0,0,0],[0,0,0,0]],""d"":20495}","w63060003",809,4,"0.00",0
3758,6173,"{""c"":[0,0,0.15,0.01,0.72],""m"":[[68.5,725,15,740],[0,0,0,0],[11.7,26,7,30],[0,0,0,0],[0,0,0,0,0]],""t"":[[0,0,0,0],[0,0,0,0],[0,0,0,0],[0,0,0,0],[0,0,0,0,0]],""g"":[[0,0,0,0],[0,0,0,0],[0,0,0,0],[0,0,0,0],[0,0,0,0,0]],""d"":20501}","p28066723",689,3,"0.00",0
3759,6174,"{""c"":[0.57,0,0.29,0.01,0.72],""m"":[[51.21,320,38,350],[0,0,0,0],[33.3,74,8,80],[0,0,0,0],[0,0,0,0,0]],""t"":[[0,0,0,0],[0,0,0,0],[0,0,0,0],[0,0,0,0],[0,0,0,0,0]],""g"":[[18.36,102,16,112],[0,0,0,0],[0,0,0,0],[0,0,0,0],[0,0,0,0,0]],""d"":20501}","g48770023",689,3,"0.00",0
3760,6175,"{""c"":[0.86],""m"":[[4.81,115,3,118]],""t"":[[26.52,34,39,43]],""g"":[[0,0,0,0]],""d"":20476}","w63060003",NULL,4,"0.00",0
3761,6176,"{""c"":[1],""m"":[[0.99,99,1,100]],""t"":[[6.55,5,0,5]],""g"":[[0,0,0,0]],""d"":20472}","w63060003",NULL,1,"0.00",0
3763,6177,"{""c"": [], ""m"": [], ""t"": [], ""g"": [], ""d"": null}","w63060003",NULL,4,"0.00",0
3764,6178,"{""c"":[1],""m"":[[2.6,43,23,50]],""t"":[[0,0,0,0]],""g"":[[0,0,0,0]],""d"":20472}","w63060003",NULL,3,"0.00",0
3773,6179,"{""c"":[0,0.86,0.29,0.15,0.72],""m"":[[0,80,0,80],[304.4,2463,49,2509],[63.5,295,10,305],[16.53,29,1,30],[0,0,0,0,0]],""t"":[[0,0,0,0],[0,0,0,0],[0,0,0,0],[0,0,0,0],[0,0,0,0,0]],""g"":[[0,0,0,0],[0,0,0,0],[0,0,0,0],[0,0,0,0],[0,0,0,0,0]],""d"":20501}","k68018703",689,3,"0.00",0
3774,6180,"{""c"":[0,0.29,0.15,0.58],""m"":[[0,0,0,0],[0,0,0,0],[0,0,0,0],[0,0,0,0]],""t"":[[0,0,0,0],[0,0.25,3,1],[0,0.25,3,1],[0,0,0,0]],""g"":[[0,0,0,0],[3,75,13,84],[0,0,0,0],[0,0,0,0]],""d"":20495}","w63060303",809,4,"0.00",0
3776,6181,"{""c"":[0.14,0,0.29],""m"":[[2.2,20,0,20],[0,0,0,0],[9.6,60,0,60]],""t"":[[0,0,0,0],[0,0,0,0],[0,0,0,0]],""g"":[[0,0,0,0],[0,0,0,0],[0,0,0,0]],""d"":20492}","w63060003",NULL,1,"0.00",0
3779,6184,"{""c"":[0,0.43,0.15,0.72],""m"":[[16.53,162,10,171],[44.21,131,6,137],[2.85,15,0,15],[0,0,0,0]],""t"":[[0,1.75,13,5],[0,0.5,2,1],[0,0.5,14,3],[0.29,0.75,8,2]],""g"":[[0,0,0,0],[3,75,23,85],[0,0,0,0],[1.28,32,84,62]],""d"":20495}","n57637530",809,4,"0.00",0
3780,6185,"{""c"": [], ""m"": [], ""t"": [], ""g"": [], ""d"": null}","w63060003",NULL,3,"0.00",0
3783,6188,"{""c"":[0.28,0.29,0.14,0.86],""m"":[[4.58,48,5,52],[19.74,390,12,400],[2.66,38,4,40],[3.89,37,3,40]],""t"":[[0,0,0,0],[0,0,0,0],[0,0,0,0],[0,0,0,0]],""g"":[[0,0,0,0],[9.79,89,35,112],[6.38,58,11,65],[4.4,40,19,49]],""d"":20495}","4091820a6",669,2,"0.00",0
3784,6189,"{""c"":[0.29,0.01,0.15,0.14,0.86],""m"":[[10.2,104,1,105],[0,0,0,0],[3.63,69,1,70],[3.14,52,1,53],[0,0,0,0,0]],""t"":[[0,0,0,0],[0,0,0,0],[0.72,0.5,2,1],[10.43,13,16,17],[0,0,0,0,0]],""g"":[[0,0,0,0],[0,0,0,0],[13.53,123,1,124],[3.96,36,6,38],[0,0,0,0,0]],""d"":20500}","068064002",778,2,"0.00",0
3785,6190,"{""c"":[0.15,0,0.01,0.57],""m"":[[42.8,250,10,260],[0,0,0,0],[0,0,0,0],[0,0,0,0]],""t"":[[0,0,0,0],[0,0,0,0],[0,0,0,0],[0,0,0,0]],""g"":[[0,0,0,0],[0,0,0,0],[0,0,0,0],[0,0,0,0]],""d"":20495}","h21746040",816,4,"0.00",0
3787,6191,"{""c"":[0,0,0.71],""m"":[[0,0,0,0],[0,0,0,0],[0,0,0,0]],""t"":[[0,0,0,0],[0,0,0,0],[0,0,0,0]],""g"":[[0,0,0,0],[0,0,0,0],[0,0,0,0]],""d"":20487}","w63060003",821,4,"0.00",0
3788,6192,"{""c"":[0,0.57,0.29,0.01,0.72],""m"":[[54.3,543,18,560],[44.44,450,22,470],[32.15,87,15,100],[0,0,0,0],[0,0,0,0,0]],""t"":[[0,0,0,0],[0,1,12,4],[0,0,0,0],[0,0,0,0],[0,0,0,0,0]],""g"":[[0,0,0,0],[0,0,0,0],[0,0,0,0],[0,0,0,0],[0,0,0,0,0]],""d"":20501}","p28060023",689,3,"0.00",0
3790,6193,"{""c"":[0,0.01,0,0.15,0.29],""m"":[[0,0,0,0],[0,0,0,0],[0,0,0,0],[0,0,0,0],[0,0,0,0]],""t"":[[0,0,0,0],[0,0,0,0],[0,0,0,0],[1.2,1,17,3],[0,0,0,0]],""g"":[[0,0,0,0],[0,0,0,0],[0,0,0,0],[0,0,0,0],[0,0,0,0]],""d"":20497}","w63060003",713,4,"0.00",0
3791,6194,"{""c"":[0,0.01,0,0.01,0.29],""m"":[[0,0,0,0],[0,0,0,0],[0,0,0,0],[0,0,0,0],[0,0,0,0]],""t"":[[0,0,0,0],[0,0,0,0],[0,0,0,0],[0,0,0,0],[0,0,0,0]],""g"":[[0,0,0,0],[0,0,0,0],[0,0,0,0],[0,0,0,0],[0,0,0,0]],""d"":20497}","w63060003",713,4,"0.00",0
3792,6195,"{""c"":[0,0.01,0,0.15,0.29],""m"":[[0,0,0,0],[0,0,0,0],[0,0,0,0],[2.85,15,0,15],[0,0,0,0]],""t"":[[0,0,0,0],[0,0,0,0],[0,0,0,0],[0,0,0,0],[0,0,0,0]],""g"":[[0,0,0,0],[0,0,0,0],[0,0,0,0],[0,0,0,0],[0,0,0,0]],""d"":20497}","w63060003",713,4,"0.00",0
3793,6196,"{""c"":[0,0.01,0.28,0.15,0.29],""m"":[[0,0,0,0],[0,0,0,0],[0,20,0,20],[0,0,0,0],[0,0,0,0]],""t"":[[0,0,0,0],[0,0,0,0],[7.99,8,0,8],[0.96,1,0,1],[0,0,0,0]],""g"":[[0,0,0,0],[0,0,0,0],[2.24,56,17,67],[0,0,0,0],[0,0,0,0]],""d"":20497}","w63060003",713,4,"0.00",0
3795,6197,"{""c"":[0,0.01,0.29,0.29,0.29],""m"":[[0,0,0,0],[0,0,0,0],[0,0,0,0],[3.15,15,0,15],[0,0,0,0]],""t"":[[0,0,0,0],[0,0,0,0],[5.27,6.25,9,8],[0.48,0.75,1,1],[0,0,0,0]],""g"":[[0,0,0,0],[0,0,0,0],[7.2,180,31,198],[0.92,23,8,27],[0,0,0,0]],""d"":20497}","w63060003",713,4,"0.00",1
3796,6198,"{""c"":[0,0.01,0,0.01,0.29],""m"":[[0,0,0,0],[0,0,0,0],[0,0,0,0],[0,0,0,0],[0,0,0,0]],""t"":[[0,0,0,0],[0,0,0,0],[0,0,0,0],[0,0,0,0],[0,0,0,0]],""g"":[[0,0,0,0],[0,0,0,0],[0,0,0,0],[0,0,0,0],[0,0,0,0]],""d"":20497}","w63060003",713,4,"0.00",0
3798,6200,"{""c"":[0,0.01,0,0.01,0.29],""m"":[[0,0,0,0],[0,0,0,0],[0,0,0,0],[0,0,0,0],[0,0,0,0]],""t"":[[0,0,0,0],[0,0,0,0],[0,0,0,0],[0,0,0,0],[0,0,0,0]],""g"":[[0,0,0,0],[0,0,0,0],[0,0,0,0],[0,0,0,0],[0,0,0,0]],""d"":20497}","w63060003",713,4,"0.00",0
3799,6201,"{""c"":[0,0.01,0,0.01,0.29],""m"":[[0,0,0,0],[0,0,0,0],[0,0,0,0],[0,0,0,0],[0,0,0,0]],""t"":[[0,0,0,0],[0,0,0,0],[0,0,0,0],[0,0,0,0],[0,0,0,0]],""g"":[[0,0,0,0],[0,0,0,0],[0,0,0,0],[0,0,0,0],[0,0,0,0]],""d"":20497}","w63060003",713,4,"0.00",0
3800,6202,"{""c"":[0,0.01,0.14,0.01,0.29],""m"":[[0,0,0,0],[0,0,0,0],[2.66,19,2,20],[0,0,0,0],[0,0,0,0]],""t"":[[0,0,0,0],[0,0,0,0],[0,0,0,0],[0,0,0,0],[0,0,0,0]],""g"":[[0,0,0,0],[0,0,0,0],[0,0,0,0],[0,0,0,0],[0,0,0,0]],""d"":20497}","w63060003",713,4,"0.00",0
3801,1183,"{""c"": [], ""m"": [], ""t"": [], ""g"": [], ""d"": null}","w63060003",NULL,-1,"0.00",0
3802,6203,"{""c"":[0,0.01,0,0.01,0.29],""m"":[[0,0,0,0],[0,0,0,0],[0,0,0,0],[0,0,0,0],[0,0,0,0]],""t"":[[0,0,0,0],[0,0,0,0],[0,0,0,0],[0,0,0,0],[0,0,0,0]],""g"":[[0,0,0,0],[0,0,0,0],[0,0,0,0],[0,0,0,0],[0,0,0,0]],""d"":20497}","w63060003",713,4,"0.00",0
3803,6204,"{""c"":[0,0.14],""m"":[[0,0,0,0],[0,0,0,0]],""t"":[[0,0,0,0],[0,0,0,0]],""g"":[[0,0,0,0],[0,0,0,0]],""d"":20484}","w63060003",456,1,"0.00",0
3804,6205,"{""c"":[0,0.01,0,0.01,0.43],""m"":[[0,0,0,0],[0,0,0,0],[0,0,0,0],[0,0,0,0],[0,38,2,40,0]],""t"":[[0,0,0,0],[0,0,0,0],[0,0,0,0],[0,0,0,0],[1.32,1.75,3,3,0.8]],""g"":[[0,0,0,0],[0,0,0,0],[0,0,0,0],[0,0,0,0],[0,0,0,0]],""d"":20497}","w63060003",713,4,"0.00",0
3807,6208,"{""c"":[0,0.14],""m"":[[0,0,0,0],[0,0,0,0]],""t"":[[0,0,0,0],[0,0,0,0]],""g"":[[0,0,0,0],[0,0,0,0]],""d"":20484}","w63060003",456,1,"0.00",0
3808,6209,"{""c"": [], ""m"": [], ""t"": [], ""g"": [], ""d"": null}","w63060003",NULL,2,"0.00",0
3809,6210,"{""c"":[0.29,0,0.86],""m"":[[0,0,0,0],[0,0,0,0],[2.08,13,10,20]],""t"":[[0,0,0,0],[0,0,0,0],[0,0,0,0]],""g"":[[1.04,26,2,27],[0,0,0,0],[0,0,0,0]],""d"":20487}","p68062013",568,4,"0.00",0
3810,6212,"{""c"": [], ""m"": [], ""t"": [], ""g"": [], ""d"": null}","w63060003",NULL,4,"0.00",0
3811,6213,"{""c"":[0.57,0.43,0.14,1],""m"":[[53.73,605,18,620],[192.3,748,51,792],[1.64,4,3,5],[88.17,337,10,347]],""t"":[[0,0,0,0],[3.6,5,0,5],[0,0,0,0],[2.1,2.5,56,10]],""g"":[[0,0,0,0],[2.64,66,23,75],[0,0,0,0],[0,0,0,0]],""d"":20496}","w63060003",652,4,"0.00",0
3812,6214,"{""c"":[0.57,0.43,0.14,0.86],""m"":[[10.65,120,16,131],[12.97,166,21,184],[1.4,20,4,24],[8.19,117,5,122,0.07]],""t"":[[0,0,0,0],[0,0,0,0],[0,0,0,0],[0,0,0,0]],""g"":[[0,0,0,0],[0,0,0,0],[0,0,0,0],[0,0,0,0]],""d"":20497}","w63060003",NULL,2,"0.00",0
3816,6219,"{""c"":[0,0.14,0.28,0.71],""m"":[[20.43,162,3,165],[3.42,19,1,20],[6.5,53,2,55],[28.94,227,3,230,0.13]],""t"":[[0,0,0,0],[0,0,0,0],[0,0,0,0],[0,0,0,0]],""g"":[[1.04,4,2,5],[0,0,0,0],[0,0,0,0],[0,0,0,0]],""d"":20497}","034739ba6",827,1,"0.00",0
3817,6220,"{""c"":[1],""m"":[[15.92,101,4,105]],""t"":[[0,0,0,0]],""g"":[[0,0,0,0]],""d"":20474}","w63060003",274,4,"0.00",0
3819,6222,"{""c"":[0,0.43,0.29,0.86],""m"":[[410.75,775,21,788],[169.15,199,9,207],[45.9,54,5,59],[45.05,53,1,54]],""t"":[[0,0,0,0],[0,0,0,0],[0,0,0,0],[0,0,0,0]],""g"":[[0,0,0,0],[0,0,0,0],[56.1,22,3,23],[360.4,119,23,136,2.55]],""d"":20497}","g08160063",664,0,"0.00",0
3822,6225,"{""c"":[0,0.28,0.29,0.86],""m"":[[85.02,318,9,326],[57.49,227,12,237],[13.5,50,0,50],[0,0,0,0]],""t"":[[8.7,8.25,7,10],[0,0,0,0],[4.2,4,8,6],[3.78,4.25,8,6]],""g"":[[0,0,0,0],[0,0,0,0],[0,0,0,0],[2.64,66,16,79]],""d"":20495}","w61060973",664,4,"0.00",0
3824,6227,"{""c"":[0,0.14,0.15,0.86],""m"":[[0,0,0,0],[1.19,17,4,20],[0,16,5,20],[0,0,0,0]],""t"":[[0,0,0,0],[0,0,0,0],[0,0,0,0],[0,0,0,0]],""g"":[[0,0,0,0],[0,0,0,0],[0,0,0,0],[0.64,16,14,24]],""d"":20494}","o73060313",664,4,"0.00",0
3825,6228,"{""c"":[0,0.14,0,0.72],""m"":[[10.95,219,1,220],[5.88,28,3,30],[0,0,0,0],[0.18,32,2,33,0.06]],""t"":[[0,0,0,0],[0,0,0,0],[0,0,0,0],[0,0,0,0]],""g"":[[0,0,0,0],[0,0,0,0],[0,0,0,0],[0.84,21,20,30]],""d"":20497}","w63060003",664,4,"0.00",0
3826,6230,"{""c"":[0,0,0,0.72],""m"":[[0,0,0,0],[0,0,0,0],[0,0,0,0],[0,0,0,0]],""t"":[[0,0,0,0],[0,0,0,0],[0,0,0,0],[0,0.25,24,5]],""g"":[[0,0,0,0],[0,0,0,0],[0,0,0,0],[0,0,0,0]],""d"":20495}","p63064703",664,3,"0.00",0
3827,6229,"{""c"":[0,0.14,0.28,0.86],""m"":[[0,29,1,30],[19.08,84,7,88],[18.09,67,4,70],[0,0,0,0]],""t"":[[3.3,4.5,33,10],[0,0,0,0],[0,0,0,0],[1.44,3.25,7,5]],""g"":[[0,0,0,0],[0,0,0,0],[0,0,0,0],[1.92,48,26,65]],""d"":20495}","063062043",664,4,"0.00",0
3828,6231,"{""c"":[0,0.29,0.57,0.29],""m"":[[0,0,0,0],[2.8,41,7,46],[99.36,368,23,387],[35.91,168,6,174,0.21]],""t"":[[4.8,5,20,10],[3.6,4,8,6],[0,0,0,0],[0,0,0,0]],""g"":[[0,0,0,0],[0,0,0,0],[0,0,0,0],[3.52,88,14,101]],""d"":20499}","e16071013",664,4,"0.00",0
3829,6232,"{""c"":[0,0,0,0.86],""m"":[[8.82,71,4,75],[0,0,0,0],[0,0,0,0],[2.73,13,2,15]],""t"":[[0,0,0,0],[0,0,0,0],[0,0,0,0],[0,0,0,0]],""g"":[[0,0,0,0],[0,0,0,0],[0,0,0,0],[1.32,33,5,38]],""d"":20495}","o48764763",664,4,"0.00",0
3830,6233,"{""c"":[0,0,0,0.86],""m"":[[0,0,0,0],[0,0,0,0],[0,0,0,0],[0,0,0,0]],""t"":[[0,0,0,0],[0,0,0,0],[0,0,0,0],[0,6.5,5,7]],""g"":[[0,0,0,0],[0,0,0,0],[0,0,0,0],[3.42,19,19,28]],""d"":20495}","w63060003",664,3,"0.00",0
3831,6234,"{""c"":[0,0,0.14,0.43],""m"":[[0,0,0,0],[0,0,0,0],[0,0,0,0],[5.4,20,0,20,0.27]],""t"":[[0,0,0,0],[0,0,0,0],[0.72,2.5,15,6],[0,0,0,0]],""g"":[[0,0,0,0],[0,0,0,0],[0,0,0,0],[1.76,44,19,55]],""d"":20498}","p48061043",664,4,"0.00",0
3832,6235,"{""c"":[0,0.14,0,0.86],""m"":[[0,0,0,0],[4.06,23,10,30],[0,0,0,0],[0,0,0,0]],""t"":[[0,0,0,0],[0,0,0,0],[0,0,0,0],[0,0,0,0]],""g"":[[0,0,0,0],[0,0,0,0],[0,0,0,0],[0,0,0,0]],""d"":20493}","w63060003",664,4,"0.00",0
3833,6236,"{""c"":[0,0.14,0.29,0.86],""m"":[[0,28,2,30],[3.01,25,13,35],[10.8,60,0,60],[17.22,42,4,45]],""t"":[[0,0,0,0],[0,0,0,0],[1.8,3.25,12,6],[2.78,4,16,8]],""g"":[[0,0,0,0],[0,0,0,0],[0,0,0,0],[3.96,99,7,105]],""d"":20496}","p480640a3",664,4,"0.00",0
3834,6239,"{""c"":[0,0.28,0,0.86],""m"":[[2.31,11,10,15],[12.89,41,13,47],[0,0,0,0],[0,0,0,0]],""t"":[[0,0,0,0],[0,0,0,0],[0,0,0,0],[0,1.75,1,2]],""g"":[[0,0,0,0],[0,0,0,0],[0,0,0,0],[1.08,27,35,41]],""d"":20495}","w63060003",664,4,"0.00",0
3835,6240,"{""c"":[0,0.29,0,0.86],""m"":[[0,30,0,30],[22.39,97,3,100],[0,0,0,0],[0,0,0,0]],""t"":[[9.9,9,4,10],[0,0,0,0],[0,0,0,0],[3.6,5,0,5]],""g"":[[0,0,0,0],[0,0,0,0],[0,0,0,0],[4.8,120,8,126]],""d"":20495}","g13161023",664,4,"0.00",0
3837,6243,"{""c"":[0,0.14,0.15,0.72],""m"":[[0,0,0,0],[8.19,67,3,70],[9.8,70,0,70],[0,0,0,0]],""t"":[[0,0,0,0],[0,0,0,0],[0,0,0,0],[2.16,3,13,6]],""g"":[[0,0,0,0],[0,0,0,0],[0,0,0,0],[0,0,0,0]],""d"":20495}","w63060003",664,4,"0.00",0
3839,6244,"{""c"":[0,0.14,0.28,0.86],""m"":[[0,27,5,30],[1.19,17,4,20],[12.69,47,4,50],[0,0,0,0]],""t"":[[0,0,0,0],[0,0,0,0],[0.9,1.25,11,4],[1.44,3,8,5]],""g"":[[0,0,0,0],[0,0,0,0],[0,0,0,0],[3.28,82,19,96]],""d"":20495}","g68084ca3",664,4,"0.00",0
3843,6249,"{""c"":[0,0.15,0.43,1],""m"":[[114.14,1027,47,1070],[5.35,25,5,30],[18.28,133,8,140],[0,0,0,0]],""t"":[[0.72,1,51,6],[0,0,0,0],[0,0,0,0],[0,0,0,0]],""g"":[[1.92,48,33,61],[0,0,0,0],[5.24,131,30,148],[8.64,216,76,254]],""d"":20496}","p600780c3",646,4,"0.00",0
3844,6250,"{""c"":[0,0.57,0.43,1],""m"":[[141.33,608,18,623],[23.08,121,13,130],[19.21,74,7,80],[10.53,39,1,40]],""t"":[[0,0,58,5],[1.35,1,0,1],[0,0,0,0],[0,0,0,0]],""g"":[[4.8,120,63,154],[2.04,51,17,61],[4.4,110,111,148],[5.36,134,53,158]],""d"":20496}","605780606",646,4,"0.00",0
3846,6251,"{""c"":[0,0.57,0.43,0.86],""m"":[[30.89,203,9,210],[16.33,77,6,82],[4.78,20,3,23],[0,16,209,20]],""t"":[[3.33,4,105,15],[0,0,0,0],[0,0,0,0],[0,0,0,0]],""g"":[[0.64,16,48,36],[1.16,29,82,61],[3.56,89,145,148],[1,25,489,179]],""d"":20496}","643060020",646,4,"0.00",0
3849,6254,"{""c"":[0,0.57,0.43,1],""m"":[[204.64,804,35,822],[42.29,189,4,193],[34.27,130,4,134],[32.13,119,1,120]],""t"":[[4.59,4.25,67,12],[0.34,0.5,2,1],[0,0,0,0],[0,0,0,0]],""g"":[[3.04,76,25,92],[2.08,52,7,58],[4.64,116,59,146],[5.08,127,60,157]],""d"":20496}","q40051023",646,4,"0.00",0
3852,6258,"{""c"":[0,0.57,0.43,1],""m"":[[9.25,55,6,60],[26.58,128,17,140],[13.82,56,9,64],[10.52,53,5,58]],""t"":[[3,3.75,95,10],[0,0,9,1],[0,0,0,0],[0,0,0,0]],""g"":[[1.84,46,43,67],[1.12,28,85,61],[4.24,106,79,148],[6.24,156,61,184]],""d"":20496}","s41560323",646,4,"0.00",0
3853,6259,"{""c"":[0,0.14,0.15,0.01,0.72],""m"":[[13.6,152,12,160],[0,20,0,20],[31.95,71,13,80],[0,0,0,0],[0,0,0,0,0]],""t"":[[0,0,0,0],[0,0,0,0],[0,0,0,0],[0,0,0,0],[0,0,0,0,0]],""g"":[[0,0,0,0],[0,0,0,0],[0,0,0,0],[0,0,0,0],[0,0,0,0,0]],""d"":20501}","w63060003",689,3,"0.00",0
3857,6263,"{""c"":[0,0.72,0.43,0.57,0.86],""m"":[[7.45,203,13,213],[16.61,194,29,220],[3.66,18,4,20],[0,40,1,41],[0,37,3,40,0]],""t"":[[4.39,5.5,120,17],[0,0.5,15,3],[0,0,0,0],[0,0,0,0],[0,0,0,0,0]],""g"":[[1.92,48,33,67],[1.24,31,16,37],[5,125,43,148],[5.56,139,33,158],[2.16,54,15,63,0.04]],""d"":20501}","t16870824",646,4,"0.00",0
3858,6264,"{""c"":[0.57,0.57,0.57,0.86],""m"":[[0.96,12,15,20],[1.22,20,14,26],[1.73,19,15,23],[1.12,16,17,26]],""t"":[[0,0,0,0],[0,0,0,0],[0,0,0,0],[4.15,5,0,5]],""g"":[[0,0,0,0],[0,0,0,0],[0,0,0,0],[0,0,0,0]],""d"":20496}","w63060003",NULL,2,"0.00",0
3860,6266,"{""c"":[0,0,0.15,0.72],""m"":[[0,0,0,0],[0,0,0,0],[0,20,0,20],[1.9,11,0,11,0.18]],""t"":[[0,0,0,0],[0,0,0,0],[0,0,0,0],[4.34,3,19,7,2.17]],""g"":[[0,0,0,0],[0,0,0,0],[0,0,0,0],[1.98,11,10,15]],""d"":20497}","g11054723",664,3,"0.00",0
3861,6267,"{""c"":[0],""m"":[[0,0,0,0]],""t"":[[0,0,0,0]],""g"":[[0,0,0,0]],""d"":20474}","w63060003",NULL,4,"0.00",0
3863,6269,"{""c"": [], ""m"": [], ""t"": [], ""g"": [], ""d"": null}","w63060003",NULL,2,"0.00",0
3864,6270,"{""c"": [], ""m"": [], ""t"": [], ""g"": [], ""d"": null}","w63060003",NULL,4,"0.00",0
3867,6272,"{""c"":[0.72,0.29,1],""m"":[[78.97,218,16,233],[0,1,0,1],[0.3,3,0,3]],""t"":[[0,0.25,15,2],[0,0,0,0],[0,0,0,0]],""g"":[[0.36,2,0,2],[0,46,16,52],[3.42,19,1,20]],""d"":20494}","7666559b4",674,3,"0.00",0
3870,6276,"{""c"":[0,0.43,0.29,0.72],""m"":[[2.73,119,1,120],[12.61,198,3,201],[3.34,37,6,40],[0.75,21,0,21]],""t"":[[0.13,0.5,33,4],[1.35,1,0,1],[0,0,0,0],[0,0,0,0]],""g"":[[0.24,6,5,9],[1.68,42,38,61],[1.8,45,289,151],[0.08,2,468,158]],""d"":20496}","s46770923",646,4,"0.00",0
3873,6279,"{""c"": [], ""m"": [], ""t"": [], ""g"": [], ""d"": null}","w63060003",NULL,4,"0.00",0
3874,6280,"{""c"":[0,0.57,0.43,1],""m"":[[24.43,203,41,227],[15.82,70,21,84],[5.02,17,10,20],[2.24,14,1,15]],""t"":[[24.14,13,108,26],[0.66,2.5,26,7],[0,0,0,0],[0,0,0,0]],""g"":[[39.22,87,85,127],[34.74,79,101,127],[58.42,127,38,148],[60.64,134,80,173]],""d"":20496}","j63460023",646,1,"0.00",0
3875,6281,"{""c"":[0.58,0.29,0.43,0.86],""m"":[[9.4,82,3,85],[4.67,33,12,40],[3.34,17,4,20],[0,0,0,0]],""t"":[[0,0,41,2],[0,0,8,1],[0,0,0,0],[0,0,0,0]],""g"":[[1.24,31,31,41],[1.32,33,9,37],[6.56,164,51,185],[3.92,98,96,141]],""d"":20496}","k10182326",646,4,"0.00",2
3876,6282,"{""c"":[0,0.01,0.01,0.86],""m"":[[51.91,253,17,265],[0,0,0,0],[0,0,0,0],[0,0,0,0]],""t"":[[2.1,3.25,41,9],[0,0,0,0],[0,0,0,0],[0,0,0,0]],""g"":[[1.2,30,108,76],[0,0,0,0],[0,0,0,0],[1.76,44,464,206]],""d"":20496}","p03074023",646,4,"0.00",0
3877,6283,"{""c"": [], ""m"": [], ""t"": [], ""g"": [], ""d"": null}","w63060003",NULL,4,"0.00",0
3885,6289,"{""c"":[0,0.14,0.71,0.86],""m"":[[0.9,18,2,20],[0,0,0,0],[0,35,6,40],[4.86,18,11,25]],""t"":[[0,1,0,1],[0,0,0,0],[0,1,13,3],[0,1.75,1,2]],""g"":[[0,0,0,0],[0,61,15,70],[1.56,160,64,187],[0,70,25,83]],""d"":20496}","w63060003",633,4,"0.00",0
3886,6292,"{""c"":[0,0.14,0.14,0.86],""m"":[[4.1,10,0,10],[3.28,8,2,10],[0,0,0,0],[0,0,0,0]],""t"":[[0,0,0,0],[0,0,0,0],[0,0,37,2],[2.17,1.5,39,6]],""g"":[[0,0,0,0],[0,0,0,0],[0,0,0,0],[3.24,18,36,33]],""d"":20495}","o23062003",664,3,"0.00",0
3895,6297,"{""c"": [], ""m"": [], ""t"": [], ""g"": [], ""d"": null}","w63060003",NULL,4,"0.00",0
3896,6298,"{""c"": [], ""m"": [], ""t"": [], ""g"": [], ""d"": null}","w63060003",NULL,4,"0.00",0
3897,6299,"{""c"":[0.43,0.86],""m"":[[0.7,5,0,5],[1.4,10,0,10]],""t"":[[1.8,2.75,47,10],[0,1.75,58,11]],""g"":[[0,0,0,0],[0,0,0,0]],""d"":20480}","w63060003",NULL,4,"0.00",0
3898,6300,"{""c"":[1],""m"":[[0,22,1,23]],""t"":[[3,3.25,44,9]],""g"":[[0,0,0,0]],""d"":20474}","w63060003",NULL,4,"0.00",0
3901,6304,"{""c"": [], ""m"": [], ""t"": [], ""g"": [], ""d"": null}","w63060003",NULL,4,"0.00",0
3903,6305,"{""c"":[0],""m"":[[5.58,198,2,200]],""t"":[[15.73,17.75,54,30]],""g"":[[0,0,0,0]],""d"":20474}","043766ba3",763,1,"0.00",0
3904,6307,"{""c"":[0],""m"":[[3.96,156,4,160]],""t"":[[46.29,32,12,35]],""g"":[[0,0,0,0]],""d"":20475}","018460b06",763,1,"0.00",0
3906,6309,"{""c"":[0],""m"":[[10.7,110,0,110]],""t"":[[9.91,6,22,10]],""g"":[[0,0,0,0]],""d"":20475}","048079616",763,1,"0.00",0
3907,6310,"{""c"":[0],""m"":[[17.07,279,1,280]],""t"":[[9.83,8.75,5,10]],""g"":[[0,0,0,0]],""d"":20476}","488719aa2",763,1,"0.00",0
3908,6311,"{""c"":[0],""m"":[[8.06,45,17,50]],""t"":[[21.61,17.75,10,20]],""g"":[[0,0,0,0]],""d"":20475}","w18060023",763,1,"0.00",0
3911,6313,"{""c"":[0],""m"":[[28.16,972,37,990]],""t"":[[22.06,19,16,23]],""g"":[[0,0,0,0]],""d"":20476}","438176066",763,1,"0.00",0
3913,6315,"{""c"":[0],""m"":[[17.19,637,12,648]],""t"":[[30.34,23.75,25,30]],""g"":[[20.28,78,16,93]],""d"":20478}","318773643",763,1,"0.00",2
3914,6316,"{""c"":[0],""m"":[[1.75,175,5,180]],""t"":[[0,0,0,0]],""g"":[[0,0,0,0]],""d"":20475}","p65063093",763,1,"0.00",0
3917,6319,"{""c"":[0,0,1],""m"":[[288.19,2167,13,2180],[0,0,0,0],[5.2,40,0,40]],""t"":[[0,0,0,0],[0,0,0,0],[0,0,0,0]],""g"":[[0,0,0,0],[0,0,0,0],[0,0,0,0]],""d"":20486}","x41017332",763,1,"0.00",0
3918,6320,"{""c"": [], ""m"": [], ""t"": [], ""g"": [], ""d"": null}","w63060003",274,4,"2.00",0
3919,6321,"{""c"":[0,0,0.43,0,0.86],""m"":[[31.23,590,22,607],[0,0,0,0],[12.99,151,8,156],[0,0,0,0,0],[4.53,28,9,31,0.16]],""t"":[[23.37,14.5,69,27],[0,0,0,0],[14.01,13.5,26,20],[0,0,0,0,0],[13.72,9.5,5,12,1.41]],""g"":[[0,0,0,0],[0,0,0,0],[13.52,52,19,62],[0,0,0,0,0],[2.86,11,1,12,0.26]],""d"":20502}","308071b32",763,1,"0.00",1
3920,6322,"{""c"":[0.71,0.86],""m"":[[376.23,2989,91,3070],[2.6,20,0,20]],""t"":[[3.88,2,0,2],[0,0,0,0]],""g"":[[0,0,0,0],[0,0,0,0]],""d"":20480}","438176966",763,1,"0.00",0
3921,6323,"{""c"":[0,0,0,0.29],""m"":[[219.34,1560,57,1603],[0,0,0,0,0],[0,0,0,0,0],[2.6,20,0,20,0.13]],""t"":[[90.34,64,63,78],[0,0,0,0,0],[0,0,0,0,0],[0,0,0,0,0]],""g"":[[10.14,39,21,54],[0,0,0,0,0],[0,0,0,0,0],[0,0,0,0,0]],""d"":20498}","g41866743",763,1,"0.00",0
3922,6324,"{""c"":[1],""m"":[[4.94,38,2,40]],""t"":[[0,0,0,0]],""g"":[[0,0,0,0]],""d"":20474}","w63060003",289,1,"0.00",0
3924,6326,"{""c"":[1],""m"":[[0.59,59,1,60]],""t"":[[0,0,0,0]],""g"":[[0,0,0,0]],""d"":20475}","608060083",763,1,"0.00",0
3925,6327,"{""c"":[1],""m"":[[139.91,1166,37,1202]],""t"":[[3.88,3,6,4]],""g"":[[0,0,0,0]],""d"":20475}","043016493",763,1,"0.00",0
3927,6329,"{""c"":[0,0,0.15,0.71],""m"":[[19.19,275,5,280],[0,0,0,0],[2.6,20,0,20],[2.8,40,0,40]],""t"":[[13.58,8.5,19,11],[0,0,0,0],[0,0,0,0],[0,0,0,0]],""g"":[[0,0,0,0],[0,0,0,0],[0,0,0,0],[0,0,0,0]],""d"":20495}","o44719aa6",763,1,"0.00",0
3929,6330,"{""c"":[0],""m"":[[15.36,271,6,277]],""t"":[[13.1,11.75,14,15]],""g"":[[0,0,0,0]],""d"":20474}","w63060203",763,1,"0.00",0
3930,6331,"{""c"":[0],""m"":[[206.91,1968,26,1988]],""t"":[[52.4,46.75,40,56]],""g"":[[0,0,0,0]],""d"":20478}","m35163443",763,1,"0.00",0
3932,6333,"{""c"":[0,0.42,0.43,0.86],""m"":[[52.75,662,17,677],[25.83,223,8,230],[29.95,319,14,329],[30.49,167,3,170]],""t"":[[0,0,0,0],[0,0,0,0],[2.4,2.5,22,5],[0,0,0,0]],""g"":[[0,0,0,0],[0,0,0,0],[0,0,0,0],[1.96,49,21,60]],""d"":20495}","p05082082",816,4,"0.00",0
3934,6336,"{""c"":[1],""m"":[[264.22,236,46,260]],""t"":[[0,0,0,0]],""g"":[[0,0,0,0]],""d"":20474}","w63060003",NULL,0,"0.00",0
3940,6341,"{""c"":[0.86,0.86,0.72,0.28,1],""m"":[[120.01,444,13,455],[115.91,311,11,320],[92.06,257,9,265],[6.9,30,0,30],[2.05,5,0,5,0.41]],""t"":[[1.62,4.75,47,15],[0,0,0,0],[0,0,0,0],[0,0,0,0],[0,0,0,0,0]],""g"":[[0.48,12,22,20],[2.16,54,0,54],[0,0,0,0],[0,0,0,0],[0,0,0,0,0]],""d"":20500}","x48170092",774,4,"0.00",1
3942,6343,"{""c"":[1],""m"":[[1417.75,996,27,1022]],""t"":[[0,0,0,0]],""g"":[[0,0,0,0]],""d"":20475}","k20851023",NULL,0,"0.00",0
3944,6346,"{""c"":[1],""m"":[[631.99,350,14,360]],""t"":[[57.85,12.5,10,15]],""g"":[[0,0,0,0]],""d"":20474}","o410610a3",NULL,0,"0.00",0
3948,6351,"{""c"":[0,0,0.15],""m"":[[18.17,158,50,175],[0,0,0,0],[0,0,0,0]],""t"":[[0,0,27,2],[0,0,0,0],[0,0,0,0]],""g"":[[0,0,0,0],[0,0,0,0],[1.16,29,9,35]],""d"":20492}","t57640000",761,4,"0.00",0
3951,6352,"{""c"":[0.71,0.28,0.15,0.72],""m"":[[145.74,1508,22,1525],[15.87,304,4,308],[53.73,199,1,200],[16.2,60,0,60]],""t"":[[0,0,0,0],[0,0,0,0],[0,0,0,0],[0,0,0,0]],""g"":[[0,0,0,0],[0,0,0,0],[0,0,0,0],[0,0,0,0]],""d"":20495}","o20052a02",816,4,"0.00",0
3952,6353,"{""c"":[0.43,0.14,0.43,0.57],""m"":[[56.43,209,7,215],[11.22,62,1,63],[12.1,90,1,91],[5.13,19,1,20]],""t"":[[0,0,0,0],[0,0,0,0],[0,0,0,0],[0,0,0,0]],""g"":[[0,0,0,0],[0,0,0,0],[0,0,0,0],[0,0,0,0]],""d"":20496}","q48761023",816,4,"0.00",0
3955,6354,"{""c"":[0.29,0.29,0.14],""m"":[[12.8,185,10,195],[30.57,195,7,201],[0,0,0,0]],""t"":[[0,0,0,0],[0,0,0,0],[0,0,0,0]],""g"":[[11.96,46,6,51],[5.2,20,7,25],[4.94,19,16,26]],""d"":20492}","w63060076",613,1,"0.00",0
3964,6356,"{""c"":[0.72,0.29,0,0.71],""m"":[[26.35,508,16,524],[0.36,2,1,3],[0,0,0,0],[0,0,0,0]],""t"":[[0,0,0,0],[0,0.25,29,3],[0,0,0,0],[0,0,0,0]],""g"":[[0,0,0,0],[0,0,0,0],[0,0,0,0],[0.96,24,15,27]],""d"":20495}","p28461003",644,4,"0.00",0
3969,6359,"{""c"":[0.57,0.57,0.57,0.86],""m"":[[0,49,1,50],[17.78,77,44,95],[21.94,107,33,130],[7.35,37,9,45]],""t"":[[0,0,0,0],[0,0,43,3],[5.11,4.25,3,5],[0,0,0,0]],""g"":[[0,0,0,0],[0.92,23,29,35],[4.72,118,31,136],[2.8,70,34,92]],""d"":20495}","c11828204",768,4,"0.00",0
3971,6363,"{""c"":[0.29,0,0.14],""m"":[[4.6,130,13,140],[0,0,0,0],[2.24,14,1,15]],""t"":[[0,0,0,0],[0,0,0,0],[1.97,1.75,1,2]],""g"":[[0,0,0,0],[0,0,0,0],[0,0,0,0]],""d"":20492}","w63060003",625,1,"0.00",0
3972,6364,"{""c"":[1],""m"":[[1.84,50,12,60]],""t"":[[0,0,0,0]],""g"":[[0,0,0,0]],""d"":20473}","w63060003",NULL,3,"0.00",0
3974,6366,"{""c"":[0,0.14,1],""m"":[[5.1,51,2,53],[2.8,40,0,40],[3.98,38,2,40]],""t"":[[0,0,0,0],[0,0,0,0],[0,0,0,0]],""g"":[[6.71,61,4,65],[9.46,86,4,89],[4.29,39,7,46]],""d"":20493}","p65566013",669,2,"0.00",0
3975,6367,"{""c"":[0,0.29,0.29],""m"":[[52,803,16,819],[9.15,135,0,135],[8,150,0,150]],""t"":[[5.98,7,4,8],[0,0,0,0],[0,0,0,0]],""g"":[[0.96,24,6,28],[0,0,0,0],[0.96,24,28,35]],""d"":20492}","p40862083",761,4,"0.00",2
3976,6368,"{""c"":[0,0.01,0.86],""m"":[[5.1,10,6,15],[0,0,0,0],[16.09,33,2,35]],""t"":[[6.8,2.5,13,5],[0,0,0,0],[0,0,0,0]],""g"":[[12.78,71,8,76],[0,0,0,0],[0,0,0,0]],""d"":20495}","w63060003",701,3,"0.00",0
3977,6369,"{""c"":[0,0,0.15],""m"":[[29.53,158,4,160],[0,0,0,0],[1.23,3,4,5]],""t"":[[0,0,18,2],[0,0,0,0],[0,0,0,0]],""g"":[[0,0,0,0],[0,0,0,0],[1.92,48,12,54]],""d"":20492}","k36230002",761,4,"0.00",0
3978,6370,"{""c"":[0,0.58,0.58,0.86],""m"":[[0,0,0,0],[22.18,98,23,115],[18.2,109,43,130],[8.38,67,6,70]],""t"":[[0,0,0,0],[0.7,1.25,24,5],[3.18,2.5,16,5],[0,0,0,0]],""g"":[[0,0,0,0],[0.84,21,33,35],[3.8,95,101,136],[3.6,90,64,115]],""d"":20495}","060062003",768,4,"0.00",0
3979,6372,"{""c"":[0.43,0.15,0,0.57],""m"":[[0,0,0,0],[0,0,0,0],[0,0,0,0],[0,29,5,32]],""t"":[[9.83,8.5,115,22],[5.97,6,47,16],[0,0,0,0],[0,0,0,0]],""g"":[[0,0,0,0],[0,0,0,0],[0,0,0,0],[0,0,0,0]],""d"":20496}","4644866b3",774,4,"0.00",0
3980,6373,"{""c"":[1],""m"":[[2.68,268,13,280]],""t"":[[14.41,13,8,15]],""g"":[[0,0,0,0]],""d"":20475}","014789096",763,1,"0.00",0
3981,6374,"{""c"":[1],""m"":[[4.96,57,3,60]],""t"":[[7.51,8.5,6,10]],""g"":[[0,0,0,0]],""d"":20473}","w63060003",NULL,2,"0.00",0
3982,6376,"{""c"":[0.43,0,0.14,0.71],""m"":[[44.68,473,125,560],[0,0,0,0],[25.1,251,13,260],[0.19,19,2,20]],""t"":[[0,0,0,0],[0,0,0,0],[0,0,0,0],[0,0,0,0]],""g"":[[0,0,0,0],[0,0,0,0],[0,0,0,0],[0,0,0,0]],""d"":20495}","w63060003",NULL,2,"0.00",0
3984,6378,"{""c"":[0.57,0.58,0.43,0.71],""m"":[[0,79,2,81],[24.83,120,56,150],[11.25,65,19,80],[3.15,15,9,20]],""t"":[[0,0,0,0],[0,0.25,46,3],[4.26,4,4,5],[0,0,0,0]],""g"":[[0,0,0,0],[1.68,42,70,70],[3.4,85,110,136],[0.92,23,85,58]],""d"":20495}","c15750004",768,4,"0.00",0
3985,6379,"{""c"":[0.42,0.14],""m"":[[14.25,211,9,218],[1.3,10,0,10]],""t"":[[3.28,2.75,1,3],[0,0,0,0]],""g"":[[0,0,0,0],[0,0,0,0]],""d"":20485}","w63060003",NULL,1,"0.00",0
3986,6380,"{""c"":[0.57,0.43,0.43,1],""m"":[[3.19,34,25,45],[6.7,96,13,107],[6.15,59,25,76],[2.94,42,8,46]],""t"":[[0,0,0,0],[0,0,0,0],[0,0,0,0],[0,0,0,0]],""g"":[[0,0,0,0],[0,0,0,0],[0,0,0,0],[0,0,0,0]],""d"":20494}","w63060003",NULL,2,"0.00",0
3987,6381,"{""c"":[0.43,0.72,0.43,0.86],""m"":[[0,16,17,20],[27.34,128,39,155],[18.08,92,23,110],[7.54,63,8,70]],""t"":[[0,0,0,0],[0.13,0.75,15,3],[1.2,1.75,24,5],[0,0,0,0]],""g"":[[0,15,1,16],[0.36,9,78,36],[2.44,61,171,136],[2.64,66,45,90]],""d"":20495}","c11829024",768,4,"0.00",0
3989,6383,"{""c"":[1],""m"":[[4.68,78,2,80]],""t"":[[0,0,0,0]],""g"":[[0,0,0,0]],""d"":20473}","w63060003",NULL,5,"0.00",0
3990,6384,"{""c"":[0.29,0,0.14,0.86],""m"":[[0.2,20,0,20],[0,0,0,0],[3.2,40,14,45],[3.5,86,10,95]],""t"":[[0,0,0,0],[0,0,0,0],[0,0,0,0],[0,0,0,0]],""g"":[[0,0,0,0],[0,0,0,0],[0,0,0,0],[0,0,0,0]],""d"":20494}","w63060003",NULL,2,"0.00",0
3991,6385,"{""c"":[0,0.29,0.43,0.86],""m"":[[0,0,0,0],[11.26,46,11,55],[21.68,148,2,150],[13.56,154,6,160]],""t"":[[0,0,0,0],[2.18,2.25,3,3],[3.78,3.75,5,5],[0,0,0,0]],""g"":[[0,0,0,0],[3.12,78,66,104],[4.6,115,32,136],[3.48,87,7,92]],""d"":20495}","o207667a3",768,4,"0.00",0
3992,2356,"{""c"":[0.86,0.57],""m"":[[22.82,163,7,170],[4.2,30,0,30]],""t"":[[0,0,0,0],[0,0,0,0]],""g"":[[0,0,0,0],[0,0,0,0]],""d"":20482}","w63060003",NULL,4,"0.00",0
3994,6386,"{""c"":[1],""m"":[[0,0,0,0]],""t"":[[0.72,3,8,5]],""g"":[[0,0,0,0]],""d"":20473}","w63060003",NULL,4,"0.00",0
3996,6390,"{""c"":[0,0.42,0.58,0.44],""m"":[[42.65,227,14,240],[20.09,49,1,50],[43.99,584,13,595],[0,0,0,0]],""t"":[[0,0.25,20,4],[0,0,10,1],[0.96,6.25,7,8],[0.3,0.25,6,2,1.2]],""g"":[[0,0,0,0],[0,0,0,0],[0,0,0,0],[0,0,0,0]],""d"":20497}","p84176026",695,4,"0.00",0
3997,6392,"{""c"":[1],""m"":[[0.05,5,1,6]],""t"":[[0,0,0,0]],""g"":[[0,0,0,0]],""d"":20473}","w63060003",NULL,1,"0.00",0
3999,6394,"{""c"":[0.42,0.72],""m"":[[0.7,10,0,10],[0,0,0,0]],""t"":[[5.34,7.25,19,11],[0,0,0,0]],""g"":[[0,0,0,0],[0,0,0,0]],""d"":20480}","w63060003",679,4,"0.00",0
4000,6395,"{""c"":[1],""m"":[[0.9,90,0,90]],""t"":[[0,0,0,0]],""g"":[[0,0,0,0]],""d"":20473}","w63060003",NULL,1,"0.00",0
4001,6396,"{""c"":[0.57,0.72,0.43,0.86],""m"":[[0,59,1,60],[22.72,140,83,177],[17.5,89,36,110],[7.96,102,18,110]],""t"":[[0,0,0,0],[1.59,3.5,24,8],[5.65,3.75,22,7],[0,0,0,0]],""g"":[[0.56,14,8,21],[2.2,55,29,70],[4.88,122,91,169],[3.16,79,64,115]],""d"":20495}","p61082073",768,4,"0.00",0
4002,6397,"{""c"":[0.57,0.72,0.43,0.71],""m"":[[1,75,5,80],[15.48,76,31,95],[19.15,110,22,125],[3.15,198,8,205]],""t"":[[0,0,0,0],[0,0,22,3],[0,0,39,2],[0,0,0,0]],""g"":[[0,0,0,0],[0.72,18,45,35],[2.24,56,287,169],[3.72,93,58,127]],""d"":20495}","p28076003",768,4,"0.00",0
4003,6398,"{""c"":[1],""m"":[[1.4,7,27,15]],""t"":[[0,0,0,0]],""g"":[[0,0,0,0]],""d"":20487}","w63060003",568,4,"0.00",0
4004,6400,"{""c"":[0,0,0.29,0.15,0.72],""m"":[[56.34,158,2,160],[0,0,0,0],[45.15,106,4,110],[38.38,89,1,90],[0,0,0,0,0]],""t"":[[0,0,0,0],[0,0,0,0],[0,0,0,0],[0,0,0,0],[0,0,0,0,0]],""g"":[[0,0,0,0],[0,0,0,0],[0,0,0,0],[0,0,0,0],[0,0,0,0,0]],""d"":20501}","p73071013",689,3,"0.00",0
4005,6401,"{""c"":[0.43,0.14,0.28],""m"":[[4.4,55,12,60],[6.72,84,10,90],[14.92,179,6,185]],""t"":[[0,0,0,0],[0,0,0,0],[0,0,0,0]],""g"":[[0,0,0,0],[0,0,0,0],[0,0,0,0]],""d"":20492}","w63060003",NULL,2,"0.00",0
4006,6402,"{""c"": [], ""m"": [], ""t"": [], ""g"": [], ""d"": null}","w63060003",NULL,4,"0.00",0
4007,6403,"{""c"":[0,0,0.01,0.29],""m"":[[0,0,0,0],[0,0,0,0],[0,0,0,0],[0,0,0,0]],""t"":[[0,0,0,0],[0,0,0,0],[0,0,0,0],[0,0,0,0]],""g"":[[0,0,0,0],[0,0,0,0],[0,0,0,0],[0,0,0,0]],""d"":20497}","w63060003",713,4,"0.00",0
4008,6404,"{""c"":[0,0.14,0.01,0.29],""m"":[[0,0,0,0],[0,0,0,0],[0,0,0,0],[0,0,0,0]],""t"":[[0,0,0,0],[0,0,38,2],[0,0,0,0],[0,0,0,0]],""g"":[[0,0,0,0],[0,0,0,0],[0,0,0,0],[0,0,0,0]],""d"":20497}","w63060003",713,4,"0.00",0
4009,6405,"{""c"":[0,0.14,0.01,0.29],""m"":[[0,0,0,0],[2.8,20,0,20],[0,0,0,0],[0,0,0,0]],""t"":[[0,0,0,0],[0,0,0,0],[0,0,0,0],[0,0,0,0]],""g"":[[0,0,0,0],[0,0,0,0],[0,0,0,0],[0,0,0,0]],""d"":20497}","w63060003",713,4,"0.00",0
4010,6407,"{""c"":[0,0,0.01,0.29],""m"":[[0,0,0,0],[0,0,0,0],[0,0,0,0],[0,0,0,0]],""t"":[[0,0,0,0],[0,0,0,0],[0,0,0,0],[0,0,0,0]],""g"":[[0,0,0,0],[0,0,0,0],[0,0,0,0],[0,0,0,0]],""d"":20497}","w63060003",713,4,"0.00",0
4011,6408,"{""c"":[0,0,0.01,0.29],""m"":[[0,0,0,0],[0,0,0,0],[0,0,0,0],[0,0,0,0]],""t"":[[0,0,0,0],[0,0,0,0],[0,0,0,0],[0,0,0,0]],""g"":[[0,0,0,0],[0,0,0,0],[0,0,0,0],[0,0,0,0]],""d"":20497}","w63060003",713,4,"0.00",0
4012,6409,"{""c"":[1],""m"":[[3.51,27,4,30]],""t"":[[0,0,0,0]],""g"":[[0,0,0,0]],""d"":20473}","w63060003",274,4,"1.00",0
4013,6410,"{""c"":[0,0,0.01,0.57],""m"":[[0,0,0,0],[0,0,0,0],[0,0,0,0],[0,0,0,0]],""t"":[[0,0,0,0],[0,0,0,0],[0,0,0,0],[0,0,128,13]],""g"":[[0,0,0,0],[0,0,0,0],[0,0,0,0],[0,0,0,0]],""d"":20497}","w63060003",713,4,"0.00",0
4014,6411,"{""c"":[0],""m"":[[0,0,0,0]],""t"":[[0,0,0,0]],""g"":[[0,0,0,0]],""d"":20485}","063063003",789,3,"0.00",0
4015,6412,"{""c"":[0,0,0.15,0.29],""m"":[[0,0,0,0],[0,0,0,0],[0,0,0,0],[0,0,0,0]],""t"":[[0,0,0,0],[0,0,0,0],[2.16,3,0,3],[0,0,0,0]],""g"":[[0,0,0,0],[0,0,0,0],[0,0,0,0],[0,0,0,0]],""d"":20497}","w63060003",713,4,"0.00",0
4016,6413,"{""c"":[0,0,0.01,0.29],""m"":[[0,0,0,0],[0,0,0,0],[0,0,0,0],[0,0,0,0]],""t"":[[0,0,0,0],[0,0,0,0],[0,0,0,0],[0,0,0,0]],""g"":[[0,0,0,0],[0,0,0,0],[0,0,0,0],[0,0,0,0]],""d"":20497}","w63060003",713,4,"0.00",0
4017,6414,"{""c"":[0,0,0.15,0.29],""m"":[[0,0,0,0],[0,0,0,0],[0,0,0,0],[0,0,0,0]],""t"":[[0,0,0,0],[0,0,0,0],[1.2,1.5,71,8],[0,0,0,0]],""g"":[[0,0,0,0],[0,0,0,0],[0,0,0,0],[0,0,0,0]],""d"":20497}","w63060003",713,4,"0.00",0
4020,6417,"{""c"":[0,0.58,0.43,1],""m"":[[25.31,142,10,150],[21.49,126,5,130],[13.22,73,4,75,0.15],[1.96,14,1,15,0.14]],""t"":[[0.67,0.75,9,2],[3.37,2,0,2],[0,0,0,0],[0,0,0,0,0]],""g"":[[1.24,31,11,36],[3.72,93,14,103],[2.76,69,34,92],[0,0,0,0,0]],""d"":20500}","w63060003",768,4,"6.00",0
4021,6418,"{""c"":[0,0,0.01,0.29],""m"":[[0,0,0,0],[0,0,0,0],[0,0,0,0],[0,0,0,0]],""t"":[[0,0,0,0],[0,0,0,0],[0,0,0,0],[0,0,0,0]],""g"":[[0,0,0,0],[0,0,0,0],[0,0,0,0],[0,0,0,0]],""d"":20497}","w63060003",713,4,"0.00",0
4023,6420,"{""c"":[0,0.01,0.86,0.14,0.86],""m"":[[0,0,0,0],[0,0,0,0],[63.24,1174,18,1192],[2.1,15,0,15],[1.86,18,0,18,0.1]],""t"":[[0,0,0,0],[0,0,0,0],[130.17,150.25,316,217],[32.5,37.75,59,52],[1.89,1.5,9,3,1.26]],""g"":[[0,0,0,0],[0,0,0,0],[9.79,89,5,94],[0,0,0,0],[0,0,0,0,0]],""d"":20501}","p18062823",778,2,"10.00",1
4024,6421,"{""c"":[0.29,0.01,0.29,0,0.86],""m"":[[7.6,76,4,80],[0,0,0,0],[3.21,63,8,70],[0,0,0,0,0],[0,0,0,0,0]],""t"":[[0,0,0,0],[0,0,0,0],[0,0,0,0],[0,0,0,0,0],[0,0,0,0,0]],""g"":[[0,0,0,0],[0,0,0,0],[15.62,142,33,160],[0,0,0,0,0],[0,0,0,0,0]],""d"":20500}","w63060003",778,2,"0.00",0
4025,6422,"{""c"":[1],""m"":[[7.56,81,5,85]],""t"":[[0,0,0,0]],""g"":[[0,0,0,0]],""d"":20473}","w63060003",NULL,3,"0.00",0
4026,6423,"{""c"":[1],""m"":[[0,20,0,20]],""t"":[[0,0,0,0]],""g"":[[0,0,0,0]],""d"":20473}","w63060003",NULL,3,"0.00",0
4029,6426,"{""c"":[0.29,0.72,0.43,0.71],""m"":[[2.38,17,4,20],[33.32,192,33,216],[21.06,104,8,110],[3.99,19,1,20]],""t"":[[0,0,0,0],[0,0.5,21,3],[3.37,2,0,2],[0,0,0,0]],""g"":[[1.64,41,3,42],[0.92,23,22,35],[3.52,88,22,103],[4.36,109,24,126]],""d"":20495}","616260020",768,4,"0.00",0
4030,6429,"{""c"":[1],""m"":[[1.14,19,1,20]],""t"":[[0,0,0,0]],""g"":[[0,0,0,0]],""d"":20473}","w63060003",274,4,"0.00",0
4031,6430,"{""c"":[1],""m"":[[10.64,133,4,137]],""t"":[[0,0,0,0]],""g"":[[0,0,0,0]],""d"":20473}","w63060003",NULL,2,"0.00",0
4032,6431,"{""c"":[0.57,0.57],""m"":[[15.6,160,9,169],[6.09,66,4,70]],""t"":[[0,0,0,0],[0,0,0,0]],""g"":[[0,0,0,0],[0,0,0,0]],""d"":20483}","w63060003",NULL,2,"0.00",0
4033,6432,"{""c"":[0.43,0,0.15,0.57],""m"":[[1.23,82,4,85],[0,0,0,0],[3.99,19,3,20],[0,0,0,0]],""t"":[[0,0,0,0],[0,0,0,0],[0,0,0,0],[0,0,0,0]],""g"":[[0,0,0,0],[0,0,0,0],[0,0,0,0],[0,0,0,0]],""d"":20495}","w63060983",816,4,"0.00",0
4034,6433,"{""c"":[0,0.14,0.71],""m"":[[21.84,668,5,673],[0,0,0,0],[4.2,40,0,40]],""t"":[[0,0,0,0],[0,0,0,0],[0,0,0,0]],""g"":[[14.19,129,2,131],[7.92,72,7,77],[5.17,47,2,49]],""d"":20496}","p410637c3",669,2,"0.00",0
4035,6435,"{""c"":[0,0.58,0.29,0.86],""m"":[[0,0,0,0],[33.79,84,45,105],[38.82,79,31,95],[8.84,42,8,45]],""t"":[[0,0,0,0],[0,0,43,2],[0.71,0.5,105,5],[0,0,0,0]],""g"":[[0,0,0,0],[3.24,18,30,35],[14.22,79,127,136],[19.08,106,67,150]],""d"":20495}","p41160713",768,3,"0.00",0
4036,6437,"{""c"":[0.43,0.44,0.29,0.86],""m"":[[0,0,0,0],[15.11,75,52,105],[9,115,22,125],[10.75,123,10,130]],""t"":[[0,0,0,0],[0,0,17,1],[0.3,0.5,13,3],[0,0,0,0]],""g"":[[1.68,42,8,50],[1.2,30,10,35],[1.68,42,62,64],[3.24,81,109,136]],""d"":20495}","p24064903",768,4,"0.00",0
4038,6438,"{""c"": [], ""m"": [], ""t"": [], ""g"": [], ""d"": null}","w63060003",NULL,4,"0.00",0
4039,6441,"{""c"": [], ""m"": [], ""t"": [], ""g"": [], ""d"": null}","w63060003",NULL,1,"0.00",0
4040,6442,"{""c"": [], ""m"": [], ""t"": [], ""g"": [], ""d"": null}","w63060003",NULL,3,"0.00",0
4044,6446,"{""c"":[0,0.01,0,0.71],""m"":[[0,0,0,0],[0,0,0,0],[0,0,0,0],[0,0,0,0]],""t"":[[0,0,0,0],[0,0,0,0],[0,0,0,0],[0,0,0,0]],""g"":[[0,0,0,0],[0,0,0,0],[0,0,0,0],[0,0,0,0]],""d"":20494}","w63060003",718,4,"0.00",3
4045,6447,"{""c"":[0,0.57,0.43,1],""m"":[[45.77,188,13,195],[36.83,169,40,184],[3.98,19,1,20],[32.94,122,1,123]],""t"":[[0,0,32,2],[0.67,0.75,10,2],[0,0,0,0],[0,0,0,0]],""g"":[[2.6,65,32,83],[2.4,60,1,61],[5.4,135,12,143],[6.08,152,8,158]],""d"":20496}","o78070006",646,4,"0.00",0
4046,6448,"{""c"":[1],""m"":[[0.2,20,0,20]],""t"":[[5.9,4.75,1,5]],""g"":[[0,0,0,0]],""d"":20474}","w63060003",NULL,1,"0.00",0
4047,6449,"{""c"":[0,0.57,0.43,1],""m"":[[25.41,99,3,102],[32.24,122,8,128],[4.3,20,0,20],[0,0,0,0]],""t"":[[0,0,24,2],[0.13,0.25,3,1],[0,0,0,0],[0,0,0,0]],""g"":[[1.36,34,40,55],[2.76,69,36,85],[4.88,122,64,148],[4.4,110,115,158]],""d"":20496}","s433618c3",646,4,"0.00",0
4048,6450,"{""c"":[1],""m"":[[8.09,209,1,210]],""t"":[[0,0,0,0]],""g"":[[0,0,0,0]],""d"":20475}","w63060003",763,1,"0.00",0
4050,6453,"{""c"":[0,0.57,0.43,1],""m"":[[23.34,115,17,129],[12.6,68,15,80],[3.66,18,5,20],[0,0,0,0]],""t"":[[0.67,0.75,9,2],[0,0,5,1],[0,0,0,0],[0,0,0,0]],""g"":[[3.92,135,89,162],[2.28,57,5,61],[7.68,192,46,222],[6.88,172,184,250]],""d"":20496}","w03060703",646,4,"0.00",0
4065,6456,"{""c"":[0,0.57,0.15,0.72],""m"":[[7.85,71,11,80],[41.08,156,5,160],[0,0,0,0],[0,0,0,0]],""t"":[[0,0,0,0],[0.29,1.5,36,7],[1.2,1,0,1],[0,0,24,2]],""g"":[[0,0,0,0],[1.96,49,95,77],[0,0,0,0],[0.6,15,41,31]],""d"":20495}","a126750c0",809,4,"0.00",0
4068,6459,"{""c"":[0,0.57,0.43,1],""m"":[[14.74,249,29,265],[16.15,273,40,300],[9.15,118,8,125],[0,0,0,0]],""t"":[[0,0,12,2],[1.35,1,0,1],[0,0,0,0],[0,0,0,0]],""g"":[[0.8,20,21,33],[1.92,48,19,61],[4.8,120,60,148],[4.6,115,86,158]],""d"":20496}","s63060426",646,4,"0.00",0
4071,6463,"{""c"":[1,1],""m"":[[3.78,32,16,41,0.14],[35.85,143,12,154,0.25]],""t"":[[0,0,0,0,0],[0,0,0,0,0]],""g"":[[0,0,0,0,0],[3.06,17,0,17,0.18]],""d"":20500}","w63060003",798,3,"0.00",0
4076,6468,"{""c"":[0,0.14,0.86],""m"":[[30.09,561,17,576],[9.9,198,2,200],[90.02,1497,30,1526]],""t"":[[0,0,0,0],[0,0,0,0],[6.84,11.5,15,15]],""g"":[[0,0,0,0],[0,0,0,0],[0,0,0,0]],""d"":20488}","q23081083",817,4,"0.00",0
4077,6469,"{""c"":[0,0.57,0.43,1],""m"":[[1.52,28,5,30],[18.22,150,13,160],[3.23,16,21,20],[7.83,29,1,30]],""t"":[[0,0,0,0],[0,0,0,0],[0,0,0,0],[0,0,0,0]],""g"":[[1.04,26,10,33],[2,50,20,61],[4.64,116,51,148],[4.72,118,76,158]],""d"":20496}","o43060093",646,4,"0.00",0
4084,6476,"{""c"":[1],""m"":[[0,0,0,0]],""t"":[[0,0,0,0]],""g"":[[2.36,59,38,79]],""d"":20476}","w63060003",NULL,4,"0.00",0
4085,6477,"{""c"":[1],""m"":[[21.23,352,65,400]],""t"":[[1.26,1,127,10]],""g"":[[0,0,0,0]],""d"":20477}","w63060003",NULL,2,"0.00",0
4090,6483,"{""c"": [], ""m"": [], ""t"": [], ""g"": [], ""d"": null}","w63060003",NULL,2,"0.00",0
4091,6484,"{""c"":[1],""m"":[[0,0,0,0]],""t"":[[0.36,1.5,74,10]],""g"":[[0,0,0,0]],""d"":20480}","w63060003",NULL,4,"0.00",0
4092,6485,"{""c"":[0,0,0,0.72],""m"":[[2.5,107,0,107],[0,0,0,0],[0,0,0,0],[6.65,25,0,25,0.17]],""t"":[[0,0,0,0],[0,0,0,0],[0,0,0,0],[0,0,0,0]],""g"":[[2.24,56,29,75],[0,0,0,0],[0,0,0,0],[0.44,11,5,15]],""d"":20497}","w63060003",652,4,"0.00",0
4094,6487,"{""c"":[0.71,0.58,0,0.86],""m"":[[8.81,321,18,335],[2.91,30,1,31],[0,0,0,0],[1.8,18,2,20]],""t"":[[0,0.5,2,1],[5.81,11,0,11],[0,0,0,0],[0,0,0,0]],""g"":[[8.14,74,8,81],[1.87,17,5,21],[0,0,0,0],[0,0,0,0]],""d"":20494}","g48084383",829,2,"0.00",0
4096,6489,"{""c"":[0.57,0.71],""m"":[[2.82,47,0,47],[0.42,7,1,8]],""t"":[[0,0,0,0],[0,0,0,0]],""g"":[[0,0,0,0],[0,0,0,0]],""d"":20481}","w63060003",NULL,4,"0.00",0
4097,6491,"{""c"":[1],""m"":[[0.18,3,8,4]],""t"":[[0,0,0,0]],""g"":[[0,0,0,0]],""d"":20481}","w63060003",NULL,4,"0.00",0
4098,6493,"{""c"":[0],""m"":[[0,0,0,0]],""t"":[[0,0,0,0]],""g"":[[0,0,0,0]],""d"":20473}","w63060003",413,4,"0.00",0
4101,6496,"{""c"":[0.57,0.14,0.01,0.57],""m"":[[8.26,84,1,85],[2.38,17,1,18],[0,0,0,0],[0,0,0,0]],""t"":[[0,0,0,0],[0,0,0,0],[0,0,0,0],[0,0,0,0]],""g"":[[3.64,91,22,105],[0,0,0,0],[0,0,0,0],[0,0,0,0]],""d"":20495}","p630688a3",816,4,"0.00",0
4102,6497,"{""c"":[0,0.01,0.71],""m"":[[6.83,306,11,315],[0,0,0,0],[0,0,0,0]],""t"":[[1.66,3,9,5],[0,0,0,0],[0,0,0,0]],""g"":[[0,0,0,0],[0,0,0,0],[0,0,0,0]],""d"":20487}","w63060003",829,2,"0.00",0
4103,6498,"{""c"":[0,0,0.15,0.57],""m"":[[9.84,140,6,145],[0,0,0,0],[3.36,24,9,30],[0,0,0,0]],""t"":[[0,0,0,0],[0,0,0,0],[0,0,0,0],[0,0,0,0]],""g"":[[5.2,130,40,148],[0,0,0,0],[0,0,0,0],[0,0,0,0]],""d"":20495}","w63060003",816,4,"0.00",0
4104,6499,"{""c"":[0.43,0.71],""m"":[[2,40,0,40],[3.95,79,1,80]],""t"":[[0,4.25,47,10],[0,0,0,0]],""g"":[[0,0,0,0],[0,0,0,0]],""d"":20481}","w63060003",413,4,"0.00",0
4105,6500,"{""c"":[0.43,0.71],""m"":[[0,17,3,20],[2.05,8,0,8]],""t"":[[0,10.5,19,15],[0,0,0,0]],""g"":[[0,0,0,0],[0,0,0,0]],""d"":20481}","w63060003",NULL,4,"0.00",0
4107,6502,"{""c"":[0.43,0.71],""m"":[[1,59,1,60],[4.82,78,7,82]],""t"":[[0,5,0,5],[0,0,0,0]],""g"":[[0,0,0,0],[0,0,0,0]],""d"":20481}","w63060003",NULL,4,"0.00",0
4110,6505,"{""c"":[0,0.01,0.86],""m"":[[0.59,39,1,40],[0,0,0,0],[0.4,20,0,20]],""t"":[[0,0,0,0],[0,0,0,0],[0,0,0,0]],""g"":[[0,0,0,0],[0,0,0,0],[0,0,0,0]],""d"":20487}","w63060003",829,2,"0.00",0
4111,6506,"{""c"":[1],""m"":[[0,0,0,0]],""t"":[[0,3.75,5,5]],""g"":[[0,0,0,0]],""d"":20474}","w63060003",NULL,4,"0.00",0
4112,6507,"{""c"":[0.43,0.71],""m"":[[0,0,0,0],[2.95,79,1,80]],""t"":[[0,2.25,24,5],[0,0,0,0]],""g"":[[0,0,0,0],[0,0,0,0]],""d"":20481}","w63060003",NULL,4,"0.00",0
4113,6509,"{""c"":[0,0.14,0.72],""m"":[[0,0,0,0],[2.38,17,9,20],[0,0,0,0]],""t"":[[0.48,1.25,7,3],[0,0,0,0],[0,0,0,0]],""g"":[[0.72,18,22,26],[0,0,0,0],[1.16,29,38,49]],""d"":20495}","o530860a3",716,4,"0.00",0
4116,6512,"{""c"":[0.86,0.43,0.15,0.57],""m"":[[5.28,217,3,220],[2.49,249,12,260],[3.3,33,7,40],[5.73,363,20,380,0.01]],""t"":[[10.79,13.5,8,15],[3.32,4.25,3,5],[2.49,5.75,17,10],[26.95,32.5,17,40,0.83]],""g"":[[0,0,0,0],[0,0,0,0],[0,0,0,0],[13.42,122,20,139]],""d"":20499}","p21483003",829,2,"0.00",0
4117,6513,"{""c"":[0.71,0,0,0.57],""m"":[[3.15,15,0,15],[0,0,0,0],[0,0,0,0],[0,0,0,0]],""t"":[[0,0,0,0],[0,0,0,0],[0,0,0,0],[0,0,0,0]],""g"":[[0,0,0,0],[0,0,0,0],[0,0,0,0],[0,0,0,0]],""d"":20495}","0630660a2",652,4,"0.00",0
4118,6514,"{""c"":[0.57,0.29,0.71],""m"":[[1.83,183,0,183],[0.01,1,0,1],[0,0,0,0]],""t"":[[0,0.5,2,1],[0,0.5,6,2],[0,0,0,0]],""g"":[[13.86,126,12,132],[0,0,0,0],[0,0,0,0]],""d"":20487}","p630647c3",829,2,"0.00",0
4119,6515,"{""c"":[0.86,0.57,0.43,0,0.86],""m"":[[27.19,291,10,301],[2.32,29,1,30],[5.82,111,8,119],[0,0,0,0,0],[0,0,0,0,0]],""t"":[[23.61,34.75,73,50],[68.47,93,44,104],[5.99,5.5,10,8],[0,0,0,0,0],[0,0,0,0,0]],""g"":[[38.72,352,15,367],[3.96,36,0,36],[17.38,158,17,168],[0,0,0,0,0],[0,0,0,0,0]],""d"":20500}","o08064043",778,2,"0.00",0
4120,6517,"{""c"":[0.86,0,0.15,0.14],""m"":[[76.06,1415,22,1436],[0,0,0,0],[21.57,392,8,400],[22.29,235,5,240,0.1]],""t"":[[0,0,0,0],[0,0,0,0],[0,0,0,0],[0,0,0,0,0]],""g"":[[0,0,0,0],[0,0,0,0],[0,0,0,0],[0,0,0,0,0]],""d"":20499}","p28764003",817,4,"0.00",1
4121,6518,"{""c"":[0,0,0.29],""m"":[[0,0,0,0],[0,0,0,0],[0,0,0,0]],""t"":[[0,0,47,2],[0,0,0,0],[0,0,0,0]],""g"":[[0,0,0,0],[0,0,0,0],[0.6,15,59,35]],""d"":20492}","613070003",761,4,"0.00",0
4122,6520,"{""c"": [], ""m"": [], ""t"": [], ""g"": [], ""d"": null}","w63060003",NULL,3,"0.00",0
4123,6521,"{""c"":[0,0.29,0.57,0.57],""m"":[[0,0,0,0],[3.82,109,0,109],[14.17,302,12,314],[0.91,59,2,61,0.01]],""t"":[[2.9,3.75,5,5],[10.39,9,21,13],[4.56,6.25,3,7],[0,0,0,0]],""g"":[[3.3,30,7,35],[0,0,0,0],[0,0,0,0],[0,0,0,0]],""d"":20497}","p53060083",829,2,"0.00",2
4124,6522,"{""c"":[1],""m"":[[80.03,151,1,152]],""t"":[[0,0,0,0]],""g"":[[0,0,0,0]],""d"":20475}","w63060003",NULL,0,"0.00",0
4125,6523,"{""c"": [], ""m"": [], ""t"": [], ""g"": [], ""d"": null}","w63060003",NULL,4,"0.00",0
4130,6524,"{""c"":[0.43,0.43,0.01,0,0.86],""m"":[[9.49,96,5,100],[4.06,126,4,130],[0,0,0,0],[0,0,0,0,0],[0,0,0,0,0]],""t"":[[0,0,0,0],[0,0,0,0],[0,0,0,0],[0,0,0,0,0],[0,0,0,0,0]],""g"":[[0,0,0,0],[0,0,0,0],[0,0,0,0],[0,0,0,0,0],[0,0,0,0,0]],""d"":20500}","w63060003",778,2,"0.00",0
4131,6525,"{""c"":[0.57,0.71],""m"":[[0.12,2,9,3],[0.18,3,14,4]],""t"":[[0,0,0,0],[0,0,0,0]],""g"":[[0,0,0,0],[0,0,0,0]],""d"":20481}","w63060003",NULL,4,"0.00",0
4133,6527,"{""c"":[1],""m"":[[7.76,97,36,110]],""t"":[[0,0,0,0]],""g"":[[0,0,0,0]],""d"":20475}","w63060003",NULL,3,"0.00",0
4134,6528,"{""c"": [], ""m"": [], ""t"": [], ""g"": [], ""d"": null}","w63060003",NULL,4,"0.00",0
4135,6529,"{""c"":[1],""m"":[[21.44,194,16,206]],""t"":[[0,0,0,0]],""g"":[[0,0,0,0]],""d"":20475}","w63060003",NULL,3,"0.00",0
4138,6533,"{""c"":[0,0,0.15],""m"":[[2.88,9,20,15],[0,0,0,0],[0,0,0,0]],""t"":[[0,0,36,4],[0,0,0,0],[0,0,0,0]],""g"":[[0,0,0,0],[0,0,0,0],[0.88,22,28,35]],""d"":20492}","d27260873",761,4,"0.00",0
4139,6534,"{""c"":[0,0.57,0.01,0.72],""m"":[[0,40,0,40],[0,20,0,20],[0,0,0,0],[0,0,0,0]],""t"":[[0,0,0,0],[0,0.25,57,5],[0,0,0,0],[0.96,1,0,1]],""g"":[[0,0,0,0],[2.24,56,102,77],[0,0,0,0],[0.56,14,50,31]],""d"":20495}","p230640a3",809,4,"0.00",0
4141,1885,"{""c"":[0,0.01,0.29],""m"":[[0,0,0,0],[0,0,0,0],[0,0,0,0]],""t"":[[0,0,0,0],[0,0,0,0],[0,0,0,0]],""g"":[[0,0,0,0],[0,0,0,0],[0,0,0,0]],""d"":20490}","w63060003",795,1,"0.00",0
4142,1924,"{""c"":[0,0.15,0.28,0.86],""m"":[[0,0,0,0],[14.38,238,9,247],[6.42,144,4,148],[3.22,46,2,48]],""t"":[[0,0,0,0],[0,0,0,0],[6.55,5,0,5],[0,0,0,0]],""g"":[[0,0,0,0],[0,0,0,0],[0,0,0,0],[0,0,0,0]],""d"":20494}","p23061003",795,1,"0.00",0
4143,1931,"{""c"":[0,0.01,0.29],""m"":[[0,0,0,0],[0,0,0,0],[0,0,0,0]],""t"":[[0,0,0,0],[0,0,0,0],[0,0,0,0]],""g"":[[0,0,0,0],[0,0,0,0],[0,0,0,0]],""d"":20490}","w63060003",795,1,"0.00",0
4144,1951,"{""c"":[0,0.15,0.14,0.43],""m"":[[1.5,54,6,60],[1.26,18,2,20],[3.2,20,0,20],[11.9,176,4,180,0.07]],""t"":[[6.55,1.75,1,2],[0,0,0,0],[5.24,4.25,3,5],[0,0,0,0,0]],""g"":[[5.2,20,6,26],[0,0,0,0],[0,0,0,0],[5.46,21,1,22,0.26]],""d"":20499}","649776823",795,1,"0.00",2
4145,2167,"{""c"":[0,0.01,0.29],""m"":[[0,0,0,0],[0,0,0,0],[0,0,0,0]],""t"":[[0,0,0,0],[0,0,0,0],[0,0,0,0]],""g"":[[0,0,0,0],[0,0,0,0],[0,0,0,0]],""d"":20490}","w63060003",795,1,"0.00",0
4146,1988,"{""c"":[0,0.01,0.43],""m"":[[0,0,0,0],[0,0,0,0],[3.2,20,0,20]],""t"":[[0,0,0,0],[0,0,0,0],[6.55,5,0,5]],""g"":[[0,0,0,0],[0,0,0,0],[0,0,0,0]],""d"":20490}","j68166703",795,1,"0.00",0
4147,2038,"{""c"":[0,0.01,0.43],""m"":[[2.1,15,0,15],[0,0,0,0],[3.04,19,1,20]],""t"":[[0,0,0,0],[0,0,0,0],[5.9,4.75,1,5]],""g"":[[0,0,0,0],[0,0,0,0],[0,0,0,0]],""d"":20490}","0381680a3",795,1,"0.00",0
4148,2209,"{""c"":[0,0.3,0.43],""m"":[[0,0,0,0],[3.23,95,6,100],[1.92,12,10,20]],""t"":[[0,0,0,0],[7.87,10.25,79,25],[3.28,3.75,5,5]],""g"":[[0,0,0,0],[0,0,0,0],[0,0,0,0]],""d"":20490}","w63060003",795,1,"0.00",0
4149,2044,"{""c"":[0,0.15,0.43],""m"":[[11.34,144,1,145],[1.4,20,0,20],[3.9,30,0,30]],""t"":[[4.25,1,4,2],[0,0,0,0],[0,0,0,0]],""g"":[[0,0,0,0],[0,0,0,0],[0,0,0,0]],""d"":20490}","x67870362",795,1,"0.00",0
4151,6535,"{""c"":[0,0.15,0.57,0.86],""m"":[[0,0,0,0],[0.18,18,2,20],[15.44,452,32,478],[11.32,231,20,250]],""t"":[[0,0,0,0],[0,0,0,0],[0,0,0,0],[0,0,0,0]],""g"":[[0,0,0,0],[0,0,0,0],[0,0,0,0],[0,0,0,0]],""d"":20496}","063060003",829,2,"0.00",0
4161,6536,"{""c"":[0.57,0,1],""m"":[[7.2,90,0,90],[0,0,0,0],[5.04,56,5,60]],""t"":[[0,0,0,0],[0,0,0,0],[0,0,0,0]],""g"":[[2.97,27,5,32],[0,0,0,0],[0,0,0,0]],""d"":20486}","w63060003",NULL,2,"0.00",0
4162,6537,"{""c"":[0.43,0.86],""m"":[[4.48,56,4,60],[46.5,227,16,240]],""t"":[[0,0,0,0],[0,0.25,22,3]],""g"":[[0,0,0,0],[0,0,0,0]],""d"":20481}","w63060003",NULL,3,"0.00",0
4163,1976,"{""c"":[0,0.29,0.29],""m"":[[0,0,0,0],[10.43,95,5,100],[10,91,4,95]],""t"":[[0,0,0,0],[1.97,3.25,7,5],[0,0.5,6,2]],""g"":[[0,0,0,0],[1.3,5,0,5],[1.3,5,1,6]],""d"":20492}","p44076723",795,1,"0.00",0
4166,6538,"{""c"":[1],""m"":[[2.41,37,4,40]],""t"":[[0,0,0,0]],""g"":[[0,0,0,0]],""d"":20474}","w63060003",NULL,1,"0.00",0
4167,6539,"{""c"":[0.57,0.15,0.71],""m"":[[9.99,155,5,160],[0.19,19,1,20],[0,0,0,0]],""t"":[[0,0,0,0],[0,0,0,0],[0,0,0,0]],""g"":[[0,0,0,0],[0,0,0,0],[0,0,0,0]],""d"":20487}","w63060003",829,2,"0.00",0
4168,6540,"{""c"":[1],""m"":[[8.57,68,2,70]],""t"":[[0,0,0,0]],""g"":[[0,0,0,0]],""d"":20474}","667271073",274,4,"0.00",0
4169,1958,"{""c"":[0,0.01,0.43],""m"":[[0,0,0,0],[0,0,0,0],[3.21,21,0,21]],""t"":[[0,0,0,0],[0,0,0,0],[6.55,5,0,5]],""g"":[[0,0,0,0],[0,0,0,0],[0,0,0,0]],""d"":20490}","w18276103",795,1,"0.00",0
4170,6541,"{""c"":[0.57,0.29,0,0.71],""m"":[[1.71,29,46,40],[0,0,0,0],[0,0,0,0],[0,0,0,0]],""t"":[[2.52,4,4,5],[3,2.75,44,9],[0,0,0,0],[0,0,0,0]],""g"":[[0,0,0,0],[0,0,0,0],[0,0,0,0],[0,0,0,0]],""d"":20494}","628180003",774,4,"0.00",0
4172,6542,"{""c"":[0,0.01,0.29],""m"":[[3.77,29,1,30],[0,0,0,0],[0,0,0,0]],""t"":[[0,0,0,0],[0,0,0,0],[0,0,0,0]],""g"":[[0,0,0,0],[0,0,0,0],[0,0,0,0]],""d"":20490}","w63060003",795,1,"0.00",0
4173,6543,"{""c"":[0.43,0.01,0.57,1],""m"":[[0.4,40,0,40],[0,0,0,0],[4.16,116,5,120],[16.83,55,6,60]],""t"":[[3.28,3.25,10,5],[0,0,0,0],[10.48,9.25,29,15],[4.58,3.75,7,5]],""g"":[[0,0,0,0],[0,0,0,0],[0,0,0,0],[0,0,0,0]],""d"":20493}","w63060003",795,1,"0.00",0
4174,6544,"{""c"": [], ""m"": [], ""t"": [], ""g"": [], ""d"": null}","w63060003",NULL,4,"0.00",0
4175,6545,"{""c"":[1],""m"":[[0.19,19,1,20]],""t"":[[0,0,0,0]],""g"":[[0,0,0,0]],""d"":20474}","w63060003",NULL,2,"0.00",0
4176,6546,"{""c"":[1],""m"":[[0.39,39,1,40]],""t"":[[0,0,0,0]],""g"":[[5.2,20,3,23]],""d"":20479}","w63060003",NULL,1,"0.00",0
4177,6548,"{""c"":[0.43,0,0.86],""m"":[[1.52,19,1,20],[0,0,0,0],[14.22,156,4,160]],""t"":[[0,0,0,0],[0,0,0,0],[0,0,0,0]],""g"":[[0,37,1,38],[0,0,0,0],[13.32,74,6,78]],""d"":20488}","w63060003",789,3,"0.00",0
4178,6549,"{""c"":[1],""m"":[[2.84,95,3,98]],""t"":[[0,0,0,0]],""g"":[[2.97,27,3,30]],""d"":20474}","w63060003",NULL,2,"0.00",0
4179,6550,"{""c"": [], ""m"": [], ""t"": [], ""g"": [], ""d"": null}","w63060003",NULL,3,"0.00",0
4181,1899,"{""c"":[0,0.29,0.43],""m"":[[0,0,0,0],[6,82,4,85],[2.72,17,3,20]],""t"":[[0,0,0,0],[0,0,0,0],[1.97,3.25,7,5]],""g"":[[0,0,0,0],[0,0,0,0],[0,0,0,0]],""d"":20490}","p88764006",795,1,"0.00",0
4185,6557,"{""c"":[0.43,0.14,1],""m"":[[4.92,60,7,65],[6.86,49,2,50],[15.05,57,18,70]],""t"":[[0,0,0,0],[0,0,0,0],[0,0,0,0]],""g"":[[0,0,0,0],[0,0,0,0],[0,0,0,0]],""d"":20487}","w63060003",NULL,4,"0.00",0
4186,6558,"{""c"":[0,0.58,0.72],""m"":[[13.48,252,9,260],[13.62,158,7,163],[15.54,165,9,173]],""t"":[[2.49,3.5,6,5],[8.14,9,4,10],[0,0,0,0]],""g"":[[4.07,37,2,39],[3.85,35,1,36],[0,0,0,0]],""d"":20489}","637330724",829,2,"0.00",1
4187,6559,"{""c"":[1],""m"":[[6.73,63,8,70]],""t"":[[0,0,0,0]],""g"":[[0,0,0,0]],""d"":20474}","w63060003",NULL,1,"0.00",0
4188,6560,"{""c"":[0.71,0.43,0.14],""m"":[[7.9,91,16,100],[9.6,96,28,120],[4,40,0,40]],""t"":[[0,0,0,0],[0,0,0,0],[0,0,0,0]],""g"":[[0,0,0,0],[0,0,0,0],[0,0,0,0]],""d"":20492}","w63060003",NULL,2,"0.00",0
4189,6561,"{""c"": [], ""m"": [], ""t"": [], ""g"": [], ""d"": null}","w63060003",NULL,1,"0.00",0
4190,6562,"{""c"":[0,0.01,0.43],""m"":[[0,0,0,0],[0,0,0,0],[3.2,20,0,20]],""t"":[[0,0,0,0],[0,0,0,0],[6.55,5,0,5]],""g"":[[0,0,0,0],[0,0,0,0],[0,0,0,0]],""d"":20490}","o88066096",795,1,"0.00",0
4191,2057,"{""c"":[0.57,0.15,0.43],""m"":[[5.09,59,6,65],[0,0,0,0],[2.72,17,3,20]],""t"":[[7.86,6.5,7,8],[6.55,5,0,5],[6.55,5,0,5]],""g"":[[3.38,13,0,13],[3.38,13,0,13],[0,0,0,0]],""d"":20490}","038768736",795,1,"0.00",0
4192,6563,"{""c"":[0,0.01,0.43],""m"":[[0,0,0,0],[0,0,0,0],[3.2,20,0,20]],""t"":[[0,0,0,0],[0,0,0,0],[6.55,5,0,5]],""g"":[[0,0,0,0],[0,0,0,0],[0,0,0,0]],""d"":20490}","618584023",795,1,"0.00",0
4193,6564,"{""c"":[0.43,0.01,0.15,0,0.86],""m"":[[2.32,29,1,30],[0,0,0,0],[2.32,29,1,30],[0,0,0,0,0],[0,0,0,0,0]],""t"":[[0,0,0,0],[0,0,0,0],[0,0,0,0],[0,0,0,0,0],[0,0,0,0,0]],""g"":[[0,0,0,0],[0,0,0,0],[0,0,0,0],[0,0,0,0,0],[0,0,0,0,0]],""d"":20500}","q63060a83",778,2,"0.00",0
4194,6565,"{""c"":[1],""m"":[[0,0,0,0]],""t"":[[0.3,0.75,82,10]],""g"":[[0,0,0,0]],""d"":20484}","w63060003",NULL,4,"0.00",0
4195,6567,"{""c"":[1],""m"":[[4.88,56,4,60]],""t"":[[0,0,0,0]],""g"":[[0,0,0,0]],""d"":20475}","w63060003",NULL,2,"0.00",0
4196,6568,"{""c"":[0,0.58,0.43,0.86],""m"":[[0,0,0,0],[49.9,273,35,295],[18.86,95,17,110],[8.95,70,0,70]],""t"":[[0,0,0,0],[0.72,1,12,3],[0,0.75,29,5],[0,0,0,0]],""g"":[[0,0,0,0],[1.04,26,18,35],[4.84,121,95,169],[3.08,77,18,92]],""d"":20495}","q480661b3",768,4,"0.00",0
4197,6569,"{""c"":[0.57],""m"":[[1.14,39,1,40]],""t"":[[0,0,0,0]],""g"":[[4.36,109,26,126]],""d"":20478}","w63060003",NULL,4,"0.00",0
4199,3353,"{""c"":[0.86,0.71,0.86,1],""m"":[[180.89,2112,102,2204],[40.74,433,56,475],[85.27,1132,39,1163],[18.85,228,10,236]],""t"":[[0,0,0,0],[0,0,0,0],[0,0,0,0],[0,0,0,0]],""g"":[[0,0,0,0],[0,0,0,0],[0,0,0,0],[0,0,0,0]],""d"":20494}","w63060003",NULL,2,"0.00",0
4201,6571,"{""c"": [], ""m"": [], ""t"": [], ""g"": [], ""d"": null}","w63060003",NULL,4,"0.00",0
4203,6573,"{""c"":[0.71,0.29,0.71],""m"":[[6.89,100,11,110],[6.31,64,6,70],[0,0,0,0]],""t"":[[6.22,8.75,5,10],[3.32,4.5,2,5],[0,0,0,0]],""g"":[[0,0,0,0],[4.18,38,1,39],[0,0,0,0]],""d"":20487}","646270110",829,2,"0.00",0
4204,6574,"{""c"":[1],""m"":[[7.76,97,3,100]],""t"":[[0,0,0,0]],""g"":[[0,0,0,0]],""d"":20475}","w63060003",NULL,2,"0.00",0
4206,6575,"{""c"":[0,0.15,0.3,0.01,0.86],""m"":[[0,0,0,0],[0,0,0,0],[0,20,0,20],[0,0,0,0],[0,0,0,0,0]],""t"":[[0,0,0,0],[0,0,0,0],[1.08,6.75,13,10],[0,0,0,0],[0,0,0,0,0]],""g"":[[0,0,0,0],[0.76,19,51,41],[0,0,0,0],[0,0,0,0],[0,0,0,0,0]],""d"":20500}","o18064013",806,4,"0.00",0
4207,6577,"{""c"":[0,0,0.15],""m"":[[3.84,22,12,25],[0,0,0,0],[0,0,0,0]],""t"":[[2.52,4.75,105,12],[0,0,0,0],[0,0,0,0]],""g"":[[0,0,0,0],[0,0,0,0],[1.32,33,2,35]],""d"":20492}","x28340022",761,4,"0.00",0
4208,6578,"{""c"": [], ""m"": [], ""t"": [], ""g"": [], ""d"": null}","w63060003",NULL,1,"0.00",0
4209,6579,"{""c"": [], ""m"": [], ""t"": [], ""g"": [], ""d"": null}","w63060003",NULL,4,"0.00",0
4213,6581,"{""c"":[0,1],""m"":[[0,0,0,0],[0,0,0,0]],""t"":[[0,0,0,0],[8.3,10,0,10]],""g"":[[0,0,0,0],[13.2,120,0,120]],""d"":20488}","w63060003",698,2,"0.00",2
4214,6582,"{""c"": [], ""m"": [], ""t"": [], ""g"": [], ""d"": null}","w63060003",NULL,2,"0.00",0
4221,6589,"{""c"":[0,0.43],""m"":[[0,0,0,0],[0,0,0,0]],""t"":[[0,0,0,0],[0,0,0,0]],""g"":[[0,0,0,0],[0,0,0,0]],""d"":20489}","w63060003",825,1,"0.00",0
4222,6590,"{""c"":[0.43,0.01,0.14,0.71],""m"":[[0,45,0,45],[0,0,0,0],[2.53,39,1,40],[0,0,0,0]],""t"":[[0,0,0,0],[0,0,0,0],[5.4,5.75,33,10],[0,0,0,0]],""g"":[[0,0,0,0],[0,0,0,0],[0,0,0,0],[0,0,0,0]],""d"":20494}","w63060003",718,4,"0.00",0
4223,6591,"{""c"":[1],""m"":[[0,20,0,20]],""t"":[[0,0,0,0]],""g"":[[0,0,0,0]],""d"":20474}","w63060003",NULL,4,"0.00",0
4225,6594,"{""c"":[1,0.72,0.86,0.15,0.86],""m"":[[89.56,2052,87,2107],[75.53,913,21,930],[36.1,583,26,596],[14.08,185,6,190,0.08],[0,0,0,0,0]],""t"":[[1.65,5,54,15],[0,0,0,0],[0,0,10,2],[0,0,0,0,0],[0,0,0,0,0]],""g"":[[0,0,0,0],[4.18,38,10,44],[0,0,0,0],[0,0,0,0,0],[0,0,0,0,0]],""d"":20500}","p84062063",778,2,"0.00",0
4228,6597,"{""c"":[0,0.72,0.29,0,0.86],""m"":[[0.04,4,0,4],[179.95,1106,8,1114],[31.35,155,6,160],[0,0,0,0,0],[2.6,20,0,20,0.13]],""t"":[[154.61,163.5,62,179],[78.39,80.5,45,89],[7.79,8.25,15,11],[0,0,0,0,0],[0,0,0,0,0]],""g"":[[0,0,0,0],[30.03,273,2,275],[0,0,0,0],[0,0,0,0,0],[0,0,0,0,0]],""d"":20501}","e431620a2",829,2,"0.00",0
4229,6598,"{""c"": [], ""m"": [], ""t"": [], ""g"": [], ""d"": null}","w63060003",NULL,4,"0.00",0
4230,6599,"{""c"":[1,0.14,0.57],""m"":[[0.96,77,3,80],[0.21,21,0,21],[0.21,21,0,21]],""t"":[[3.73,6.75,60,18],[0,0,0,0],[0,0,0,0]],""g"":[[11.66,106,43,129],[0,0,0,0],[0,0,0,0]],""d"":20489}","w63060003",NULL,2,"0.00",0
4232,6601,"{""c"":[0,0.15,0.86],""m"":[[6.19,513,7,520],[2.9,29,1,30],[0.29,29,1,30]],""t"":[[0,0,0,0],[0,0,0,0],[0,0,0,0]],""g"":[[0,0,0,0],[0,0,0,0],[0,0,0,0]],""d"":20487}","o610820b3",829,2,"0.00",0
4234,6603,"{""c"":[1],""m"":[[5.13,39,1,40]],""t"":[[0,0,0,0]],""g"":[[0,0,0,0]],""d"":20493}","w63060003",NULL,4,"0.00",0
4236,6606,"{""c"":[1,0.01,0.71],""m"":[[0.2,20,0,20],[0,0,0,0],[0,0,0,0]],""t"":[[0,0,0,0],[0,0,0,0],[0,0,0,0]],""g"":[[8.47,77,4,81],[0,0,0,0],[0,0,0,0]],""d"":20487}","475061632",829,2,"0.00",0
4237,6607,"{""c"":[0,0.43,0.86],""m"":[[0,0,0,0],[31.58,535,15,550],[14.48,304,6,310]],""t"":[[2.49,3,11,5],[0,0,0,0],[0,0,0,0]],""g"":[[0,0,0,0],[0,0,0,0],[0,0,0,0]],""d"":20487}","043566473",829,2,"0.00",0
4238,6608,"{""c"":[0,0.28,0.14,0.86],""m"":[[0,0,0,0],[6.31,91,10,100],[1.39,11,5,16],[9.82,191,19,205]],""t"":[[0,0,0,0],[0,0,0,0],[0.72,1.25,22,5],[1.44,2.25,13,5]],""g"":[[0,0,0,0],[0,0,0,0],[0,0,0,0],[0,0,0,0]],""d"":20495}","w63060003",677,4,"0.00",0
4239,6610,"{""c"":[0,0.57,0.29,0.86],""m"":[[17.36,125,14,135],[30.24,152,8,160],[0.99,9,3,11],[10.53,39,3,41]],""t"":[[0,0,14,1],[0,0,0,0],[0,0,0,0],[0,0,0,0]],""g"":[[1.32,33,51,55],[0.6,15,21,24],[1.44,36,107,74],[1.56,39,170,102]],""d"":20496}","p28772773",646,4,"0.00",0
4241,6615,"{""c"":[0,0.14,0,1],""m"":[[0,0,0,0],[3.85,35,5,40],[0,0,0,0],[2.46,19,2,21]],""t"":[[0,0,0,0],[0,0,0,0],[0,0,0,0],[0,0,0,0]],""g"":[[0,0,0,0],[0,0,0,0],[0,0,0,0],[0,0,0,0]],""d"":20494}","w63060003",677,4,"0.00",0
4243,6621,"{""c"": [], ""m"": [], ""t"": [], ""g"": [], ""d"": null}","w63060003",NULL,3,"0.00",0
4244,6622,"{""c"":[0,0.29,0.86],""m"":[[15.72,256,38,280],[1.9,55,11,60],[0.38,38,2,40]],""t"":[[0,0,0,0],[0,0,0,0],[0,0,0,0]],""g"":[[3.74,34,10,40],[0,0,0,0],[0,0,0,0]],""d"":20487}","o11162303",829,2,"0.00",0
4247,6626,"{""c"":[0.71,0.15,0.71],""m"":[[6.15,187,2,189],[0.06,1,0,1],[0,0,0,0]],""t"":[[8.7,9.5,23,15],[0,0,0,0],[0,0,0,0]],""g"":[[0,0,0,0],[0,0,0,0],[0,0,0,0]],""d"":20487}","663072233",817,4,"0.00",0
4252,6631,"{""c"":[0,0.29,0.01,0.72],""m"":[[0,0,0,0],[5.13,38,3,40],[0,0,0,0],[0,0,0,0]],""t"":[[0,0,0,0],[0,0.5,2,1],[0,0,0,0],[0,0.75,5,2]],""g"":[[0,0,0,0],[0,0,0,0],[0,0,0,0],[0,0,0,0]],""d"":20495}","w63060003",809,4,"0.00",0
4253,6632,"{""c"":[0],""m"":[[0,0,0,0]],""t"":[[0,0,0,0]],""g"":[[0,0,0,0]],""d"":20485}","w63060003",NULL,4,"0.00",0
4254,6633,"{""c"": [], ""m"": [], ""t"": [], ""g"": [], ""d"": null}","w63060003",NULL,1,"0.00",0
4258,6637,"{""c"":[0,0.57,0.43,0.86],""m"":[[4.59,68,4,71],[18.1,158,17,170],[20.76,387,61,415],[31.3,626,51,673]],""t"":[[2.04,3,109,19],[20.92,21.75,285,62],[0,0,12,1],[0,0,0,0]],""g"":[[0.24,6,7,11],[0.64,16,14,24],[7.2,180,180,259],[4.16,104,133,158]],""d"":20496}","q10059ca6",646,4,"0.00",0
4260,6639,"{""c"":[0.86,0.57,0.14,0.71],""m"":[[64.81,434,7,440],[159.98,950,14,964],[39.02,229,6,235],[87.84,488,12,500]],""t"":[[24.51,12.5,10,15],[0,0,0,0],[0,0,0,0],[0,0,0,0]],""g"":[[0,0,0,0],[0,0,0,0],[0,0,0,0],[0,0,0,0]],""d"":20496}","213560021",827,1,"0.00",3
4262,6643,"{""c"":[1],""m"":[[0.2,20,0,20]],""t"":[[0,0,0,0]],""g"":[[0,0,0,0]],""d"":20475}","w63060003",NULL,1,"0.00",0
4264,6647,"{""c"": [], ""m"": [], ""t"": [], ""g"": [], ""d"": null}","w63060003",NULL,2,"0.00",0
4265,6648,"{""c"": [], ""m"": [], ""t"": [], ""g"": [], ""d"": null}","w63060003",NULL,4,"0.00",0
4266,6650,"{""c"":[1],""m"":[[0,0,0,0]],""t"":[[0,5,0,5]],""g"":[[0,0,0,0]],""d"":20479}","w63060003",NULL,4,"0.00",0
4267,6649,"{""c"": [], ""m"": [], ""t"": [], ""g"": [], ""d"": null}","w63060003",NULL,4,"0.00",0
4269,6652,"{""c"":[1],""m"":[[0,19,2,20]],""t"":[[0,0,0,0]],""g"":[[0,0,0,0]],""d"":20475}","w63060003",NULL,4,"0.00",0
4270,6653,"{""c"":[1],""m"":[[4.48,32,3,33]],""t"":[[0.36,2.5,10,5]],""g"":[[0,0,0,0]],""d"":20484}","w63060003",NULL,4,"0.00",0
4272,6656,"{""c"": [], ""m"": [], ""t"": [], ""g"": [], ""d"": null}","w63060003",NULL,4,"0.00",0
4273,6657,"{""c"":[1],""m"":[[0,8,5,10]],""t"":[[0,0,0,0]],""g"":[[0,0,0,0]],""d"":20475}","w63060003",NULL,4,"0.00",0
4274,6658,"{""c"":[1],""m"":[[1.26,23,2,25]],""t"":[[2.88,4.5,2,5]],""g"":[[0,0,0,0]],""d"":20479}","w63060003",NULL,4,"0.00",0
4278,6662,"{""c"": [], ""m"": [], ""t"": [], ""g"": [], ""d"": null}","w63060003",NULL,4,"0.00",0
4279,6663,"{""c"":[1],""m"":[[0.68,17,4,20]],""t"":[[0,0,0,0]],""g"":[[0,0,0,0]],""d"":20476}","w63060003",NULL,4,"0.00",0
4282,6668,"{""c"": [], ""m"": [], ""t"": [], ""g"": [], ""d"": null}","w63060003",NULL,2,"0.00",0
4283,6669,"{""c"":[1,0.43,0.86],""m"":[[57.8,742,20,759],[27.11,418,25,440],[18.02,146,4,150]],""t"":[[0,0,0,0],[0,0,0,0],[0,0,0,0]],""g"":[[107.03,973,40,1001],[33.03,267,34,286],[3.63,33,11,38]],""d"":20488}","p41754023",829,2,"0.00",0
4285,6672,"{""c"":[0,0.58,0.43,0.86],""m"":[[0,0,0,0],[29.76,301,116,360],[13.42,72,52,110],[8.15,66,5,70]],""t"":[[0,0,0,0],[0.72,1,25,3],[1.5,1.5,42,5],[0,0,0,0]],""g"":[[0,0,0,0],[0,0,0,0],[3.68,92,111,136],[3.76,94,76,138]],""d"":20495}","p680636b3",768,4,"0.00",0
4287,6674,"{""c"":[0.71,0,0.57],""m"":[[58.42,209,0,209],[0,0,0,0],[13.6,40,0,40]],""t"":[[0,0,0,0],[0,0,0,0],[0,0,0,0]],""g"":[[0,0,0,0],[0,0,0,0],[0,0,0,0]],""d"":20489}","w63060003",779,3,"0.00",0
4288,6675,"{""c"": [], ""m"": [], ""t"": [], ""g"": [], ""d"": null}","w63060003",NULL,3,"0.00",0
4289,6676,"{""c"":[0.57,0,0.57],""m"":[[16.59,116,21,125],[0,0,0,0],[7.56,28,2,30]],""t"":[[0,0,0,0],[0,0,0,0],[0,0,0,0]],""g"":[[0,0,0,0],[0,0,0,0],[0,0,0,0]],""d"":20489}","w63060003",NULL,4,"0.00",0
4290,6677,"{""c"":[0,0.58,0.29,0.86],""m"":[[0,0,0,0],[22.89,128,27,145],[17.3,89,18,105],[8.34,67,3,70]],""t"":[[0,0,0,0],[1.2,2,11,4],[0,0.25,30,4],[0,0,0,0]],""g"":[[0,0,0,0],[0.52,13,55,35],[1.72,43,154,103],[2.76,69,52,92]],""d"":20495}","d23170041",768,4,"0.00",0
4291,6678,"{""c"":[0,0.29,0.72],""m"":[[6.75,25,6,30],[0,0,0,0],[0,0,0,0]],""t"":[[14.36,6.75,11,9],[28.96,13.75,5,15],[0,0,0,0]],""g"":[[36.18,201,66,236],[30.78,171,63,208],[17.1,95,98,144]],""d"":20496}","018010083",728,3,"0.00",0
4292,6679,"{""c"":[0,0.43,0.72],""m"":[[7.29,27,10,30],[0,0,0,0],[10.4,20,0,20,0.52]],""t"":[[0,0,0,0],[3.77,2.75,37,7],[0,0,0,0]],""g"":[[12.24,68,67,106],[34.38,191,151,273],[11.34,63,168,144,0.18]],""d"":20497}","n16630921",728,3,"0.00",0
4293,6680,"{""c"":[0,0.29,0.57],""m"":[[9.56,28,42,40],[0,0,0,0],[0,0,0,0]],""t"":[[0,0,0,0],[8.62,5,32,12],[0,0,0,0]],""g"":[[23.4,130,64,171],[30.6,170,66,208],[8.28,46,61,80]],""d"":20496}","0810837a3",728,3,"0.00",0
4294,6681,"{""c"":[0,0.29,0.72],""m"":[[5.32,19,1,20],[24.44,89,21,100],[9.86,32,18,40]],""t"":[[0,0,0,0],[5.85,3.75,46,10],[0,0,0,0]],""g"":[[16.38,91,25,106],[43.56,242,48,273],[18.72,104,73,144]],""d"":20496}","465703003",728,3,"0.00",0
4295,6682,"{""c"":[0,0.43,0.57],""m"":[[6.48,44,12,50],[0,0,0,0],[0,0,0,0]],""t"":[[0,0,0,0],[1.36,2,39,8],[0,0,0,0]],""g"":[[22.32,124,97,171],[25.2,140,209,208],[7.56,42,90,80]],""d"":20496}","008810083",728,3,"0.00",0
4296,6683,"{""c"":[0,0.43,0.72],""m"":[[7.83,29,1,30],[0,0,0,0],[0,0,0,0]],""t"":[[0,0,0,0],[6.85,3.5,93,14],[0,0,0,0]],""g"":[[13.86,77,37,106],[32.04,178,213,273],[10.26,57,211,144]],""d"":20496}","601200023",728,3,"0.00",0
4297,6684,"{""c"":[0.57,0.14,0.29,0.86],""m"":[[2,40,0,40],[14.3,202,20,220],[4.63,27,0,27],[8.36,156,3,159]],""t"":[[0,0,0,0],[0,0,0,0],[0.36,0.75,32,5],[0.36,1.25,26,5]],""g"":[[0,0,0,0],[0,0,0,0],[0,0,0,0],[0,0,0,0]],""d"":20495}","w63060003",677,4,"0.00",0
4298,6685,"{""c"":[0.86,0.86,0.72,1],""m"":[[5.2,196,98,248],[27.32,928,484,1176],[20.84,283,131,360],[4.68,219,105,280]],""t"":[[0,0,0,0],[0,0,0,0],[0,0,0,0],[0,0,0,0]],""g"":[[0,0,0,0],[0,0,0,0],[0,0,0,0],[0,0,0,0]],""d"":20495}","w63060003",NULL,5,"0.00",0
4299,6686,"{""c"":[0.71,0.29,0.14,1],""m"":[[6.8,40,0,40],[1.6,47,1,48],[16.7,34,1,35],[15.6,30,2,32]],""t"":[[0,0,0,0],[0,0,0,0],[0,0,0,0],[0,0,0,0]],""g"":[[1.08,6,7,10],[0,0,0,0],[0,0,0,0],[0,0,0,0]],""d"":20493}","617479623",682,3,"0.00",0
4301,6688,"{""c"":[0,0.29,0.14,1],""m"":[[0,0,0,0],[38.14,163,9,168],[11.96,23,2,25],[10.92,21,5,23]],""t"":[[0,0,0,0],[5.42,3.5,6,5],[0,0,0,0],[0,0,0,0]],""g"":[[5.04,28,3,31],[0,0,0,0],[0,0,0,0],[0,0,0,0]],""d"":20493}","o71062ba3",682,3,"0.00",0
4303,6690,"{""c"":[0,0.29,0.28,0.86],""m"":[[0,0,0,0],[28.05,100,6,105],[23.11,47,14,52],[0,0,0,0]],""t"":[[0,0,0,0],[0,0,0,0],[0,0,0,0],[0,0,0,0]],""g"":[[0,0,0,0],[19.98,111,13,118],[3.96,22,6,26],[0,0,0,0]],""d"":20493}","647830343",682,3,"0.00",0
4304,6691,"{""c"":[0,0.29,0.14,1],""m"":[[0,0,0,0],[81.47,241,8,248],[32.03,111,4,115],[11.44,22,8,27]],""t"":[[0,0,0,0],[0,0,0,0],[0,0,0,0],[0,0,0,0]],""g"":[[1.62,9,2,10],[0,0,0,0],[0,0,0,0],[0,0,0,0]],""d"":20493}","643048612",682,3,"0.00",0
4305,6693,"{""c"":[0,0.57,0.43,1],""m"":[[14.85,90,15,95],[23.8,420,16,434],[3.02,16,5,20],[0,0,0,0]],""t"":[[1.68,1,45,5],[0,0,4,1],[0,0,0,0],[0,0,0,0]],""g"":[[0.6,15,17,23],[2.48,62,143,118],[3.96,99,118,148],[4.4,110,121,158]],""d"":20496}","q60016bc6",646,4,"0.00",0
4306,6694,"{""c"":[0.57,0.43,0.86],""m"":[[0,0,0,0],[8.07,141,10,150],[0,0,0,0]],""t"":[[3.32,4.5,2,5],[0,0,0,0],[3.32,4.5,2,5]],""g"":[[2.2,20,11,27],[0,0,0,0],[3.74,34,4,36]],""d"":20487}","w63060003",829,2,"0.00",0
4308,6696,"{""c"":[0.86,0.57,0.14,0.57],""m"":[[161.11,2656,160,2804],[247.7,4075,139,4209],[17.04,284,16,300],[11.22,187,14,200]],""t"":[[0,0,0,0],[0,0,0,0],[0,0,0,0],[0,0,0,0]],""g"":[[0,0,0,0],[0,0,0,0],[0,0,0,0],[0,0,0,0]],""d"":20496}","s46050003",817,4,"0.00",0
4310,6699,"{""c"":[0.71,0.57,0.86],""m"":[[2.45,35,1,36],[254.97,4231,149,4372],[2.1,35,0,35]],""t"":[[4.68,6.75,5,8],[7.2,10,0,10],[0,0,0,0]],""g"":[[0,0,0,0],[0,0,0,0],[0,0,0,0]],""d"":20487}","k55240ab6",817,4,"0.00",0
4311,6700,"{""c"":[0.71,0.43,0.86],""m"":[[51.76,768,30,777],[66.5,1026,19,1045],[10.56,176,10,180]],""t"":[[11.16,16.25,140,30],[0,0,0,0],[0,0,0,0]],""g"":[[1.68,42,19,51],[0,0,0,0],[0,0,0,0]],""d"":20488}","c57061703",817,4,"0.00",1
4314,6703,"{""c"":[0.86,0.72],""m"":[[57.86,917,58,972],[0,0,0,0]],""t"":[[0,0,0,0],[0,0,0,0]],""g"":[[0,0,0,0],[0,0,0,0]],""d"":20480}","w63060403",679,4,"0.00",0
4315,6704,"{""c"":[0,0.29,0.01,0.72],""m"":[[0,0,0,0],[0,0,0,0],[0,0,0,0],[0,0,0,0]],""t"":[[0,0,0,0],[0,8.25,25,12],[0,0,0,0],[0.96,1,0,1]],""g"":[[0,0,0,0],[4.48,112,174,154],[0,0,0,0],[0.6,15,35,31]],""d"":20495}","o23065686",809,4,"0.00",0
4316,6705,"{""c"":[0.57,0,0,0.43,0.86],""m"":[[3.3,55,5,60],[0,0,0,0],[0,0,0,0],[4.93,17,3,20],[0,0,0,0,0]],""t"":[[0,0,0,0],[0,0,0,0],[0,0,0,0],[5.03,6.5,14,10],[0,0,0,0,0]],""g"":[[0,0,0,0],[0,0,0,0],[0,0,0,0],[4.14,69,17,77],[0,0,0,0,0]],""d"":20500}","l61034043",715,5,"0.00",0
4317,6706,"{""c"":[1],""m"":[[0.9,9,1,10]],""t"":[[0,0,0,0]],""g"":[[0,0,0,0]],""d"":20475}","w63060003",NULL,2,"0.00",0
4318,6707,"{""c"":[0.71,0.28,0,0.43,0.86],""m"":[[0.2,205,39,228],[1.65,203,13,214],[0,0,0,0],[5.36,72,10,79],[0,62,7,69,0]],""t"":[[0,0,0,0],[0,0,0,0],[0,0,0,0],[1.32,2.5,64,14],[0,0,0,0,0]],""g"":[[0,0,0,0],[0,0,0,0],[0,0,0,0],[0,0,0,0],[0,0,0,0,0]],""d"":20501}","w63060003",677,4,"0.00",0
4319,6708,"{""c"": [], ""m"": [], ""t"": [], ""g"": [], ""d"": null}","w63060003",NULL,1,"0.00",0
4320,6709,"{""c"":[0,0.28,0.86],""m"":[[0,0,0,0],[4.05,30,6,35],[3.46,58,1,59]],""t"":[[0,0,0,0],[2.52,4.25,3,5],[2.82,5,16,9]],""g"":[[0,0,0,0],[0,0,0,0],[0,0,0,0]],""d"":20495}","w63060003",677,4,"0.00",0
4321,6710,"{""c"":[0,0.14,0.14,1],""m"":[[0,0,0,0],[4.18,38,3,40],[1.9,58,2,60],[3.6,63,3,65]],""t"":[[0,0,0,0],[0,0,0,0],[0,0,0,0],[0,13.25,7,15]],""g"":[[0,0,0,0],[0,0,0,0],[0,0,0,0],[0,0,0,0]],""d"":20494}","w63060003",677,4,"0.00",0
4322,6711,"{""c"":[0,0.28,0.14,0.86],""m"":[[0,0,0,0],[24.84,389,13,400],[1.67,13,3,16],[21.06,351,10,359]],""t"":[[0,0,0,0],[0,0,0,0],[0.36,1,77,5],[0.9,3,24,9]],""g"":[[0,0,0,0],[0,0,0,0],[0,0,0,0],[0,0,0,0]],""d"":20496}","w63060003",677,4,"0.00",0
4323,6712,"{""c"":[1,1],""m"":[[62.57,313,27,330],[25.31,111,4,115]],""t"":[[0,0,0,0],[2.41,3,0,3]],""g"":[[0,0,0,0],[0,0,0,0]],""d"":20482}","o11163023",679,4,"0.00",0
4324,6713,"{""c"":[0.57,1],""m"":[[0,18,2,20],[13.31,79,3,80]],""t"":[[0,0,0,0],[0,0,0,0]],""g"":[[0,0,0,0],[0,0,0,0]],""d"":20481}","w63060003",NULL,4,"0.00",0
4325,6714,"{""c"":[0.71,0,0.43],""m"":[[149.32,260,24,280],[0,0,0,0],[213.15,390,77,439]],""t"":[[0,0,0,0],[0,0,0,0],[0,0,0,0]],""g"":[[0,0,0,0],[0,0,0,0],[0,0,0,0]],""d"":20492}","w63060003",NULL,0,"0.00",0
4326,6715,"{""c"":[0,0.29,0.15,0.72],""m"":[[9.78,140,9,145],[0,20,0,20],[0.68,17,5,20],[0,0,0,0]],""t"":[[0,0,0,0],[0.24,0.5,7,2],[0,0,12,1],[0,0,8,1]],""g"":[[1.52,38,84,70],[3.8,95,111,149],[0,0,0,0],[0.92,23,19,31]],""d"":20495}","w63060003",809,4,"0.00",0
4328,6717,"{""c"":[0.57,0.15,0.14,0.71],""m"":[[10.4,120,0,120],[9.5,95,5,100],[11.7,117,3,120],[11.6,116,4,120]],""t"":[[0,0,0,0],[0,0,0,0],[0,0,0,0],[0,0,0,0]],""g"":[[0,0,0,0],[0,0,0,0],[0,0,0,0],[0,0,0,0]],""d"":20495}","w63060003",NULL,2,"0.00",0
4329,6718,"{""c"":[0.57,0,0.57],""m"":[[21.39,133,2,135],[0,0,0,0],[13.6,50,0,50]],""t"":[[0,0,0,0],[0,0,0,0],[0,0,0,0]],""g"":[[0,0,0,0],[0,0,0,0],[0,0,0,0]],""d"":20496}","w63060003",NULL,4,"0.00",0
4330,6719,"{""c"":[0.57,0.43,0.44,0.57,0.86],""m"":[[3.42,19,2,20],[8.88,64,25,70],[2.9,49,1,50],[22.82,47,5,50,0.48],[0,20,0,20,0]],""t"":[[0,0,0,0],[0,0,0,0],[0,0,0,0],[0,0,0,0],[0,0,0,0,0]],""g"":[[0,0,0,0],[0,0,0,0],[0,76,1,77],[0,0,0,0],[0,0,0,0,0]],""d"":20501}","w63060003",791,3,"0.00",0
4331,6720,"{""c"":[0.57,0.57,0,0.57],""m"":[[2.1,10,0,10],[16.91,89,1,90],[0,0,0,0],[7.51,49,1,50]],""t"":[[0,0,0,0],[0,0,0,0],[0,0,0,0],[0,0,0,0]],""g"":[[0,0,0,0],[0,0,0,0],[0,0,0,0],[0,0,0,0]],""d"":20496}","w63060003",NULL,4,"0.00",0
4332,6721,"{""c"": [], ""m"": [], ""t"": [], ""g"": [], ""d"": null}","w63060003",NULL,2,"0.00",0
4334,6723,"{""c"":[1],""m"":[[5.9,59,1,60]],""t"":[[0,0,0,0]],""g"":[[0,0,0,0]],""d"":20475}","w63060003",NULL,2,"0.00",0
4335,6724,"{""c"":[0.72,0.29,0.43,0.71,1],""m"":[[0,26,3,29],[15.16,89,0,89],[18.56,93,0,93],[7.33,29,0,29],[10.83,74,10,80,0.15]],""t"":[[0.48,1,4,2],[0,0,0,0],[12.84,14,8,16],[12.6,8.75,1,9],[5.04,3,0,3,1.68]],""g"":[[0,0,0,0],[0,0,0,0],[0,0,0,0],[4.6,115,4,119,0.04],[0,0,0,0,0]],""d"":20501}","k63060063",812,4,"0.00",0
4336,6725,"{""c"":[1],""m"":[[2.52,18,4,20]],""t"":[[0.72,1,0,1]],""g"":[[3.28,82,29,94]],""d"":20475}","w63060003",NULL,4,"0.00",0
4337,6726,"{""c"":[0.86],""m"":[[3.8,92,50,121]],""t"":[[0,0,23,1]],""g"":[[0,0,0,0]],""d"":20477}","w63060003",NULL,4,"0.00",0
4338,6727,"{""c"":[0.57,0.57,0,0.57],""m"":[[0,20,0,20],[17.09,99,1,100],[0,0,0,0],[10,49,1,50]],""t"":[[0,0,0,0],[0,0,0,0],[0,0,0,0],[0,0,0,0]],""g"":[[0,0,0,0],[0,0,0,0],[0,0,0,0],[0,0,0,0]],""d"":20496}","w63060003",NULL,4,"0.00",0
4346,6729,"{""c"":[0.57,0.29,0.29,0.86],""m"":[[0,0,0,0],[5.59,19,10,25],[1.92,6,6,10],[0.95,19,7,20]],""t"":[[0,0,0,0],[0,0,0,0],[0,0,0,0],[0,0,0,0]],""g"":[[0.36,9,36,21],[0,0,0,0],[5.24,131,27,148],[4.32,108,77,158]],""d"":20496}","w63060003",646,4,"0.00",0
4347,6730,"{""c"":[0],""m"":[[0,0,0,0]],""t"":[[0,0,0,0]],""g"":[[0,0,0,0]],""d"":20474}","w63060003",309,3,"0.00",0
4349,6733,"{""c"":[0.86,0.43,0.15,1],""m"":[[107.12,266,15,278],[56.65,103,3,105],[2.52,14,0,14],[0,0,0,0]],""t"":[[0,4.25,3,5],[0,0,0,0],[0,0,0,0],[2.55,1.25,7,3]],""g"":[[0,0,0,0],[0,0,0,0],[0,0,0,0],[0,0,0,0]],""d"":20493}","w63060003",NULL,3,"0.00",0
4350,6734,"{""c"":[0.86,1],""m"":[[2.47,33,2,35],[4.99,19,1,20]],""t"":[[12.18,13,47,22],[0,2,27,4]],""g"":[[27.52,688,136,764],[11.56,289,41,315]],""d"":20482}","p11062733",679,4,"0.00",0
4351,6735,"{""c"":[0.71,0,0.86],""m"":[[12.58,118,5,120],[0,0,0,0],[2.88,16,4,20]],""t"":[[0.66,1.5,30,5],[0,0,0,0],[3.28,3.75,49,10]],""g"":[[0,0,0,0],[0,0,0,0],[0,0,0,0]],""d"":20487}","w63060003",NULL,1,"0.00",0
4352,6736,"{""c"":[1],""m"":[[0.36,18,2,20]],""t"":[[0,0,0,0]],""g"":[[0,0,0,0]],""d"":20475}","w63060003",NULL,2,"0.00",0
4353,6737,"{""c"":[1],""m"":[[0.2,20,0,20]],""t"":[[0,0,0,0]],""g"":[[0,0,0,0]],""d"":20475}","w63060003",NULL,1,"0.00",0
4354,6738,"{""c"":[0.57,0,0.72],""m"":[[8.25,75,0,75],[0,0,0,0],[0,0,0,0]],""t"":[[0,0,0,0],[0,0,0,0],[0,0,0,0]],""g"":[[0,0,0,0],[0,0,0,0],[0,0,0,0]],""d"":20487}","o21072943",568,4,"0.00",0
4355,6739,"{""c"":[1],""m"":[[0,0,0,0]],""t"":[[0,0,30,2]],""g"":[[0,0,0,0]],""d"":20475}","w63060003",NULL,3,"0.00",0
4356,6741,"{""c"":[1],""m"":[[0,0,0,0]],""t"":[[3.32,4.5,2,5]],""g"":[[3.96,36,3,39]],""d"":20475}","w63060003",NULL,2,"0.00",0
4357,6742,"{""c"":[1],""m"":[[5.3,57,4,60]],""t"":[[0,0,0,0]],""g"":[[0,0,0,0]],""d"":20475}","w63060003",NULL,3,"0.00",0
4359,6745,"{""c"":[0.86,0.15,0,0.29],""m"":[[0,20,0,20],[4.59,17,3,20],[0,0,0,0,0],[0,0,0,0,0]],""t"":[[0,0,0,0],[0,0,0,0],[0,0,0,0,0],[0,0,0,0,0]],""g"":[[0,0,0,0],[0,0,0,0],[0,0,0,0,0],[1.76,44,0,44,0.04]],""d"":20498}","063060a93",679,4,"0.00",0
4361,6749,"{""c"":[1],""m"":[[4.6,50,0,50]],""t"":[[0,0,0,0]],""g"":[[0,0,0,0]],""d"":20475}","w63060003",NULL,2,"0.00",0
4362,6750,"{""c"":[0,0.72],""m"":[[0,0,0,0],[0,0,0,0]],""t"":[[0,0,0,0],[0,0,0,0]],""g"":[[0,0,0,0],[0,0,0,0]],""d"":20480}","w63060003",679,4,"0.00",0
4363,6751,"{""c"":[0,0.86],""m"":[[10.03,413,10,423],[0,20,0,20]],""t"":[[0,0,0,0],[0.72,2.25,16,5]],""g"":[[0,0,0,0],[0,0,0,0]],""d"":20480}","028080003",679,4,"0.00",0
4364,6752,"{""c"":[0,0.72],""m"":[[11.78,174,6,180],[0,0,0,0]],""t"":[[0,0,0,0],[2.88,4.5,2,5]],""g"":[[0,0,0,0],[0,0,0,0]],""d"":20481}","w63060003",679,4,"0.00",0
4365,6753,"{""c"":[0.29,0,0.57],""m"":[[2.79,18,2,20],[0,0,0,0],[14.27,45,6,50]],""t"":[[0,0,0,0],[0,0,0,0],[0,0,0,0]],""g"":[[0,0,0,0],[0,0,0,0],[0,0,0,0]],""d"":20496}","w63060003",NULL,4,"0.00",0
4367,6754,"{""c"":[1],""m"":[[4.16,38,2,40]],""t"":[[0,0,0,0]],""g"":[[0,0,0,0]],""d"":20475}","w63060003",NULL,2,"0.00",0
4388,6755,"{""c"":[0.57,0,0.86],""m"":[[0,19,2,20],[0,0,0,0],[4.41,21,15,30]],""t"":[[0,0,0,0],[0,0,0,0],[0,0,0,0]],""g"":[[0,0,0,0],[0,0,0,0],[0,0,0,0]],""d"":20487}","4760710c3",568,4,"0.00",0
4389,6756,"{""c"":[0,0.14,0.14,0.86],""m"":[[0,0,0,0],[2.09,19,1,20],[1.35,10,6,16],[3.21,54,7,59]],""t"":[[0,0,0,0],[0,0,0,0],[0,0,0,0],[0,0,0,0]],""g"":[[0,0,0,0],[0,0,0,0],[0,0,0,0],[0,0,0,0]],""d"":20495}","w63060003",677,4,"0.00",0
4390,6757,"{""c"":[1],""m"":[[0,38,2,40]],""t"":[[0,0,0,0]],""g"":[[0,0,0,0]],""d"":20475}","w63060003",NULL,4,"0.00",0
4391,6759,"{""c"":[0.57,0,0.15,0.01,0.72],""m"":[[5.44,105,20,120],[0,0,0,0],[37.05,108,20,120],[0,0,0,0],[0,0,0,0,0]],""t"":[[0,0,0,0],[0,0,0,0],[0,0,0,0],[0,0,0,0],[0,0,0,0,0]],""g"":[[0,0,0,0],[0,0,0,0],[0,0,0,0],[0,0,0,0],[0,0,0,0,0]],""d"":20501}","w63060003",689,3,"0.00",0
4393,6762,"{""c"":[0,0.14,0.72],""m"":[[0,0,0,0],[1.82,73,4,75],[0,0,0,0]],""t"":[[0,0,0,0],[0,0,0,0],[0,0,0,0]],""g"":[[0,0,0,0],[0,0,0,0],[0,0,0,0]],""d"":20494}","w63060003",677,4,"0.00",0
4395,6764,"{""c"": [], ""m"": [], ""t"": [], ""g"": [], ""d"": null}","w63060003",NULL,2,"0.00",0
4396,6765,"{""c"":[0,0.72],""m"":[[1.95,97,3,100],[2.05,5,0,5]],""t"":[[0,0,0,0],[2.23,2.25,3,3]],""g"":[[0,0,0,0],[0,0,0,0]],""d"":20482}","e33062723",679,4,"0.00",0
4398,6768,"{""c"":[0,0.43,0.14,0.86],""m"":[[15.16,96,5,100],[20.77,99,9,108],[10.92,21,5,24],[19.24,37,1,38]],""t"":[[0,0,0,0],[0,0,0,0],[0,0,0,0],[0,0,0,0]],""g"":[[0.9,5,9,10],[0,0,0,0],[0,0,0,0],[0,0,0,0]],""d"":20494}","643069043",682,3,"0.00",0
4399,6769,"{""c"":[0,0.01,0.14,1],""m"":[[0,0,0,0],[0,0,0,0],[25.74,93,8,100],[16.12,31,0,31]],""t"":[[0,0,0,0],[0,0,0,0],[0,0,0,0],[0,0,0,0]],""g"":[[1.26,7,6,10],[0,0,0,0],[0,0,0,0],[0,0,0,0]],""d"":20493}","x46180746",682,3,"0.00",0
4400,6771,"{""c"":[0,0.42,0.43,0.71],""m"":[[0,0,0,0],[11.7,105,5,110],[42.2,422,32,450],[24.2,242,19,255]],""t"":[[0,0,0,0],[59.33,60.5,66,77],[7.05,9.25,3,10],[7.32,8.25,8,10]],""g"":[[0,0,0,0],[4.95,45,5,48],[0,0,0,0],[0,0,0,0]],""d"":20496}","o087640a2",683,2,"4.50",0
4401,6772,"{""c"":[0,1],""m"":[[0,0,0,0],[10.03,104,37,120]],""t"":[[0,0,0,0],[0,0,0,0]],""g"":[[0,0,0,0],[0,0,0,0]],""d"":20479}","w48757021",683,2,"0.00",0
4403,6774,"{""c"":[0.71,0.86],""m"":[[0.9,13,0,13],[15.09,192,19,205]],""t"":[[0,0,0,0],[9.53,8.25,49,16]],""g"":[[0,0,0,0],[12.32,112,9,121]],""d"":20482}","j68712043",683,2,"0.00",0
4404,6775,"{""c"":[0,0.14,0.86],""m"":[[0,0,0,0],[11.57,128,13,140],[3.9,39,1,40]],""t"":[[0,0,0,0],[0,0,0,0],[0,0,0,0]],""g"":[[0,0,0,0],[0,0,0,0],[0,0,0,0]],""d"":20487}","p18063062",683,2,"0.00",0
4405,6776,"{""c"":[0,0.29,0.86],""m"":[[0,0,0,0],[41.47,321,25,340],[5.98,65,7,70]],""t"":[[0,0,0,0],[0,0,0,0],[0,0,0,0]],""g"":[[0,0,0,0],[0,0,0,0],[0,0,0,0]],""d"":20487}","t43070022",683,2,"0.00",0
4406,6777,"{""c"":[0,0.29,0,1],""m"":[[0,0,0,0],[9.83,128,5,133],[0,0,0,0],[15.88,141,8,149]],""t"":[[0,0,0,0],[0,0,0,0],[0,0,0,0],[0,0,16,2]],""g"":[[0,0,0,0],[4.84,44,2,45],[0,0,0,0],[0,0,0,0]],""d"":20494}","p73484ca3",683,2,"8.25",0
4407,6779,"{""c"": [], ""m"": [], ""t"": [], ""g"": [], ""d"": null}","w63060003",NULL,2,"0.00",0
4408,6780,"{""c"":[1,0.57],""m"":[[59.78,714,13,727],[13.78,136,2,138]],""t"":[[13.38,19.25,15,23],[0.79,0.75,22,2]],""g"":[[0,0,0,0],[0,0,0,0]],""d"":20484}","008083843",683,2,"0.00",0
4409,6782,"{""c"":[0,0.86],""m"":[[0,0,0,0],[11.66,80,13,90]],""t"":[[0,0,0,0],[0,0,0,0]],""g"":[[0,0,0,0],[3.96,36,15,45]],""d"":20481}","t83060123",683,2,"0.00",0
4410,6783,"{""c"":[0,0.14,0.86],""m"":[[0,0,0,0],[8.53,85,18,87],[3.78,63,7,68]],""t"":[[0,0,0,0],[0,0,0,0],[0,0,0,0]],""g"":[[0,0,0,0],[0,0,0,0],[0,0,0,0]],""d"":20487}","o08064082",683,2,"0.00",1
4411,6784,"{""c"":[0,1],""m"":[[0,0,0,0],[8.01,66,5,70]],""t"":[[0,0,0,0],[0,0,0,0]],""g"":[[0,0,0,0],[0,0,0,0]],""d"":20479}","o51064c23",683,2,"0.00",0
4413,6786,"{""c"":[0,0.29,0,1],""m"":[[0,0,0,0],[0.61,40,0,40],[0,0,0,0],[0.86,26,4,30]],""t"":[[0,0,0,0],[0,0,0,0],[0,0,0,0],[0,0,0,0]],""g"":[[0,0,0,0],[0,0,0,0],[0,0,0,0],[0,0,0,0]],""d"":20493}","x43170022",683,2,"0.00",0
4414,6787,"{""c"":[0,1],""m"":[[0,0,0,0],[3.64,28,2,30]],""t"":[[0,0,0,0],[0,0,0,0]],""g"":[[0,0,0,0],[0,0,0,0]],""d"":20479}","q210661a3",683,2,"0.00",0
4415,6788,"{""c"":[0,1],""m"":[[0,0,0,0],[8.24,68,5,70]],""t"":[[0,0,0,0],[0,0,0,0]],""g"":[[0,0,0,0],[0,0,0,0]],""d"":20479}","w63060003",683,2,"0.00",0
4416,6789,"{""c"":[0,0.29,0,0.14,0.71],""m"":[[0,0,0,0],[3.04,84,6,90],[0,0,0,0],[2,20,0,20],[0,0,0,0,0]],""t"":[[0,0,0,0],[0,0,0,0],[0,0,0,0],[0,0,0,0],[0,0,0,0,0]],""g"":[[0,0,0,0],[8.8,80,25,95],[0,0,0,0],[0,0,0,0],[0,0,0,0,0]],""d"":20501}","p64073093",793,2,"0.00",0
4417,6790,"{""c"":[0,0.43,0.58,0,0.71],""m"":[[0,0,0,0],[9.27,173,11,183],[6.93,285,20,301],[0,0,0,0],[0,0,0,0,0]],""t"":[[0,0,0,0],[0,0,0,0],[2.57,2.5,2,3],[0,0,0,0],[0,0,0,0,0]],""g"":[[0,0,0,0],[9.9,90,7,95],[3.3,30,9,39],[0,0,0,0],[0,0,0,0,0]],""d"":20501}","p580820b6",793,2,"0.00",0
4420,6793,"{""c"":[0,0.57,0.57,0.57,0.71],""m"":[[0,0,0,0],[19.54,362,26,385],[10.07,474,3,477],[2.04,204,5,209],[0,0,0,0,0]],""t"":[[0,0,0,0],[18.23,22,21,25],[13.12,15.5,118,28],[10.01,9,278,31],[0,0,0,0,0]],""g"":[[0,0,0,0],[54.1,440,48,472],[3.52,32,9,37],[0,0,0,0],[0,0,0,0,0]],""d"":20501}","645563063",793,2,"15.00",1
4421,6794,"{""c"":[0,0.43,0.14,0,0.71],""m"":[[0,0,0,0],[13.18,239,6,245],[2.59,37,3,40],[0,0,0,0],[0,0,0,0,0]],""t"":[[0,0,0,0],[0.19,0.5,15,3],[0,0,0,0],[0,0,0,0],[0,0,0,0,0]],""g"":[[0,0,0,0],[9.02,82,21,95],[0,0,0,0],[0,0,0,0],[0,0,0,0,0]],""d"":20501}","w63060003",793,2,"0.00",0
4422,6795,"{""c"": [], ""m"": [], ""t"": [], ""g"": [], ""d"": null}","c630608c3",727,3,"0.00",0
4424,6797,"{""c"":[0,0.29,0.14,0,0.71],""m"":[[0,0,0,0],[5.94,148,12,155],[2.24,32,9,40],[0,0,0,0],[0,0,0,0,0]],""t"":[[0,0,0,0],[0,0,0,0],[1.62,2,4,3],[0,0,0,0],[0,0,0,0,0]],""g"":[[0,0,0,0],[0,0,0,0],[0,0,0,0],[0,0,0,0],[0,0,0,0,0]],""d"":20501}","w630606c3",793,2,"0.00",0
4425,6798,"{""c"":[0,0.29,0,0.14,0.71],""m"":[[0,0,0,0],[4.33,155,5,160],[0,0,0,0],[0.18,18,4,20],[0,0,0,0,0]],""t"":[[0,0,0,0],[0.48,0.5,12,3],[0,0,0,0],[0,0,0,0],[0,0,0,0,0]],""g"":[[0,0,0,0],[10.01,91,4,95],[0,0,0,0],[0,0,0,0],[0,0,0,0,0]],""d"":20501}","o63061143",793,2,"0.00",0
4428,6801,"{""c"":[0,0.14,0.14,1],""m"":[[0,0,0,0],[5,100,0,100],[2.65,20,10,24],[5.87,66,9,74]],""t"":[[0,0,0,0],[0,0,0,0],[1.8,3.25,7,5],[1.8,2,37,9]],""g"":[[0,0,0,0],[0,0,0,0],[0,0,0,0],[0,0,0,0]],""d"":20495}","w63060003",677,4,"0.00",0
4429,6802,"{""c"":[0,0.43,0.14,0.14,0.71],""m"":[[0,0,0,0],[5.59,121,4,125],[4.97,71,11,80],[0,0,0,0],[0,0,0,0,0]],""t"":[[0,0,0,0],[1.46,1.75,5,3],[0,0,0,0],[1.19,1.25,31,5],[0,0,0,0,0]],""g"":[[0,0,0,0],[8.47,77,36,95],[0,0,0,0],[0,0,0,0],[0,0,0,0,0]],""d"":20501}","w63060003",793,2,"0.00",0
4431,6804,"{""c"":[0,0.43,0.14,0,0.71],""m"":[[0,0,0,0],[9.18,184,1,185],[2.66,38,2,40],[0,0,0,0],[0,0,0,0,0]],""t"":[[0,0,0,0],[3.38,2.75,1,3],[0,0,0,0],[0,0,0,0],[0,0,0,0,0]],""g"":[[0,0,0,0],[8.69,79,28,95],[0,0,0,0],[0,0,0,0],[0,0,0,0,0]],""d"":20501}","618063083",793,2,"0.00",2
4433,6806,"{""c"":[0,0.29,0.14,0,0.71],""m"":[[0,0,0,0],[13.16,196,10,205],[2.45,35,10,40],[0,0,0,0],[0,0,0,0,0]],""t"":[[0,0,0,0],[2.23,2.25,3,3],[0,0,0,0],[0,0,0,0],[0,0,0,0,0]],""g"":[[0,0,0,0],[9.24,84,17,95],[0,0,0,0],[0,0,0,0],[0,0,0,0,0]],""d"":20501}","w63060003",793,2,"0.00",0
4434,6807,"{""c"":[0,0.43,0.72],""m"":[[7.83,29,2,30],[0,0,0,0],[0,0,0,0]],""t"":[[0,0,0,0],[6.17,2.75,12,5],[0,0,0,0]],""g"":[[29.16,162,12,171],[21.42,119,196,208],[21.06,117,55,144]],""d"":20496}","013066c66",728,3,"0.00",0
4437,6778,"{""c"":[0,1],""m"":[[0,0,0,0],[12.63,135,4,139]],""t"":[[0,0,0,0],[0,0,0,0]],""g"":[[0,0,0,0],[0,0,0,0]],""d"":20480}","o43076051",683,2,"0.00",0
4440,6811,"{""c"":[0,0.57,0.14,0,0.71],""m"":[[0,0,0,0],[7.22,271,4,275],[2.59,37,4,40],[0,0,0,0],[0,0,0,0,0]],""t"":[[0,0,0,0],[0,0,0,0],[0,0,0,0],[0,0,0,0],[0,0,0,0,0]],""g"":[[0,0,0,0],[27.72,252,96,285],[0,0,0,0],[0,0,0,0],[0,0,0,0,0]],""d"":20501}","608063083",793,2,"0.00",0
4441,6812,"{""c"":[0,0.29,0.72],""m"":[[2.34,18,6,20],[5.94,22,18,30],[0,0,0,0]],""t"":[[0,0,0,0],[0,0,50,5],[0,0,0,0]],""g"":[[16.02,89,40,106],[52.02,289,119,344],[9.18,51,31,64]],""d"":20495}","x03060926",728,3,"0.00",0
4442,6813,"{""c"":[0.86,0.15,0.14,0.57],""m"":[[215.52,414,24,430],[30.25,55,0,55],[0,0,0,0],[17.05,32,2,34]],""t"":[[0,0,0,0],[0,0,0,0],[0,0,0,0],[0,0,0,0]],""g"":[[0,0,0,0],[0,0,0,0],[7.56,42,15,49],[0,0,0,0]],""d"":20496}","w03300003",674,3,"0.00",2
4444,6815,"{""c"":[0.86,0.42,0.72,1],""m"":[[438.35,816,18,832],[468.05,851,32,883],[276.65,503,7,510],[83.05,151,4,155]],""t"":[[0,0,0,0],[0,0,0,0],[0,0,0,0],[0,0,0,0]],""g"":[[0,0,0,0],[0,0,0,0],[0,0,0,0],[3.6,20,0,20]],""d"":20494}","666064023",674,3,"0.00",0
4445,6816,"{""c"":[0.86,0.72,1,1],""m"":[[166.73,335,25,351],[388.3,706,32,731],[420.75,765,31,792],[666.6,1212,38,1248,0.55]],""t"":[[0,0,0,0],[0,0,0,0],[0,0,0,0],[0,0,0,0]],""g"":[[0,0,0,0],[0,0,0,0],[0.18,1,3,2],[0,0,0,0]],""d"":20499}","008162102",674,3,"0.00",0
4446,6817,"{""c"":[0,0.29,0.72],""m"":[[0,0,0,0],[0,0,0,0],[4.1,10,0,10]],""t"":[[0,0,0,0],[0,0.5,73,5],[0,0,0,0]],""g"":[[0,0,0,0],[0,0,0,0],[51.66,287,129,362]],""d"":20496}","w63060003",728,3,"0.00",0
4447,6819,"{""c"":[0,1],""m"":[[0,0,0,0],[0,0,0,0]],""t"":[[0,0,0,0],[0,0,0,0]],""g"":[[0,0,0,0],[1.1,10,8,15]],""d"":20486}","w63060003",823,2,"0.00",0
4448,6820,"{""c"":[0.71,0.29,0.58,1],""m"":[[191.71,372,10,379],[22,40,0,40],[38.5,70,0,70],[87.7,160,0,160]],""t"":[[0,0,0,0],[0,0,0,0],[0,0,0,0],[0,0,0,0]],""g"":[[0,0,0,0],[12.6,70,37,90],[7.92,88,29,101],[8.64,48,12,56]],""d"":20496}","606721222",674,3,"0.00",1
4450,6822,"{""c"":[0,0.43,0.72],""m"":[[8.1,30,0,30],[0,0,0,0],[0,0,0,0]],""t"":[[0,0,0,0],[11.39,5.75,42,10],[0,0,0,0]],""g"":[[24.48,136,57,171],[27.18,151,112,208],[17.64,98,75,144]],""d"":20496}","r526450b0",728,3,"0.00",0
4451,6823,"{""c"":[0,0,0.57],""m"":[[0,0,0,0],[0,0,0,0],[0,20,0,20]],""t"":[[0,0,0,0],[0,0,0,0],[7.53,5,1,5]],""g"":[[13.5,75,52,106],[0,0,0,0],[21.78,121,357,244]],""d"":20496}","x73060983",728,3,"0.00",0
4452,6824,"{""c"":[0.71,0.43,0.14,1],""m"":[[17.8,40,0,40],[26.95,49,0,49],[3.42,29,1,30],[13.75,25,0,25]],""t"":[[0,0,0,0],[0,0,0,0],[0,0,0,0],[0,0,0,0]],""g"":[[0,0,0,0],[0,0,0,0],[0,0,0,0],[3.42,19,1,20]],""d"":20494}","w63060003",674,3,"0.00",0
4453,6825,"{""c"":[0.71,0,0,1],""m"":[[2.73,95,49,99],[0,0,0,0],[0,0,0,0],[0,69,1,70]],""t"":[[0,0,0,0],[0,0,0,0],[0,0,0,0],[0,0,0,0]],""g"":[[0,0,0,0],[0,0,0,0],[0,0,0,0],[0,0,0,0]],""d"":20493}","w63060003",NULL,4,"0.00",0
4455,6827,"{""c"":[0.71,0.86],""m"":[[1.95,56,2,58],[1,40,0,40]],""t"":[[0,0,0,0],[0,0,0,0]],""g"":[[0,0,0,0],[0,0,0,0]],""d"":20480}","w63060003",NULL,4,"0.00",0
4456,6828,"{""c"":[0.71,0,0,1],""m"":[[0,10,0,10],[0,0,0,0],[0,0,0,0],[0,20,0,20]],""t"":[[0,0,0,0],[0,0,0,0],[0,0,0,0],[0,0,0,0]],""g"":[[0,0,0,0],[0,0,0,0],[0,0,0,0],[0,0,0,0]],""d"":20493}","w63060003",NULL,4,"0.00",0
4457,6829,"{""c"":[0.71,0,0,1],""m"":[[5.75,135,0,135],[0,0,0,0],[0,0,0,0],[1,40,0,40]],""t"":[[0,0,0,0],[0,0,0,0],[0,0,0,0],[0,0,0,0]],""g"":[[0,0,0,0],[0,0,0,0],[0,0,0,0],[0,0,0,0]],""d"":20493}","w63060003",NULL,4,"0.00",0
4459,6831,"{""c"":[1],""m"":[[0,43,2,45]],""t"":[[0,0,0,0]],""g"":[[0,0,0,0]],""d"":20493}","w63060003",NULL,4,"0.00",0
4460,6832,"{""c"": [], ""m"": [], ""t"": [], ""g"": [], ""d"": null}","w63060003",NULL,4,"0.00",0
4461,6833,"{""c"":[0.71,0,0,1],""m"":[[0,29,1,30],[0,0,0,0],[0,0,0,0],[0,109,5,110]],""t"":[[0,0,0,0],[0,0,0,0],[0,0,0,0],[0,0,0,0]],""g"":[[0,0,0,0],[0,0,0,0],[0,0,0,0],[0,0,0,0]],""d"":20493}","w63060003",NULL,4,"0.00",0
4463,6835,"{""c"": [], ""m"": [], ""t"": [], ""g"": [], ""d"": null}","w63060003",NULL,4,"0.00",0
4464,6837,"{""c"":[0,0.43,0.57],""m"":[[6.48,24,11,30],[0,0,0,0],[0,0,0,0]],""t"":[[0,0,0,0],[0,0,36,5],[0,0,0,0]],""g"":[[17.1,95,25,106],[33.12,184,180,273],[15.3,85,153,144]],""d"":20496}","p48062003",728,3,"0.00",0
4465,6838,"{""c"":[0,0.43,0.57],""m"":[[7.02,46,11,50],[0,0,0,0],[0,0,0,0]],""t"":[[0,0,0,0],[2.09,1,24,5],[0,0,0,0]],""g"":[[23.58,131,94,171],[29.7,165,100,208],[14.04,78,137,144]],""d"":20496}","008866993",728,3,"0.00",3
4466,6840,"{""c"":[0,0.43,0.72],""m"":[[8.1,30,0,30],[0,0,0,0],[0,0,0,0]],""t"":[[0,0,0,0],[1.04,1,31,5],[0,0,0,0]],""g"":[[15.3,85,40,106],[40.68,226,93,273],[18.9,105,98,144]],""d"":20496}","p13080003",728,3,"0.00",0
4467,6841,"{""c"":[0,0.29,0.72],""m"":[[0,0,0,0],[6.48,24,12,30],[0,0,0,0]],""t"":[[0,0,0,0],[6.53,3.25,7,5],[0,0,0,0]],""g"":[[15.12,84,26,106],[43.92,244,43,273],[23.4,130,28,146]],""d"":20496}","023063aa3",728,3,"0.00",0
4468,3196,"{""c"": [], ""m"": [], ""t"": [], ""g"": [], ""d"": null}","w63060003",NULL,-1,"0.00",0
4469,6843,"{""c"":[0,0.29,0.72],""m"":[[6.48,24,6,30],[0,0,0,0],[0,0,0,0]],""t"":[[0,0,0,0],[8.26,5.75,18,10],[0,0,0,0]],""g"":[[26.28,146,37,171],[31.14,173,52,204],[27.36,152,91,208]],""d"":20496}","n52270030",728,3,"0.00",0
4470,6844,"{""c"":[0,0.29,0.57,0.86],""m"":[[0,0,0,0],[0,32,1,33],[0,9,1,10,0],[0,0,0,0,0]],""t"":[[0,0,0,0],[0,0,63,4],[0,0.25,48,6],[0,0,0,0,0]],""g"":[[0,0,0,0],[0,0,0,0],[0.44,11,36,26],[0,0,0,0,0]],""d"":20500}","w63060003",812,4,"0.00",0
4471,6845,"{""c"":[0,0.43,0.72],""m"":[[0,40,0,40],[7.56,48,3,50],[0,0,0,0]],""t"":[[0,0,0,0],[2.4,1.75,17,5],[0,0,0,0]],""g"":[[15.48,86,27,106],[36.36,202,132,273],[15.12,84,119,144]],""d"":20496}","g08310023",728,3,"0.00",0
4474,6848,"{""c"":[0,0.43,0.57],""m"":[[0,0,0,0],[6.21,25,12,32],[0,0,0,0]],""t"":[[0,0,0,0],[3.81,2.75,69,11],[0,0,0,0]],""g"":[[0,0,0,0],[72.18,401,62,439],[3.96,22,155,80]],""d"":20496}","h43862023",728,3,"0.00",0
4475,6849,"{""c"":[0,0.43,0.72],""m"":[[6.75,25,7,30],[0,0,0,0],[0,0,0,0]],""t"":[[0,0,0,0],[3.45,3.5,18,8],[0,0,0,0]],""g"":[[24.66,137,51,171],[27.72,154,89,208],[19.98,111,53,144]],""d"":20496}","063069bb3",728,3,"0.00",0
4477,6851,"{""c"":[1,0,0.29,0.57],""m"":[[3.3,30,8,35],[0,0,0,0],[2.94,74,1,75],[0,0,0,0]],""t"":[[0,0,0,0],[0,0,0,0],[0,0,0,0],[4.8,4.5,2,5]],""g"":[[0,0,0,0],[0,0,0,0],[0,0,0,0],[0,0,0,0]],""d"":20496}","g65070880",816,4,"0.00",2
4479,6854,"{""c"":[0,0.15,0.14,0.86],""m"":[[32.67,1554,6,1560],[3.7,70,0,70],[3,40,0,40,0.08],[0,0,0,0,0]],""t"":[[0,0,0,0],[0,0,4,1],[0,0,0,0,0],[0,0,0,0,0]],""g"":[[0,0,0,0],[13.42,122,2,124],[0,0,0,0,0],[0,0,0,0,0]],""d"":20500}","063066003",778,2,"0.00",0
4480,6855,"{""c"":[0,0.29,0.28,0.15,0.71],""m"":[[0,0,0,0],[4.58,80,8,85],[2.98,69,33,80],[7.33,139,1,140],[0,0,0,0,0]],""t"":[[0,0,0,0],[0,0.25,27,3],[0,0,0,0],[0,0,0,0],[0,0,0,0,0]],""g"":[[0,0,0,0],[0,0,0,0],[0,0,0,0],[0,0,0,0],[0,0,0,0,0]],""d"":20501}","g28866213",793,2,"0.00",0
4481,6856,"{""c"":[0,0.29,0.57,0.14,0.71],""m"":[[0,0,0,0],[16.16,259,8,265],[57.9,604,68,660],[26.43,279,52,310,0.1],[0,0,0,0,0]],""t"":[[0,0,0,0],[3.05,2.75,1,3],[5.04,4,4,5],[0,0,0,0],[0,0,0,0,0]],""g"":[[0,0,0,0],[10.34,94,1,95],[0,0,0,0],[0,0,0,0],[0,0,0,0,0]],""d"":20501}","w08860001",793,2,"0.00",0
4482,6858,"{""c"":[0,0.29,0.14,0,0.71],""m"":[[0,0,0,0],[5.52,120,6,125],[2.52,36,4,40],[0,0,0,0],[0,0,0,0,0]],""t"":[[0,0,0,0],[1.65,2,4,3],[0,0,0,0],[0,0,0,0],[0,0,0,0,0]],""g"":[[0,0,0,0],[10.12,92,8,95],[0,0,0,0],[0,0,0,0],[0,0,0,0,0]],""d"":20501}","w63060003",793,2,"0.00",0
4484,6860,"{""c"":[0,0.29,0,0,0.71],""m"":[[0,0,0,0],[5.14,114,20,125],[0,0,0,0],[0,0,0,0],[0,0,0,0,0]],""t"":[[0,0,0,0],[2.57,2.5,2,3],[0,0,0,0],[0,0,0,0],[0,0,0,0,0]],""g"":[[0,0,0,0],[19.58,178,94,230],[0,0,0,0],[0,0,0,0],[0,0,0,0,0]],""d"":20501}","q83083436",793,2,"0.00",0
4485,6861,"{""c"":[0.71,0.14,0.14],""m"":[[1.8,40,0,40],[4.33,59,8,60],[0,0,0,0]],""t"":[[3.73,4.75,1,5],[0,0,0,0],[0,0,0,0]],""g"":[[3.85,35,1,36],[5.06,46,5,49],[1.21,11,4,14]],""d"":20492}","w63060766",669,2,"0.00",0
4487,6864,"{""c"": [], ""m"": [], ""t"": [], ""g"": [], ""d"": null}","w63060003",NULL,1,"0.00",0
4488,6865,"{""c"":[0.43,0.14,0.43],""m"":[[0.66,66,1,67],[3.22,116,3,119],[0,0,0,0,0]],""t"":[[0,0,0,0],[0,0,0,0],[0,0,0,0,0]],""g"":[[0,0,0,0],[0,0,0,0],[0,0,0,0,0]],""d"":20496}","w63060003",721,2,"0.00",0
4489,6866,"{""c"":[1,0.86],""m"":[[0.95,39,1,40],[6.5,22,3,25]],""t"":[[0,0,0,0],[0.6,1,10,3]],""g"":[[0,0,0,0],[0,0,0,0]],""d"":20481}","e58169a93",679,4,"0.00",0
4490,1723,"{""c"":[1,0.29,0.14,0.86],""m"":[[236.34,446,19,465],[10.45,24,3,25],[15.95,29,1,30],[21.45,39,1,40]],""t"":[[0,0,0,0],[0,0,0,0],[0,0,0,0],[0,0,0,0]],""g"":[[0,0,0,0],[0,0,0,0],[0,0,0,0],[0,0,0,0]],""d"":20494}","g61062053",636,3,"0.00",0
4492,6867,"{""c"":[0.86,0.28,0.71],""m"":[[8.12,178,19,188],[18.93,53,2,55],[0,0,0,0]],""t"":[[0.36,1.75,1,2],[21.99,34,94,47],[0,0,0,0]],""g"":[[0,0,0,0],[3.04,76,21,85],[0,0,0,0]],""d"":20487}","o48070063",817,4,"0.00",0
4493,6868,"{""c"":[0.71,0.14,0.71,1],""m"":[[0,0,0,0],[2.25,45,0,45],[370.63,6354,69,6422],[32.22,537,7,542,0.06]],""t"":[[13.8,10.25,3,11],[0.72,1.5,2,2],[0,0,0,0],[0,0,0,0]],""g"":[[0,0,0,0],[0,0,0,0],[0,0,0,0],[0,0,0,0]],""d"":20497}","871754063",817,4,"0.00",0
4495,6870,"{""c"": [], ""m"": [], ""t"": [], ""g"": [], ""d"": null}","w63060003",NULL,4,"0.00",0
4496,6871,"{""c"":[0.86,0.57,0.86],""m"":[[51.45,1048,13,1060],[207.05,3521,56,3576],[1.3,54,403,60]],""t"":[[0,0,0,0],[0,0,0,0],[0,0,0,0]],""g"":[[0,0,0,0],[0,0,0,0],[0,0,0,0]],""d"":20488}","641050663",817,4,"0.00",0
4498,6874,"{""c"":[0.86,0.14,0.28,1],""m"":[[2.26,226,3,229],[0.52,52,1,53],[1.63,163,6,168],[8.66,638,14,651]],""t"":[[0,0,0,0],[0,0,0,0],[0,0,0,0],[0,0,0,0]],""g"":[[0,0,0,0],[0,0,0,0],[0,0,0,0],[0,0,0,0]],""d"":20496}","w63060003",NULL,1,"0.00",0
4499,6875,"{""c"":[1],""m"":[[22.12,371,20,390]],""t"":[[0,0,0,0]],""g"":[[0,0,0,0]],""d"":20478}","063061003",274,4,"1.00",0
4500,6876,"{""c"":[0.71,0.43,0.86],""m"":[[1.64,4,1,5],[187.79,3146,168,3306],[11.76,216,5,220]],""t"":[[0,0,0,0],[0,0,0,0],[0,0,0,0]],""g"":[[0,0,0,0],[0,0,0,0],[0,0,0,0]],""d"":20488}","d36845003",817,4,"0.00",0
4501,6877,"{""c"":[0,0.86],""m"":[[9.34,51,0,51],[4.99,19,1,20]],""t"":[[1.8,3.75,5,5],[0,0,0,0]],""g"":[[0,0,0,0],[0,0,0,0]],""d"":20494}","w63060003",677,4,"0.00",0
4502,6878,"{""c"":[0.71,0.29,0.72,0.43],""m"":[[0.58,58,4,62],[8.8,880,19,898],[1,100,0,100],[0,0,0,0,0]],""t"":[[0,0,0,0],[65.94,95.25,66,110],[30.28,45.5,18,50],[0,0,0,0,0]],""g"":[[0,0,0,0],[2.97,27,8,34],[0,0,0,0],[0,0,0,0,0]],""d"":20496}","0630627a3",721,2,"0.00",0
4503,6879,"{""c"":[0.72,0.15,0,0.71],""m"":[[0,19,1,20],[0,0,0,0],[0,0,0,0],[0,0,0,0]],""t"":[[0,0,0,0],[0,0.5,46,5],[0,0,0,0],[0,0,0,0]],""g"":[[0,0,0,0],[0,0,0,0],[0,0,0,0],[0,0,0,0]],""d"":20494}","x48772343",774,4,"0.00",0
4504,6880,"{""c"":[0,0.01,0.29,0.15,0.86],""m"":[[0,0,0,0],[0,0,0,0],[8.26,73,0,73],[0,0,0,0,0],[0,0,0,0,0]],""t"":[[0,0,0,0],[0,0,0,0],[0,0,0,0],[0,0,0,0,0],[0,0.5,29,3,null]],""g"":[[0,0,0,0],[0,0,0,0],[0,0,0,0],[0.84,21,6,25,0.04],[2.52,63,2,65,0.04]],""d"":20501}","063060003",679,4,"0.00",0
4506,6882,"{""c"":[1,0.29,0.71,1],""m"":[[19.32,147,16,160],[19.46,139,9,145],[51.16,219,9,225],[24.84,92,10,100]],""t"":[[10.9,13,74,30],[3,3.75,9,6],[0,0,0,0],[0,0,0,0]],""g"":[[0,0,0,0],[0,0,0,0],[0,0,0,0],[0,0,0,0]],""d"":20495}","o28081093",679,4,"0.00",0
4507,6883,"{""c"":[0.86,0,0.29,0.15,1],""m"":[[4.96,57,3,60],[0,0,0,0],[6.4,64,6,69],[1.8,18,2,20],[3.6,40,0,40,0.09]],""t"":[[0,0,0,0],[0,0,0,0],[0,0,0,0],[0,0,0,0],[0,0,0,0,0]],""g"":[[0,0,0,0],[0,0,0,0],[0,0,0,0],[0,0,0,0],[0,0,0,0,0]],""d"":20500}","w63060003",NULL,2,"0.00",0
4508,6884,"{""c"":[0.86,0,0.15,0,1],""m"":[[16.84,160,27,180],[0,0,0,0],[6.96,87,30,100],[0,0,0,0,0],[7.12,89,16,100,0.08]],""t"":[[0,0,0,0],[0,0,0,0],[0,0,0,0],[0,0,0,0,0],[0,0,0,0,0]],""g"":[[0,33,49,58],[0,0,0,0],[0,0,0,0],[0,0,0,0,0],[0,0,0,0,0]],""d"":20500}","w63060003",NULL,3,"0.00",0
4509,6885,"{""c"":[1,0.14,0,0.14],""m"":[[52.52,519,14,533],[9.84,123,2,125],[0,0,0,0,0],[3.04,38,1,39,0.08]],""t"":[[0,0,62,5],[0,0,0,0],[0,0,0,0,0],[0,0,0,0,0]],""g"":[[0,0,0,0],[0,0,0,0],[0,0,0,0,0],[0,0,0,0,0]],""d"":20499}","w63060003",NULL,3,"0.00",0
4510,6886,"{""c"":[0.86,1],""m"":[[2.6,20,0,20],[5.25,75,6,80]],""t"":[[0,0,0,0],[0,0,0,0]],""g"":[[0,0,0,0],[0,0,0,0]],""d"":20479}","w63060003",NULL,1,"0.00",0
4511,6887,"{""c"":[1,0.14,0,0.86],""m"":[[260.81,1803,38,1826],[10,100,0,100],[0,0,0,0],[22.78,148,2,150]],""t"":[[0,0,0,0],[0,0,0,0],[0,0,0,0],[0,0,0,0]],""g"":[[0,0,0,0],[0,0,0,0],[0,0,0,0],[0,0,0,0]],""d"":20494}","w63060003",NULL,1,"0.00",0
4512,6888,"{""c"": [], ""m"": [], ""t"": [], ""g"": [], ""d"": null}","w63060003",NULL,2,"0.00",0
4513,6890,"{""c"":[0.86,0,0.14,0.86],""m"":[[0,20,0,20],[0,0,0,0],[5.2,10,0,10],[3.12,6,5,10]],""t"":[[0,0,0,0],[0,0,0,0],[0,0,0,0],[0,0,0,0]],""g"":[[0,0,0,0],[0,0,0,0],[0,0,0,0],[12.96,119,31,144]],""d"":20496}","w65060983",674,3,"0.00",0
4514,6891,"{""c"":[1,0.29,0.43],""m"":[[235.74,3884,49,3928],[65.82,1097,15,1110],[0,20,2,21]],""t"":[[0,0,0,0],[0,0,0,0],[0,0,0,0]],""g"":[[0,0,0,0],[0,0,0,0],[0,0,0,0]],""d"":20490}","g28573026",679,4,"0.00",0
4515,6892,"{""c"":[1],""m"":[[14,140,28,160]],""t"":[[3.73,4.75,1,5]],""g"":[[0,0,0,0]],""d"":20478}","w63060003",NULL,2,"0.00",0
4517,6894,"{""c"":[1],""m"":[[6.12,94,6,100]],""t"":[[0,0,0,0]],""g"":[[0,0,0,0]],""d"":20477}","w63060003",NULL,2,"0.00",0
4519,6896,"{""c"": [], ""m"": [], ""t"": [], ""g"": [], ""d"": null}","w63060003",NULL,1,"0.00",0
4520,6897,"{""c"":[1,0.72],""m"":[[70.73,293,47,330],[0,0,0,0]],""t"":[[0,0,0,0],[0,0,0,0]],""g"":[[0,0,0,0],[0,0,0,0]],""d"":20480}","u48160723",679,4,"0.00",0
4522,6899,"{""c"":[1,0,0,0.57],""m"":[[7.63,43,3,45],[0,0,0,0],[0,0,0,0],[0,0,0,0]],""t"":[[1.98,2.75,18,6],[0,0,0,0],[0,0,0,0],[0,0,15,2]],""g"":[[0.84,21,0,21],[0,0,0,0],[0,0,0,0],[0,0,0,0]],""d"":20496}","w63060003",NULL,4,"0.00",0
4523,6902,"{""c"":[0,0,0,0.29],""m"":[[1.52,19,1,20],[0,0,0,0],[0,0,0,0],[4,40,0,40,0.1]],""t"":[[5.67,4.75,1,5],[0,0,0,0],[0,0,0,0],[0,0,0,0,0]],""g"":[[0,0,0,0],[0,0,0,0],[0,0,0,0],[14.41,131,7,136,0.11]],""d"":20498}","w63060003",615,2,"0.00",0
4524,6903,"{""c"":[1],""m"":[[12.16,152,20,164]],""t"":[[0,0,0,0]],""g"":[[0,0,0,0]],""d"":20478}","w63060003",NULL,3,"0.00",0
4525,6904,"{""c"":[0.86,0,0,0.86],""m"":[[0.19,19,1,20],[0,0,0,0],[0,0,0,0],[0.34,34,7,40]],""t"":[[0,0,0,0],[0,0,0,0],[0,0,0,0],[0,0,0,0]],""g"":[[0,0,0,0],[0,0,0,0],[0,0,0,0],[0,0,0,0]],""d"":20494}","w63060003",NULL,1,"0.00",0
4526,6905,"{""c"":[1,0.58],""m"":[[10.12,53,2,55],[0,28,0,28]],""t"":[[1.44,2,5,3],[0,0,0,0]],""g"":[[0,0,0,0],[0,0,0,0]],""d"":20482}","663062003",679,4,"0.00",0
4528,6907,"{""c"":[0.86,0,0.14,0.72],""m"":[[1.85,37,4,40],[0,0,0,0],[1.81,14,2,16],[3.46,58,1,59]],""t"":[[0,0,0,0],[0,0,0,0],[2.52,4.25,3,5],[6.48,7.5,6,9]],""g"":[[0,0,0,0],[0,0,0,0],[0,0,0,0],[0,0,0,0]],""d"":20496}","w63060003",677,4,"0.00",0
4529,6909,"{""c"":[0.86,0.72],""m"":[[5.67,27,5,30],[0,0,0,0]],""t"":[[0,0,0,0],[0,0,0,0]],""g"":[[0,0,0,0],[0,0,0,0]],""d"":20480}","l13064723",679,4,"0.00",0
4531,6911,"{""c"":[1],""m"":[[33.52,419,25,440]],""t"":[[0,0,0,0]],""g"":[[0,0,0,0]],""d"":20477}","w63060003",NULL,3,"0.00",0
4533,6913,"{""c"": [], ""m"": [], ""t"": [], ""g"": [], ""d"": null}","w63060003",NULL,4,"0.00",0
4536,6916,"{""c"":[0],""m"":[[0.3,30,0,30]],""t"":[[0,0,0,0]],""g"":[[0,0,0,0]],""d"":20480}","g48010003",683,2,"0.00",0
4537,6917,"{""c"":[1],""m"":[[2.4,15,0,15]],""t"":[[0,0,0,0]],""g"":[[0,0,0,0]],""d"":20477}","w63060003",NULL,1,"0.00",0
4539,6919,"{""c"":[1],""m"":[[0.2,20,0,20]],""t"":[[0,0,0,0]],""g"":[[0,0,0,0]],""d"":20477}","w63060003",NULL,1,"0.00",0
4540,6920,"{""c"":[1,0.86],""m"":[[9.3,183,7,190],[5.39,89,1,90]],""t"":[[0,0,0,0],[1.02,1.25,7,3]],""g"":[[0,0,0,0],[0,0,0,0]],""d"":20482}","e11061006",679,4,"0.00",0
4542,6922,"{""c"":[0.86],""m"":[[41.87,79,1,80]],""t"":[[0,0,0,0]],""g"":[[0,0,0,0]],""d"":20488}","w63060003",NULL,0,"0.00",0
4543,6924,"{""c"":[1],""m"":[[0.2,20,0,20]],""t"":[[0,0,0,0]],""g"":[[0,0,0,0]],""d"":20477}","w63060003",NULL,1,"0.00",0
4545,6927,"{""c"":[1],""m"":[[19.66,229,13,240]],""t"":[[0,0,0,0]],""g"":[[0,0,0,0]],""d"":20478}","w63060003",NULL,3,"0.00",0
4546,6928,"{""c"":[1,0,0,1],""m"":[[3.8,20,107,40],[0,0,0,0],[0,0,0,0],[0,14,1,15]],""t"":[[0,0,0,0],[0,0,0,0],[0,0,0,0],[0,0,0,0]],""g"":[[0,0,0,0],[0,0,0,0],[0,0,0,0],[0,0,0,0]],""d"":20493}","w63060003",NULL,5,"0.00",0
4547,6929,"{""c"":[1],""m"":[[1.95,15,6,20]],""t"":[[0,0,0,0]],""g"":[[0,0,0,0]],""d"":20477}","w63060003",NULL,1,"0.00",0
4548,6930,"{""c"":[1,0.72],""m"":[[0,402,2,404],[0,0,0,0]],""t"":[[0,0,0,0],[0,0,0,0]],""g"":[[0,0,0,0],[0,0,0,0]],""d"":20480}","663062003",679,4,"0.00",0
4549,6931,"{""c"":[1,0.43,0.43,0.71],""m"":[[17.91,239,12,249],[27.43,463,6,469],[17.3,262,4,266],[12.96,113,18,120]],""t"":[[31.45,25.75,13,29],[60.28,47.5,10,50],[12.45,9.75,1,10],[30.13,23.5,10,25]],""g"":[[0,0,0,0],[0,0,0,0],[15.34,59,3,62],[0,0,0,0]],""d"":20495}","w63060003",NULL,1,"0.00",0
4550,6932,"{""c"":[0,0.58],""m"":[[0,0,0,0],[0.81,3,1,4]],""t"":[[0,0,0,0],[0,0,0,0]],""g"":[[0,0,0,0],[0,0,0,0]],""d"":20482}","w63060003",679,4,"0.00",0
4551,6933,"{""c"":[1],""m"":[[1.28,16,5,20]],""t"":[[0,0,0,0]],""g"":[[0,0,0,0]],""d"":20478}","w63060003",NULL,2,"0.00",0
4552,6936,"{""c"":[1,0.15,0.86],""m"":[[2.38,17,4,20],[2.66,19,3,20],[0,0,0,0]],""t"":[[0,0,0,0],[0,0,0,0],[1.2,1,21,3]],""g"":[[0,0,0,0],[0,0,0,0],[0,0,0,0]],""d"":20487}","063064703",679,4,"0.00",0
4553,6937,"{""c"":[1],""m"":[[0.16,16,5,20]],""t"":[[0,0,0,0]],""g"":[[0,0,0,0]],""d"":20478}","w63060003",NULL,1,"0.00",0
4554,6938,"{""c"":[1,1],""m"":[[77.48,216,22,234],[170.6,460,18,475]],""t"":[[1.98,4.5,33,10],[0,0,0,0]],""g"":[[0.2,5,260,86],[0,0,0,0]],""d"":20481}","648275083",679,4,"0.00",0
4557,6942,"{""c"":[1,0.86],""m"":[[4.8,120,0,120],[5.15,84,17,95]],""t"":[[0,0,0,0],[0,0,0,0]],""g"":[[0,0,0,0],[0,0,0,0]],""d"":20481}","w63060003",NULL,1,"0.00",0
4558,6943,"{""c"":[1],""m"":[[6.72,56,4,60]],""t"":[[0,0,0,0]],""g"":[[0,0,0,0]],""d"":20478}","w63060003",NULL,1,"0.00",0
4559,6944,"{""c"": [], ""m"": [], ""t"": [], ""g"": [], ""d"": null}","w63060003",NULL,2,"0.00",0
4560,6945,"{""c"":[0.14,0.43],""m"":[[1.9,114,7,120],[0,0,0,0]],""t"":[[0,0,0,0],[0,0,0,0]],""g"":[[0,0,0,0],[0,0,0,0]],""d"":20489}","w63060003",791,3,"0.00",0
4561,6946,"{""c"": [], ""m"": [], ""t"": [], ""g"": [], ""d"": null}","w63060003",NULL,2,"0.00",0
4563,6948,"{""c"":[1,0.29,0.29,0.72],""m"":[[1.23,40,11,45],[0,0,0,0],[20.74,152,9,160],[0,0,0,0]],""t"":[[0,0,0,0],[1.94,2.25,106,15],[0.9,1.25,40,7],[0.48,0.75,1,1]],""g"":[[2.84,71,72,102],[1.64,41,94,77],[0,0,0,0],[0.44,11,61,31]],""d"":20495}","p43329026",809,4,"0.00",0
4564,6950,"{""c"":[1,0.15,0.86],""m"":[[1,20,0,20],[0,0,0,0],[0,0,0,0]],""t"":[[0,0,0,0],[3.49,2.75,1,3],[2.52,3.75,7,5]],""g"":[[0,0,0,0],[0,0,0,0],[0,0,0,0]],""d"":20487}","643760003",679,4,"0.00",0
4565,6951,"{""c"":[1,1],""m"":[[0,64,1,65],[0,20,1,21]],""t"":[[0,0,0,0],[0,0,0,0]],""g"":[[0,0,0,0],[0,0,0,0]],""d"":20479}","w63060003",NULL,4,"0.00",0
4567,6953,"{""c"":[1],""m"":[[3.3,33,2,34]],""t"":[[0,0,0,0]],""g"":[[0,0,0,0]],""d"":20478}","w63060003",NULL,2,"0.00",0
4568,6958,"{""c"": [], ""m"": [], ""t"": [], ""g"": [], ""d"": null}","w63060003",NULL,1,"0.00",0
4569,6961,"{""c"": [], ""m"": [], ""t"": [], ""g"": [], ""d"": null}","w63060003",NULL,1,"0.00",0
4570,6962,"{""c"":[1,0.14,0.29,0,1],""m"":[[39.22,74,1,75],[19.61,37,1,38],[285.14,538,5,543],[0,0,0,0,0],[64.13,121,0,121,0.53]],""t"":[[0,0,0,0],[0,0,0,0],[0,0,0,0],[0,0,0,0,0],[0,0,0,0,0]],""g"":[[0,0,0,0],[0,0,0,0],[0,0,0,0],[0,0,0,0,0],[0,0,0,0,0]],""d"":20500}","w63060003",NULL,0,"0.00",0
4571,6963,"{""c"":[1,0,0,0.14,0.86],""m"":[[3.7,37,3,40],[0,0,0,0],[0,0,0,0],[0,0,0,0],[0,0,0,0,0]],""t"":[[0,0,0,0],[0,0,0,0],[0,0,0,0],[0,0,0,0],[11.19,10.25,13,15,1.12]],""g"":[[0,0,0,0],[0,0,0,0],[0,0,0,0],[10.56,96,14,106],[0,0,0,0,0]],""d"":20502}","w63060003",NULL,2,"0.00",0
4575,6967,"{""c"":[0.29,0.43,0.43],""m"":[[4.25,66,11,72],[15.54,164,20,179],[7.33,93,0,93,0.08]],""t"":[[0,0,0,0],[0,0,0,0],[0,0,0,0,0]],""g"":[[0,0,0,0],[0,0,0,0],[0,0,0,0,0]],""d"":20497}","w63060003",NULL,2,"0.00",0
4576,6968,"{""c"":[1,0.29,0.14,1],""m"":[[2.72,34,1,34],[1.84,23,1,24],[0,0,0,0],[63.12,131,5,135]],""t"":[[0,0,0,0],[0,0,0,0],[0,0,0,0],[0,0,0,0]],""g"":[[0,0,0,0],[11.34,63,50,90],[7.92,96,9,101],[3.6,20,0,20]],""d"":20495}","458786413",674,3,"0.00",0
4577,6969,"{""c"":[0],""m"":[[0,0,0,0]],""t"":[[0,0,0,0]],""g"":[[0,0,0,0]],""d"":20489}","w63060003",791,3,"0.00",0
4578,6971,"{""c"":[1],""m"":[[0,19,1,20]],""t"":[[0,0,0,0]],""g"":[[0,0,0,0]],""d"":20478}","w63060003",NULL,4,"0.00",0
4580,6974,"{""c"":[1,0.14,0.14],""m"":[[8.65,282,30,296],[1.8,36,8,40],[4.38,73,155,100]],""t"":[[0,0,0,0],[0,0,0,0],[0,0,0,0]],""g"":[[0,0,0,0],[0,0,0,0],[0,0,0,0]],""d"":20492}","w63060003",NULL,4,"0.00",0
4581,6975,"{""c"":[1,0.14,0,0.71],""m"":[[4.16,28,2,30],[0,0,0,0],[0,0,0,0],[0,0,0,0]],""t"":[[6.81,1.75,1,2],[0,0,0,0],[0,0,0,0],[0,0,0,0]],""g"":[[27.72,154,18,168],[24.3,135,14,147],[0,0,0,0],[0,0,0,0]],""d"":20494}","969065383",674,3,"0.00",0
4582,6976,"{""c"":[1],""m"":[[1.6,40,0,40]],""t"":[[0,0,0,0]],""g"":[[0,0,0,0]],""d"":20478}","w63060003",NULL,3,"0.00",0
4583,6977,"{""c"": [], ""m"": [], ""t"": [], ""g"": [], ""d"": null}","w63060003",318,1,"0.00",0
4584,6978,"{""c"":[1,0.57,0.86],""m"":[[21.9,219,1,220],[26.7,267,3,270],[0,0,0,0]],""t"":[[11.68,13,8,15],[0,0,0,0],[0,0,0,0]],""g"":[[4.51,41,2,43],[42.68,388,53,420],[8.58,78,22,88]],""d"":20487}","611560023",829,2,"0.00",0
4585,6980,"{""c"":[1,0.01,0.71],""m"":[[0,0,0,0],[0,0,0,0],[0,0,0,0]],""t"":[[3.73,4.75,1,5],[0,0,0,0],[0,0,0,0]],""g"":[[0,0,0,0],[0,0,0,0],[0,0,0,0]],""d"":20487}","w63060003",829,2,"0.00",0
4586,6982,"{""c"":[1,0,0.01,0.15,0.86],""m"":[[1,20,0,20],[0,0,0,0],[0,0,0,0],[0,0,0,0],[0,0,0,0,0]],""t"":[[0,0,0,0],[0,0,0,0],[0,0,0,0],[2.1,1.5,14,4],[0,0,0,0,0]],""g"":[[0,0,0,0],[0,0,0,0],[0,0,0,0],[0,0,0,0],[0,0,0,0,0]],""d"":20500}","j49071083",812,4,"0.00",0
4587,6983,"{""c"":[1,0.58,0.15,0.71],""m"":[[0,20,0,20],[218,529,30,553],[16.4,59,1,60],[0,0,0,0]],""t"":[[0,0,0,0],[0,0,0,0],[0,0,0,0],[0,0,0,0]],""g"":[[0,0,0,0],[0,0,0,0],[0,24,7,30],[0,0,0,0]],""d"":20494}","x400500c0",787,3,"0.00",0
4588,6984,"{""c"":[1,0.16,0.43,0.71],""m"":[[0,58,2,60],[0,20,0,20],[14.1,102,7,108],[0,0,0,0]],""t"":[[0,0,0,0],[0,0,0,0],[0,0,0,0],[0,0,0,0]],""g"":[[0,0,0,0],[0,0,0,0],[0,0,0,0],[0,0,0,0]],""d"":20494}","917161022",787,3,"0.00",0
4589,6985,"{""c"":[0,0.02,0.29,0.57],""m"":[[0,0,0,0],[0,0,0,0],[32.82,320,5,324],[48.96,144,25,160]],""t"":[[0,0,0,0],[0,0,0,0],[0,0,0,0],[0,0,0,0]],""g"":[[0,0,0,0],[0,0,0,0],[0,0,0,0],[0,0,0,0]],""d"":20496}","667876c34",787,3,"0.00",0
4590,6987,"{""c"":[0,0.16,0.29,0.71],""m"":[[0,0,0,0],[1.6,20,0,20],[0,20,0,20],[0,0,0,0]],""t"":[[0,0,0,0],[0,0,0,0],[0,0,0,0],[0,0,0,0]],""g"":[[0,0,0,0],[0,0,0,0],[0,52,10,60],[0,0,0,0]],""d"":20494}","p330660c3",787,3,"0.00",0
4591,6988,"{""c"":[0,0.3,0.29,0.71],""m"":[[0,0,0,0],[12.04,67,3,70],[34.9,154,6,160],[0,0,0,0]],""t"":[[0,0,0,0],[0,0,0,0],[0,0,0,0],[0,0,0,0]],""g"":[[0,0,0,0],[0,0,0,0],[0,65,47,90],[0,0,0,0]],""d"":20494}","848013013",787,3,"0.00",0
4592,6992,"{""c"":[0,0.02,0.57,1],""m"":[[0,0,0,0],[0,0,0,0],[530.8,1781,95,1866],[303.49,885,1020,910]],""t"":[[0,0,0,0],[0,0,0,0],[0,0,0,0],[0,0,0,0]],""g"":[[0,0,0,0],[0,0,0,0],[0,24,7,30],[0,0,0,0]],""d"":20494}","v68130241",787,3,"0.00",2
4593,6994,"{""c"":[0,0.3,0.15,0.14,0.86],""m"":[[0,0,0,0],[18.34,85,6,90],[0,20,0,20],[9.72,18,2,20],[0,0,0,0,0]],""t"":[[0,0,0,0],[0,0,0,0],[0,0,0,0],[0,0,0,0],[0,0,0,0,0]],""g"":[[0,0,0,0],[0,0,0,0],[0,0,0,0],[0,0,0,0],[0,27,10,32,0]],""d"":20501}","o25081743",787,3,"0.00",0
4594,6995,"{""c"": [], ""m"": [], ""t"": [], ""g"": [], ""d"": null}","w63060003",NULL,3,"0.00",0
4595,6996,"{""c"":[0,0.16,0.29,0.57],""m"":[[0,0,0,0],[14.8,140,0,140],[92.04,361,4,365],[51.24,158,2,160]],""t"":[[0,0,0,0],[0,0,0,0],[0,0,0,0],[0,0,0,0]],""g"":[[0,0,0,0],[0,0,0,0],[0,28,4,30],[0,0,0,0]],""d"":20496}","005084043",787,3,"0.00",1
4596,6997,"{""c"":[1,0.57,0.29,1],""m"":[[305.28,873,28,900],[445.63,1209,45,1250],[26.78,97,3,100,0.33],[59.31,134,24,150,0.44]],""t"":[[0,0,0,0],[0,0,0,0],[0,0,0,0],[0,0,0,0,0]],""g"":[[0,0,0,0],[0,27,3,30],[0,0,0,0],[0,0,0,0,0]],""d"":20500}","o030620a3",787,3,"12.00",1
4597,6998,"{""c"":[0],""m"":[[3.04,19,7,20]],""t"":[[0,0,0,0]],""g"":[[0,0,0,0]],""d"":20487}","w63060003",568,4,"0.00",0
4598,6999,"{""c"":[0,0.15,0.86],""m"":[[1.12,16,5,20],[15.02,52,5,56],[0,0,0,0]],""t"":[[0,0,0,0],[0,0,0,0],[0,0,0,0]],""g"":[[0,0,0,0],[0,0,0,0],[1.12,28,47,52]],""d"":20494}","048070082",664,4,"0.00",0
4599,7001,"{""c"":[0,0.16,0.15,0.71],""m"":[[0,0,0,0],[5.2,10,0,10],[10.26,38,2,40],[0,0,0,0]],""t"":[[0,0,0,0],[0,0,0,0],[0,0,0,0],[0,0,0,0]],""g"":[[0,0,0,0],[0,0,0,0],[0,27,5,30],[0,0,0,0]],""d"":20494}","w63060003",787,3,"0.00",0
4600,7002,"{""c"":[0,0,0.71],""m"":[[0,0,0,0],[0,0,0,0],[0,0,0,0]],""t"":[[0,0,0,0],[0,0,0,0],[0,0,0,0]],""g"":[[0,0,0,0],[0,0,0,0],[0,0,0,0]],""d"":20494}","w63060003",803,2,"0.00",0
4601,7003,"{""c"":[0,0.14,0,1],""m"":[[0,0,0,0],[3.96,36,5,40],[0,0,0,0],[10.53,91,4,95]],""t"":[[0,0,0,0],[0,0,0,0],[0,0,0,0],[0.72,2.25,11,5]],""g"":[[0,0,0,0],[0,0,0,0],[0,0,0,0],[0,0,0,0]],""d"":20495}","w63060003",677,4,"0.00",0
4602,7004,"{""c"":[0,0.43,0,0,0.71],""m"":[[0,0,0,0],[10.49,220,8,225],[0,0,0,0],[0,0,0,0],[2.1,30,15,40,0.07]],""t"":[[0,0,0,0],[1.66,5.25,48,13],[0,0,0,0],[0,0,0,0],[0,0,0,0,0]],""g"":[[0,0,0,0],[9.02,82,37,95],[0,0,0,0],[0,0,0,0],[0,0,0,0,0]],""d"":20502}","w63060003",793,2,"0.00",0
4603,7006,"{""c"":[0,0.43,0.14,0,0.71],""m"":[[0,0,0,0],[6.89,161,4,165],[10.36,194,9,200],[0,0,0,0],[0,0,0,0,0]],""t"":[[0,0,0,0],[4.02,3,0,3],[0,0,0,0],[0,0,0,0],[0,0,0,0,0]],""g"":[[0,0,0,0],[9.79,89,6,95],[0,0,0,0],[0,0,0,0],[0,0,0,0,0]],""d"":20501}","645061063",793,2,"0.00",0
4604,7007,"{""c"":[0,0.15,0.14],""m"":[[0,0,0,0],[4.54,94,0,94],[0.41,41,0,41]],""t"":[[0,0,0,0],[0,0,0,0],[0,0,0,0]],""g"":[[0,0,0,0],[0,0,0,0],[0,0,0,0]],""d"":20492}","x31060001",683,2,"0.00",0
4605,7008,"{""c"":[1],""m"":[[5.7,48,2,50]],""t"":[[0,0,0,0]],""g"":[[4.68,18,0,18]],""d"":20496}","w63060003",NULL,1,"0.00",0
4606,7009,"{""c"":[0.57,0.14,0.57],""m"":[[172.77,662,11,672],[18.19,57,3,60],[0,0,0,0]],""t"":[[0,0,0,0],[0,0,0,0],[0,0,0,0]],""g"":[[0,0,0,0],[0,0,0,0],[0,0,0,0]],""d"":20495}","608060013",652,4,"0.00",2
4607,7010,"{""c"":[0,0.43,0.72],""m"":[[4.16,8,2,10],[83.92,263,9,270],[11.32,49,2,51]],""t"":[[9.13,4.25,9,6],[24.76,12.25,21,16],[0,0,0,0]],""g"":[[21.96,122,77,167],[62.28,346,125,410],[17.1,95,106,144]],""d"":20496}","206375984",728,3,"9.00",2
4608,7011,"{""c"":[0,0.29,0.57],""m"":[[0,0,0,0],[5.67,21,17,30],[0,0,0,0]],""t"":[[0,0,0,0],[0,0.75,23,5],[0,0,0,0]],""g"":[[14.04,78,46,106],[37.62,209,102,273],[8.1,45,48,80]],""d"":20496}","w63060003",728,3,"0.00",0
4611,7014,"{""c"":[0,0.43,0.72],""m"":[[7.02,45,6,50],[0,0,0,0],[0,0,0,0]],""t"":[[0,0,0,0],[0.68,1.75,16,5],[0,0,0,0]],""g"":[[27,150,31,171],[32.22,179,40,208],[31.86,177,62,224]],""d"":20496}","p23001003",728,3,"0.00",0
4612,7015,"{""c"":[0,0.43,0.72],""m"":[[2.52,12,31,20],[9,28,24,40],[0,0,0,0]],""t"":[[0,0,45,3],[5.85,3.5,73,12],[0,0,0,0]],""g"":[[27.36,152,244,264],[38.7,215,266,332],[14.04,78,145,144]],""d"":20496}","j45162223",728,3,"0.00",1
4613,7016,"{""c"":[0,0.43,0.28,0.58],""m"":[[0,0,0,0],[4.49,19,2,20],[2.8,20,0,20],[0,0,0,0]],""t"":[[0,0,0,0],[3.82,6.75,32,12],[0,0,0,0],[0,5,0,5]],""g"":[[0,0,0,0],[3.48,87,50,114],[3.64,91,74,123],[1.92,48,3,51]],""d"":20496}","p23061003",737,4,"0.00",0
4614,7017,"{""c"":[0.29,0.42,0.72],""m"":[[0,0,0,0],[4.22,52,6,58],[0,0,0,0]],""t"":[[4.04,11.5,21,16],[1.44,4,26,7],[0,5,0,5]],""g"":[[1.32,33,31,51],[2.88,72,52,100],[3.52,88,27,104]],""d"":20496}","q430640c3",737,4,"0.00",0
4615,7018,"{""c"":[0,0.29,0.28,0.58],""m"":[[0,0,0,0],[0,0,0,0],[2.52,18,2,20],[0,0,0,0]],""t"":[[0,0,0,0],[0.72,4.75,28,10],[0,0,0,0],[0,3,4,5,0]],""g"":[[0,0,0,0],[2.08,52,5,54],[1.92,48,18,59],[5.28,132,36,156,0.04]],""d"":20497}","w63060003",737,4,"0.00",0
4616,7019,"{""c"":[0,0.57,0.28,0.72],""m"":[[0,0,0,0],[9.92,220,41,242],[2.8,20,0,20],[0,0,0,0]],""t"":[[0,0,0,0],[9.34,29.25,115,51],[1.08,1.75,5,3],[1.08,6.25,7,8]],""g"":[[0,0,0,0],[0,0,0,0],[1.6,40,37,59],[6.88,172,76,214,0.04]],""d"":20497}","840060003",737,4,"6.00",0
4617,7020,"{""c"":[0,0.57,0.28,0.72],""m"":[[0,0,0,0],[0,18,2,20],[2.66,19,1,20],[0,0,0,0]],""t"":[[0,0,0,0],[5.04,7.75,22,11],[0,0,0,0],[0,4,4,5]],""g"":[[0,0,0,0],[5.96,149,20,167],[2.12,53,6,59],[4.88,122,6,126]],""d"":20496}","g65080020",737,4,"0.00",0
4618,7021,"{""c"":[0,0.43,0,0.44],""m"":[[0,0,0,0],[0,0,0,0],[0,0,0,0],[0,0,0,0]],""t"":[[0,0,0,0],[1.68,13.25,43,21],[0,0,0,0],[0,5,0,5,0]],""g"":[[0,0,0,0],[3.32,121,83,162],[0,0,0,0],[3.68,92,18,107,0.04]],""d"":20497}","p23162003",737,4,"0.00",0
4619,7022,"{""c"":[0,0.57,0.28,0.72],""m"":[[0,0,0,0],[4.51,46,2,48],[2.38,17,4,20],[50.12,358,5,363,0.14]],""t"":[[0,0,0,0],[4.74,5.25,19,7],[0,0,0,0],[0,4.25,3,5]],""g"":[[0,0,0,0],[5.32,133,84,174],[1.64,41,23,59],[3.68,92,86,135]],""d"":20497}","j49834053",737,4,"0.00",0
4620,7023,"{""c"":[0.57,0.28,0.58],""m"":[[1,20,0,20],[2.8,20,0,20],[0,0,0,0]],""t"":[[29.52,50,45,60],[5.76,8.5,6,10],[0,5,0,5]],""g"":[[6.04,151,71,187],[2.04,51,10,59],[3.8,95,11,104]],""d"":20496}","p28362003",737,4,"0.00",0
4621,7024,"{""c"":[0.71,0.14,0.44],""m"":[[4.86,25,7,30],[2.66,19,1,20],[0,0,0,0]],""t"":[[7.58,14.25,85,28],[0,0,0,0],[0,0,0,0]],""g"":[[3.8,127,59,154],[0,0,0,0],[0,0,0,0]],""d"":20496}","p63162023",737,4,"0.00",0
4622,7025,"{""c"":[0,0.43,0.14,0.44],""m"":[[0,0,0,0],[0,0,0,0],[2.8,20,0,20],[0,0,0,0]],""t"":[[0,0,0,0],[2.74,11.5,39,21],[0,0,0,0],[0,0,0,0]],""g"":[[0,0,0,0],[3.56,89,40,112],[0,0,0,0],[2.96,74,5,78,0.04]],""d"":20497}","p787767c3",737,4,"0.00",0
4624,7027,"{""c"":[0.57,0.28,0.58],""m"":[[8.68,64,1,65],[2.8,20,0,20],[0,0,0,0]],""t"":[[6.54,7.5,129,14],[0,0,0,0],[0,5,0,5]],""g"":[[1.6,40,26,51],[3.4,85,96,123],[3.32,83,47,104]],""d"":20496}","g13764c83",737,4,"0.00",0
4625,7028,"{""c"":[0,0.43,0,0.44],""m"":[[0,0,0,0],[0,77,3,80],[0,0,0,0],[0,0,0,0]],""t"":[[0,0,0,0],[0.36,0.75,67,6],[0,0,0,0],[0,15,13,20,0]],""g"":[[0,0,0,0],[3.32,83,68,115],[0,0,0,0],[4.16,104,132,160,0.04]],""d"":20497}","n52640020",737,4,"0.00",0
4626,7029,"{""c"":[0,0.29,0.14,0.44],""m"":[[0,0,0,0],[0,0,0,0],[0,34,1,35],[0,0,0,0]],""t"":[[0,0,0,0],[6.27,9,55,14],[0,0,0,0],[0,5,0,5,0]],""g"":[[0,0,0,0],[0,0,0,0],[0,0,0,0],[1.88,47,6,51,0.04]],""d"":20497}","p53063273",737,4,"0.00",0
4627,7030,"{""c"":[0.57,0.28,0.44],""m"":[[0,19,1,20],[4.2,59,1,60],[0,0,0,0]],""t"":[[104.03,152.25,81,170],[6.48,9.5,2,10],[0,5,0,5,0]],""g"":[[1.52,38,44,60],[0,0,0,0],[3.32,83,55,107,0.04]],""d"":20497}","q451760c6",737,4,"0.00",0
4628,7031,"{""c"":[0,0.43,0.28,0.72],""m"":[[0,0,0,0],[0,0,0,0],[2.66,19,1,20],[0,0,0,0]],""t"":[[0,0,0,0],[0,1.25,71,11],[0,0,0,0],[0,1.25,20,5]],""g"":[[0,0,0,0],[1.68,42,42,61],[3.44,86,221,174],[3.28,82,100,126]],""d"":20496}","x28360402",737,4,"0.00",0
4629,7033,"{""c"":[0.43,0.14,0.44],""m"":[[0,20,0,20],[0,0,0,0],[0,0,0,0]],""t"":[[1.44,2.75,35,8],[0,0,24,3],[0,4,2,5,0]],""g"":[[1.68,42,22,51],[4.4,110,42,128],[6.32,158,30,182,0.04]],""d"":20497}","202470090",737,4,"0.00",0
4636,7041,"{""c"":[0.43,0.28,0.58],""m"":[[0,0,0,0],[2.8,20,0,20],[0,0,0,0]],""t"":[[14,19.75,38,27],[0,0,0,0],[0,4.75,1,5]],""g"":[[12.88,322,62,364],[1.96,49,18,59],[5.48,137,35,155,0.04]],""d"":20497}","x63060103",737,4,"0.00",0
4638,7043,"{""c"":[0,0.29,0.28,0.44],""m"":[[0,0,0,0],[0,0,0,0],[2.66,19,1,20],[0,0,0,0]],""t"":[[0,0,0,0],[1.68,3,22,6],[0,0,0,0],[0,7,6,10,0]],""g"":[[0,0,0,0],[1.36,34,31,51],[5.12,128,636,364],[4.92,123,216,210,0.04]],""d"":20497}","p23076243",737,4,"0.00",0
4639,7044,"{""c"":[0,0.43,0.14,0.58],""m"":[[0,0,0,0],[0,67,0,67],[5.32,38,2,40],[0,0,0,0]],""t"":[[0,0,0,0],[7.62,9.75,5,11],[0,0,0,0],[0,0,0,0]],""g"":[[0,0,0,0],[3.8,95,55,118],[0,0,0,0],[6.04,151,132,216,0.04]],""d"":20497}","o73562923",737,4,"0.00",0
4640,7045,"{""c"":[0,0.43,0.14,0.44],""m"":[[0,0,0,0],[2.73,13,3,15],[0,0,0,0],[2.38,17,3,20,0.14]],""t"":[[0,0,0,0],[1.08,3.25,23,8],[0,0,0,0],[0,0,0,0]],""g"":[[0,0,0,0],[5.08,127,128,195],[1.36,34,57,59],[3.72,93,146,157,0.04]],""d"":20497}","o45732143",737,4,"0.00",0
4641,7046,"{""c"":[0.57,0.28,0.58],""m"":[[0,0,1,1],[2.24,16,8,20],[0,0,0,0]],""t"":[[6.63,9.5,63,16],[0,0,0,0],[0,4,6,5,0]],""g"":[[2.64,66,4,70],[1.52,38,48,59],[2.68,67,86,104,0.04]],""d"":20497}","p45576c26",737,4,"0.00",0
4643,7048,"{""c"":[0.43,0.28,0.58],""m"":[[0,0,0,0],[2.1,15,5,20],[0,0,0,0]],""t"":[[2.14,6.75,51,16],[0,0,0,0],[0,4.25,3,5]],""g"":[[1,25,582,223],[0.44,11,151,59],[0.04,1,342,104]],""d"":20496}","n57376001",737,4,"0.00",0
4645,7052,"{""c"":[0,0,0.71],""m"":[[0,0,0,0],[0,0,0,0],[0,0,0,0]],""t"":[[0,0,0,0],[0,0,0,0],[0,0,0,0]],""g"":[[0,0,0,0],[0,0,0,0],[0,0,0,0]],""d"":20494}","f45161ba3",674,3,"0.00",0
4646,7053,"{""c"": [], ""m"": [], ""t"": [], ""g"": [], ""d"": null}","w63060003",NULL,4,"0.00",0
4648,7055,"{""c"":[1],""m"":[[2.7,15,8,20]],""t"":[[0,0,0,0]],""g"":[[0,0,0,0]],""d"":20479}","w63060003",NULL,4,"0.00",0
4649,7056,"{""c"":[0,0.43,0.86],""m"":[[53.52,425,26,447],[20.83,104,6,110],[8.13,66,4,70]],""t"":[[0,0,27,3],[3.78,3.25,12,5],[0,0,0,0]],""g"":[[5.88,147,29,163],[10.48,262,58,301],[1.96,49,17,58]],""d"":20495}","i34243095",768,4,"0.00",0
4650,7057,"{""c"":[0,0.14,0,0.86],""m"":[[0,0,0,0],[2.73,39,1,40],[0,0,0,0],[0.42,3,2,5]],""t"":[[0,0,0,0],[0,0,0,0],[0,0,0,0],[0,0,0,0]],""g"":[[0,0,0,0],[0,0,0,0],[0,0,0,0],[0,0,0,0]],""d"":20494}","w63060003",677,4,"0.00",0
4651,7058,"{""c"": [], ""m"": [], ""t"": [], ""g"": [], ""d"": null}","w63060003",NULL,4,"0.00",0
4653,7060,"{""c"": [], ""m"": [], ""t"": [], ""g"": [], ""d"": null}","w63060003",NULL,4,"0.00",0
4654,7061,"{""c"": [], ""m"": [], ""t"": [], ""g"": [], ""d"": null}","w63060003",NULL,4,"0.00",0
4655,7062,"{""c"":[0.43,0.14,0.43],""m"":[[3.55,75,8,80],[0,0,0,0],[21.06,78,2,80,0.27]],""t"":[[2.7,2.5,2,3],[0,0,16,1],[0,0,0,0]],""g"":[[0,0,0,0],[0,0,0,0],[0,0,0,0]],""d"":20497}","w63060003",652,4,"9.00",0
4656,7065,"{""c"": [], ""m"": [], ""t"": [], ""g"": [], ""d"": null}","w63060003",NULL,3,"0.00",0
4657,7066,"{""c"":[0,0,0,0.86],""m"":[[0,0,0,0],[0,0,0,0],[0,0,0,0],[4.36,89,16,99]],""t"":[[0,0,0,0],[0,0,0,0],[0,0,0,0],[0,0,0,0]],""g"":[[0,0,0,0],[0,0,0,0],[0,0,0,0],[0,0,0,0]],""d"":20495}","w63060003",677,4,"0.00",0
4659,7068,"{""c"":[0,0.15,0.57,0.86],""m"":[[0,0,0,0],[0,0,0,0],[2.66,14,1,15],[0,0,0,0,0]],""t"":[[0,0,0,0],[0.3,0.75,19,4],[3.9,4.75,56,12],[0,0,0,0,0]],""g"":[[0,0,0,0],[0,0,0,0],[1.32,33,12,41],[0,0,0,0,0]],""d"":20500}","w63060003",812,4,"0.00",0
4660,7069,"{""c"":[0.57,0.14,0.57],""m"":[[13.8,155,115,160],[15.93,59,1,60],[5.4,30,0,30]],""t"":[[0,0,0,0],[0,0,0,0],[0,0,0,0]],""g"":[[0,0,0,0],[0,0,0,0],[0,0,0,0]],""d"":20496}","w63060003",NULL,4,"0.00",0
4661,2834,"{""c"":[0.86],""m"":[[4.6,80,0,80]],""t"":[[0,0,0,0]],""g"":[[0,0,0,0]],""d"":20489}","w63060003",624,4,"0.00",0
4662,7071,"{""c"":[1],""m"":[[0,0,0,0]],""t"":[[3.94,5.5,43,15]],""g"":[[0,0,0,0]],""d"":20479}","w63060003",NULL,1,"0.00",0
4663,7073,"{""c"": [], ""m"": [], ""t"": [], ""g"": [], ""d"": null}","w63060003",NULL,3,"0.00",0
4665,7075,"{""c"": [], ""m"": [], ""t"": [], ""g"": [], ""d"": null}","w63060003",NULL,3,"0.00",0
4668,7079,"{""c"":[0.57,1],""m"":[[5.98,140,57,160],[2.99,59,1,60]],""t"":[[1.97,3,33,10],[0,0,0,0]],""g"":[[0,0,0,0],[18.46,71,44,92]],""d"":20487}","w63060003",NULL,1,"0.00",0
4669,7081,"{""c"":[1],""m"":[[8.19,99,1,100]],""t"":[[0,0,0,0]],""g"":[[0,0,0,0]],""d"":20480}","w63060003",NULL,1,"0.00",0
4670,7082,"{""c"":[0,0.58,0.15,0.71],""m"":[[0,0,0,0],[27.46,115,20,130],[13.68,47,6,50],[0,0,0,0]],""t"":[[0,0,0,0],[0,0,0,0],[0,0,0,0],[0,0,0,0]],""g"":[[0,0,0,0],[0,0,0,0],[0,0,0,0],[0,0,0,0]],""d"":20494}","p580647a3",787,3,"0.00",0
4671,7083,"{""c"":[0.44,0.43,0,0.86],""m"":[[10.28,95,6,100],[24.38,79,24,90],[0,0,0,0],[2.72,8,2,10,0.34]],""t"":[[0,0,0,0],[0,0,0,0],[0,0,0,0],[0,0,0,0,0]],""g"":[[0,0,0,0],[0,13,41,30],[0,0,0,0],[0,0,0,0,0]],""d"":20501}","p780610a3",787,3,"0.00",0
4675,7086,"{""c"":[0.71,0.29,0.57],""m"":[[24.07,162,5,167],[3.82,18,4,22],[19.65,70,6,75]],""t"":[[0,0,0,0],[0.48,1,4,2],[0,0,0,0]],""g"":[[0,0,0,0],[0,0,0,0],[0,0,0,0]],""d"":20496}","w63060003",NULL,4,"0.00",0
4676,7087,"{""c"": [], ""m"": [], ""t"": [], ""g"": [], ""d"": null}","w63060003",NULL,3,"0.00",0
4677,7089,"{""c"":[0.57,0,0.57],""m"":[[12.91,69,6,74],[0,0,0,0],[24.5,177,8,184]],""t"":[[0,0,0,0],[0,0,0,0],[0,0,0,0]],""g"":[[0,0,0,0],[0,0,0,0],[0,0,0,0]],""d"":20496}","w63060003",NULL,4,"0.00",0
4679,7091,"{""c"":[0.29,0.86],""m"":[[10.12,88,4,92],[17.84,223,2,225]],""t"":[[0,0,0,0],[0,0,0,0]],""g"":[[0,0,0,0],[0,0,0,0]],""d"":20487}","w63060003",NULL,2,"0.00",0
4681,7093,"{""c"":[0.29,1],""m"":[[8.97,149,1,150],[5.36,67,3,70]],""t"":[[0,0,0,0],[0,0,0,0]],""g"":[[0,0,0,0],[0,0,0,0]],""d"":20486}","w63060003",NULL,2,"0.00",0
4682,7094,"{""c"":[0.57,0,0.57],""m"":[[11.18,77,4,80],[0,0,0,0],[9.54,38,2,40]],""t"":[[0,0,0,0],[0,0,0,0],[0,0,0,0]],""g"":[[0,0,0,0],[0,0,0,0],[0,0,0,0]],""d"":20496}","w63060003",NULL,4,"0.00",0
4683,7095,"{""c"": [], ""m"": [], ""t"": [], ""g"": [], ""d"": null}","w63060003",NULL,1,"0.00",0
4684,7096,"{""c"":[0.57,0,0.57],""m"":[[22.9,157,5,162],[0,0,0,0],[7.11,29,1,30]],""t"":[[0,0,0,0],[0,0,0,0],[0,0,0,0]],""g"":[[0,0,0,0],[0,0,0,0],[0,0,0,0]],""d"":20496}","w63060003",NULL,4,"0.00",0
4685,7097,"{""c"":[0.57,0,0.57],""m"":[[26.63,177,3,180],[0,0,0,0],[12.62,39,1,40]],""t"":[[0,0,0,0],[0,0,0,0],[0,0,0,0]],""g"":[[0,0,0,0],[0,0,0,0],[0,0,0,0]],""d"":20496}","w63060003",NULL,4,"0.00",0
4686,7098,"{""c"":[1],""m"":[[1.9,19,2,20]],""t"":[[0,0,0,0]],""g"":[[0,0,0,0]],""d"":20479}","w63060003",NULL,2,"0.00",0
4687,7099,"{""c"":[0],""m"":[[0,0,0,0]],""t"":[[0,0,0,0]],""g"":[[0,0,0,0]],""d"":20481}","j66271023",780,4,"0.00",0
4688,7100,"{""c"":[0,0.43,1],""m"":[[0,0,0,0],[84.37,596,14,608],[5.2,40,0,40]],""t"":[[0,0,0,0],[9.77,6.25,7,8],[0,0,0,0]],""g"":[[0,0,0,0],[0,0,0,0],[0,0,0,0]],""d"":20486}","m48776903",518,3,"0.00",0
4690,2712,"{""c"":[0,0.86],""m"":[[0,0,0,0],[0,0,0,0]],""t"":[[0,0,0,0],[0,0,0,0]],""g"":[[0,0,0,0],[0,0,0,0]],""d"":20479}","w63060003",518,-1,"0.00",0
4691,2714,"{""c"":[0,1],""m"":[[0,0,0,0],[44.34,157,18,168]],""t"":[[0,0,0,0],[1.3,1.25,12,3]],""g"":[[0,0,0,0],[0,0,0,0]],""d"":20480}","w63060003",518,3,"0.00",0
4692,7102,"{""c"":[1],""m"":[[2.05,24,10,30]],""t"":[[0,0,0,0]],""g"":[[0,0,0,0]],""d"":20479}","w63060003",NULL,3,"0.00",0
4693,7103,"{""c"":[0.58,0.86],""m"":[[33.39,159,1,160],[10.71,51,4,53]],""t"":[[0,0,0,0],[0,0,0,0]],""g"":[[0,0,0,0],[0,0,0,0]],""d"":20487}","w63060003",NULL,1,"0.00",0
4695,7104,"{""c"":[1],""m"":[[66.24,828,144,926]],""t"":[[0,0,0,0]],""g"":[[0,0,0,0]],""d"":20481}","w63060003",NULL,3,"0.00",0
4696,7105,"{""c"":[0,0.14,0.86],""m"":[[0,0,0,0],[7.13,42,5,46],[0.7,5,0,5]],""t"":[[0,0,0,0],[0,0,0,0],[1.8,3.25,7,5]],""g"":[[0,0,0,0],[0,0,0,0],[0,0,0,0]],""d"":20494}","w63060003",677,4,"0.00",0
4697,7106,"{""c"":[1],""m"":[[0.19,19,1,20]],""t"":[[0,0,0,0]],""g"":[[0,0,0,0]],""d"":20479}","w63060003",NULL,1,"0.00",0
4698,7107,"{""c"":[0.43,0,0.15],""m"":[[3.72,59,1,60],[0,0,0,0],[0,0,0,0,0]],""t"":[[0,0,0,0],[0,0,0,0],[0,0,0,0,0]],""g"":[[0,0,0,0],[0,0,0,0],[0,0,0,0,0]],""d"":20498}","w63060003",615,2,"0.00",0
4699,7108,"{""c"":[1],""m"":[[22.79,43,1,44]],""t"":[[0,0,0,0]],""g"":[[104.55,41,3,44]],""d"":20481}","w63060003",NULL,0,"0.00",0
4700,7109,"{""c"":[1],""m"":[[0,5,0,5]],""t"":[[0,0,0,0]],""g"":[[0,0,0,0]],""d"":20479}","w63060003",NULL,4,"0.00",0
4701,7110,"{""c"":[0.57,0,0.57],""m"":[[11.18,59,1,60],[0,0,0,0],[9,40,0,40]],""t"":[[0,0,0,0],[0,0,0,0],[0,0,0,0]],""g"":[[0,0,0,0],[0,0,0,0],[0,0,0,0]],""d"":20496}","w63060003",NULL,4,"0.00",0
4702,7111,"{""c"":[1],""m"":[[1.94,80,1,81]],""t"":[[0,0,0,0]],""g"":[[0,0,0,0]],""d"":20480}","w63060003",NULL,1,"0.00",0
4703,7112,"{""c"":[0.57,0,0.57],""m"":[[19.85,120,11,130],[0,0,0,0],[9.18,27,5,30]],""t"":[[0,0,0,0],[0,0,0,0],[0,0,0,0]],""g"":[[0,0,0,0],[0,0,0,0],[0,0,0,0]],""d"":20496}","w63060003",NULL,4,"0.00",0
4704,7114,"{""c"":[1],""m"":[[0.81,45,4,48]],""t"":[[0,0,0,0]],""g"":[[0,0,0,0]],""d"":20479}","w63060003",NULL,2,"0.00",0
4705,7115,"{""c"":[0.43,0,0.57],""m"":[[9.67,47,4,50],[0,0,0,0],[9.79,29,1,30]],""t"":[[0,0,0,0],[0,0,0,0],[0,0,0,0]],""g"":[[0,0,0,0],[0,0,0,0],[0,0,0,0]],""d"":20496}","w63060003",NULL,4,"0.00",0
4706,7116,"{""c"":[0,0.15,1],""m"":[[5.2,10,0,10],[5.2,10,0,10],[11.08,94,6,100]],""t"":[[0,0,0,0],[0,0,0,0],[3.4,1.5,2,2]],""g"":[[10.44,58,37,76],[0,0,0,0],[3.6,20,0,20]],""d"":20494}","k43060003",674,3,"0.00",3
4707,7117,"{""c"":[0.71,0.71],""m"":[[137.39,2213,33,2238],[28.86,521,10,528]],""t"":[[0,0,9,1],[0,1.5,55,8]],""g"":[[6.8,170,15,182],[0,0,0,0]],""d"":20489}","6487750c0",780,4,"0.00",0
4709,7119,"{""c"":[0.43,0,0.57],""m"":[[8.28,57,5,60],[0,0,0,0],[1.14,6,8,10]],""t"":[[0,0,0,0],[0,0,0,0],[0,0,0,0]],""g"":[[0,0,0,0],[0,0,0,0],[0,0,0,0]],""d"":20496}","w63060003",NULL,4,"0.00",0
4710,7120,"{""c"":[0],""m"":[[0,0,0,0]],""t"":[[0,0,0,0]],""g"":[[0,0,0,0]],""d"":20480}","w63060003",NULL,4,"0.00",0
4711,7121,"{""c"":[1],""m"":[[2.97,18,2,20]],""t"":[[0,0,0,0]],""g"":[[0,0,0,0]],""d"":20481}","w63060003",NULL,4,"0.00",0
4714,7124,"{""c"":[0.57,0,0.57],""m"":[[13.03,98,19,109],[0,0,0,0],[10.99,37,4,40]],""t"":[[0,0,0,0],[0,0,0,0],[0,0,0,0]],""g"":[[0,0,0,0],[0,0,0,0],[0,0,0,0]],""d"":20496}","w63060003",NULL,4,"0.00",0
4715,7126,"{""c"":[1],""m"":[[45.36,776,8,784]],""t"":[[0,0,0,0]],""g"":[[0,0,0,0]],""d"":20482}","o36081623",780,4,"0.00",0
4716,7127,"{""c"":[0],""m"":[[1.2,20,0,20]],""t"":[[0,0,0,0]],""g"":[[0,0,0,0]],""d"":20481}","068301043",780,4,"0.00",0
4717,7128,"{""c"":[0.43,0.01,0.72],""m"":[[0,39,1,40],[0,0,0,0],[0,0,0,0]],""t"":[[0.36,3.75,209,15],[0,0,0,0],[0,0,84,4]],""g"":[[1,25,38,44],[0,0,0,0],[1,25,27,38]],""d"":20495}","w63060003",809,4,"0.00",0
4718,7129,"{""c"":[0,0.58,0.86,0.72],""m"":[[0,0,0,0],[907.18,2700,115,2790],[1930.34,5781,124,5899],[721.76,2152,53,2203,0]],""t"":[[0,0,0,0],[0,0,0,0],[0,0,0,0],[0,0,0,0]],""g"":[[0,0,0,0],[0,0,0,0],[0,23,14,30],[0,0,0,0]],""d"":20499}","g19810011",787,3,"0.00",0
4719,7130,"{""c"":[0.71,1],""m"":[[48.45,153,19,165],[28.4,77,4,80]],""t"":[[0,0,43,2],[0,0,0,0]],""g"":[[10.44,58,11,65],[0,0,0,0]],""d"":20486}","635230063",518,3,"0.00",0
4720,7131,"{""c"": [], ""m"": [], ""t"": [], ""g"": [], ""d"": null}","w63060003",NULL,1,"0.00",0
4721,7132,"{""c"":[0.43,0,0.57],""m"":[[54.76,326,9,335],[0,0,0,0],[7.38,18,2,20]],""t"":[[1.8,2.25,3,3],[0,0,0,0],[0,0,0,0]],""g"":[[0,0,0,0],[0,0,0,0],[0,0,0,0]],""d"":20496}","g09060023",780,4,"0.00",0
4722,7133,"{""c"":[0.43,0,0.57],""m"":[[6.65,27,3,30],[0,0,0,0],[1.59,33,7,40]],""t"":[[0,0,0,0],[0,0,0,0],[0,0,0,0]],""g"":[[0,0,0,0],[0,0,0,0],[0,0,0,0]],""d"":20496}","w63060003",NULL,4,"0.00",0
4723,7134,"{""c"":[0.14,0.29],""m"":[[7.6,95,6,100],[8.16,102,9,110]],""t"":[[0,0,0,0],[0,0,0,0]],""g"":[[0,0,0,0],[0,0,0,0]],""d"":20491}","w63060003",NULL,3,"0.00",0
4724,7135,"{""c"": [], ""m"": [], ""t"": [], ""g"": [], ""d"": null}","w63060003",NULL,3,"0.00",0
4727,7139,"{""c"":[0.57,0,0.57],""m"":[[3.69,36,4,40],[0,0,0,0],[0.7,7,3,10]],""t"":[[0,0,0,0],[0,0,0,0],[0,0,0,0]],""g"":[[0,0,0,0],[0,0,0,0],[0,0,0,0]],""d"":20496}","w63060003",NULL,4,"0.00",0
4730,7142,"{""c"": [], ""m"": [], ""t"": [], ""g"": [], ""d"": null}","w63060003",NULL,5,"0.00",0
4732,7144,"{""c"":[0.86],""m"":[[73.14,98,2,100]],""t"":[[0,0,0,0]],""g"":[[0,0,0,0]],""d"":20481}","w63060003",NULL,0,"0.00",0
4733,7145,"{""c"":[1],""m"":[[3.61,95,4,98]],""t"":[[0,0,0,0]],""g"":[[0,0,0,0]],""d"":20480}","x43770022",683,2,"0.00",0
4734,7146,"{""c"":[1],""m"":[[3.8,38,2,40]],""t"":[[0,0,0,0]],""g"":[[0,0,0,0]],""d"":20479}","w63060003",NULL,2,"0.00",0
4735,7147,"{""c"":[1],""m"":[[3.3,93,6,98]],""t"":[[0,0,0,0]],""g"":[[0,0,0,0]],""d"":20479}","w63060003",NULL,4,"0.00",0
4736,7148,"{""c"":[0],""m"":[[0,0,0,0]],""t"":[[0,0,0,0]],""g"":[[0,0,0,0]],""d"":20481}","w63060003",780,4,"0.00",0
4737,7149,"{""c"":[0.43,0.14,0.71],""m"":[[0,19,1,20],[0.56,8,2,10],[0,0,0,0]],""t"":[[0,0,0,0],[0,4.75,1,5],[0,0,0,0]],""g"":[[0,0,0,0],[0,0,0,0],[0,0,0,0]],""d"":20494}","w63060003",718,4,"0.00",3
4740,7153,"{""c"":[0.86],""m"":[[16.8,188,2,190]],""t"":[[0,0,0,0]],""g"":[[0,0,0,0]],""d"":20482}","w63060003",NULL,3,"0.00",0
4742,7155,"{""c"":[0.57,0,0.57],""m"":[[14.26,79,1,80],[0,0,0,0],[14.3,60,0,60]],""t"":[[0,0,0,0],[0,0,0,0],[0,0,0,0]],""g"":[[0,0,0,0],[0,0,0,0],[0,0,0,0]],""d"":20496}","w63060003",NULL,4,"0.00",0
4743,7156,"{""c"":[0.57,0,0.57],""m"":[[11.52,66,5,70],[0,0,0,0],[5.98,24,6,30]],""t"":[[0,0,0,0],[0,0,0,0],[0,0,0,0]],""g"":[[0,0,0,0],[0,0,0,0],[0,0,0,0]],""d"":20496}","w63060003",NULL,4,"0.00",0
4745,7158,"{""c"":[0.43,0.28,1],""m"":[[46.52,354,24,374],[34.44,216,8,224],[7.2,57,3,60]],""t"":[[0,0,0,0],[0,0,0,0],[0,0,0,0]],""g"":[[0,0,0,0],[0,0,0,0],[0,0,0,0]],""d"":20493}","w63060003",NULL,1,"0.00",0
4746,7159,"{""c"":[1],""m"":[[9.5,74,7,80]],""t"":[[0,0,0,0]],""g"":[[5.98,23,3,26]],""d"":20480}","w63060003",NULL,1,"0.00",0
4747,7160,"{""c"":[0,0.14,0.86],""m"":[[0,0,0,0],[2.94,33,4,35],[5.44,24,28,35]],""t"":[[0,0,0,0],[0,0,0,0],[0,0,0,0]],""g"":[[0,0,0,0],[0,0,0,0],[0,0,0,0]],""d"":20495}","w63060003",677,4,"0.00",0
4749,7162,"{""c"": [], ""m"": [], ""t"": [], ""g"": [], ""d"": null}","w63060003",NULL,4,"0.00",0
4751,7164,"{""c"":[1],""m"":[[4.89,63,10,68]],""t"":[[0,0,0,0]],""g"":[[0,0,0,0]],""d"":20479}","w63060003",NULL,2,"0.00",0
4752,7165,"{""c"":[0,0.86,0.71],""m"":[[12.78,313,14,324],[135.81,1130,97,1200],[0,0,0,0]],""t"":[[0,0,0,0],[0,0,0,0],[0,0,0,0]],""g"":[[0,0,0,0],[0,22,14,30],[0,0,0,0]],""d"":20494}","453062663",787,3,"0.00",0
4753,7166,"{""c"":[0.57,0,0.57],""m"":[[14.4,84,0,84],[0,0,0,0],[11.5,40,0,40]],""t"":[[0,0,0,0],[0,0,0,0],[0,0,0,0]],""g"":[[0,0,0,0],[0,0,0,0],[0,0,0,0]],""d"":20496}","w63060003",NULL,4,"0.00",0
4754,7167,"{""c"":[0,0,0.71],""m"":[[0,0,0,0],[0,0,0,0],[0,0,0,0]],""t"":[[0,0,0,0],[0,0,0,0],[0,0,0,0]],""g"":[[0,0,0,0],[0,0,0,0],[0,0,0,0]],""d"":20494}","w63060003",718,4,"0.00",0
4756,7169,"{""c"":[0],""m"":[[0,0,0,0]],""t"":[[0,0,0,0]],""g"":[[0,0,0,0]],""d"":20484}","w63060003",456,1,"0.00",0
4757,7170,"{""c"":[1],""m"":[[5.22,32,17,45]],""t"":[[0,0,0,0]],""g"":[[0,0,0,0]],""d"":20481}","w63060003",780,4,"0.00",0
4758,7171,"{""c"":[0.14,0.86],""m"":[[0.3,30,0,30],[0.17,17,4,20]],""t"":[[0,0,0,0],[0,0,0,0]],""g"":[[0,0,0,0],[0,0,0,0]],""d"":20487}","w63060003",NULL,1,"0.00",0
4759,7172,"{""c"":[1],""m"":[[0.4,40,0,40]],""t"":[[0,0,0,0]],""g"":[[0,0,0,0]],""d"":20479}","o71082703",683,2,"0.00",0
4760,7173,"{""c"":[0],""m"":[[0,0,0,0]],""t"":[[0,0,0,0]],""g"":[[0,0,0,0]],""d"":20484}","w63060003",456,1,"0.00",0
4761,7175,"{""c"":[0],""m"":[[0,0,0,0]],""t"":[[0,0,0,0]],""g"":[[0,0,0,0]],""d"":20484}","w63060003",456,1,"0.00",0
4762,7176,"{""c"":[0],""m"":[[0,0,0,0]],""t"":[[0,0,0,0]],""g"":[[0,0,0,0]],""d"":20484}","w63060003",456,1,"0.00",0
4763,7177,"{""c"":[0],""m"":[[0,0,0,0]],""t"":[[0,0,0,0]],""g"":[[0,0,0,0]],""d"":20484}","w63060003",456,1,"0.00",0
4764,7178,"{""c"":[0],""m"":[[0,0,0,0]],""t"":[[0,0,0,0]],""g"":[[0,0,0,0]],""d"":20484}","w63060003",456,1,"0.00",0
4765,7180,"{""c"":[0],""m"":[[0,0,0,0]],""t"":[[0,0,0,0]],""g"":[[0,0,0,0]],""d"":20484}","w63060003",456,1,"0.00",0
4766,7181,"{""c"":[0,0.28,0.86],""m"":[[22.56,688,5,693],[7.62,528,14,541],[6.72,244,9,252]],""t"":[[0,0,0,0],[0,0,0,0],[0,0,0,0]],""g"":[[16.39,149,2,151],[8.58,78,8,83],[4.95,45,1,46]],""d"":20495}","o28066c33",669,2,"53.00",0
4767,7182,"{""c"":[0,0,1],""m"":[[0,0,0,0],[0,0,0,0],[7.53,125,8,131]],""t"":[[0,0,0,0],[0,0,0,0],[0,0,0,0]],""g"":[[0,0,0,0],[0,0,0,0],[0,0,0,0]],""d"":20493}","j19071023",780,4,"0.00",0
4769,7184,"{""c"":[0.57,0,0.57],""m"":[[13.51,74,1,75],[0,0,0,0],[7.2,29,1,30]],""t"":[[0,0,0,0],[0,0,0,0],[0,0,0,0]],""g"":[[0,0,0,0],[0,0,0,0],[0,0,0,0]],""d"":20496}","w63060003",NULL,4,"0.00",0
4770,7185,"{""c"": [], ""m"": [], ""t"": [], ""g"": [], ""d"": null}","w63060003",NULL,4,"0.00",0
4771,7186,"{""c"":[0.43,0,1],""m"":[[33.94,286,14,300],[0,0,0,0],[3.42,19,1,20]],""t"":[[0,0,0,0],[0,0,0,0],[0,0,0,0]],""g"":[[0,0,0,0],[0,0,0,0],[0,0,0,0]],""d"":20493}","w63060003",791,3,"0.00",0
4772,7187,"{""c"":[0.57,0.43],""m"":[[12.23,148,43,170],[6.64,83,7,90]],""t"":[[0,0,0,0],[0,0,0,0]],""g"":[[0,0,0,0],[0,0,0,0]],""d"":20492}","w63060003",NULL,2,"0.00",0
4773,7188,"{""c"":[0],""m"":[[0,0,0,0]],""t"":[[0,0,0,0]],""g"":[[0,0,0,0]],""d"":20485}","w63060003",823,2,"0.00",0
4775,7191,"{""c"":[0,0.15,0.86],""m"":[[0,0,0,0],[3.04,38,2,40],[18.84,237,23,256]],""t"":[[0,0,0,0],[0,0,0,0],[0,0,0,0]],""g"":[[0,0,0,0],[0,0,0,0],[0,0,0,0]],""d"":20495}","c07880356",787,3,"0.00",0
4777,7195,"{""c"":[1],""m"":[[5.51,59,11,65]],""t"":[[0,0,0,0]],""g"":[[0,0,0,0]],""d"":20480}","w63060003",NULL,1,"0.00",0
4778,7196,"{""c"":[0,0.72,0.72],""m"":[[91.42,345,13,356],[72.36,268,4,271],[0,0,0,0]],""t"":[[0,0,0,0],[0,0,0,0],[0,0,4,1]],""g"":[[0,0,0,0],[0,0,0,0],[0.68,17,36,31]],""d"":20495}","c41254080",809,4,"0.00",0
4779,7198,"{""c"":[1],""m"":[[4.2,60,0,60]],""t"":[[0,0,0,0]],""g"":[[0,0,0,0]],""d"":20480}","w63060003",NULL,1,"0.00",0
4780,7199,"{""c"":[1],""m"":[[4.8,60,0,60]],""t"":[[0,0,0,0]],""g"":[[0,0,0,0]],""d"":20482}","o63063763",530,2,"0.00",0
4781,7200,"{""c"":[0.43,0.43],""m"":[[2.8,55,8,60],[0,0,0,0]],""t"":[[0,0,0,0],[0,0,0,0]],""g"":[[0,0,0,0],[0,0,0,0]],""d"":20489}","w63060b03",791,3,"0.00",0
4783,7202,"{""c"":[0.71,0.14,0.57],""m"":[[410.12,799,28,824],[0,0,0,0],[7.7,14,1,15]],""t"":[[9.34,5.75,34,11],[0,0,0,0],[0,0,0,0]],""g"":[[8.82,49,33,66],[7.56,42,7,49],[0,0,0,0]],""d"":20496}","345780005",674,3,"0.00",1
4784,7203,"{""c"":[0.71,0.57],""m"":[[0,0,0,0],[0,0,0,0]],""t"":[[0,0,37,1],[2.9,5,0,5]],""g"":[[0,0,0,0],[0,0,0,0]],""d"":20489}","w63060003",NULL,4,"0.00",0
4785,7204,"{""c"":[0,0.86],""m"":[[0,0,0,0],[10.22,248,18,260]],""t"":[[0,0,0,0],[0,0,0,0]],""g"":[[0,0,0,0],[0,0,0,0]],""d"":20488}","w63060003",530,2,"0.00",0
4786,7205,"{""c"":[1],""m"":[[42.61,670,33,700]],""t"":[[0,0,0,0]],""g"":[[4.95,45,4,48]],""d"":20482}","w63060003",530,2,"0.00",1
4787,7206,"{""c"":[1],""m"":[[9.7,97,3,100]],""t"":[[0,0,0,0]],""g"":[[0,0,0,0]],""d"":20487}","w63060003",NULL,2,"0.00",0
4788,7207,"{""c"":[0.29,0,1],""m"":[[0.95,19,1,20],[0,0,0,0],[0,18,3,20]],""t"":[[0,0,0,0],[0,0,0,0],[0,0,0,0]],""g"":[[0,0,0,0],[0,0,0,0],[0,0,0,0]],""d"":20493}","w63060003",NULL,4,"0.00",0
4790,7209,"{""c"":[0.44,0.14,0.71],""m"":[[9.66,147,3,149],[1.2,20,0,20],[0,0,0,0]],""t"":[[1.8,3.25,7,5],[0,0,0,0],[0,0,0,0]],""g"":[[0,0,0,0],[0,0,0,0],[0,0,0,0]],""d"":20494}","o23083923",718,4,"0.00",2
4795,7215,"{""c"":[1],""m"":[[0,0,0,0]],""t"":[[2.45,4.5,101,12]],""g"":[[0,0,0,0]],""d"":20480}","w63060003",NULL,4,"0.00",0
4796,7216,"{""c"":[1],""m"":[[0,0,0,0]],""t"":[[3.36,5.25,92,20]],""g"":[[0,0,0,0]],""d"":20480}","w63060003",NULL,4,"0.00",0
4797,7218,"{""c"":[1],""m"":[[0.2,20,0,20]],""t"":[[0,0,0,0]],""g"":[[0,0,0,0]],""d"":20480}","w63060003",NULL,1,"0.00",0
4798,7221,"{""c"":[1],""m"":[[0,156,20,164]],""t"":[[0,0,0,0]],""g"":[[0,0,0,0]],""d"":20481}","w63060003",NULL,5,"0.00",0
4799,7222,"{""c"":[0.71,0.58,0.72],""m"":[[70.9,843,141,930],[3.48,60,12,69],[1.7,34,7,40]],""t"":[[0.67,0.75,113,8],[0,0,0,0],[0,0,0,0]],""g"":[[1.28,32,112,69],[0.8,20,363,148],[1.12,28,358,158]],""d"":20496}","p48077853",646,4,"0.00",0
4801,7225,"{""c"":[1],""m"":[[5.5,59,1,60]],""t"":[[0,1.75,13,5]],""g"":[[0,0,0,0]],""d"":20480}","w63060003",NULL,3,"0.00",0
4802,7227,"{""c"":[0.57,0.86],""m"":[[1.76,176,5,181],[0,0,0,0]],""t"":[[79.26,97.25,7,99],[24.48,29.75,1,30]],""g"":[[9.02,82,10,89],[8.69,79,19,89]],""d"":20488}","w63060003",NULL,2,"0.00",0
4803,7229,"{""c"":[0,0.28,1],""m"":[[1.96,28,2,30],[10.09,115,6,120],[14.21,168,9,176]],""t"":[[0,0,0,0],[0,0,0,0],[0,0,0,0]],""g"":[[0,0,0,0],[6.38,58,2,60],[4.73,43,3,46]],""d"":20494}","p63066003",669,2,"0.00",0
4808,7235,"{""c"":[1],""m"":[[1.8,10,0,10]],""t"":[[0,0,0,0]],""g"":[[8.58,33,5,37]],""d"":20480}","w63060003",NULL,1,"0.00",0
4809,7236,"{""c"":[0.71,0.57,0.43],""m"":[[73.37,1283,29,1308],[195.4,3908,150,4037],[10,200,9,209,0.05]],""t"":[[0,0,0,0],[0,0,0,0],[2.52,3.5,16,7,0.86]],""g"":[[0,0,0,0],[0,0,0,0],[0,0,0,0,0]],""d"":20498}","o40082ba3",780,4,"0.00",0
4810,7237,"{""c"":[0,0,0.57],""m"":[[0,0,0,0],[0,0,0,0],[10.09,124,1,125,0.01]],""t"":[[0,0,0,0],[0,0,0,0],[0,0,0,0]],""g"":[[0,0,0,0],[0,0,0,0],[0,0,0,0]],""d"":20497}","o29171083",831,1,"0.00",1
4812,7239,"{""c"": [], ""m"": [], ""t"": [], ""g"": [], ""d"": null}","w63060003",NULL,4,"0.00",0
4814,7241,"{""c"":[0.43,0.44,1],""m"":[[14.1,282,8,290],[65.18,450,11,460],[52.38,194,6,200]],""t"":[[0,0,0,0],[0,0,0,0],[0,0,0,0]],""g"":[[0,0,0,0],[0,0,0,0],[0,0,0,0]],""d"":20493}","w63060003",NULL,4,"0.00",0
4815,7242,"{""c"":[0,0.29,1],""m"":[[12.89,254,6,260],[9.95,125,7,130],[3.9,37,3,40]],""t"":[[0,0,0,0],[0,0,0,0],[0,0,0,0]],""g"":[[0,0,0,0],[7.26,66,4,70],[5.94,54,6,60]],""d"":20493}","w63060003",669,2,"0.00",0
4817,7244,"{""c"":[0.57,0,0.29,1],""m"":[[5.34,99,30,112],[0,0,0,0],[2.5,171,7,177],[0,19,1,20,0]],""t"":[[0,0,0,0],[0,0,0,0],[0,0,0,0],[0,0,0,0,0]],""g"":[[0,0,0,0],[0,0,0,0],[0,0,0,0],[0,0,0,0,0]],""d"":20500}","w63060003",NULL,4,"0.00",0
4818,7245,"{""c"":[0,0.43,0.71],""m"":[[916.37,2819,238,2990],[139.76,458,24,480],[0,0,0,0]],""t"":[[0,0,12,2],[10.65,4.25,3,5],[0,0,0,0]],""g"":[[13.32,74,0,74],[12.78,71,6,76],[0,0,0,0]],""d"":20494}","v63139855",787,3,"0.00",0
4819,7246,"{""c"":[0.57,0.14,1],""m"":[[46.53,183,8,190],[24.3,63,6,69],[10.92,21,2,23]],""t"":[[0,0,0,0],[0,0,0,0],[0,0,0,0]],""g"":[[0,0,0,0],[0,0,0,0],[0,0,0,0]],""d"":20493}","663060241",682,3,"0.00",0
4820,7249,"{""c"":[1],""m"":[[0,76,13,86]],""t"":[[0,0,0,0]],""g"":[[0,0,0,0]],""d"":20480}","w63060003",NULL,3,"0.00",0
4821,7251,"{""c"":[0.71,0.29,0.86],""m"":[[28.04,481,4,485],[5.88,98,2,100],[24.27,367,1,368,0.06]],""t"":[[0,0,0,0],[0,0,0,0],[0,0,0,0]],""g"":[[0,0,0,0],[0,0,0,0],[0,0,0,0]],""d"":20497}","w63060003",NULL,4,"0.00",0
4823,7253,"{""c"":[1],""m"":[[11.57,373,17,384]],""t"":[[0,0,0,0]],""g"":[[0,0,0,0]],""d"":20482}","w63060003",NULL,4,"0.00",0
4824,7254,"{""c"":[0.86,0.43,0.86,1],""m"":[[48.97,947,21,967],[16.56,309,2,311],[55.47,754,22,774,0.25],[12.45,183,2,185,0.07]],""t"":[[0,0,0,0],[10.44,17,12,20],[2.25,1.75,1,2],[0,0,0,0,0]],""g"":[[2.16,54,24,68],[1.76,44,13,52],[0,0,0,0],[0,0,0,0,0]],""d"":20502}","w63060003",NULL,4,"0.00",0
4825,7255,"{""c"": [], ""m"": [], ""t"": [], ""g"": [], ""d"": null}","w63060003",NULL,2,"0.00",0
4826,7256,"{""c"":[0.57,0,0,0.86],""m"":[[62.54,265,70,290],[0,0,0,0,0],[0,0,0,0,0],[4.79,19,2,20,0.26]],""t"":[[0,0,0,0],[0,0,0,0,0],[0,0,0,0,0],[0,0,0,0,0]],""g"":[[4.16,130,28,148],[0,0,0,0,0],[0,0,0,0,0],[0,0,0,0,0]],""d"":20501}","w63060003",NULL,4,"0.00",0
4827,7257,"{""c"":[1],""m"":[[17.38,77,3,80]],""t"":[[0,0,0,0]],""g"":[[0,0,0,0]],""d"":20480}","w63060003",NULL,1,"0.00",0
4828,7258,"{""c"":[1],""m"":[[11.12,139,13,150]],""t"":[[0,0,0,0]],""g"":[[0,0,0,0]],""d"":20481}","w63060003",NULL,2,"0.00",0
4832,7262,"{""c"":[1],""m"":[[1.33,19,1,20]],""t"":[[0,0,0,0]],""g"":[[0,0,0,0]],""d"":20480}","w63060003",NULL,1,"0.00",0
4833,7263,"{""c"":[0.43,0.86],""m"":[[2.8,28,2,30],[6.5,65,2,67]],""t"":[[0,0,0,0],[0,0,0,0]],""g"":[[0,0,0,0],[11.66,106,12,115]],""d"":20487}","w63060003",NULL,2,"0.00",0
4835,7267,"{""c"":[0],""m"":[[2.94,14,0,14]],""t"":[[0,0,0,0]],""g"":[[0,0,0,0]],""d"":20480}","w64360556",405,3,"0.00",0
4836,7268,"{""c"":[0.86,0.86,0.71],""m"":[[355.64,1157,39,1192],[385.48,1366,37,1401],[0,0,0,0]],""t"":[[2.09,9.75,15,13],[9.4,6.25,11,9],[0,0,0,0]],""g"":[[0,0,0,0],[9.18,78,10,86],[0,0,0,0]],""d"":20494}","h48270022",787,3,"0.00",0
4837,7269,"{""c"":[0,0.42,0.86],""m"":[[0,0,0,0],[10.53,79,1,80],[3,50,0,50]],""t"":[[0,0,0,0],[7.74,11,135,33],[0,0,0,0]],""g"":[[0,0,0,0],[0,0,0,0],[0,0,0,0]],""d"":20494}","w63060003",830,4,"0.00",0
4838,7270,"{""c"":[0.29,0.43,0.71],""m"":[[9.71,83,3,85],[4.25,197,6,201],[27,504,17,520]],""t"":[[36.03,31.25,15,35],[38.65,34.5,50,45],[0,0,0,0]],""g"":[[0,0,0,0],[11.7,45,9,50],[0,0,0,0]],""d"":20496}","w63060003",NULL,1,"0.00",0
4839,7271,"{""c"":[0.43,0.29,0.86],""m"":[[166.95,315,14,327],[50.35,95,1,96],[104.94,198,5,203]],""t"":[[0,0,0,0],[0,0,0,0],[0,0,0,0]],""g"":[[0,0,0,0],[0,0,0,0],[0,0,0,0]],""d"":20495}","w63060003",NULL,0,"0.00",0
4840,7272,"{""c"":[1],""m"":[[2.66,38,2,40]],""t"":[[0,0,0,0]],""g"":[[0,0,0,0]],""d"":20480}","w63060003",NULL,1,"0.00",0
4841,7273,"{""c"":[0.86,0.71,0.86],""m"":[[888.92,2713,226,2910],[1417.16,4187,188,4360],[176.62,523,21,540]],""t"":[[0,0,0,0],[0,0,0,0],[0,0,0,0]],""g"":[[0,153,29,175],[0,22,14,30],[0,0,0,0]],""d"":20496}","k41870123",787,3,"0.00",0
4842,7274,"{""c"":[1],""m"":[[11.1,134,6,140]],""t"":[[0,0,0,0]],""g"":[[0,0,0,0]],""d"":20480}","w63060003",NULL,2,"0.00",0
4843,7275,"{""c"":[0,0.57,0.71],""m"":[[440.6,1353,165,1480],[316.76,973,110,1060],[0,0,0,0]],""t"":[[0,0,0,0],[0,0,0,0],[0,0,0,0]],""g"":[[0,0,0,0],[0,7,60,30],[0,0,0,0]],""d"":20494}","n57646944",787,3,"0.00",0
4845,7277,"{""c"":[0.57,0.15,0,0.71],""m"":[[12,180,0,180],[3.78,18,2,20],[0,0,0,0],[1.47,21,0,21,0.07]],""t"":[[12.79,11.25,3,12],[0,0,0,0],[0,0,0,0],[0,0,0,0,0]],""g"":[[17.68,68,16,80],[0,0,0,0],[0,0,0,0],[0,0,0,0,0]],""d"":20502}","q11169396",831,1,"0.00",0
4847,7279,"{""c"":[1,0.28,0.72],""m"":[[0,40,0,40],[0,0,0,0],[2.88,88,2,90]],""t"":[[0,0,0,0],[15.9,21.25,56,33],[0,0,0,0]],""g"":[[0,0,0,0],[0,0,0,0],[0,0,0,0]],""d"":20496}","641066006",830,4,"0.00",0
4848,7280,"{""c"":[0.29,0.57],""m"":[[3.24,58,2,60],[0.54,54,7,60]],""t"":[[0,0,0,0],[0,0,0,0]],""g"":[[0,0,0,0],[0,0,0,0]],""d"":20491}","w63060003",NULL,2,"0.00",0
4849,7282,"{""c"":[1],""m"":[[1.04,31,0,31]],""t"":[[0,0,0,0]],""g"":[[0,0,0,0]],""d"":20481}","w63060003",NULL,4,"0.00",0
4850,7283,"{""c"":[0.71,0.29,0.86],""m"":[[13.44,88,14,95],[7.52,32,3,35],[2.94,49,1,50]],""t"":[[2.1,2.25,9,4],[21.78,21.5,26,28],[0,0,0,0]],""g"":[[3.64,91,3,94],[0,0,0,0],[0,0,0,0]],""d"":20494}","0451827a3",830,4,"0.00",0
4851,7284,"{""c"":[0.29,0,0.86],""m"":[[2.96,37,4,40],[0,0,0,0],[8.64,108,15,120]],""t"":[[0,0,0,0],[0,0,0,0],[0,0,0,0]],""g"":[[0,0,0,0],[0,0,0,0],[0,0,0,0]],""d"":20494}","w63060003",NULL,3,"0.00",0
4852,7285,"{""c"":[0,0.43,0.86],""m"":[[0,0,0,0],[0,0,0,0],[3,70,0,70]],""t"":[[0,0,0,0],[9.48,8.75,249,31],[0,0,0,0]],""g"":[[0,0,0,0],[0,0,0,0],[0,0,0,0]],""d"":20494}","w63060003",830,4,"0.00",0
4853,7287,"{""c"":[0.43,0.71],""m"":[[3.2,40,1,41],[1.6,20,0,20]],""t"":[[0,0,0,0],[0,0,0,0]],""g"":[[0,0,0,0],[0,0,0,0]],""d"":20488}","w63060003",NULL,3,"0.00",0
4854,7288,"{""c"":[1],""m"":[[2.08,16,4,20]],""t"":[[0,0,0,0]],""g"":[[0,0,0,0]],""d"":20480}","w63060003",NULL,1,"0.00",0
4857,7291,"{""c"":[0],""m"":[[0,0,0,0]],""t"":[[0,0,0,0]],""g"":[[0,0,0,0]],""d"":20482}","w63060003",530,2,"0.00",0
4858,7292,"{""c"":[1],""m"":[[1.28,36,4,40]],""t"":[[0,0,0,0]],""g"":[[0,0,0,0]],""d"":20480}","w63060003",NULL,3,"0.00",0
4859,7293,"{""c"":[0,0.28,0.86],""m"":[[0,0,0,0],[0,0,0,0],[3,50,0,50]],""t"":[[0,0,0,0],[15.24,15.5,90,28],[0,0,0,0]],""g"":[[0,0,0,0],[0,0,0,0],[0,0,0,0]],""d"":20494}","6612510c3",830,4,"0.00",0
4860,7294,"{""c"":[0,0.14,0.86],""m"":[[0,0,0,0],[7.9,140,1,141],[0,0,0,0]],""t"":[[0,0,0,0],[0,0,0,0],[0,0,0,0]],""g"":[[0,0,0,0],[1.3,5,2,6],[0,0,0,0]],""d"":20493}","5180620a3",831,1,"0.00",0
4861,7295,"{""c"":[0.71,0.28,0.86],""m"":[[15.44,38,1,39],[0,0,0,0],[3,50,0,50]],""t"":[[0,0,0,0],[9.42,13,84,28],[0,0,0,0]],""g"":[[0,0,0,0],[0,0,0,0],[0,0,0,0]],""d"":20494}","0230610b3",830,4,"0.00",0
4863,7298,"{""c"":[1],""m"":[[15.8,158,39,180]],""t"":[[0,0,0,0]],""g"":[[0,0,0,0]],""d"":20480}","w63060003",NULL,2,"0.00",0
4865,7300,"{""c"":[1],""m"":[[2.96,37,7,40]],""t"":[[0,0,0,0]],""g"":[[0,0,0,0]],""d"":20480}","w63060003",NULL,3,"0.00",0
4866,7301,"{""c"":[0.71,0.28,0.86],""m"":[[17.52,199,13,206],[4.5,75,5,80],[1.2,20,0,20]],""t"":[[0,0,0,0],[0,0,0,0],[0,0,0,0]],""g"":[[0,0,0,0],[0,0,0,0],[0,0,0,0]],""d"":20494}","w63060003",NULL,4,"0.00",0
4867,7302,"{""c"":[0.43,0.71],""m"":[[2,20,0,20],[6.28,114,74,140]],""t"":[[0,0,0,0],[0,0,0,0]],""g"":[[0,0,0,0],[0,0,0,0]],""d"":20488}","w63060003",530,2,"0.00",0
4869,7305,"{""c"":[1],""m"":[[6.65,95,5,100]],""t"":[[0,0,0,0]],""g"":[[0,0,0,0]],""d"":20480}","w63060003",NULL,1,"0.00",0
4870,7306,"{""c"":[0.71,0.28,0.86],""m"":[[16.5,208,8,214],[4.74,79,1,80],[1.08,18,5,20]],""t"":[[0,0,0,0],[0,0,0,0],[0,0,0,0]],""g"":[[0,0,0,0],[0,0,0,0],[0,0,0,0]],""d"":20494}","w63060003",NULL,4,"0.00",0
4871,7307,"{""c"":[1],""m"":[[0.24,24,1,25]],""t"":[[0,0,0,0]],""g"":[[0,0,0,0]],""d"":20480}","w63060003",NULL,1,"0.00",0
4872,7308,"{""c"":[0.57,0.42,0.43,0.86],""m"":[[6.55,75,76,85],[55.27,316,51,340],[58.68,219,20,235],[11.34,34,13,40,0.33]],""t"":[[0,0,0,0],[2.1,3,313,23],[0,0,0,0],[0,0,0,0,0]],""g"":[[0,0,0,0],[0,0,0,0],[0,0,0,0],[0,0,0,0,0]],""d"":20501}","w63060003",830,4,"0.00",0
4873,7309,"{""c"":[1],""m"":[[23.8,145,3,148]],""t"":[[0,0,0,0]],""g"":[[0,0,0,0]],""d"":20482}","w63060003",NULL,3,"0.00",0
4874,7310,"{""c"":[0.57,0.14,0.71],""m"":[[23.49,286,22,307],[4.2,48,4,52],[19.28,224,12,234]],""t"":[[0,0,0,0],[0,0,0,0],[0,0,0,0]],""g"":[[0,0,0,0],[0,0,0,0],[0,0,0,0]],""d"":20495}","w63060003",NULL,2,"0.00",0
4875,7311,"{""c"":[0,0.28,0,1],""m"":[[2.05,5,0,5],[2.38,17,4,20],[0,0,0,0,0],[0,0,0,0,0]],""t"":[[0,0.5,2,1],[1.44,3,8,5],[0,0,0,0,0],[1.45,2.5,6,5,0.58]],""g"":[[0,0,0,0],[4.64,116,50,144],[0,0,0,0,0],[0,0,0,0,0]],""d"":20500}","w63060063",801,4,"0.00",0
4876,7312,"{""c"":[0.43,0.14,0.86],""m"":[[4.15,55,0,55],[0.9,18,3,20],[1.8,36,0,36]],""t"":[[0,0,0,0],[0,0,0,0],[0,0,0,0]],""g"":[[0,0,0,0],[0,0,0,0],[0,0,0,0]],""d"":20494}","w63060003",NULL,4,"0.00",0
4877,7313,"{""c"":[1],""m"":[[0,20,0,20]],""t"":[[0,0,0,0]],""g"":[[0,0,0,0]],""d"":20480}","w63060003",NULL,4,"0.00",0
4878,7314,"{""c"":[0.86,0.43,0,1],""m"":[[245.14,954,65,1006],[74.12,218,5,223],[0,0,0,0,0],[5.6,20,0,20,0.28]],""t"":[[13.34,5.5,104,17],[0,0,0,0],[0,0,0,0,0],[0,0,0,0,0]],""g"":[[29.52,164,44,186],[0,0,0,0],[0,0,0,0,0],[5.04,28,8,32,0.18]],""d"":20500}","k61152923",791,3,"0.00",0
4879,7315,"{""c"":[0.58,0.57,0.86],""m"":[[1.6,59,1,60],[113.54,338,45,370],[45.22,133,8,140]],""t"":[[0,0,0,0],[0,0,0,0],[0,0,0,0]],""g"":[[0,0,0,0],[0,23,15,30],[0,0,0,0]],""d"":20494}","x466706c0",787,3,"0.00",0
4880,7316,"{""c"": [], ""m"": [], ""t"": [], ""g"": [], ""d"": null}","w63060003",NULL,2,"0.00",0
4881,3276,"{""c"":[0.43,0.28],""m"":[[17.12,214,7,220],[24.51,77,4,80]],""t"":[[0,0,0,0],[0,0,0,0]],""g"":[[0,0,0,0],[0,0,0,0]],""d"":20492}","w63060003",NULL,3,"0.00",0
4884,7318,"{""c"":[0.86,0.42,0.86],""m"":[[27.14,468,9,476],[52.69,953,11,960],[3.85,77,1,77]],""t"":[[2.16,4,4,5],[6.3,4.25,3,5],[9.36,14,4,15]],""g"":[[0,0,0,0],[0,0,0,0],[0,0,0,0]],""d"":20496}","w63060003",NULL,4,"0.00",0
4885,7320,"{""c"": [], ""m"": [], ""t"": [], ""g"": [], ""d"": null}","w63060003",NULL,2,"0.00",0
4886,7321,"{""c"": [], ""m"": [], ""t"": [], ""g"": [], ""d"": null}","w63060003",NULL,4,"0.00",0
4887,7322,"{""c"":[0,0.14,0.86],""m"":[[6.37,49,1,50],[0.58,58,2,60],[0,0,0,0]],""t"":[[0,0,0,0],[0,0,0,0],[0,0,0,0]],""g"":[[0,0,0,0],[0,0,0,0],[0,0,0,0]],""d"":20493}","w63060003",831,1,"0.00",0
4888,7323,"{""c"":[1,1],""m"":[[186.43,2210,131,2320],[5.85,45,6,50]],""t"":[[10.78,14,17,17],[0,0,0,0]],""g"":[[0,0,0,0],[0,0,0,0]],""d"":20486}","g15760043",683,2,"0.00",0
4889,7324,"{""c"":[0,0.14,1],""m"":[[0,0,0,0],[0.57,57,3,60],[3.79,36,5,40]],""t"":[[0,0,0,0],[0,0,0,0],[0,0,0,0]],""g"":[[0,0,0,0],[0,0,0,0],[4.4,40,14,46]],""d"":20493}","k63086743",669,2,"0.00",0
4890,2252,"{""c"":[0,1],""m"":[[0.5,30,0,30],[6.79,78,34,95]],""t"":[[0,0,0,0],[0,0,0,0]],""g"":[[0,0,0,0],[8.69,79,16,89]],""d"":20495}","w63060003",814,2,"0.00",0
4891,7325,"{""c"":[0,0,0.44],""m"":[[0,0,0,0],[0,0,0,0],[0,0,0,0]],""t"":[[1.8,1.75,44,5],[0,0,0,0],[0,0,0,0]],""g"":[[0,0,0,0],[0,0,0,0],[0,0,0,0]],""d"":20496}","w63060003",737,4,"0.00",0
4894,7328,"{""c"":[0.71,0.86],""m"":[[4.9,98,2,100],[1.2,20,0,20]],""t"":[[0,0,0,0],[0,0,0,0]],""g"":[[0,0,0,0],[0,0,0,0]],""d"":20487}","w63060003",NULL,4,"0.00",0
4900,7335,"{""c"":[0.86,0.71,1],""m"":[[43.06,447,9,456],[82.42,441,37,455],[53.12,275,76,291]],""t"":[[0,4,4,5],[0,0,0,0],[0,0,0,0]],""g"":[[0,0,0,0],[0,0,0,0],[0,0,0,0]],""d"":20496}","w63060003",NULL,4,"0.00",0
4901,7336,"{""c"": [], ""m"": [], ""t"": [], ""g"": [], ""d"": null}","w63060003",NULL,1,"0.00",0
4902,7337,"{""c"":[0,1],""m"":[[14.26,100,7,105],[3.64,28,2,30]],""t"":[[0,0,0,0],[0,0,0,0]],""g"":[[0,0,0,0],[0,0,0,0]],""d"":20486}","w63060003",565,1,"0.00",0
4903,7338,"{""c"":[0.71,0.42],""m"":[[34.19,412,23,429],[8.01,130,15,141]],""t"":[[0,0,0,0],[0,0,0,0]],""g"":[[0,0,0,0],[0,0,0,0]],""d"":20492}","w63060003",NULL,4,"0.00",0
4909,7346,"{""c"":[0.57,0.71],""m"":[[212.05,3246,34,3280],[0,0,0,0]],""t"":[[0,0,0,0],[0,0,0,0]],""g"":[[0,0,0,0],[0,0,0,0]],""d"":20487}","v20380433",817,4,"0.00",0
4911,7349,"{""c"": [], ""m"": [], ""t"": [], ""g"": [], ""d"": null}","w63060003",NULL,2,"0.00",0
4912,7350,"{""c"":[1],""m"":[[0.7,36,5,40]],""t"":[[0,0,0,0]],""g"":[[0,0,0,0]],""d"":20483}","w63060003",NULL,2,"0.00",0
4919,7360,"{""c"":[0,0,0.86],""m"":[[0,0,0,0],[0,0,0,0],[0,0,0,0]],""t"":[[0,0,0,0],[0,0,0,0],[0,0,0,0]],""g"":[[0,0,0,0],[0,0,0,0],[0,0,0,0]],""d"":20493}","w63060003",831,1,"0.00",0
4920,7361,"{""c"":[1],""m"":[[4.59,30,6,36]],""t"":[[8.94,11.5,32,19]],""g"":[[0,0,0,0]],""d"":20490}","e41081403",801,4,"0.00",0
4921,7362,"{""c"":[1],""m"":[[0.99,99,1,100,0.01]],""t"":[[0,0,0,0,0]],""g"":[[0,0,0,0,0]],""d"":20497}","w63060003",NULL,1,"0.00",0
4926,7368,"{""c"":[0,0,0.86],""m"":[[0,0,0,0],[0,0,0,0],[0.2,20,0,20]],""t"":[[0,0,0,0],[0,0,0,0],[0,0,0,0]],""g"":[[0,0,0,0],[0,0,0,0],[0,0,0,0]],""d"":20494}","w63060003",530,2,"0.00",0
4927,7369,"{""c"": [], ""m"": [], ""t"": [], ""g"": [], ""d"": null}","w63060003",530,2,"0.00",0
4929,7371,"{""c"":[1],""m"":[[0.2,20,0,20]],""t"":[[0,0,0,0]],""g"":[[0,0,0,0]],""d"":20481}","w63060003",NULL,1,"0.00",0
4930,7372,"{""c"":[0.72,0.28,0.86],""m"":[[1.6,40,0,40],[11.5,149,1,150],[4,38,2,40]],""t"":[[0,0,0,0],[0,0,0,0],[0,0,0,0]],""g"":[[0,0,0,0],[0,0,0,0],[4.62,42,5,46]],""d"":20495}","463161b03",669,2,"51.00",0
4931,7373,"{""c"":[0,0.14,1],""m"":[[7.6,290,8,297],[0,0,0,0],[3.87,37,3,40]],""t"":[[0,0,0,0],[0,0,0,0],[0,0,0,0]],""g"":[[4.4,40,13,49],[1.76,16,0,16],[8.36,76,2,78]],""d"":20493}","w63060003",669,2,"0.00",0
4932,7374,"{""c"":[0.57,0.86],""m"":[[0.19,19,1,20],[2.52,49,3,50]],""t"":[[0,0,0,0],[0,0,0,0]],""g"":[[0,0,0,0],[0,0,0,0]],""d"":20487}","w63060003",NULL,2,"0.00",0
4934,7376,"{""c"":[0.43,0.71],""m"":[[11.51,179,15,190],[3.05,45,6,50]],""t"":[[0,0,0,0],[0,0,0,0]],""g"":[[0,0,0,0],[0,0,0,0]],""d"":20488}","w63060003",NULL,1,"0.00",0
4935,7377,"{""c"":[0.58,0.29,0.71],""m"":[[1.6,117,3,120],[0,39,1,40],[0,0,0,0]],""t"":[[0,0,0,0],[0,0,0,0],[0,0,0,0]],""g"":[[0,0,0,0],[0,0,0,0],[0,0,0,0]],""d"":20494}","k43560083",787,3,"0.00",0
4936,7378,"{""c"":[1],""m"":[[0.19,19,1,20]],""t"":[[0,0,0,0]],""g"":[[0,0,0,0]],""d"":20481}","w63060003",NULL,1,"0.00",0
4937,7380,"{""c"":[1],""m"":[[3.8,38,4,41]],""t"":[[0,0,0,0]],""g"":[[0,0,0,0]],""d"":20483}","w63060003",NULL,2,"0.00",0
4938,7381,"{""c"": [], ""m"": [], ""t"": [], ""g"": [], ""d"": null}","w63060003",NULL,2,"0.00",0
4939,7383,"{""c"":[0],""m"":[[5.4,20,0,20]],""t"":[[0,0,0,0]],""g"":[[0,0,0,0]],""d"":20482}","o850607b3",679,4,"0.00",0
4940,7386,"{""c"":[1],""m"":[[2.2,75,0,75]],""t"":[[0,0,0,0]],""g"":[[0,0,0,0]],""d"":20481}","w63060003",NULL,4,"0.00",0
4942,7389,"{""c"":[0,0,0.71],""m"":[[0,0,0,0],[0,0,0,0],[0,0,0,0]],""t"":[[0,0,0,0],[0,0,0,0],[0,0,0,0]],""g"":[[0,0,0,0],[0,0,0,0],[0,0,0,0]],""d"":20494}","g47445024",674,3,"0.00",0
4943,7391,"{""c"":[1,0.14,0.71],""m"":[[18.09,67,3,70],[1.08,18,2,20],[0,0,0,0]],""t"":[[0,0,0,0],[1.5,2.25,27,5],[0,0,0,0]],""g"":[[0,0,0,0],[0,0,0,0],[0,0,0,0]],""d"":20494}","w63060003",718,4,"0.00",0
4944,7392,"{""c"":[0.72,0.86],""m"":[[21.72,289,13,300],[9.28,111,16,120]],""t"":[[0,0,0,0],[43.44,36,41,44]],""g"":[[0,0,0,0],[0,0,0,0]],""d"":20488}","w63060003",NULL,2,"0.00",0
4946,7394,"{""c"":[1],""m"":[[3.87,39,1,40]],""t"":[[0,0,0,0]],""g"":[[6.24,24,0,24]],""d"":20481}","w63060003",NULL,1,"0.00",0
4948,7396,"{""c"":[1],""m"":[[2.94,14,11,20]],""t"":[[0,0,0,0]],""g"":[[0,0,0,0]],""d"":20481}","w63060003",NULL,4,"0.00",0
4949,7397,"{""c"":[1,0.28,0.86],""m"":[[7.83,48,2,50],[0,0,0,0],[2.94,49,1,50]],""t"":[[0,0,0,0],[9.9,10.25,119,28],[0,0,0,0]],""g"":[[0,0,0,0],[0,0,0,0],[0,0,0,0]],""d"":20494}","w65270983",830,4,"0.00",0
4950,7398,"{""c"":[0,0,0.86],""m"":[[2,40,0,40],[0,0,0,0],[25.95,519,14,530]],""t"":[[0,1,13,3],[0,0,0,0],[0,0,0,0]],""g"":[[0,0,0,0],[0,0,0,0],[0,0,0,0]],""d"":20495}","w63060003",720,4,"0.00",0
4953,7401,"{""c"":[0.57,0.14,1],""m"":[[85.2,907,3,910],[4,40,0,40],[4.2,60,0,60]],""t"":[[9.3,10,0,10],[3.32,4.5,2,5],[0,0,0,0]],""g"":[[0,0,0,0],[0,0,0,0],[0,0,0,0]],""d"":20493}","k36070003",669,2,"0.00",0
4955,7403,"{""c"":[0,0.14,0.86],""m"":[[0,0,0,0],[0.39,39,1,40],[0,0,0,0]],""t"":[[0,0,0,0],[0,0,0,0],[0,0,0,0]],""g"":[[0,0,0,0],[0,0,0,0],[0,0,0,0]],""d"":20493}","4630622a3",831,1,"0.00",0
4956,7404,"{""c"":[1],""m"":[[0,60,0,60]],""t"":[[0,0,0,0]],""g"":[[0,0,0,0]],""d"":20492}","w63060003",NULL,5,"0.00",0
4958,7406,"{""c"":[0],""m"":[[16.91,345,12,355]],""t"":[[0,0,0,0]],""g"":[[0,0,0,0]],""d"":20482}","p76063023",780,4,"0.00",0
4962,7415,"{""c"":[0.43,0.15,0.57],""m"":[[3.04,38,6,40],[7.16,84,20,99],[9.4,104,25,119]],""t"":[[0,0,0,0],[0,0,0,0],[0,0,0,0]],""g"":[[0,0,0,0],[0,0,0,0],[0,0,0,0]],""d"":20496}","w63060003",NULL,3,"0.00",0
4963,7418,"{""c"":[0,0,0.86],""m"":[[0,0,0,0],[0,0,0,0],[0,0,0,0]],""t"":[[0,0,0,0],[0,0,0,0],[0,0,0,0]],""g"":[[0,0,0,0],[0,0,0,0],[0,0,0,0]],""d"":20493}","w63060003",831,1,"0.00",0
4964,7419,"{""c"":[0.57],""m"":[[7.6,76,6,80]],""t"":[[0,0,0,0]],""g"":[[0,0,0,0]],""d"":20485}","w63060003",NULL,2,"0.00",0
4965,7420,"{""c"":[0,0.71],""m"":[[1.7,34,11,40],[0,0,0,0]],""t"":[[3.25,7.5,10,10],[0,0,0,0]],""g"":[[0,0,0,0],[0,0,0,0]],""d"":20487}","w63060003",720,4,"0.00",0
4966,7421,"{""c"":[0,0.28,0.72],""m"":[[0,0,0,0],[0,80,0,80],[0,0,0,0]],""t"":[[0,0,0,0],[11.36,16.5,28,23],[0,0,0,0]],""g"":[[0,0,0,0],[0,0,0,0],[0,0,0,0]],""d"":20494}","o64172ba3",830,4,"0.00",0
4967,7422,"{""c"":[0.72,0.42],""m"":[[42.24,180,5,185],[11.07,47,4,50]],""t"":[[0,0,77,5],[0,0,0,0]],""g"":[[0,0,0,0],[0,0,0,0]],""d"":20492}","p81062793",720,4,"0.00",0
4969,7425,"{""c"":[0,0,0.86],""m"":[[13.06,99,81,120],[0,0,0,0],[0,0,0,0]],""t"":[[0,0,0,0],[0,0,0,0],[0,0,0,0]],""g"":[[0,0,0,0],[0,0,0,0],[0,0,0,0]],""d"":20493}","421088ba3",831,1,"0.00",0
4971,7427,"{""c"":[0.43,0,0.86],""m"":[[0.64,64,1,65],[0,0,0,0],[0,0,0,0]],""t"":[[0,0,0,0],[0,0,0,0],[0,0,0,0]],""g"":[[0,0,0,0],[0,0,0,0],[0,0,0,0]],""d"":20493}","p280640a3",831,1,"0.00",0
4974,7430,"{""c"":[0.71,0.43,0.43],""m"":[[5.72,473,2,475],[34.66,580,5,585],[0,0,0,0,0]],""t"":[[4.63,4.75,1,5],[0,0,0,0],[0,0,0,0,0]],""g"":[[0,0,0,0],[0,0,0,0],[0,0,0,0,0]],""d"":20496}","w63360cb3",721,2,"0.00",0
4977,7434,"{""c"":[0.72,0.14,0,0.86],""m"":[[1.64,43,2,45],[0,0,0,0],[0,0,0,0,0],[0,0,0,0,0]],""t"":[[0,0,0,0],[0,0,0,0],[0,0,0,0,0],[0,0,11,2,0.72]],""g"":[[7.6,190,270,296],[3.56,89,46,117],[0,0,0,0,0],[3.52,88,15,98,0.04]],""d"":20501}","w63060003",720,4,"0.00",0
4978,7435,"{""c"":[0.43,0,0.71],""m"":[[41.25,75,4,78],[0,0,0,0],[0,0,0,0]],""t"":[[0,0,0,0],[0,0,0,0],[0,0,0,0]],""g"":[[0,0,0,0],[0,0,0,0],[0,0,0,0]],""d"":20494}","w62270985",674,3,"0.00",0
4979,7436,"{""c"":[1],""m"":[[22.86,18,2,20]],""t"":[[0,0,0,0]],""g"":[[0,0,0,0]],""d"":20481}","w63060003",NULL,0,"0.00",0
4980,7437,"{""c"":[0.57,0.71],""m"":[[11.03,120,40,145],[0,0,0,0]],""t"":[[0.65,1.25,62,12],[0,0,0,0]],""g"":[[0,0,0,0],[0,0,0,0]],""d"":20487}","w63060003",720,4,"0.00",0
4982,7439,"{""c"":[0,0.86],""m"":[[0,0,0,0],[14.76,36,12,40]],""t"":[[0,0,0,0],[2.69,10.5,25,15]],""g"":[[0,0,0,0],[0,0,0,0]],""d"":20487}","w63060003",720,4,"0.00",0
4985,7442,"{""c"":[0,0.71],""m"":[[1.96,14,7,20],[46.69,327,11,335]],""t"":[[0,0,0,0],[3.24,8,22,12]],""g"":[[0,0,0,0],[0.64,16,13,21]],""d"":20491}","w63060003",720,4,"0.00",0
4986,7444,"{""c"":[0.43,0.15,0,0.86],""m"":[[0,0,0,0],[0,0,0,0],[0,0,0,0,0],[0,0,0,0,0]],""t"":[[3.32,4.5,2,5],[2.07,3.75,5,5],[0,0,0,0,0],[0,0,0,0,0]],""g"":[[0,0,0,0],[0,0,0,0],[0,0,0,0,0],[0,0,0,0,0]],""d"":20500}","x61010466",778,2,"0.00",0
4989,7447,"{""c"":[0.86,0,0.86],""m"":[[14.21,299,4,303],[0,0,0,0],[0,0,0,0]],""t"":[[3.28,3,8,5],[0,0,0,0],[0,0,0,0]],""g"":[[0,0,0,0],[0,0,0,0],[0,0,0,0]],""d"":20493}","o88162b93",831,1,"0.00",0
4990,7448,"{""c"":[1],""m"":[[0,40,0,40]],""t"":[[0,0,0,0]],""g"":[[2.16,54,25,68]],""d"":20481}","w63060003",NULL,4,"0.00",0
4991,7449,"{""c"":[0,0,0.43],""m"":[[0,0,0,0],[0,0,0,0,0],[0,0,0,0,0]],""t"":[[0,0,0,0],[0,0,0,0,0],[0,0.5,5,3,0]],""g"":[[0,0,0,0],[0,0,0,0,0],[0,0,0,0,0]],""d"":20497}","t13060970",780,4,"0.00",0
4992,7450,"{""c"":[1],""m"":[[1.8,18,2,20]],""t"":[[0,0,0,0]],""g"":[[0,0,0,0]],""d"":20489}","w63060003",NULL,2,"0.00",0
4993,7451,"{""c"":[0],""m"":[[0,0,0,0]],""t"":[[0,0,0,0]],""g"":[[0,0,0,0]],""d"":20482}","k62466023",779,3,"0.00",0
4994,7454,"{""c"":[0.86,0.29,0.15],""m"":[[14.61,586,15,600],[3.99,228,5,232],[0,0,0,0,0]],""t"":[[25.31,35.25,27,42],[4.56,5.75,1,6],[0,0,0,0,0]],""g"":[[0,0,0,0],[0,0,0,0],[0,0,0,0,0]],""d"":20498}","063168bc3",615,2,"0.00",1
4995,7455,"{""c"":[0],""m"":[[0.6,21,1,22]],""t"":[[0,0,0,0]],""g"":[[0,0,0,0]],""d"":20482}","g63060023",780,4,"0.00",0
4997,7457,"{""c"":[0.86],""m"":[[1.8,60,0,60]],""t"":[[0,0,0,0]],""g"":[[0,0,0,0]],""d"":20485}","w63060003",NULL,2,"0.00",0
4998,7458,"{""c"":[1],""m"":[[2.86,39,1,40]],""t"":[[0,0,0,0]],""g"":[[0,0,0,0]],""d"":20481}","w63060003",NULL,2,"0.00",0
4999,7459,"{""c"":[0],""m"":[[0,0,0,0]],""t"":[[0,0,0,0]],""g"":[[0,0,0,0]],""d"":20485}","w63060003",823,2,"0.00",0
5000,7460,"{""c"":[0],""m"":[[0,0,0,0]],""t"":[[0,0,0,0]],""g"":[[0,0,0,0]],""d"":20481}","w63060003",801,4,"0.00",0
5001,7461,"{""c"":[0.57,0.28,0.86],""m"":[[3.15,54,1,55],[0,0,0,0],[3,50,0,50]],""t"":[[0,0,0,0],[13.68,15.5,91,28],[0,0,0,0]],""g"":[[0,0,0,0],[0,0,0,0],[0,0,0,0]],""d"":20494}","w63060003",830,4,"0.00",0
5002,7462,"{""c"":[1],""m"":[[4.96,76,4,80]],""t"":[[1.97,4.75,1,5]],""g"":[[0,0,0,0]],""d"":20481}","w63060003",NULL,1,"0.00",0
5003,7463,"{""c"":[1],""m"":[[1.52,19,1,20]],""t"":[[0,0,0,0]],""g"":[[0,0,0,0]],""d"":20487}","w63060003",NULL,2,"0.00",0
5006,7466,"{""c"":[1],""m"":[[0,20,0,20]],""t"":[[0,0,0,0]],""g"":[[0,0,0,0]],""d"":20481}","q88074753",780,4,"0.00",0
5007,7467,"{""c"": [], ""m"": [], ""t"": [], ""g"": [], ""d"": null}","w63060003",NULL,1,"0.00",0
5008,7468,"{""c"":[1,0.57,0.86],""m"":[[186.45,1380,39,2405],[102.51,1421,19,1437],[48.9,976,26,999,0.05]],""t"":[[0,0,0,0],[0,0,0,0],[0,0,0,0]],""g"":[[0,0,0,0],[0,0,0,0],[0,0,0,0]],""d"":20497}","p23082003",780,4,"5.00",1
5010,7470,"{""c"":[0.86,0.14,0.15],""m"":[[41.74,864,30,888],[2.8,28,3,30],[0,0,0,0,0]],""t"":[[0.41,1.5,43,6],[0,0,0,0],[0,0,0,0,0]],""g"":[[0.33,3,2,5],[0,0,0,0],[0,0,0,0,0]],""d"":20498}","w63060003",615,2,"0.00",0
5012,7472,"{""c"":[0.43,0,0.71],""m"":[[21.61,160,2,162],[0,0,0,0],[5.32,19,1,20]],""t"":[[0,0,0,0],[0,0,0,0],[0,0,0,0]],""g"":[[0,0,0,0],[0,0,0,0],[0,0,0,0]],""d"":20495}","w63060003",NULL,3,"0.00",0
5013,7473,"{""c"":[0.43,1],""m"":[[10.6,20,0,20],[38.4,60,0,60]],""t"":[[0,0,0,0],[0,0,0,0]],""g"":[[0,0,0,0],[0,0,0,0]],""d"":20486}","w63060003",NULL,0,"0.00",0
5014,7474,"{""c"":[1],""m"":[[1.31,84,2,85]],""t"":[[0,0,0,0]],""g"":[[0,0,0,0]],""d"":20481}","w63060003",NULL,2,"0.00",0
5015,7476,"{""c"":[1],""m"":[[2.6,20,0,20]],""t"":[[0,0,0,0]],""g"":[[0,0,0,0]],""d"":20481}","w63060003",NULL,1,"0.00",0
5016,7477,"{""c"":[0,0.71],""m"":[[0,0,0,0],[0,0,0,0]],""t"":[[0,0,0,0],[0,0,0,0]],""g"":[[0,0,0,0],[0,0,0,0]],""d"":20487}","w63060003",590,4,"0.00",0
5017,7478,"{""c"":[0,0.14,0.86],""m"":[[0,0,0,0],[0.53,53,9,60],[0,0,0,0]],""t"":[[0,0,0,0],[0,0,0,0],[0,0,0,0]],""g"":[[0,0,0,0],[0,0,0,0],[0,0,0,0]],""d"":20493}","0483820a6",831,1,"0.00",0
5018,7479,"{""c"": [], ""m"": [], ""t"": [], ""g"": [], ""d"": null}","w63060003",NULL,1,"0.00",0
5019,7480,"{""c"":[1],""m"":[[1.64,38,3,40]],""t"":[[0,0,0,0]],""g"":[[0,0,0,0]],""d"":20481}","w63060003",NULL,2,"0.00",0
5020,7481,"{""c"":[0,0.29,0.86],""m"":[[0,0,0,0],[68.43,859,25,879],[0,0,0,0]],""t"":[[0,0,0,0],[0,0,0,0],[0,0,0,0]],""g"":[[0,0,0,0],[0,0,0,0],[0,0,0,0]],""d"":20493}","048714b23",831,1,"0.00",0
5021,7482,"{""c"":[0.71,0,0.86],""m"":[[25.46,325,11,335],[0,0,0,0],[0,0,0,0]],""t"":[[0,0,0,0],[0,0,0,0],[0,0,0,0]],""g"":[[0,0,0,0],[0,0,0,0],[0,0,0,0]],""d"":20493}","s63060043",831,1,"0.00",0
5022,7483,"{""c"":[0.57,0.15,0.58],""m"":[[0,141,4,145],[3.15,55,0,55],[0,19,1,20]],""t"":[[0,0,0,0],[0,0,0,0],[0,0,0,0]],""g"":[[0,0,0,0],[0,0,0,0],[0,0,0,0]],""d"":20496}","w63060003",830,4,"0.00",1
5023,7485,"{""c"":[0.86,0.28,0.86],""m"":[[4.21,421,16,430],[1.59,159,6,165],[0,0,0,0]],""t"":[[0,0,0,0],[0,0,0,0],[0,0,0,0]],""g"":[[0,0,0,0],[0,0,0,0],[0,0,0,0]],""d"":20493}","p63063083",831,1,"0.00",0
5024,7486,"{""c"":[1],""m"":[[2.08,13,2,15]],""t"":[[0,0,0,0]],""g"":[[0,0,0,0]],""d"":20481}","w63060003",NULL,1,"0.00",0
5025,7487,"{""c"":[1,0.28,0.86],""m"":[[30.23,277,14,289],[0,0,0,0],[3,50,0,50]],""t"":[[0,0,0,0],[16.68,18,46,28],[0,0,0,0]],""g"":[[0,0,0,0],[0,0,0,0],[0,0,0,0]],""d"":20494}","q23012046",830,4,"0.00",0
5026,7488,"{""c"":[0],""m"":[[0,0,0,0]],""t"":[[0,0,0,0]],""g"":[[0,0,0,0]],""d"":20485}","p18066ca6",823,2,"0.00",0
5028,7490,"{""c"":[0,0.14,0.86],""m"":[[0,0,0,0],[0,19,1,20],[2.94,49,1,50]],""t"":[[0,0,0,0],[0,0,0,0],[0,0,0,0]],""g"":[[0,0,0,0],[0,0,0,0],[0,0,0,0]],""d"":20494}","w63060003",830,4,"0.00",0
5029,7491,"{""c"":[0.86,0.28,0.86],""m"":[[2.94,31,8,35],[5.82,55,6,60],[12.05,212,5,217]],""t"":[[0,0,0,0],[17.7,19.5,34,28],[0,0,0,0]],""g"":[[2.08,52,11,61],[4.92,123,24,136],[0,0,0,0]],""d"":20494}","p230610a3",830,4,"0.00",0
5030,7492,"{""c"":[0.57,0.14,0.43],""m"":[[25.16,250,17,260],[0,0,0,0],[3.77,36,4,40,0.11]],""t"":[[0,0,0,0],[0,0,0,0],[0,0,0,0,0]],""g"":[[9.57,87,7,92],[1.32,12,15,20],[4.62,42,13,49,0.11]],""d"":20497}","w63060003",669,2,"54.00",0
5031,7493,"{""c"": [], ""m"": [], ""t"": [], ""g"": [], ""d"": null}","w63060003",NULL,4,"0.00",0
5032,7494,"{""c"": [], ""m"": [], ""t"": [], ""g"": [], ""d"": null}","w63060003",NULL,3,"0.00",0
5033,7496,"{""c"":[0.43,0.28,0.86],""m"":[[1.4,20,0,20],[0,0,0,0],[2.88,48,2,50]],""t"":[[0,0,0,0],[24.96,22.75,24,28],[0,0,0,0]],""g"":[[0,0,0,0],[0,0,0,0],[0,0,0,0]],""d"":20494}","p230640a3",830,4,"0.00",0
5034,7497,"{""c"": [], ""m"": [], ""t"": [], ""g"": [], ""d"": null}","w63060003",NULL,3,"0.00",0
5035,7498,"{""c"": [], ""m"": [], ""t"": [], ""g"": [], ""d"": null}","w63060003",NULL,2,"0.00",0
5036,7499,"{""c"":[0.71,0.14,0.57,1],""m"":[[4.78,18,2,20],[1.26,9,9,15],[2.66,14,1,15],[1.54,11,6,15,0.14]],""t"":[[0,0,10,2],[0,0,0,0],[0.6,0.75,137,12],[0,0,0,0,0]],""g"":[[0,0,0,0],[0,0,0,0],[1.2,30,64,41],[0.92,23,93,58,0.04]],""d"":20500}","w63060003",812,4,"0.00",0
5037,7500,"{""c"":[0.86,0.14,0.86],""m"":[[0,20,0,20],[0,0,0,0],[2.88,48,2,50]],""t"":[[0,0,0,0],[0.6,1.25,82,10],[0,0,0,0]],""g"":[[0,0,0,0],[0,0,0,0],[0,0,0,0]],""d"":20494}","w65880983",830,4,"0.00",0
5038,7503,"{""c"":[1],""m"":[[3.6,20,0,20]],""t"":[[0,0,0,0]],""g"":[[0,0,0,0]],""d"":20482}","w63060003",NULL,1,"0.00",0
5039,7504,"{""c"": [], ""m"": [], ""t"": [], ""g"": [], ""d"": null}","w63060003",NULL,4,"0.00",0
5040,7505,"{""c"":[1],""m"":[[0,0,0,0]],""t"":[[0,4.25,3,5]],""g"":[[0,0,0,0]],""d"":20496}","w63060003",NULL,4,"0.00",0
5043,7510,"{""c"": [], ""m"": [], ""t"": [], ""g"": [], ""d"": null}","w63060003",NULL,3,"0.00",0
5044,7511,"{""c"":[1],""m"":[[0,20,0,20]],""t"":[[0,5,4,6]],""g"":[[0,0,0,0]],""d"":20495}","w63060003",NULL,3,"0.00",0
5045,7512,"{""c"":[0,0,0,1],""m"":[[0,0,0,0],[0,0,0,0,0],[0,0,0,0,0],[2.24,16,8,20,0.14]],""t"":[[0,0,0,0],[0,0,0,0,0],[0,0,0,0,0],[0,0,0,0,0]],""g"":[[0,0,0,0],[0,0,0,0,0],[0,0,0,0,0],[0,0,0,0,0]],""d"":20500}","w63060003",801,4,"0.00",0
5046,7513,"{""c"": [], ""m"": [], ""t"": [], ""g"": [], ""d"": null}","w63060003",NULL,3,"0.00",0
5049,7516,"{""c"":[0,0.43,0.71],""m"":[[48.66,189,14,200],[23.8,65,7,70],[0,0,0,0]],""t"":[[0,0,0,0],[0,0,0,0],[0,0,0,0]],""g"":[[0,0,0,0],[0,12,43,28],[0,0,0,0]],""d"":20494}","o51062043",787,3,"0.00",0
5050,7517,"{""c"":[0,0.86],""m"":[[11.61,329,27,354],[0,0,0,0,0]],""t"":[[0,0,0,0],[0,0,0,0,0]],""g"":[[1.96,49,59,77],[0,0,0,0,0]],""d"":20500}","w63060003",715,4,"0.00",0
5052,7520,"{""c"": [], ""m"": [], ""t"": [], ""g"": [], ""d"": null}","w63060003",NULL,4,"0.00",0
5053,7521,"{""c"": [], ""m"": [], ""t"": [], ""g"": [], ""d"": null}","w63060003",NULL,4,"0.00",0
5055,7524,"{""c"":[0.43,0.43,0.86],""m"":[[0.09,1,0,1],[8.45,117,0,117],[0,0,0,0,0]],""t"":[[0,0,0,0],[13.8,13,18,16],[0,0,0,0,0]],""g"":[[0,0,0,0],[2.96,74,6,77],[0,0,0,0,0]],""d"":20500}","325066c03",715,4,"0.00",0
5056,7527,"{""c"":[0,0,0.71],""m"":[[3.15,15,0,15],[0,0,0,0],[0,0,0,0]],""t"":[[0,0,0,0],[0,0,0,0],[0,0,0,0]],""g"":[[0,0,0,0],[0,0,0,0],[0,0,0,0]],""d"":20494}","w63060003",718,4,"0.00",0
5058,7529,"{""c"":[1],""m"":[[5.4,40,0,40]],""t"":[[0,0,0,0]],""g"":[[0,0,0,0]],""d"":20482}","w63060003",NULL,4,"0.00",0
5059,7530,"{""c"":[0],""m"":[[0,0,0,0]],""t"":[[0,0,0,0]],""g"":[[0,0,0,0]],""d"":20481}","613060003",801,4,"0.00",0
5060,7531,"{""c"":[0.29,0.14,0.86],""m"":[[9.07,107,19,120],[2.47,13,2,15],[6.01,21,6,25,0.29]],""t"":[[1.51,1.75,16,5],[0,0,0,0],[1.5,1.25,25,6,1.12]],""g"":[[0,0,0,0],[0,0,0,0],[0,0,0,0,0]],""d"":20501}","w63060003",801,4,"0.00",0
5061,7532,"{""c"":[1],""m"":[[1.66,38,2,40]],""t"":[[0,0,0,0]],""g"":[[0,0,0,0]],""d"":20484}","w63060003",NULL,2,"0.00",0
5063,7536,"{""c"":[1,0.72,0.57,0.86],""m"":[[66.76,331,14,345],[59.15,239,14,250],[30.95,123,7,130,0.26],[0,0,0,0,0]],""t"":[[0,3.5,8,5],[2.64,4,29,10],[0,0,0,0],[23.84,26.25,36,40,0.94]],""g"":[[0,0,0,0],[3.48,87,9,93],[2.2,55,15,64],[0,0,0,0,0]],""d"":20502}","k63050003",806,4,"0.00",0
5064,7542,"{""c"":[1],""m"":[[0,20,0,20]],""t"":[[0,0,0,0]],""g"":[[0,0,0,0]],""d"":20482}","w63060003",NULL,4,"0.00",0
5065,7544,"{""c"":[0.86,0,0.86],""m"":[[0.19,19,1,20],[0,0,0,0],[0,0,0,0]],""t"":[[0,0,0,0],[0,0,0,0],[0,0,0,0]],""g"":[[0,0,0,0],[0,0,0,0],[0,0,0,0]],""d"":20493}","p48065783",831,1,"0.00",0
5066,7545,"{""c"":[0.72,0.14,1],""m"":[[2,38,2,40],[2.8,40,0,40],[4.2,40,0,40]],""t"":[[0,0,0,0],[0,0,0,0],[0,0,0,0]],""g"":[[0,0,0,0],[7.04,64,2,66],[4.84,44,2,46]],""d"":20493}","645750436",669,2,"0.00",0
5067,7546,"{""c"":[1],""m"":[[9.8,98,0,98]],""t"":[[0,0,0,0]],""g"":[[0,0,0,0]],""d"":20482}","w63060003",NULL,3,"0.00",0
5068,7547,"{""c"":[0.57,0.86],""m"":[[0.2,20,0,20],[3.6,20,0,20]],""t"":[[0,0,0,0],[0,0,0,0]],""g"":[[0,0,0,0],[0,0,0,0]],""d"":20487}","w63060003",NULL,1,"0.00",0
5069,7548,"{""c"":[0.57,0.43,0.71],""m"":[[1.59,159,1,160],[9.52,572,5,577],[4.92,267,6,272]],""t"":[[0,0,0,0],[1.24,2.25,30,6],[0,0,0,0]],""g"":[[0,0,0,0],[13.2,120,52,143],[0,0,0,0]],""d"":20495}","w63060003",NULL,2,"0.00",0
5070,7550,"{""c"":[1],""m"":[[1.7,17,3,20]],""t"":[[0,0,0,0]],""g"":[[0,0,0,0]],""d"":20482}","w63060003",NULL,3,"0.00",0
5071,7551,"{""c"":[1],""m"":[[0,20,0,20]],""t"":[[0,0,0,0]],""g"":[[0,0,0,0]],""d"":20482}","w63060003",NULL,4,"0.00",0
5072,7552,"{""c"":[1],""m"":[[26.05,531,18,547]],""t"":[[9.2,4.25,3,5]],""g"":[[0,0,0,0]],""d"":20482}","w63060003",NULL,1,"0.00",0
5073,7553,"{""c"":[0.57,0.14,1],""m"":[[2.96,37,4,40],[2.96,37,3,40],[0.2,20,0,20]],""t"":[[0,0,0,0],[0,0,0,0],[0,0,0,0]],""g"":[[0,0,0,0],[0,0,0,0],[0,0,0,0]],""d"":20493}","w63060003",NULL,2,"0.00",0
5074,7554,"{""c"":[0.86,0.43,0.71,0.86],""m"":[[83.3,433,9,442],[22.91,108,5,113],[55.77,211,3,214,0.27],[6.48,24,0,24,0.27]],""t"":[[0,0,0,0],[0.9,1.25,15,4],[1.8,2.5,70,12],[0,0,0,0,0]],""g"":[[0,0,0,0],[0,0,0,0],[0,0,0,0],[0,0,0,0,0]],""d"":20501}","k41082906",812,4,"0.00",0
5076,7556,"{""c"":[1],""m"":[[1.62,6,0,6]],""t"":[[0,0,0,0]],""g"":[[0.92,23,13,30]],""d"":20482}","w63060003",NULL,4,"0.00",0
5077,7557,"{""c"":[0.86,0.29,0.86],""m"":[[19.52,171,19,188],[5.75,97,5,100],[2.8,40,0,40]],""t"":[[0,0,0,0],[0,0,0,0],[0,0,0,0]],""g"":[[0,0,0,0],[0,0,0,0],[0,0,0,0]],""d"":20494}","x47760322",774,4,"0.00",0
5078,7558,"{""c"":[0,1],""m"":[[0,0,0,0],[12.02,63,2,65]],""t"":[[0,0,0,0],[0,0,0,0]],""g"":[[3.32,83,13,89],[7.2,180,70,218]],""d"":20487}","p687740a3",801,4,"0.00",0
5079,7559,"{""c"":[0.57,0.14,0.71],""m"":[[2.52,12,5,15],[2.87,7,3,10],[0,0,0,0]],""t"":[[0.72,2.25,12,5],[0,0,0,0],[0,0,0,0]],""g"":[[0,0,0,0],[0,0,0,0],[0,0,0,0]],""d"":20494}","w63060003",718,4,"0.00",0
5080,7560,"{""c"":[0.57,0.71],""m"":[[0,0,0,0],[0,0,0,0]],""t"":[[2.88,11.5,19,16],[0,0,0,0]],""g"":[[0,0,0,0],[0,0,0,0]],""d"":20487}","w63060003",720,4,"0.00",0
5082,7563,"{""c"":[0.71,1],""m"":[[21.65,340,17,357],[9.05,145,4,149]],""t"":[[0,0.25,11,2],[0,0,0,0]],""g"":[[0,0,0,0],[0,0,0,0]],""d"":20487}","b417807b2",780,4,"0.00",0
5083,7564,"{""c"":[1],""m"":[[1.52,19,1,20]],""t"":[[0,0,0,0]],""g"":[[0,0,0,0]],""d"":20482}","w63060003",NULL,2,"0.00",0
5084,7566,"{""c"":[1],""m"":[[3.69,48,2,50]],""t"":[[0,0,0,0]],""g"":[[0,0,0,0]],""d"":20482}","w63060003",NULL,4,"0.00",0
5086,7568,"{""c"":[0],""m"":[[0,0,0,0]],""t"":[[0,0,0,0]],""g"":[[0,0,0,0]],""d"":20481}","w63060003",801,4,"0.00",0
5088,7571,"{""c"":[1],""m"":[[0,57,3,60]],""t"":[[0,0,0,0]],""g"":[[0,0,0,0]],""d"":20482}","w63060003",NULL,3,"0.00",0
5089,7572,"{""c"":[0.57,0,0.57],""m"":[[4.16,16,0,16],[0,0,0,0],[0,0,0,0]],""t"":[[0,0,0,0],[0,0,0,0],[0,0,0,0]],""g"":[[0,0,0,0],[0,0,0,0],[0,0,0,0]],""d"":20495}","w63060003",644,4,"0.00",0
5090,7574,"{""c"":[1],""m"":[[2.88,36,4,40]],""t"":[[0,0,0,0]],""g"":[[0,0,0,0]],""d"":20482}","w63060003",NULL,3,"0.00",0
5091,7575,"{""c"":[0.72,0.29,0.14,0.86],""m"":[[10.25,181,19,200],[11.04,453,7,460],[7.25,155,5,160],[0,0,0,0,0]],""t"":[[6.22,8.75,5,10],[4.33,4,8,6],[0,0,0,0],[0,0,0,0,0]],""g"":[[0,0,0,0],[0,0,0,0],[0,0,0,0],[0,0,0,0,0]],""d"":20500}","o58066283",778,2,"0.00",0
5092,7576,"{""c"":[0.86,0.14,0,1],""m"":[[48.25,661,43,700],[8.19,117,3,120],[0,0,0,0,0],[5.6,80,0,80,0.07]],""t"":[[0,0,0,0],[0,0,0,0],[0,0,0,0,0],[0,0,0,0,0]],""g"":[[0,0,0,0],[0,0,0,0],[0,0,0,0,0],[0,0,0,0,0]],""d"":20500}","w63060003",NULL,1,"0.00",0
5093,7577,"{""c"": [], ""m"": [], ""t"": [], ""g"": [], ""d"": null}","w63060003",NULL,0,"0.00",0
5125,7609,"{""c"":[0,0.3,0.01,0.86],""m"":[[0,0,0,0],[2.52,54,7,60],[0,0,0,0],[0,0,0,0,0]],""t"":[[0,0,0,0],[0,0,0,0],[0,0,0,0],[0,0,0,0,0]],""g"":[[0,0,0,0],[0,0,0,0],[0,0,0,0],[0,0,0,0,0]],""d"":20500}","q688690c3",806,4,"0.00",0
5126,7610,"{""c"":[0.71,0.71],""m"":[[150.56,1201,11,1212],[15.84,99,1,100]],""t"":[[0,0,0,0],[0,0,0,0]],""g"":[[0,0,0,0],[0,0,0,0]],""d"":20488}","w63060003",NULL,1,"0.00",0
5127,7611,"{""c"":[1],""m"":[[2.43,27,8,32]],""t"":[[0,0,0,0]],""g"":[[0,0,0,0]],""d"":20485}","w20167543",801,4,"0.00",0
5128,7612,"{""c"":[0.71,0.72,0.57,0.86],""m"":[[6.12,34,9,40],[127.61,376,17,390],[87.33,213,5,218],[0,0,0,0,0]],""t"":[[4.32,7.75,9,10],[20.25,28.5,47,40],[72.36,101.75,77,130,0.72],[6.48,9,3,10,0.72]],""g"":[[0,0,0,0],[0,0,0,0],[0,0,0,0],[0,0,0,0,0]],""d"":20501}","028086043",806,4,"0.00",0
5129,7613,"{""c"":[0.71,0.86],""m"":[[5.34,146,15,160],[1.14,95,8,103]],""t"":[[6.47,7.25,15,10],[0,0,0,0]],""g"":[[7.26,66,6,72],[0,0,0,0]],""d"":20487}","w63060003",NULL,2,"0.00",0
5130,7614,"{""c"": [], ""m"": [], ""t"": [], ""g"": [], ""d"": null}","w63060003",NULL,3,"0.00",0
5131,7615,"{""c"":[0.71,0,0.86],""m"":[[0.6,60,0,60],[0,0,0,0],[0,0,0,0]],""t"":[[0,0,0,0],[0,0,0,0],[0,0,0,0]],""g"":[[6.24,24,1,25],[0,0,0,0],[0,0,0,0]],""d"":20493}","p18086c43",831,1,"0.00",0
5132,7616,"{""c"":[0.57,0.57,0.86],""m"":[[0,0,0,0],[0,51,7,58],[5.22,190,32,210]],""t"":[[0,0,35,1],[0.96,7.75,100,17],[0.6,2.75,65,14]],""g"":[[0,0,0,0],[0,0,0,0],[0,0,0,0]],""d"":20496}","p74070b63",830,4,"0.00",0
5134,7619,"{""c"":[0,0.15,0.43],""m"":[[1.9,19,1,20],[2.8,40,0,40],[0,0,0,0]],""t"":[[0.83,1,0,1],[16.89,11.5,8,13],[0,0,0,0]],""g"":[[0,0,0,0],[3.74,34,1,35],[0,0,0,0]],""d"":20496}","113065043",807,2,"0.00",0
5135,7620,"{""c"":[0.71,0.14,0.43,0.86],""m"":[[2.8,60,0,60],[0,0,0,0],[13.92,169,9,178],[0,0,0,0,0]],""t"":[[0,0,0,0],[0,0,0,0],[7.92,10.5,20,15],[0,0,0,0,0]],""g"":[[0,0,0,0],[0.08,2,0,2],[2.76,69,9,77],[0,0,0,0,0]],""d"":20500}","n57640074",715,4,"0.00",0
5136,7621,"{""c"": [], ""m"": [], ""t"": [], ""g"": [], ""d"": null}","w63060003",NULL,1,"0.00",0
5137,7622,"{""c"":[0.71,0,0.71],""m"":[[2.05,44,1,45],[0,0,0,0],[0,0,0,0]],""t"":[[0,0,0,0],[0,0,0,0],[0,0,0,0]],""g"":[[0,0,0,0],[0,0,0,0],[0,0,0,0]],""d"":20494}","w63060003",718,4,"0.00",0
5138,7623,"{""c"":[0,0.16,0.15,0.86],""m"":[[0,0,0,0],[0,0,0,0],[0,0,0,0],[0,0,0,0,0]],""t"":[[0,0,0,0],[1.8,3.75,5,5],[2.7,3,12,5],[0,0,0,0,0]],""g"":[[0,0,0,0],[0,0,0,0],[0,0,0,0],[0,0,0,0,0]],""d"":20500}","q280764a3",806,4,"0.00",0
5139,7624,"{""c"":[0.86,0.71],""m"":[[137.91,231,10,240],[56.96,77,3,80]],""t"":[[0,0,0,0],[0,0,0,0]],""g"":[[0,0,0,0],[0,0,0,0]],""d"":20489}","w63060003",NULL,0,"0.00",0
5140,7625,"{""c"":[0,0.57,0.14,0.86],""m"":[[1.9,19,1,20],[12,225,5,230],[2,20,0,20],[2.75,25,8,30,0.11]],""t"":[[0,0,0,0],[3.04,3.25,3,4],[0,0,0,0],[0,0,0,0,0]],""g"":[[0,0,0,0],[6.82,62,3,65],[0,0,0,0],[0,0,0,0,0]],""d"":20501}","p651617a3",807,2,"40.00",0
5142,7627,"{""c"":[0,0.15,0.43],""m"":[[0,0,0,0],[0,0,0,0],[0,0,0,0]],""t"":[[0,0,0,0],[0.83,1,0,1],[0,0,0,0]],""g"":[[0,0,0,0],[0,0,0,0],[0,0,0,0]],""d"":20496}","w63060003",807,2,"0.00",0
5143,7628,"{""c"": [], ""m"": [], ""t"": [], ""g"": [], ""d"": null}","w63060003",NULL,2,"0.00",0
5146,7631,"{""c"":[0,0.42,0.86],""m"":[[0,0,0,0],[0,0,0,0],[2.88,48,2,50]],""t"":[[0,0,0,0],[6,6,219,28],[0,0,0,0]],""g"":[[0,0,0,0],[0,0,0,0],[0,0,0,0]],""d"":20494}","t07460122",830,4,"0.00",0
5147,7632,"{""c"":[0.57,0.43,0.86],""m"":[[6.67,39,1,40],[11.42,90,5,95],[11.76,56,6,60]],""t"":[[0,0,27,5],[36.08,23.5,6,25],[29.52,20,8,22]],""g"":[[3.38,13,21,23],[7.54,29,2,31],[5.98,23,8,30]],""d"":20495}","w17400483",733,1,"0.00",0
5149,7634,"{""c"":[0.86,0.29,0.86],""m"":[[0,20,0,20],[0,0,0,0],[3,50,0,50]],""t"":[[0,0,0,0],[4.68,5.75,204,28],[0,0,0,0]],""g"":[[0,0,0,0],[0,0,0,0],[0,0,0,0]],""d"":20494}","w63060003",830,4,"0.00",0
5150,7635,"{""c"":[0.57,0.15,0.71],""m"":[[4.1,10,0,10],[2,40,0,40],[25.48,49,1,50]],""t"":[[0,0,0,0],[0,0,0,0],[0,0,0,0]],""g"":[[0,0,0,0],[0,0,0,0],[0,0,0,0]],""d"":20495}","w63060003",NULL,3,"0.00",0
5151,7637,"{""c"":[0,0.15,0.43],""m"":[[1.19,99,1,100],[0.96,96,7,100],[0,0,0,0]],""t"":[[0,0,0,0],[0,0,45,3],[0,0,0,0]],""g"":[[0,0,0,0],[2.86,26,116,79],[0,0,0,0]],""d"":20496}","605366086",807,2,"0.00",0
5152,7638,"{""c"":[0.86,1],""m"":[[17.65,151,4,155],[3.64,28,2,30]],""t"":[[0,0,0,0],[0,0,0,0]],""g"":[[0,0,0,0],[0,0,0,0]],""d"":20486}","w63060003",NULL,1,"0.00",0
5153,7639,"{""c"":[0],""m"":[[0,0,0,0]],""t"":[[0,0,0,0]],""g"":[[0,0,0,0]],""d"":20484}","w63060003",456,1,"0.00",0
5154,7640,"{""c"":[0],""m"":[[0,0,0,0]],""t"":[[0,0,0,0]],""g"":[[0,0,0,0]],""d"":20484}","w63060003",NULL,1,"0.00",0
5155,7641,"{""c"":[0],""m"":[[0,0,0,0]],""t"":[[0,0,0,0]],""g"":[[0,0,0,0]],""d"":20484}","w63060003",NULL,1,"0.00",0
5156,7642,"{""c"":[0],""m"":[[0,0,0,0]],""t"":[[0,0,0,0]],""g"":[[0,0,0,0]],""d"":20484}","w63060003",NULL,1,"0.00",0
5157,7643,"{""c"":[0],""m"":[[0,0,0,0]],""t"":[[0,0,0,0]],""g"":[[0,0,0,0]],""d"":20484}","w63060003",NULL,1,"0.00",0
5158,7644,"{""c"":[0],""m"":[[0,0,0,0]],""t"":[[0,0,0,0]],""g"":[[0,0,0,0]],""d"":20484}","w63060003",NULL,1,"0.00",0
5159,7645,"{""c"":[0,0.15],""m"":[[0,0,0,0],[0,0,0,0,0]],""t"":[[0,0,0,0],[0,0,0,0,0]],""g"":[[0,0,0,0],[0,0,0,0,0]],""d"":20498}","w63060003",615,2,"0.00",0
5161,7648,"{""c"": [], ""m"": [], ""t"": [], ""g"": [], ""d"": null}","w63060003",801,4,"0.00",0
5162,7649,"{""c"":[0.43,0.71],""m"":[[39.78,399,12,410],[0,0,0,0]],""t"":[[0,0,0,0],[0,0,0,0]],""g"":[[0,0,0,0],[0,0,0,0]],""d"":20494}","w63060003",803,2,"0.00",0
5163,7650,"{""c"":[1],""m"":[[10.6,20,0,20]],""t"":[[0,0,0,0]],""g"":[[0,0,0,0]],""d"":20483}","w63060003",NULL,0,"0.00",0
5165,7653,"{""c"":[0,0.15,0.43],""m"":[[0,0,0,0],[2.18,159,1,160],[0,0,0,0]],""t"":[[0,0,0,0],[0,0,0,0],[0,0,0,0]],""g"":[[0,0,0,0],[0,0,0,0],[0,0,0,0]],""d"":20496}","w63060003",807,2,"0.00",0
5166,6291,"{""c"":[0,0.44,0.86],""m"":[[9.87,35,17,45],[32.84,192,25,207],[7.94,65,5,70]],""t"":[[0.8,1,53,7],[0,0,43,4],[0,0,0,0]],""g"":[[0,0,0,0],[2.16,54,101,103],[2.16,54,69,92]],""d"":20495}","c600608c3",768,4,"0.00",0
5168,6361,"{""c"":[0,0.29,0.86],""m"":[[0,0,0,0],[10.22,41,7,45],[8.34,67,4,70]],""t"":[[0,0,35,2],[0,3.75,54,7],[0,0,0,0]],""g"":[[0,0,0,0],[0,0,0,0],[0.68,17,8,23]],""d"":20495}","403082086",768,4,"0.00",0
5170,7654,"{""c"":[0,0.29,0.57],""m"":[[0,0,0,0],[5.86,87,3,90],[4,49,1,50]],""t"":[[0,0,0,0],[0.41,0.75,6,2],[0,0,0,0]],""g"":[[0,0,0,0],[2.31,21,4,24],[0,0,0,0]],""d"":20496}","x01170866",807,2,"0.00",0
5171,7655,"{""c"": [], ""m"": [], ""t"": [], ""g"": [], ""d"": null}","w63060003",NULL,2,"0.00",0
5172,7658,"{""c"":[0],""m"":[[0,0,0,0,0]],""t"":[[0,0,0,0,0]],""g"":[[0,0,0,0,0]],""d"":20500}","x48080986",715,2,"0.00",0
5185,7669,"{""c"": [], ""m"": [], ""t"": [], ""g"": [], ""d"": null}","w63060003",NULL,2,"0.00",0
5186,7670,"{""c"": [], ""m"": [], ""t"": [], ""g"": [], ""d"": null}","w63060003",NULL,2,"0.00",0
5189,7675,"{""c"": [], ""m"": [], ""t"": [], ""g"": [], ""d"": null}","w63060003",NULL,2,"0.00",0
5191,7678,"{""c"":[1],""m"":[[5.04,58,2,60]],""t"":[[0,0,0,0]],""g"":[[0,0,0,0]],""d"":20483}","w63060003",NULL,2,"0.00",0
5192,7679,"{""c"":[0,0.57],""m"":[[0,0,0,0],[0,0,0,0]],""t"":[[0,0,0,0],[0,0,0,0]],""g"":[[0,0,0,0],[0,0,0,0]],""d"":20488}","w63060003",781,4,"0.00",0
5193,7680,"{""c"": [], ""m"": [], ""t"": [], ""g"": [], ""d"": null}","w63060003",781,4,"0.00",0
5194,7681,"{""c"":[0,0.29],""m"":[[0,0,0,0],[1.68,6,4,10,0.28]],""t"":[[0,0,0,0],[0,0,0,0,0]],""g"":[[0,0,0,0],[0,0,0,0,0]],""d"":20498}","w63060013",781,4,"0.00",0
5195,7682,"{""c"": [], ""m"": [], ""t"": [], ""g"": [], ""d"": null}","o780610c3",781,4,"0.00",0
5196,7683,"{""c"":[1,0.29,0.43,1],""m"":[[47.15,513,53,555],[11.1,57,7,62],[3.5,53,8,60,0],[11.55,195,15,208,0.06]],""t"":[[0.48,1,15,4],[0,0.5,10,3],[0.72,1,6,3,0.72],[0,0,0,0,0]],""g"":[[0,0,0,0],[0,0,0,0],[0,0,0,0],[0,0,0,0,0]],""d"":20500}","6687604c6",799,4,"0.00",0
5197,7684,"{""c"":[0.86],""m"":[[0.84,25,46,35]],""t"":[[0,0,0,0]],""g"":[[1.72,43,125,77]],""d"":20485}","w63060003",NULL,4,"0.00",0
5198,7685,"{""c"":[1,0.14,0.57],""m"":[[2.03,29,1,30],[3,30,0,30],[9.45,251,9,256,0.03]],""t"":[[0,0,0,0],[0,0,0,0],[0,0,0,0]],""g"":[[0,0,0,0],[0,0,0,0],[0,0,0,0]],""d"":20497}","w63060003",NULL,2,"0.00",0
5199,7688,"{""c"":[0,0.15,0.43],""m"":[[0.27,27,0,27],[4.23,85,2,87],[0,0,0,0]],""t"":[[0,0,0,0],[0,0,0,0],[0,0,0,0]],""g"":[[0,0,0,0],[0,0,0,0],[0,0,0,0]],""d"":20496}","j65080033",807,2,"0.00",0
5201,7690,"{""c"":[0.72,0.3,0.01,0.86],""m"":[[15.35,75,5,80],[16.95,52,1,53],[0,0,0,0],[0,0,0,0,0]],""t"":[[0,0,0,0],[0,0,0,0],[0,0,0,0],[0,0,0,0,0]],""g"":[[0,0,0,0],[0,0,0,0],[0,0,0,0],[0,0,0,0,0]],""d"":20500}","x40030023",806,4,"0.00",0
5202,7691,"{""c"":[0.86,0.29,0,1],""m"":[[1.7,17,7,20],[5.5,71,18,80],[0,0,0,0,0],[0,0,0,0,0]],""t"":[[0,0,0,0],[0,0,0,0],[0,0,0,0,0],[3.73,4.5,1,5,0.83]],""g"":[[0,0,0,0],[0,0,0,0],[0,0,0,0,0],[0,0,0,0,0]],""d"":20500}","w63060003",NULL,2,"0.00",0
5204,7693,"{""c"":[0,0.15,0,0.86],""m"":[[0,0,0,0],[1.2,30,13,40],[0,0,0,0,0],[3.08,28,2,30,0.11]],""t"":[[0,0,0,0],[0,0,0,0],[0,0,0,0,0],[0,0,0,0,0]],""g"":[[0,0,0,0],[0,0,0,0],[0,0,0,0,0],[0,0,0,0,0]],""d"":20501}","k56700033",805,2,"14.00",0
5205,7694,"{""c"":[1,0.86],""m"":[[13.45,244,25,264],[2,20,0,20]],""t"":[[0,0,0,0],[0,0,0,0]],""g"":[[10.56,96,69,134],[0,0,0,0]],""d"":20487}","p411867a3",805,2,"0.00",0
5206,7695,"{""c"":[0,0.01,0.58],""m"":[[0,0,0,0],[0,0,0,0],[1.74,36,6,40]],""t"":[[0,0,0,0],[0,0,0,0],[0,0,0,0]],""g"":[[0,0,0,0],[0,0,0,0],[1.54,14,30,27]],""d"":20496}","165165083",807,2,"0.00",3
5208,7699,"{""c"":[0.71,0.57],""m"":[[46.44,172,3,175],[12.96,98,4,100]],""t"":[[0,0,0,0],[0,0,0,0]],""g"":[[0,0,0,0],[0,0,0,0]],""d"":20489}","w63060003",NULL,4,"0.00",0
5209,7700,"{""c"":[1,0.29],""m"":[[13.68,100,5,105],[3.39,49,2,50]],""t"":[[0,0,0,0],[0,0,0,0]],""g"":[[0.52,2,5,5],[0,0,0,0]],""d"":20492}","p28083a06",625,1,"0.00",1
5210,7701,"{""c"":[0.86,0.57,0.29],""m"":[[75.18,1253,45,1298],[139.56,2326,96,2420],[22.62,377,7,384,0.06]],""t"":[[2.64,4.5,10,7],[0,0,8,1],[0,0,0,0]],""g"":[[0,0,0,0],[0,0,0,0],[0,0,0,0]],""d"":20499}","o430610a3",817,4,"0.00",0
5211,7702,"{""c"":[0.86,1],""m"":[[4.99,169,12,180],[18.05,200,17,216]],""t"":[[0,0,0,0],[0,0,0,0]],""g"":[[0,0,0,0],[0,0,0,0]],""d"":20487}","w63060003",805,2,"0.00",0
5212,7703,"{""c"":[0.72,0.28,0.86],""m"":[[3.36,34,1,35],[3.92,22,22,30],[2.94,49,1,50]],""t"":[[0,0,0,0],[11.08,12.25,132,29],[0,0,0,0]],""g"":[[0,0,0,0],[0,0,0,0],[0,0,0,0]],""d"":20494}","w63060003",830,4,"0.00",0
5213,7704,"{""c"":[0,0.28,0.57,0.86],""m"":[[0,0,0,0],[10.6,100,0,100],[5.62,59,1,60],[2.1,30,0,30,0.07]],""t"":[[0,0,0,0],[5.06,4,4,5],[15.19,13.75,19,16,1.58],[3.8,3,7,5,1.26]],""g"":[[0,0,0,0],[4.73,43,3,46],[7.81,71,12,81,0.11],[0,0,0,0,0]],""d"":20501}","w63060003",805,2,"14.00",2
5214,7705,"{""c"":[0,0.86],""m"":[[29.77,527,16,542],[0,0,0,0,0]],""t"":[[0.6,2.5,81,15],[0,0,0,0,0]],""g"":[[2.72,68,16,77],[0,0,0,0,0]],""d"":20500}","663064343",715,4,"0.25",0
5215,7706,"{""c"":[0.86,0.15,0,0.86],""m"":[[4.14,58,2,60],[2,20,0,20],[0,0,0,0,0],[1.8,40,0,40,0.05]],""t"":[[0,0,0,0],[0,0,0,0],[0,0,0,0,0],[0,0,0,0,0]],""g"":[[0,0,0,0],[0,0,0,0],[0,0,0,0,0],[0,0,0,0,0]],""d"":20501}","w63060003",805,2,"14.00",0
5217,7708,"{""c"": [], ""m"": [], ""t"": [], ""g"": [], ""d"": null}","w63060003",NULL,2,"0.00",0
5218,7709,"{""c"":[1],""m"":[[0,119,1,120]],""t"":[[0,0,0,0]],""g"":[[0,0,0,0]],""d"":20483}","w63060003",NULL,3,"0.00",0
5219,7711,"{""c"":[0,0.86],""m"":[[0,0,0,0],[0.19,19,1,20]],""t"":[[0,0,0,0],[2.49,3.5,6,5]],""g"":[[0,0,0,0],[0,0,0,0]],""d"":20487}","w63060003",805,2,"0.00",0
5220,7713,"{""c"":[0],""m"":[[0,0,0,0]],""t"":[[0,0,0,0]],""g"":[[0,0,0,0]],""d"":20482}","w63060003",461,3,"0.00",0
5221,7710,"{""c"":[0],""m"":[[0,0,0,0]],""t"":[[0,0,0,0]],""g"":[[0,0,0,0]],""d"":20482}","w63060003",NULL,-1,"0.00",0
5223,7715,"{""c"":[0.71,0,0.86],""m"":[[2.86,58,3,60],[0,0,0,0],[10.27,205,5,210]],""t"":[[0,0,0,0],[0,0,0,0],[0,0,0,0]],""g"":[[0,0,0,0],[0,0,0,0],[6.24,24,1,25]],""d"":20495}","w63060003",NULL,1,"0.00",0
5224,7716,"{""c"":[1,0.43],""m"":[[104.5,1926,22,1946],[9.15,127,3,130]],""t"":[[0,0,0,0],[0,0,0,0]],""g"":[[0,0,0,0],[3.08,28,4,32]],""d"":20492}","o230647a3",805,2,"0.00",0
5225,7717,"{""c"":[1],""m"":[[4.17,37,3,40]],""t"":[[0,0,0,0]],""g"":[[0,0,0,0]],""d"":20483}","w63060003",NULL,1,"0.00",0
5226,7718,"{""c"": [], ""m"": [], ""t"": [], ""g"": [], ""d"": null}","w63060003",NULL,1,"0.00",0
5227,7719,"{""c"":[0.86,0.43],""m"":[[10.7,129,12,140],[20.94,232,18,250]],""t"":[[0,0,0,0],[0,0,0,0]],""g"":[[0,0,0,0],[0,0,0,0]],""d"":20492}","w63060003",NULL,2,"0.00",0
5228,7721,"{""c"": [], ""m"": [], ""t"": [], ""g"": [], ""d"": null}","w63060003",NULL,2,"0.00",0
5229,7723,"{""c"":[1],""m"":[[8.56,136,11,140]],""t"":[[0,0,0,0]],""g"":[[0,0,0,0]],""d"":20485}","w63060003",NULL,2,"0.00",0
5230,7724,"{""c"": [], ""m"": [], ""t"": [], ""g"": [], ""d"": null}","o687760b3",801,4,"0.00",0
5231,7725,"{""c"":[0.86,0.71],""m"":[[3.85,55,5,60],[2.61,45,3,48]],""t"":[[0,0,0,0],[0,0,0,0]],""g"":[[0,0,0,0],[0,0,0,0]],""d"":20489}","w63060003",NULL,1,"0.00",0
5232,7727,"{""c"":[0.86,0.71],""m"":[[40.81,77,3,80],[10.6,20,0,20]],""t"":[[0,0,0,0],[0,0,0,0]],""g"":[[0,0,0,0],[0,0,0,0]],""d"":20488}","w63060003",NULL,0,"0.00",0
5233,7728,"{""c"":[1,0.43],""m"":[[11.6,134,6,140],[21.38,237,14,250]],""t"":[[0,0,0,0],[0,0,0,0]],""g"":[[0,0,0,0],[0,0,0,0]],""d"":20492}","w63060003",NULL,2,"0.00",0
5234,7729,"{""c"":[1],""m"":[[18.19,211,10,220]],""t"":[[0,0,0,0]],""g"":[[0,0,0,0]],""d"":20485}","w63060003",NULL,1,"0.00",0
5235,7730,"{""c"":[0.86,0.28,0.86],""m"":[[18.3,131,12,140],[8.4,40,8,45],[2.88,48,2,50]],""t"":[[0,0,0,0],[37.14,34.75,184,53],[0.65,1.25,11,4]],""g"":[[0,0,0,0],[0,0,0,0],[0,0,0,0]],""d"":20494}","028581046",830,4,"0.00",0
5238,7733,"{""c"":[0.86,0.58,1],""m"":[[16.81,63,0,63],[45.6,182,3,185],[179.76,649,23,669]],""t"":[[0.48,0.75,6,2],[7.26,7.5,2,8],[0,0,0,0]],""g"":[[0,0,0,0],[0.36,9,0,9],[1.56,39,0,39]],""d"":20496}","m658520b6",799,4,"0.00",0
5239,7734,"{""c"": [], ""m"": [], ""t"": [], ""g"": [], ""d"": null}","w63060003",NULL,3,"0.00",0
5240,7735,"{""c"":[0,0.29,0.43],""m"":[[0,0,0,0],[4,60,0,60],[0,0,0,0]],""t"":[[0,0,0,0],[0.83,1,0,1],[0,0,0,0]],""g"":[[0,0,0,0],[2.64,24,0,24],[0,0,0,0]],""d"":20496}","w63060003",807,2,"0.00",0
5242,7737,"{""c"": [], ""m"": [], ""t"": [], ""g"": [], ""d"": null}","w63060003",NULL,2,"0.00",0
5243,7738,"{""c"":[0],""m"":[[0,0,0,0]],""t"":[[0,0,0,0]],""g"":[[0,0,0,0]],""d"":20485}","p650667b6",823,2,"0.00",0
5244,7739,"{""c"":[0.86,0.86],""m"":[[0,0,0,0],[67.62,98,5,102]],""t"":[[7.1,3,8,5],[0,0,0,0]],""g"":[[12.96,72,9,79],[0,0,0,0]],""d"":20487}","w63060003",NULL,3,"0.00",0
5245,7740,"{""c"": [], ""m"": [], ""t"": [], ""g"": [], ""d"": null}","w63060003",NULL,1,"0.00",0
5246,7741,"{""c"":[0,0.58],""m"":[[1.4,20,0,20],[10.89,52,5,55]],""t"":[[0,0,0,0],[0,0,0,0]],""g"":[[0,0,0,0],[0,0,0,0]],""d"":20490}","m46241083",742,4,"0.00",0
5247,7742,"{""c"":[0.86,0.71],""m"":[[5.4,80,0,80],[16.1,177,3,180]],""t"":[[0,0,0,0],[0,0,0,0]],""g"":[[0,0,0,0],[0,0,0,0]],""d"":20489}","w63060003",NULL,2,"0.00",0
5249,7744,"{""c"":[0,0.15,0.43],""m"":[[0,0,0,0],[0.88,53,7,60],[0,0,0,0]],""t"":[[0,0,0,0],[0,0,0,0],[0,0,0,0]],""g"":[[0,0,0,0],[0,0,0,0],[0,0,0,0]],""d"":20496}","w63060003",807,2,"0.00",0
5251,7746,"{""c"":[1,0.57,0,1],""m"":[[26.61,283,10,290],[5.8,67,3,70],[0,0,0,0,0],[0,0,0,0,0]],""t"":[[41.13,40.25,130,61],[43.82,48.25,47,60],[0,0,0,0,0],[8.25,12.5,5,15,0.66]],""g"":[[5.28,48,1,49],[0,0,0,0],[0,0,0,0,0],[0,0,0,0,0]],""d"":20500}","o43064426",805,2,"0.00",1
5252,7748,"{""c"":[1],""m"":[[6,93,8,100]],""t"":[[0,0,0,0]],""g"":[[0,0,0,0]],""d"":20485}","w63060003",NULL,3,"0.00",0
5253,7749,"{""c"":[0.86,1],""m"":[[1.6,16,6,20],[0,0,0,0]],""t"":[[0,0,0,0],[0,0,0,0]],""g"":[[0,0,0,0],[10.56,96,12,108]],""d"":20486}","w63060003",NULL,2,"0.00",0
5254,3101,"{""c"": [], ""m"": [], ""t"": [], ""g"": [], ""d"": null}","w63060003",NULL,-1,"0.00",0
5255,7750,"{""c"":[1],""m"":[[2.87,89,23,100]],""t"":[[0,0,0,0]],""g"":[[2.28,57,22,69]],""d"":20485}","401180006",801,4,"0.00",0
5256,7751,"{""c"": [], ""m"": [], ""t"": [], ""g"": [], ""d"": null}","w63060003",NULL,0,"0.00",0
5257,7757,"{""c"":[1,0,0.15],""m"":[[3.58,168,31,196],[0,0,0,0],[0,0,0,0,0]],""t"":[[0,0,0,0],[0,0,0,0],[0,0,0,0,0]],""g"":[[2.31,21,37,36],[0,0,0,0],[0,0,0,0,0]],""d"":20498}","w63060003",615,2,"0.00",0
5258,7759,"{""c"": [], ""m"": [], ""t"": [], ""g"": [], ""d"": null}","w63060003",NULL,3,"0.00",0
5259,7761,"{""c"":[0.71,0.28],""m"":[[3.13,313,12,325],[2,20,1,21]],""t"":[[64.44,81.75,70,96],[4.46,6,20,11]],""g"":[[3.08,28,21,38],[0,0,0,0]],""d"":20498}","033068cc3",615,2,"0.00",2
5260,7762,"{""c"":[0,0.01,0.43],""m"":[[0,0,0,0],[0,0,0,0],[0,0,0,0]],""t"":[[0,0,0,0],[0,0,0,0],[0,0,0,0]],""g"":[[0,0,0,0],[0,0,0,0],[0,0,0,0]],""d"":20496}","w63060003",807,2,"0.00",0
5261,7763,"{""c"":[1,0.29,0.86],""m"":[[12.68,256,7,263],[4.88,170,22,190],[0,0,0,0]],""t"":[[17.36,8,8,10],[3.28,4.5,26,10],[0,0,0,0]],""g"":[[25.22,97,3,100],[0,0,0,0],[0,0,0,0]],""d"":20493}","478184c43",643,1,"0.00",0
5262,7764,"{""c"":[0,0.29,0.86],""m"":[[0,0,0,0],[6.66,37,3,40],[0,0,0,0]],""t"":[[0,0,0,0],[0,0,0,0],[0,0,0,0]],""g"":[[0,0,0,0],[25.48,98,13,105],[0,0,0,0]],""d"":20493}","w63060003",643,1,"0.00",0
5263,7765,"{""c"":[0,0.29,0.86],""m"":[[0,0,0,0],[4.02,79,1,80],[0,0,0,0]],""t"":[[0,0,0,0],[0,0,0,0],[0,0,0,0]],""g"":[[0,0,0,0],[0,0,0,0],[0,0,0,0]],""d"":20493}","w63060003",643,1,"0.00",0
5264,7766,"{""c"":[1,0.14,0.86],""m"":[[4.68,71,10,75],[3.79,39,1,40],[0,0,0,0]],""t"":[[2.62,3.25,7,5],[22.36,9.25,3,10],[0,0,0,0]],""g"":[[0,0,0,0],[18.72,72,16,82],[0,0,0,0]],""d"":20493}","p530660c6",643,1,"0.00",0
5265,7767,"{""c"":[1],""m"":[[2.19,39,1,40]],""t"":[[0,0,0,0]],""g"":[[0,0,0,0]],""d"":20485}","w63060003",NULL,1,"0.00",0
5266,7770,"{""c"":[1],""m"":[[3.28,41,1,42]],""t"":[[0,0,0,0]],""g"":[[0,0,0,0]],""d"":20485}","w63060003",NULL,3,"0.00",0
5267,7772,"{""c"":[1],""m"":[[8.6,92,11,100]],""t"":[[0,0,0,0]],""g"":[[0,0,0,0]],""d"":20485}","w63060003",NULL,1,"0.00",0
5268,7774,"{""c"":[1,0.43,0.86],""m"":[[14.24,82,8,90],[61.68,389,11,398],[71.06,309,17,322]],""t"":[[3.24,6,16,10],[4.14,7,38,13],[0,0,0,0]],""g"":[[0,0,0,0],[0,0,0,0],[1.32,33,11,39]],""d"":20496}","p21063c46",799,4,"0.00",1
5269,7775,"{""c"":[1,0.15,0.86],""m"":[[10.5,110,0,110],[4.4,40,0,40],[0,0,0,0]],""t"":[[0,0,0,0],[0,0,0,0],[0,0,0,0]],""g"":[[6.76,26,0,26],[17.68,68,0,68],[0,0,0,0]],""d"":20493}","w63060003",643,1,"0.00",0
5270,7776,"{""c"":[0.86],""m"":[[5,80,0,80]],""t"":[[0,0,0,0]],""g"":[[0,0,0,0]],""d"":20487}","w63060003",805,2,"0.00",0
5271,7777,"{""c"":[1,0.43],""m"":[[6.84,122,0,122],[1.25,35,0,35]],""t"":[[0,0,0,0],[0,0,0,0]],""g"":[[0,0,0,0],[0.11,1,0,1]],""d"":20491}","w63060003",NULL,2,"0.00",0
5274,7780,"{""c"":[1,0.29,0.86],""m"":[[2.3,35,0,35],[7.81,186,9,195],[0,0,0,0]],""t"":[[0,0,0,0],[7.5,3.5,6,5],[0,0,0,0]],""g"":[[0,0,0,0],[17.42,67,2,68],[0,0,0,0]],""d"":20493}","o130710a6",643,1,"0.00",1
5275,7781,"{""c"": [], ""m"": [], ""t"": [], ""g"": [], ""d"": null}","w63060003",NULL,3,"0.00",0
5276,7782,"{""c"": [], ""m"": [], ""t"": [], ""g"": [], ""d"": null}","w63060003",531,3,"0.00",0
5277,7783,"{""c"": [], ""m"": [], ""t"": [], ""g"": [], ""d"": null}","w63060003",531,3,"0.00",0
5278,7784,"{""c"":[0,0.29,0.29,0.86],""m"":[[0,0,0,0],[2.29,58,2,60],[16.08,212,20,220],[2,20,0,20,0.1]],""t"":[[0,0,0,0],[0,0,0,0],[0,0,0,0],[0,0,0,0,0]],""g"":[[0,0,0,0],[0,0,0,0],[0,0,0,0],[0,0,0,0,0]],""d"":20501}","p64136363",803,2,"0.00",0
5279,7785,"{""c"": [], ""m"": [], ""t"": [], ""g"": [], ""d"": null}","w63060003",531,3,"0.00",0
5280,7786,"{""c"": [], ""m"": [], ""t"": [], ""g"": [], ""d"": null}","w63060003",531,3,"0.00",0
5281,7787,"{""c"":[0],""m"":[[0,0,0,0]],""t"":[[0,0,0,0]],""g"":[[0,0,0,0]],""d"":20484}","w63060003",531,3,"0.00",0
5282,7788,"{""c"":[1],""m"":[[0,0,0,0]],""t"":[[0,0,0,0]],""g"":[[8.1,45,45,61]],""d"":20487}","w63060003",531,3,"0.00",0
5284,7790,"{""c"": [], ""m"": [], ""t"": [], ""g"": [], ""d"": null}","w63060003",531,3,"0.00",0
5285,7791,"{""c"": [], ""m"": [], ""t"": [], ""g"": [], ""d"": null}","w63060003",NULL,3,"0.00",0
5286,7792,"{""c"": [], ""m"": [], ""t"": [], ""g"": [], ""d"": null}","w63060003",NULL,3,"0.00",0
5287,7793,"{""c"":[1],""m"":[[0,0,0,0]],""t"":[[0,0,0,0]],""g"":[[11.16,62,40,82]],""d"":20487}","w63060003",531,3,"0.00",0
5288,7794,"{""c"": [], ""m"": [], ""t"": [], ""g"": [], ""d"": null}","w63060003",531,3,"0.00",0
5289,7795,"{""c"": [], ""m"": [], ""t"": [], ""g"": [], ""d"": null}","w63060003",NULL,3,"0.00",0
5290,7796,"{""c"":[0],""m"":[[0,0,0,0]],""t"":[[0,0,0,0]],""g"":[[0,0,0,0]],""d"":20484}","w63060003",531,3,"0.00",0
5291,7797,"{""c"": [], ""m"": [], ""t"": [], ""g"": [], ""d"": null}","w63060003",531,3,"0.00",0
5292,7798,"{""c"":[0],""m"":[[0,0,0,0]],""t"":[[0,0,0,0]],""g"":[[0,0,0,0]],""d"":20484}","w63060003",531,3,"0.00",0
5293,7799,"{""c"": [], ""m"": [], ""t"": [], ""g"": [], ""d"": null}","w63060003",531,3,"0.00",0
5294,7800,"{""c"":[1],""m"":[[0,0,0,0]],""t"":[[0,0,0,0]],""g"":[[11.34,63,22,72]],""d"":20487}","w63060003",531,3,"0.00",0
5295,7801,"{""c"": [], ""m"": [], ""t"": [], ""g"": [], ""d"": null}","w63060003",531,3,"0.00",0
5296,7802,"{""c"": [], ""m"": [], ""t"": [], ""g"": [], ""d"": null}","w63060003",531,3,"0.00",0
5297,7803,"{""c"": [], ""m"": [], ""t"": [], ""g"": [], ""d"": null}","w63060003",NULL,3,"0.00",0
5298,7804,"{""c"": [], ""m"": [], ""t"": [], ""g"": [], ""d"": null}","w63060003",531,3,"0.00",0
5299,7806,"{""c"": [], ""m"": [], ""t"": [], ""g"": [], ""d"": null}","w63060003",533,1,"0.00",0
5302,7812,"{""c"":[0],""m"":[[0,0,0,0]],""t"":[[0,0,0,0]],""g"":[[0,0,0,0]],""d"":20484}","w63060003",NULL,1,"0.00",0
5304,7814,"{""c"":[0],""m"":[[0,0,0,0]],""t"":[[0,0,0,0]],""g"":[[0,0,0,0]],""d"":20484}","w63060003",NULL,1,"0.00",0
5305,7815,"{""c"":[0],""m"":[[0,0,0,0]],""t"":[[0,0,0,0]],""g"":[[0,0,0,0]],""d"":20484}","w63060003",NULL,1,"0.00",0
5306,7817,"{""c"":[0],""m"":[[0,0,0,0]],""t"":[[0,0,0,0]],""g"":[[0,0,0,0]],""d"":20484}","w63060003",NULL,1,"0.00",0
5307,7818,"{""c"":[0],""m"":[[0,0,0,0]],""t"":[[0,0,0,0]],""g"":[[0,0,0,0]],""d"":20484}","w63060003",NULL,1,"0.00",0
5308,7819,"{""c"":[1],""m"":[[1.6,20,0,20]],""t"":[[0,0,0,0]],""g"":[[0,0,0,0]],""d"":20485}","w63060003",NULL,2,"0.00",0
5310,7822,"{""c"":[0],""m"":[[0,0,0,0]],""t"":[[0,0,0,0]],""g"":[[0,0,0,0]],""d"":20484}","w63060003",NULL,1,"0.00",0
5313,7825,"{""c"":[0,0.15,0.57],""m"":[[0,0,0,0],[1.64,43,2,45],[0,0,0,0]],""t"":[[0,0,0,0],[0,0,0,0],[0,0,0,0]],""g"":[[0,0,0,0],[0,0,0,0],[0,0,0,0]],""d"":20495}","w63060003",828,4,"0.00",0
5314,7826,"{""c"":[1,0.86],""m"":[[7.06,132,10,141],[21.48,286,34,315]],""t"":[[0,0,0,0],[0,0,0,0]],""g"":[[0,0,0,0],[0,0,0,0]],""d"":20489}","w63060003",NULL,2,"0.00",0
5315,7827,"{""c"":[0,0.43],""m"":[[0,0,0,0],[3.25,25,33,40]],""t"":[[0,0,0,0],[5.9,6.5,14,10]],""g"":[[0,0,0,0],[0,0,0,0]],""d"":20490}","w63060003",795,1,"0.00",0
5317,7829,"{""c"":[1,0.57],""m"":[[16.25,58,3,60],[32.8,80,0,80]],""t"":[[2.4,3.75,5,5],[3.36,4.25,3,5]],""g"":[[3.6,60,20,73],[0,0,0,0]],""d"":20491}","w63060003",NULL,5,"0.00",0
5318,7830,"{""c"":[0,0.72],""m"":[[11.41,70,48,85],[14.96,68,46,90]],""t"":[[0.38,0.5,15,3],[0,0,0,0]],""g"":[[0,0,0,0],[0,0,0,0]],""d"":20489}","616060003",742,4,"0.00",1
5320,7832,"{""c"":[1,1],""m"":[[7.52,213,9,220],[22.38,347,13,360]],""t"":[[0,0,0,0],[0,0,0,0]],""g"":[[0,0,0,0],[0,0,0,0]],""d"":20487}","w63060003",NULL,2,"0.00",0
5321,7833,"{""c"":[1],""m"":[[2.14,39,1,40]],""t"":[[0,0,0,0]],""g"":[[0,0,0,0]],""d"":20485}","w63060003",NULL,4,"0.00",0
5322,7835,"{""c"":[0,0.72],""m"":[[0,0,0,0],[10.75,49,61,60]],""t"":[[0,0,0,0],[0,0,0,0]],""g"":[[0,0,0,0],[0,0,0,0]],""d"":20488}","w63060003",742,4,"0.00",0
5323,7836,"{""c"":[0,0.72],""m"":[[0,0,0,0],[7.14,70,97,80]],""t"":[[0,0,0,0],[0,0,0,0]],""g"":[[0,0,0,0],[0,0,0,0]],""d"":20488}","w63060003",742,4,"0.00",0
5324,7837,"{""c"":[0,0.57],""m"":[[0,0,0,0],[0,0,0,0]],""t"":[[0,0,0,0],[0,0,0,0]],""g"":[[0,0,0,0],[0,0,0,0]],""d"":20495}","045086023",828,4,"0.00",0
5325,7840,"{""c"":[1,0.29,1],""m"":[[0.2,20,0,20],[4.06,58,2,60],[3.63,33,17,40]],""t"":[[0,0,0,0],[0,0,0,0],[0,0,0,0]],""g"":[[0,0,0,0],[5.17,47,8,53],[0,0,0,0]],""d"":20493}","065160013",669,2,"0.00",0
5327,7844,"{""c"":[1],""m"":[[4.86,217,38,220]],""t"":[[0,0,0,0]],""g"":[[0,0,0,0]],""d"":20488}","p71180023",742,3,"0.00",2
5328,7845,"{""c"":[0,0.72],""m"":[[4.59,27,7,30],[10.27,65,29,75]],""t"":[[0,0,0,0],[0,0,0,0]],""g"":[[0,0,0,0],[0,0,0,0]],""d"":20488}","w73060ba6",742,4,"0.00",0
5329,7846,"{""c"": [], ""m"": [], ""t"": [], ""g"": [], ""d"": null}","w63060003",NULL,2,"0.00",0
5330,7847,"{""c"": [], ""m"": [], ""t"": [], ""g"": [], ""d"": null}","w63060003",531,3,"0.00",0
5331,7848,"{""c"":[0,0.57],""m"":[[0,0,0,0],[0,0,0,0]],""t"":[[0,0,0,0],[0,0,0,0]],""g"":[[0,0,0,0],[0,0,0,0]],""d"":20488}","p28061053",781,4,"0.00",0
5332,7849,"{""c"":[0,0.72],""m"":[[0,0,0,0],[6.2,26,26,40]],""t"":[[0,0,0,0],[0,0,0,0]],""g"":[[0,0,0,0],[0,0,0,0]],""d"":20489}","w63060003",742,4,"0.00",0
5333,7850,"{""c"":[0,0.72],""m"":[[0,0,0,0],[6.3,27,36,40]],""t"":[[0,0,0,0],[0,0,0,0]],""g"":[[0,0,0,0],[0,0,0,0]],""d"":20489}","415166c93",742,4,"0.00",0
5334,7851,"{""c"":[0,0.02,0.01,0.86],""m"":[[0,0,0,0],[0,0,0,0],[0,0,0,0],[2.5,26,2,28,0.1]],""t"":[[0,0,0,0],[0,0,0,0],[0,0,0,0],[0,0,0,0,0]],""g"":[[0,0,0,0],[0,0,0,0],[0,0,0,0],[9.68,88,2,89,0.11]],""d"":20501}","w63060003",814,2,"0.00",0
5335,7853,"{""c"":[1,1],""m"":[[1.64,108,0,108],[6.53,317,3,320]],""t"":[[0,0,0,0],[0,0,0,0]],""g"":[[0,0,0,0],[0,0,0,0]],""d"":20488}","w63060003",NULL,2,"0.00",0
5336,7854,"{""c"":[1],""m"":[[0.36,36,4,40]],""t"":[[0,0,0,0]],""g"":[[0,0,0,0]],""d"":20485}","w63060003",NULL,1,"0.00",0
5337,7855,"{""c"":[1,0.57,0.28],""m"":[[4.1,50,0,50],[37.77,389,7,395],[9.16,74,1,75,0.14]],""t"":[[9.82,8.25,7,10],[24.53,16.25,15,20],[0,0,0,0]],""g"":[[0,0,0,0],[20.28,78,4,82],[0,0,0,0]],""d"":20499}","w63060003",643,1,"6.00",0
5339,7857,"{""c"":[1,0.01,0.43],""m"":[[1.5,52,18,60],[0,0,0,0],[0,0,0,0]],""t"":[[0,0,0,0],[0,0,0,0],[0,0,0,0]],""g"":[[0,0,0,0],[0,0,0,0],[0,0,0,0]],""d"":20496}","w63060003",807,2,"0.00",0
5340,7858,"{""c"":[1],""m"":[[2.28,54,6,60]],""t"":[[0,0,0,0]],""g"":[[0,0,0,0]],""d"":20487}","w63060003",530,2,"0.00",0
5341,7859,"{""c"":[0,1],""m"":[[5.8,80,0,80],[5.4,120,0,120]],""t"":[[0,0,0,0],[0,0,0,0]],""g"":[[0,0,0,0],[0,0,0,0]],""d"":20488}","o810620a3",742,3,"0.00",0
5342,7860,"{""c"":[1],""m"":[[5.18,98,3,100]],""t"":[[0,0,0,0]],""g"":[[0,0,0,0]],""d"":20485}","w63060003",NULL,2,"0.00",0
5343,7861,"{""c"":[0,0.86],""m"":[[0,0,0,0],[6.83,43,10,45]],""t"":[[0,0,0,0],[0,0,0,0]],""g"":[[0,0,0,0],[0,0,0,0]],""d"":20488}","w63060003",742,4,"0.00",0
5344,7864,"{""c"":[1],""m"":[[0.6,19,0,19]],""t"":[[0,0,0,0]],""g"":[[0,0,0,0]],""d"":20485}","w63060003",NULL,5,"0.00",0
5345,7866,"{""c"":[0,0.72],""m"":[[0,0,0,0],[6.48,77,61,94]],""t"":[[0,0,0,0],[0,0,0,0]],""g"":[[0,0,0,0],[0,0,0,0]],""d"":20489}","w63060003",742,3,"0.00",0
5346,7867,"{""c"":[0,0.72],""m"":[[0,0,0,0],[9.75,116,62,140]],""t"":[[0,0,0,0],[0,0,0,0]],""g"":[[0,0,0,0],[0,0,0,0]],""d"":20489}","w63060003",742,4,"0.00",0
5348,7869,"{""c"":[1],""m"":[[8.84,17,8,20]],""t"":[[0,0,0,0]],""g"":[[0,0,0,0]],""d"":20486}","w63060003",NULL,3,"0.00",0
5349,7870,"{""c"":[0.14,0.43,0.86],""m"":[[0,65,5,70],[2.28,12,13,15],[0,0,0,0,0]],""t"":[[4.5,6.75,68,20],[2.16,4.5,26,10],[0,0,0,0,0]],""g"":[[0,0,0,0],[0,0,0,0],[0,0,0,0,0]],""d"":20500}","w63060003",812,4,"0.00",0
5350,7871,"{""c"": [], ""m"": [], ""t"": [], ""g"": [], ""d"": null}","w63060003",NULL,2,"0.00",0
5351,7872,"{""c"":[1,0.72],""m"":[[0,20,0,20],[4.32,16,8,20]],""t"":[[0,0,0,0],[0,0,0,0]],""g"":[[0,0,0,0],[0,0,0,0]],""d"":20488}","o63074043",742,3,"0.00",0
5352,7873,"{""c"":[0,0.14,0.86],""m"":[[0,0,0,0],[0,0,0,0],[3,50,0,50]],""t"":[[0,0,0,0],[0.9,1.75,44,8],[0,0,0,0]],""g"":[[0,0,0,0],[0,0,0,0],[0,0,0,0]],""d"":20494}","w63060003",830,4,"0.00",0
5353,7874,"{""c"":[0,0.86],""m"":[[0,0,0,0],[12.29,91,4,95]],""t"":[[0,0,0,0],[0,0,0,0]],""g"":[[0,0,0,0],[0,0,0,0]],""d"":20488}","w63060003",742,4,"0.00",0
5354,7875,"{""c"":[1],""m"":[[2.2,60,0,60]],""t"":[[0,0,0,0]],""g"":[[0,0,0,0]],""d"":20492}","w63060003",NULL,2,"0.00",0
5355,7876,"{""c"":[0.15,0.43],""m"":[[0.98,59,1,60],[0,0,0,0]],""t"":[[4.98,7.5,10,10],[0,0,0,0]],""g"":[[0,0,0,0],[0,0,0,0]],""d"":20496}","625256736",807,2,"0.00",0
5356,7877,"{""c"": [], ""m"": [], ""t"": [], ""g"": [], ""d"": null}","w63060003",NULL,4,"0.00",0
5357,7878,"{""c"":[0,0.86],""m"":[[3.7,55,9,60],[0,0,0,0,0]],""t"":[[6.12,8,70,15],[0,0,0,0,0]],""g"":[[2.84,71,8,77],[0,0,0,0,0]],""d"":20500}","p03063703",715,4,"0.00",0
5358,7880,"{""c"":[0,0,0.86],""m"":[[0,0,0,0],[0,0,0,0],[0,0,0,0]],""t"":[[0,0,0,0],[0,0,0,0],[0,0,0,0]],""g"":[[0,0,0,0],[0,0,0,0],[0,0,0,0]],""d"":20493}","o640867a3",643,1,"0.00",2
5359,7884,"{""c"":[0,0.42,0.86],""m"":[[0,0,0,0],[103.51,653,15,668],[0,0,0,0]],""t"":[[0,0,0,0],[10.48,8.5,7,10],[0,0,0,0]],""g"":[[0,0,0,0],[21.32,82,10,91],[0,0,0,0]],""d"":20493}","w63060003",643,1,"0.00",3
5360,7885,"{""c"":[0,0.14,0.86],""m"":[[0,0,0,0],[5.4,69,6,75],[0,0,0,0]],""t"":[[0,0,0,0],[0,0,0,0],[0,0,0,0]],""g"":[[0,0,0,0],[14.82,57,11,65],[0,0,0,0]],""d"":20493}","o13061006",643,1,"0.00",0
5361,7886,"{""c"":[0,0.14,0.86],""m"":[[0,0,0,0],[7.82,69,1,70],[0,0,0,0]],""t"":[[0,0,0,0],[10.52,4.5,2,5],[0,0,0,0]],""g"":[[0,0,0,0],[15.86,61,4,65],[0,0,0,0]],""d"":20493}","o110640a3",643,1,"0.00",0
5362,7887,"{""c"":[1],""m"":[[1.2,20,0,20]],""t"":[[0,0,0,0]],""g"":[[0,0,0,0]],""d"":20486}","w63060003",612,5,"0.00",0
5363,7889,"{""c"":[0.29],""m"":[[8.3,90,6,95]],""t"":[[0,0,0,0]],""g"":[[10.8,60,40,88]],""d"":20492}","w63060003",NULL,3,"0.00",0
5364,7891,"{""c"":[0.15,0.86],""m"":[[0,0,0,0],[0,0,0,0,0]],""t"":[[0,0,0,0],[0,0,0,0,0]],""g"":[[1.72,43,9,50],[0,0,0,0,0]],""d"":20500}","w63060003",806,4,"0.00",0
5365,7893,"{""c"":[1],""m"":[[1.35,116,4,120]],""t"":[[0,0,0,0]],""g"":[[0,0,0,0]],""d"":20486}","w63060003",NULL,2,"0.00",0
5366,7895,"{""c"":[0.29,0,0.86],""m"":[[8.54,98,12,110],[0,0,0,0,0],[0,0,0,0,0]],""t"":[[0,0,0,0],[0,0,0,0,0],[0,0,0,0,0]],""g"":[[0,0,0,0],[0,0,0,0,0],[0,0,0,0,0]],""d"":20500}","851063063",778,2,"0.00",0
5367,7896,"{""c"":[0,0.01,1],""m"":[[0,0,0,0],[0,0,0,0],[0,0,0,0]],""t"":[[0,0,0,0],[0,0,0,0],[7.05,9.25,3,10]],""g"":[[0,0,0,0],[0,0,0,0],[0,0,0,0]],""d"":20493}","w63060003",822,2,"0.00",0
5368,7898,"{""c"":[1],""m"":[[3.8,38,2,40]],""t"":[[0,0,0,0]],""g"":[[0,0,0,0]],""d"":20486}","w63060003",NULL,2,"0.00",0
5370,7901,"{""c"":[0,0.29,0.43],""m"":[[0,0,0,0],[71.22,420,20,437],[0,0,0,0]],""t"":[[0,0,0,0],[3.12,4,28,10],[0,0,0,0]],""g"":[[0,0,0,0],[1.2,30,22,42],[0,0,0,0]],""d"":20496}","w63060003",832,4,"0.00",0
5371,7905,"{""c"":[0.42,0,1],""m"":[[14.52,134,31,158],[0,0,0,0,0],[2.8,31,3,34,0.09]],""t"":[[0,0,0,0],[0,0,0,0,0],[0,0,0,0,0]],""g"":[[24.97,227,21,243],[0,0,0,0,0],[16.5,150,7,157,0.11]],""d"":20501}","w63060003",NULL,2,"0.00",0
5372,7906,"{""c"":[0,0.29,0.57],""m"":[[0,0,0,0],[5.32,73,9,79],[2.87,7,5,10]],""t"":[[0,0,0,0],[1.2,2.5,339,25],[0,0,0,0]],""g"":[[0,0,0,0],[0.56,14,190,42],[0,0,0,0]],""d"":20496}","g63063623",832,4,"0.00",0
5373,7907,"{""c"": [], ""m"": [], ""t"": [], ""g"": [], ""d"": null}","w63060003",513,2,"0.00",0
5374,7909,"{""c"":[0,0.14,0.43],""m"":[[0,0,0,0],[0,0,0,0],[0,0,0,0]],""t"":[[0,0,0,0],[0.9,2,4,3],[0,0,0,0]],""g"":[[0,0,0,0],[0.56,14,114,42],[0,0,0,0]],""d"":20496}","w63060003",832,4,"0.00",0
5375,7910,"{""c"":[0,0.86,0.86],""m"":[[0,0,0,0],[215.09,3720,128,3798],[17.64,236,8,243]],""t"":[[0,0,0,0],[2.16,3.5,50,10],[1.68,5,79,21]],""g"":[[0,0,0,0],[5.28,132,60,154],[0,0,0,0]],""d"":20496}","p68189a93",832,4,"0.00",0
5376,7911,"{""c"":[0,0.29,0.43],""m"":[[0,0,0,0],[2.66,19,1,20],[0,0,0,0]],""t"":[[0,0,0,0],[3.12,4.25,88,10],[0,0,0,0]],""g"":[[0,0,0,0],[0.8,20,64,42],[0,0,0,0]],""d"":20496}","w63060003",832,4,"0.00",0
5379,7914,"{""c"":[0,0.57,0.43],""m"":[[0,0,0,0],[178.85,711,39,742],[0,0,0,0]],""t"":[[0,0,0,0],[3.36,3.75,50,10],[0,0,0,0]],""g"":[[0,0,0,0],[1.12,28,42,42],[0,0,0,0]],""d"":20496}","e680818a3",832,4,"0.00",0
5380,7915,"{""c"":[0,0.29,0.57],""m"":[[0,0,0,0],[4.62,58,2,60],[8.55,35,0,35]],""t"":[[0,0,0,0],[4.32,5.5,18,10],[0,0,0,0]],""g"":[[0,0,0,0],[0.64,16,54,42],[0,0,0,0]],""d"":20496}","4280760a3",832,4,"0.00",0
5381,3076,"{""c"": [], ""m"": [], ""t"": [], ""g"": [], ""d"": null}","w63060003",NULL,1,"0.00",0
5383,7916,"{""c"":[0,0.29,0.43],""m"":[[0,0,0,0],[54,200,25,216],[3.28,8,3,10,0.41]],""t"":[[0,0,0,0],[3.6,5,25,10],[0,0,0,0]],""g"":[[0,0,0,0],[1.2,30,16,42],[0,0,0,0]],""d"":20497}","w63060003",832,4,"0.00",0
5384,7917,"{""c"":[0,0.43,0.86],""m"":[[0,0,0,0],[84.35,1299,12,1310],[0,0,0,0]],""t"":[[0,0,0,0],[0,0,0,0],[0,0,0,0]],""g"":[[0,0,0,0],[55.12,212,59,252],[0,0,0,0]],""d"":20493}","815063703",643,1,"0.00",0
5385,7918,"{""c"":[0.86],""m"":[[6.28,89,1,90]],""t"":[[167.94,209.5,42,220]],""g"":[[0,0,0,0]],""d"":20489}","w63060003",NULL,2,"0.00",0
5386,7919,"{""c"":[1],""m"":[[3.25,37,10,45]],""t"":[[0,0,0,0]],""g"":[[0,0,0,0]],""d"":20493}","w63060003",NULL,1,"0.00",0
5387,7920,"{""c"":[1],""m"":[[6.66,86,0,86]],""t"":[[1.31,1,0,1]],""g"":[[0,0,0,0]],""d"":20487}","w63060003",NULL,1,"0.00",0
5389,7923,"{""c"":[0.29,0.01,0.86],""m"":[[1,129,4,133],[0,0,0,0],[0,0,0,0,0]],""t"":[[0,0,0,0],[0,0,0,0],[0,0,0,0,0]],""g"":[[0,0,0,0],[0,0,0,0],[0,0,0,0,0]],""d"":20500}","x63060403",812,4,"0.00",0
5390,7924,"{""c"":[1],""m"":[[2.3,35,0,35]],""t"":[[0,0,0,0]],""g"":[[0,0,0,0]],""d"":20487}","w63060003",661,1,"0.00",0
5391,7925,"{""c"":[0.72],""m"":[[4.4,241,9,250]],""t"":[[18.24,37.75,115,65]],""g"":[[2.64,24,14,33]],""d"":20491}","w63060003",NULL,2,"0.00",0
5392,7926,"{""c"":[0,0.14,0.57],""m"":[[0,0,0,0],[0,0,0,0],[3.28,28,2,30,0]],""t"":[[0,0,0,0],[0,0.25,52,10],[0,0,0,0]],""g"":[[0,0,0,0],[0.56,14,82,42],[0,0,0,0]],""d"":20497}","w63060003",832,4,"0.00",0
5393,1725,"{""c"":[1],""m"":[[7.52,94,8,100]],""t"":[[0,0,0,0]],""g"":[[0,0,0,0]],""d"":20486}","w63060003",636,3,"0.00",0
5395,7929,"{""c"":[0],""m"":[[0,0,0,0]],""t"":[[0,0,0,0]],""g"":[[0,0,0,0]],""d"":20493}","k63060003",831,1,"0.00",0
5396,7930,"{""c"":[0,0.15,0.86],""m"":[[0,0,0,0],[3.15,15,0,15],[5.2,20,0,20]],""t"":[[0,0,0,0],[2.1,2,8,4],[1.92,2,0,2]],""g"":[[0,0,0,0],[0,0,0,0],[0,0,0,0]],""d"":20494}","q25082053",718,4,"6.00",1
5397,3099,"{""c"":[0.14,1],""m"":[[7.59,139,12,150],[0.65,65,5,70]],""t"":[[0,0,0,0],[0,0,0,0]],""g"":[[0,0,0,0],[4.42,17,21,26]],""d"":20493}","q63063ac3",661,1,"0.00",0
5398,7931,"{""c"":[1],""m"":[[0,20,0,20]],""t"":[[2.4,2.5,12,4]],""g"":[[0,0,0,0]],""d"":20487}","w63060003",NULL,4,"0.00",0
5400,7933,"{""c"": [], ""m"": [], ""t"": [], ""g"": [], ""d"": null}","w63060003",NULL,4,"0.00",0
5401,7934,"{""c"":[0,0.14,0.86],""m"":[[0,0,0,0],[0,0,0,0],[0,0,0,0]],""t"":[[0,0,0,0],[0,0,0,0],[0,0,0,0]],""g"":[[0,0,0,0],[3.12,12,17,24],[0,0,0,0]],""d"":20493}","x66162036",643,1,"0.00",0
5402,7935,"{""c"": [], ""m"": [], ""t"": [], ""g"": [], ""d"": null}","w63060003",NULL,5,"0.00",0
5404,7937,"{""c"":[0],""m"":[[0,0,0,0]],""t"":[[0,0,0,0]],""g"":[[0,0,0,0]],""d"":20485}","w63060003",537,1,"0.00",0
5405,7938,"{""c"":[0,0.15],""m"":[[0,0,0,0],[6.56,68,2,70]],""t"":[[0,0,0,0],[4.1,3.5,8,5]],""g"":[[0,0,0,0],[0,0,0,0]],""d"":20492}","w63060003",822,2,"0.00",0
5406,7939,"{""c"":[1],""m"":[[0.17,17,3,20]],""t"":[[0,0,0,0]],""g"":[[0,0,0,0]],""d"":20489}","w63060003",NULL,2,"0.00",0
5407,7940,"{""c"":[0],""m"":[[0,0,0,0]],""t"":[[0,0,0,0]],""g"":[[0,0,0,0]],""d"":20485}","w63060003",537,1,"0.00",0
5408,7941,"{""c"":[0],""m"":[[0,0,0,0]],""t"":[[0,0,0,0]],""g"":[[0,0,0,0]],""d"":20485}","w63060003",537,1,"0.00",0
5409,7942,"{""c"":[0],""m"":[[0,0,0,0]],""t"":[[0,0,0,0]],""g"":[[0,0,0,0]],""d"":20485}","w63060003",537,1,"0.00",0
5410,7943,"{""c"": [], ""m"": [], ""t"": [], ""g"": [], ""d"": null}","w63060003",NULL,1,"0.00",0
5411,7944,"{""c"":[0],""m"":[[0,0,0,0]],""t"":[[0,0,0,0]],""g"":[[0,0,0,0]],""d"":20485}","w63060003",537,1,"0.00",0
5412,7945,"{""c"":[0],""m"":[[0,0,0,0]],""t"":[[0,0,0,0]],""g"":[[0,0,0,0]],""d"":20485}","w63060003",537,1,"0.00",0
5413,7946,"{""c"":[0],""m"":[[0,0,0,0]],""t"":[[0,0,0,0]],""g"":[[0,0,0,0]],""d"":20485}","w63060003",537,1,"0.00",0
5414,7947,"{""c"":[0],""m"":[[0,0,0,0]],""t"":[[0,0,0,0]],""g"":[[0,0,0,0]],""d"":20485}","w63060003",537,1,"0.00",0
5415,7948,"{""c"":[0],""m"":[[0,0,0,0]],""t"":[[0,0,0,0]],""g"":[[0,0,0,0]],""d"":20485}","w63060003",537,1,"0.00",0
5416,7949,"{""c"":[0],""m"":[[0,0,0,0]],""t"":[[0,0,0,0]],""g"":[[0,0,0,0]],""d"":20485}","w63060003",537,1,"0.00",0
5417,7950,"{""c"":[0],""m"":[[0,0,0,0]],""t"":[[0,0,0,0]],""g"":[[0,0,0,0]],""d"":20485}","w63060003",537,1,"0.00",0
5418,7951,"{""c"":[0],""m"":[[0,0,0,0]],""t"":[[0,0,0,0]],""g"":[[0,0,0,0]],""d"":20485}","w63060003",537,1,"0.00",0
5419,7952,"{""c"":[0],""m"":[[0,0,0,0]],""t"":[[0,0,0,0]],""g"":[[0,0,0,0]],""d"":20485}","w63060003",537,1,"0.00",0
5420,7953,"{""c"":[0],""m"":[[0,0,0,0]],""t"":[[0,0,0,0]],""g"":[[0,0,0,0]],""d"":20485}","w63060003",537,1,"0.00",0
5421,7954,"{""c"":[0],""m"":[[0,0,0,0]],""t"":[[0,0,0,0]],""g"":[[0,0,0,0]],""d"":20485}","w63060003",537,1,"0.00",0
5422,7955,"{""c"":[0],""m"":[[0,0,0,0]],""t"":[[0,0,0,0]],""g"":[[0,0,0,0]],""d"":20485}","w63060003",537,1,"0.00",0
5423,7956,"{""c"":[0],""m"":[[0,0,0,0]],""t"":[[0,0,0,0]],""g"":[[0,0,0,0]],""d"":20485}","w63060003",537,1,"0.00",0
5424,7957,"{""c"":[0],""m"":[[0,0,0,0]],""t"":[[0,0,0,0]],""g"":[[0,0,0,0]],""d"":20485}","w63060003",537,1,"0.00",0
5425,7958,"{""c"": [], ""m"": [], ""t"": [], ""g"": [], ""d"": null}","w63060003",NULL,1,"0.00",0
5426,7959,"{""c"":[0],""m"":[[0,0,0,0]],""t"":[[0,0,0,0]],""g"":[[0,0,0,0]],""d"":20485}","w63060003",537,1,"0.00",0
5427,7960,"{""c"": [], ""m"": [], ""t"": [], ""g"": [], ""d"": null}","w63060003",NULL,1,"0.00",0
5428,7961,"{""c"":[0.14,0.71],""m"":[[1.53,39,1,40],[0.2,20,0,20]],""t"":[[0,0,0,0],[0,0,0,0]],""g"":[[0,0,0,0],[1.3,5,6,10]],""d"":20495}","w63060003",794,1,"0.00",0
5429,7962,"{""c"":[0.29,0.57,1],""m"":[[34.7,320,0,320],[41.5,355,0,355,0.12],[4.8,30,0,30,0.16]],""t"":[[0,0,0,0],[0,0,0,0],[0,0,0,0,0]],""g"":[[8.84,34,0,34],[71.76,276,12,285,0.26],[22.88,88,1,89,0.26]],""d"":20500}","w63060003",794,1,"0.00",0
5430,7964,"{""c"":[1],""m"":[[0.2,20,0,20]],""t"":[[0,0,0,0]],""g"":[[5.72,22,2,24]],""d"":20489}","w63060003",NULL,1,"0.00",0
5431,7965,"{""c"":[0.29,0.29,0.86],""m"":[[13.43,188,18,200],[2.66,14,1,15],[0,0,0,0,0]],""t"":[[0,0,0,0],[0,0.75,9,3],[0,0,0,0,0]],""g"":[[0,0,0,0],[0,0,0,0],[0,0,0,0,0]],""d"":20500}","w63060003",812,4,"0.00",0
5432,7966,"{""c"":[0.15],""m"":[[9.29,112,10,120]],""t"":[[2.52,2,5,3]],""g"":[[4.51,41,1,42]],""d"":20492}","w63060003",822,2,"0.00",0
5433,7967,"{""c"":[0.44,0.86],""m"":[[1.14,59,1,60,0.02],[0,0,0,0,0]],""t"":[[0,0,0,0],[0,0,0,0,0]],""g"":[[0,0,0,0],[0,0,0,0,0]],""d"":20500}","w63060003",812,4,"0.00",1
5435,7969,"{""c"":[1],""m"":[[3.59,119,1,120]],""t"":[[0,0,0,0]],""g"":[[0,0,0,0]],""d"":20486}","w63060003",794,1,"0.00",0
5437,7971,"{""c"": [], ""m"": [], ""t"": [], ""g"": [], ""d"": null}","w63060003",NULL,1,"0.00",0
5438,7972,"{""c"":[0,0.14,0.71],""m"":[[0,0,0,0],[2.38,113,3,115],[0,0,0,0]],""t"":[[0,0,0,0],[0,0,0,0],[0,0,0,0]],""g"":[[0,0,0,0],[2.96,74,101,105],[0,0,0,0]],""d"":20494}","w63060003",718,4,"0.00",0
5439,7973,"{""c"":[0.14,1],""m"":[[2.7,75,0,75],[21.48,228,2,230]],""t"":[[0,0,0,0],[0,0,0,0]],""g"":[[0,0,0,0],[0,0,0,0]],""d"":20494}","w63060003",661,1,"0.00",0
5440,7974,"{""c"": [], ""m"": [], ""t"": [], ""g"": [], ""d"": null}","w63060003",NULL,1,"0.00",0
5441,7975,"{""c"":[0.43,1],""m"":[[8.64,113,7,120],[5.76,72,9,80]],""t"":[[0,0,0,0],[0,0,0,0]],""g"":[[0,0,0,0],[0,0,0,0]],""d"":20493}","w63060003",NULL,2,"0.00",0
5442,7976,"{""c"":[1],""m"":[[26.39,389,42,408]],""t"":[[0,0,0,0]],""g"":[[0,0,0,0]],""d"":20487}","w63060003",794,1,"0.00",0
5444,7978,"{""c"": [], ""m"": [], ""t"": [], ""g"": [], ""d"": null}","w63060003",NULL,1,"0.00",0
5446,7981,"{""c"": [], ""m"": [], ""t"": [], ""g"": [], ""d"": null}","w63060003",NULL,1,"0.00",0
5447,7982,"{""c"": [], ""m"": [], ""t"": [], ""g"": [], ""d"": null}","w63060003",NULL,1,"0.00",0
5448,7983,"{""c"": [], ""m"": [], ""t"": [], ""g"": [], ""d"": null}","w63060003",NULL,1,"0.00",0
5449,7984,"{""c"":[1],""m"":[[4,50,0,50]],""t"":[[0,0,0,0]],""g"":[[0,0,0,0]],""d"":20486}","w63060003",NULL,3,"0.00",0
5450,7986,"{""c"": [], ""m"": [], ""t"": [], ""g"": [], ""d"": null}","w63060003",NULL,1,"0.00",0
5451,7987,"{""c"":[0],""m"":[[0,0,0,0]],""t"":[[0,0,0,0]],""g"":[[0,0,0,0]],""d"":20485}","w63060003",794,1,"0.00",0
5452,7988,"{""c"":[0,1],""m"":[[0,0,0,0],[0.2,20,0,20]],""t"":[[0,0,0,0],[0,0,0,0]],""g"":[[0,0,0,0],[0,0,0,0]],""d"":20486}","w63060003",794,1,"0.00",0
5454,7991,"{""c"":[0,1],""m"":[[0,0,0,0],[0.3,30,0,30]],""t"":[[0,0,0,0],[0,0,0,0]],""g"":[[0,0,0,0],[0,0,0,0]],""d"":20486}","w63060003",794,1,"0.00",0
5455,7992,"{""c"":[0],""m"":[[0,0,0,0]],""t"":[[0,0,0,0]],""g"":[[0,0,0,0]],""d"":20485}","w63060003",537,1,"0.00",0
5456,7993,"{""c"": [], ""m"": [], ""t"": [], ""g"": [], ""d"": null}","w63060003",NULL,2,"0.00",0
5457,7994,"{""c"":[0,0,0.71],""m"":[[0,0,0,0],[0,0,0,0],[13,118,2,120]],""t"":[[0,0,0,0],[0,0,0,0],[0,0,0,0]],""g"":[[0,0,0,0],[0,0,0,0],[21.58,83,66,126]],""d"":20496}","w63060713",794,1,"0.00",1
5458,7995,"{""c"":[0,0.43],""m"":[[0,0,0,0],[21.66,170,15,180]],""t"":[[0,0,0,0],[0,0,0,0]],""g"":[[0,0,0,0],[0,0,0,0]],""d"":20492}","g63062203",794,1,"0.00",0
5459,7996,"{""c"":[0],""m"":[[0,0,0,0]],""t"":[[0,0,0,0]],""g"":[[0,0,0,0]],""d"":20485}","w63060903",794,1,"0.00",0
5460,7997,"{""c"":[1],""m"":[[2.68,29,2,31]],""t"":[[0,0,0,0]],""g"":[[4.84,44,14,55]],""d"":20486}","w63060003",NULL,2,"0.00",0
5461,7998,"{""c"": [], ""m"": [], ""t"": [], ""g"": [], ""d"": null}","w63060003",NULL,1,"0.00",0
5462,7999,"{""c"":[1],""m"":[[2.94,34,1,35]],""t"":[[1.2,1.5,6,3]],""g"":[[0,0,0,0]],""d"":20486}","w63060003",NULL,4,"0.00",0
5464,8001,"{""c"":[1],""m"":[[63.34,282,11,292,0.22]],""t"":[[0,0,0,0,0]],""g"":[[0,0,0,0,0]],""d"":20501}","q43062003",760,4,"6.00",0
5465,8002,"{""c"":[0.29],""m"":[[2.6,100,0,100]],""t"":[[0,0,0,0]],""g"":[[5.28,48,8,56]],""d"":20492}","w63060003",822,2,"0.00",0
5466,8003,"{""c"": [], ""m"": [], ""t"": [], ""g"": [], ""d"": null}","w63060003",NULL,1,"0.00",0
5467,8004,"{""c"": [], ""m"": [], ""t"": [], ""g"": [], ""d"": null}","w63060003",NULL,1,"0.00",0
5468,8005,"{""c"":[0,0.14,0,0.71],""m"":[[0,0,0,0],[1.41,141,1,142],[0,0,0,0,0],[0.05,5,0,5,0.01]],""t"":[[0,0,0,0],[0,0,0,0],[0,0,0,0,0],[0,0,0,0,0]],""g"":[[0,0,0,0],[0,0,0,0],[0,0,0,0,0],[0,0,0,0,0]],""d"":20502}","w63060003",794,1,"0.00",0
5469,8006,"{""c"": [], ""m"": [], ""t"": [], ""g"": [], ""d"": null}","w63060003",NULL,1,"0.00",0
5470,8008,"{""c"":[0,0,0.71],""m"":[[0,0,0,0],[0,0,0,0],[0,0,0,0]],""t"":[[0,0,0,0],[0,0,0,0],[0,0,0,0]],""g"":[[0,0,0,0],[0,0,0,0],[4.68,18,20,26]],""d"":20495}","w63060003",794,1,"0.00",0
5471,8009,"{""c"": [], ""m"": [], ""t"": [], ""g"": [], ""d"": null}","w63060003",NULL,1,"0.00",0
5472,8010,"{""c"": [], ""m"": [], ""t"": [], ""g"": [], ""d"": null}","w63060003",NULL,1,"0.00",0
5473,8011,"{""c"": [], ""m"": [], ""t"": [], ""g"": [], ""d"": null}","w63060003",NULL,1,"0.00",0
5474,8012,"{""c"": [], ""m"": [], ""t"": [], ""g"": [], ""d"": null}","w63060003",NULL,1,"0.00",0
5475,8014,"{""c"": [], ""m"": [], ""t"": [], ""g"": [], ""d"": null}","w63060003",NULL,1,"0.00",0
5477,8016,"{""c"":[0.15,0,0.86],""m"":[[8.7,96,4,100],[0,0,0,0,0],[0,0,0,0,0]],""t"":[[3.78,3,0,3],[0,0,0,0,0],[0,0,0,0,0]],""g"":[[8.91,81,8,89],[0,0,0,0,0],[0,0,0,0,0]],""d"":20500}","w63060303",778,2,"0.00",0
5478,8017,"{""c"": [], ""m"": [], ""t"": [], ""g"": [], ""d"": null}","w63060003",NULL,1,"0.00",0
5479,8018,"{""c"": [], ""m"": [], ""t"": [], ""g"": [], ""d"": null}","w63060003",NULL,1,"0.00",0
5480,8019,"{""c"":[1],""m"":[[1,20,0,20]],""t"":[[0,0,0,0]],""g"":[[0,0,0,0]],""d"":20486}","w63060003",NULL,4,"0.00",0
5481,1647,"{""c"":[1],""m"":[[0.88,88,2,90]],""t"":[[0,0,0,0]],""g"":[[0,0,0,0]],""d"":20486}","w63060003",612,2,"0.00",0
5482,8020,"{""c"": [], ""m"": [], ""t"": [], ""g"": [], ""d"": null}","w63060003",NULL,1,"0.00",0
5485,8022,"{""c"":[0.43],""m"":[[6.22,86,5,90]],""t"":[[0,0,0,0]],""g"":[[0,0,0,0]],""d"":20491}","663062303",619,2,"0.00",0
5486,8024,"{""c"":[1],""m"":[[33.89,422,1,423]],""t"":[[0,0,0,0]],""g"":[[0,0,0,0]],""d"":20487}","w63060003",NULL,2,"0.00",0
5487,8025,"{""c"":[0,0.71],""m"":[[0,0,0,0],[3.9,30,0,30]],""t"":[[0,0,0,0],[0,0,0,0]],""g"":[[0,0,0,0],[0,0,0,0]],""d"":20488}","w63060003",794,1,"0.00",0
5488,8026,"{""c"": [], ""m"": [], ""t"": [], ""g"": [], ""d"": null}","w63060003",NULL,1,"0.00",0
5490,8030,"{""c"": [], ""m"": [], ""t"": [], ""g"": [], ""d"": null}","w63060003",NULL,1,"0.00",0
5491,1989,"{""c"":[1],""m"":[[3.86,37,3,40]],""t"":[[0,0,0,0]],""g"":[[0,0,0,0]],""d"":20486}","w63060003",725,1,"0.00",0
5494,8032,"{""c"":[1],""m"":[[1.19,27,39,40]],""t"":[[0,0,0,0]],""g"":[[0,0,0,0]],""d"":20486}","w63060003",NULL,2,"0.00",0
5495,8033,"{""c"":[1],""m"":[[0.18,18,2,20]],""t"":[[0,0,0,0]],""g"":[[0,0,0,0]],""d"":20486}","w63060003",NULL,2,"0.00",0
5496,8034,"{""c"":[0,0.86],""m"":[[0,0,0,0],[0,0,0,0,0]],""t"":[[2.4,2,20,4],[0,0,0,0,0]],""g"":[[2.12,53,107,90],[0,0,0,0,0]],""d"":20500}","p511620c3",812,4,"0.00",0
5497,8035,"{""c"":[1],""m"":[[13.69,154,6,160]],""t"":[[6.12,10.75,21,15]],""g"":[[4.62,42,7,47]],""d"":20487}","w63060003",NULL,2,"0.00",0
5498,8036,"{""c"": [], ""m"": [], ""t"": [], ""g"": [], ""d"": null}","w63060003",NULL,1,"0.00",0
5499,8037,"{""c"":[1],""m"":[[1.88,76,4,80]],""t"":[[0,0,0,0]],""g"":[[0,0,0,0]],""d"":20486}","w63060003",NULL,2,"0.00",0
5500,8039,"{""c"": [], ""m"": [], ""t"": [], ""g"": [], ""d"": null}","w63060003",544,2,"0.00",0
5501,2861,"{""c"":[1],""m"":[[0.4,40,0,40]],""t"":[[0,0,0,0]],""g"":[[0,0,0,0]],""d"":20486}","w63060003",NULL,2,"0.00",0
5503,8040,"{""c"": [], ""m"": [], ""t"": [], ""g"": [], ""d"": null}","w63060003",NULL,3,"0.00",0
5504,8041,"{""c"":[1],""m"":[[7.6,76,5,80]],""t"":[[0,0,0,0]],""g"":[[0,0,0,0]],""d"":20486}","w63060003",NULL,2,"0.00",0
5505,8042,"{""c"":[1],""m"":[[2.12,4,1,5]],""t"":[[0,0,0,0]],""g"":[[0,0,0,0]],""d"":20486}","w63060003",NULL,0,"0.00",0
5506,8043,"{""c"":[1],""m"":[[0.4,20,0,20]],""t"":[[0,0,0,0]],""g"":[[0,0,0,0]],""d"":20486}","w63060003",NULL,2,"0.00",0
5507,8044,"{""c"":[0,0.01,0.71],""m"":[[0,0,0,0],[0,0,0,0],[4.1,10,14,16]],""t"":[[0,0,0,0],[0,0,0,0],[0,0,0,0]],""g"":[[0,0,0,0],[0,0,0,0],[0,0,0,0]],""d"":20495}","605370926",828,4,"0.00",0
5508,8045,"{""c"":[1],""m"":[[28.49,506,24,528]],""t"":[[0,0,0,0]],""g"":[[0,0,0,0]],""d"":20487}","w63060003",NULL,4,"0.00",0
5512,8049,"{""c"": [], ""m"": [], ""t"": [], ""g"": [], ""d"": null}","w63060003",NULL,4,"0.00",0
5513,8050,"{""c"":[1],""m"":[[4.06,78,2,80]],""t"":[[0,0,0,0]],""g"":[[0,0,0,0]],""d"":20487}","p25071643",801,4,"0.00",0
5514,8051,"{""c"": [], ""m"": [], ""t"": [], ""g"": [], ""d"": null}","w63060003",801,4,"0.00",0
5515,8053,"{""c"":[0.71],""m"":[[2.88,16,4,20]],""t"":[[0,0,0,0]],""g"":[[0,0,0,0]],""d"":20488}","o681637a3",781,4,"0.00",0
5517,8055,"{""c"": [], ""m"": [], ""t"": [], ""g"": [], ""d"": null}","w63060003",NULL,2,"0.00",0
5518,8056,"{""c"":[1],""m"":[[29.32,233,16,247]],""t"":[[0,0,0,0]],""g"":[[0,0,0,0]],""d"":20487}","w63060003",NULL,1,"0.00",0
5519,8057,"{""c"":[0,0.15,0.57],""m"":[[0,0,0,0],[3.69,32,0,32],[0,0,0,0]],""t"":[[0,0,0,0],[1.97,1.75,1,2],[0,0,0,0]],""g"":[[0,0,0,0],[1.3,5,1,6],[0,0,0,0]],""d"":20495}","w63060003",826,1,"0.00",0
5520,8058,"{""c"":[0,0.01],""m"":[[0,0,0,0],[0,0,0,0]],""t"":[[0,0,0,0],[0,0,0,0]],""g"":[[0,0,0,0],[0,0,0,0]],""d"":20492}","w63060003",822,2,"0.00",0
5521,8059,"{""c"":[1],""m"":[[8.2,20,0,20]],""t"":[[0,0,0,0]],""g"":[[0,0,0,0]],""d"":20486}","w63060003",NULL,3,"0.00",0
5523,8061,"{""c"":[1],""m"":[[0,19,1,20]],""t"":[[0,0,0,0]],""g"":[[0,0,0,0]],""d"":20486}","w63060003",NULL,4,"0.00",0
5525,8063,"{""c"": [], ""m"": [], ""t"": [], ""g"": [], ""d"": null}","w63060003",NULL,3,"0.00",0
5526,8064,"{""c"": [], ""m"": [], ""t"": [], ""g"": [], ""d"": null}","w63060003",NULL,4,"0.00",0
5527,8065,"{""c"":[0.42],""m"":[[6.54,59,7,65]],""t"":[[0,0,0,0]],""g"":[[0,0,0,0]],""d"":20491}","665786c26",781,4,"0.00",0
5528,8066,"{""c"": [], ""m"": [], ""t"": [], ""g"": [], ""d"": null}","w63060003",NULL,1,"0.00",0
5529,8067,"{""c"":[0,0.15,1],""m"":[[64.69,596,2,598],[2,20,0,20],[2,20,0,20,0.1]],""t"":[[0,0,0,0],[0,0,0,0],[0,0,0,0,0]],""g"":[[0,0,0,0],[0,0,0,0],[0,0,0,0,0]],""d"":20500}","e640660b6",770,1,"0.00",0
5530,8068,"{""c"":[0.29,0.43,0.86],""m"":[[2.6,35,0,35],[6.18,123,2,125],[4.77,129,1,130,0.04]],""t"":[[0,0,0,0],[0,0,0,0],[0,0,0,0,0]],""g"":[[0,0,0,0],[0,0,0,0],[0,0,0,0,0]],""d"":20501}","0130667a3",770,1,"0.00",0
5531,8069,"{""c"":[0,0.15,0.86],""m"":[[0,0,0,0],[10.21,91,4,95],[0,0,0,0,0]],""t"":[[0,0,0,0],[0,0,0,0],[0,0,0,0,0]],""g"":[[0,0,0,0],[0,0,0,0],[0,0,0,0,0]],""d"":20500}","083076aa3",770,1,"0.00",0
5533,8071,"{""c"":[0.71,1],""m"":[[30.4,95,36,120],[15.68,49,13,60]],""t"":[[0,0,0,0],[0,0,0,0]],""g"":[[0,0,0,0],[0,0,0,0]],""d"":20494}","w63060003",NULL,1,"0.00",0
5534,8072,"{""c"":[0.43,0.43],""m"":[[92.12,584,11,595],[0,0,0,0]],""t"":[[7.29,3,0,3],[0,0,0,0]],""g"":[[0,0,0,0],[0,0,0,0]],""d"":20496}","w63060003",807,1,"0.00",0
5535,8073,"{""c"":[0,0.71],""m"":[[3.45,45,0,45],[0.2,20,0,20]],""t"":[[0,0,0,0],[0,0,0,0]],""g"":[[6.24,24,3,27],[0,0,0,0]],""d"":20495}","w63060003",826,1,"0.00",0
5536,1932,"{""c"":[0.29,0,0.86],""m"":[[10.86,138,2,140],[0,0,0,0],[0,0,0,0,0]],""t"":[[0,0,0,0],[0,0,0,0],[0,0,0,0,0]],""g"":[[0,0,0,0],[0,0,0,0],[0,0,0,0,0]],""d"":20500}","w63060003",770,1,"0.00",0
5538,8074,"{""c"":[0,0.71],""m"":[[15.17,37,4,40],[17.99,254,9,260]],""t"":[[0,0,0,0],[0,0,0,0]],""g"":[[0,0,0,0],[0,0,0,0]],""d"":20495}","w463453c0",828,4,"0.00",0
5539,8077,"{""c"":[1],""m"":[[5.27,179,1,180]],""t"":[[0,0,0,0]],""g"":[[0,0,0,0]],""d"":20486}","w63060003",NULL,1,"0.00",0
5540,8078,"{""c"": [], ""m"": [], ""t"": [], ""g"": [], ""d"": null}","461760016",794,1,"0.00",0
5541,8079,"{""c"":[1],""m"":[[3.97,49,1,50]],""t"":[[0,0,0,0]],""g"":[[0,0,0,0]],""d"":20486}","w63060003",NULL,1,"0.00",0
5542,8080,"{""c"":[0.29,0.71],""m"":[[14.01,177,4,180],[0,0,0,0]],""t"":[[17.74,23.25,18,27],[0,0,0,0]],""g"":[[3.96,36,0,36],[0,0,0,0]],""d"":20494}","w63060003",803,2,"0.00",0
5543,8081,"{""c"":[1],""m"":[[0.2,20,0,20]],""t"":[[0,0,0,0]],""g"":[[7.59,69,11,75]],""d"":20486}","w63060003",NULL,2,"0.00",0
5544,8082,"{""c"":[1],""m"":[[0.57,57,4,60]],""t"":[[0,0,0,0]],""g"":[[0,0,0,0]],""d"":20487}","w63060003",NULL,1,"0.00",0
5545,8084,"{""c"":[1],""m"":[[3.31,331,49,360]],""t"":[[0,0,0,0]],""g"":[[0,0,0,0]],""d"":20487}","w63060003",NULL,1,"0.00",0
5546,8085,"{""c"":[0,0.15,0.58],""m"":[[0,0,0,0],[3.79,19,1,20],[0,0,0,0]],""t"":[[0,0,0,0],[0,0,18,2],[0.36,1.25,7,3]],""g"":[[0,0,0,0],[0,0,0,0],[0,0,0,0]],""d"":20496}","c63060663",799,4,"0.00",0
5548,8087,"{""c"":[1],""m"":[[0.2,20,0,20]],""t"":[[0,0,0,0]],""g"":[[0,0,0,0]],""d"":20486}","w63060003",NULL,1,"0.00",0
5549,8089,"{""c"":[1,0.71],""m"":[[39.87,424,38,451],[0,0,0,0]],""t"":[[0,0,0,0],[0,0,0,0]],""g"":[[53.13,483,25,502],[0,0,0,0]],""d"":20494}","c04073143",803,2,"0.00",0
5550,8090,"{""c"":[0.29,1],""m"":[[4.3,75,7,80],[236.02,1025,68,1073]],""t"":[[0,0,0,0],[0.3,0.75,13,3]],""g"":[[0,0,0,0],[0,0,0,0]],""d"":20496}","p44771073",799,4,"0.00",0
5551,8091,"{""c"":[0.29,0.71],""m"":[[0.2,20,0,20],[0,0,0,0]],""t"":[[0,0,0,0],[0,0,0,0]],""g"":[[0,0,0,0],[0,0,0,0]],""d"":20494}","w63060003",803,2,"0.00",0
5553,8093,"{""c"":[0,0.01,0.57],""m"":[[0,0,0,0],[0,0,0,0],[0,0,0,0]],""t"":[[0,0,0,0],[0,0,0,0],[0,0,0,0]],""g"":[[0,0,0,0],[0,0,0,0],[0,0,0,0]],""d"":20495}","w63060003",828,4,"0.00",0
5555,8095,"{""c"":[1,0.86],""m"":[[15.46,589,15,602],[1.05,105,0,105]],""t"":[[3.73,4.75,1,5],[0,0,0,0]],""g"":[[12.98,118,25,136],[0,0,0,0]],""d"":20494}","800483082",803,2,"0.00",0
5556,8096,"{""c"":[0,0.86,0.86],""m"":[[0,0,0,0],[95.1,472,44,501],[309.74,1013,40,1048,0.41]],""t"":[[0,0,0,0],[4.74,7.25,29,14],[0.36,1.25,3,2]],""g"":[[0,0,0,0],[0,0,0,0],[1.44,36,4,39]],""d"":20497}","c31160663",799,4,"0.00",0
5557,8097,"{""c"": [], ""m"": [], ""t"": [], ""g"": [], ""d"": null}","w63060003",794,1,"0.00",0
5558,8098,"{""c"":[1],""m"":[[11.28,51,14,60]],""t"":[[0,0,0,0]],""g"":[[0,0,0,0]],""d"":20486}","w63060003",NULL,1,"0.00",0
5559,8099,"{""c"":[1],""m"":[[0.57,57,3,60]],""t"":[[0,0,0,0]],""g"":[[0,0,0,0]],""d"":20486}","w63060003",NULL,1,"0.00",0
5560,8100,"{""c"":[0,0.57],""m"":[[3.19,43,2,45],[0,0,0,0]],""t"":[[3.64,1.75,1,2],[0,0,0,0]],""g"":[[5.98,23,6,27],[0,0,0,0]],""d"":20495}","o36066a93",826,1,"0.00",0
5561,8101,"{""c"":[0.71],""m"":[[20.34,210,16,220]],""t"":[[0,0,0,0]],""g"":[[0,0,0,0]],""d"":20491}","w63060003",NULL,1,"0.00",0
5562,8102,"{""c"":[0.14],""m"":[[4.53,99,1,100]],""t"":[[0,0,0,0]],""g"":[[0,0,0,0]],""d"":20492}","q61186c93",625,1,"0.00",0
5563,8103,"{""c"": [], ""m"": [], ""t"": [], ""g"": [], ""d"": null}","w63060003",NULL,2,"0.00",0
5564,8104,"{""c"":[0,1],""m"":[[0,0,0,0],[27.88,100,38,130]],""t"":[[0,0,0,0],[0,0,0,0]],""g"":[[0,0,0,0],[0,0,0,0]],""d"":20495}","w63060003",828,4,"0.00",0
5565,8105,"{""c"":[1],""m"":[[0.6,60,0,60]],""t"":[[0,0,0,0]],""g"":[[0,0,0,0]],""d"":20486}","w63060003",NULL,1,"0.00",0
5566,8106,"{""c"": [], ""m"": [], ""t"": [], ""g"": [], ""d"": null}","w63060003",NULL,1,"0.00",0
5567,8107,"{""c"":[0.57],""m"":[[4.27,187,203,198]],""t"":[[9.83,8.75,5,10]],""g"":[[0,0,0,0]],""d"":20491}","w63060003",NULL,1,"0.00",0
5568,8108,"{""c"":[0.14],""m"":[[8.73,213,2,215]],""t"":[[0,0,0,0]],""g"":[[0,0,0,0]],""d"":20492}","w63060003",625,1,"0.00",0
5569,8109,"{""c"":[0.29,0.14,0.86],""m"":[[2.8,40,0,40],[0.59,59,1,60],[0,0,0,0,0]],""t"":[[0,0,0,0],[0,0,0,0],[0,0,0,0,0]],""g"":[[0,0,0,0],[0,0,0,0],[0,0,0,0,0]],""d"":20500}","w63060003",770,1,"0.00",0
5570,8110,"{""c"":[1],""m"":[[2.61,51,5,55]],""t"":[[0,0,0,0]],""g"":[[0,0,0,0]],""d"":20486}","w63060003",NULL,1,"0.00",0
5571,8111,"{""c"":[1],""m"":[[5.18,67,22,80]],""t"":[[0,0,0,0]],""g"":[[0,0,0,0]],""d"":20486}","w63060003",NULL,2,"0.00",0
5572,8112,"{""c"":[0.29,0.86],""m"":[[8.94,91,8,95],[0.4,40,0,40]],""t"":[[0,0,0,0],[0,0,0,0]],""g"":[[0,0,0,0],[0,0,0,0]],""d"":20494}","o48583b96",831,1,"0.00",2
5573,8113,"{""c"":[0,0.71],""m"":[[1.17,117,3,120],[0,0,0,0]],""t"":[[0,0,0,0],[0,0,0,0]],""g"":[[0,0,0,0],[0,0,0,0]],""d"":20494}","808412683",803,2,"0.00",0
5574,8114,"{""c"":[1],""m"":[[3.9,150,0,150]],""t"":[[0,0,0,0]],""g"":[[0,0,0,0]],""d"":20486}","w63060003",NULL,1,"0.00",0
5576,8117,"{""c"":[0.43,0.86],""m"":[[12.48,173,13,185],[1.37,35,5,40]],""t"":[[0,0,0,0],[0,0,0,0]],""g"":[[0,0,0,0],[0,0,0,0]],""d"":20494}","o45185023",625,1,"0.00",0
5577,8118,"{""c"":[0.86],""m"":[[1.8,36,7,40]],""t"":[[0.48,0.5,2,1]],""g"":[[5.28,48,2,50]],""d"":20487}","w680705c3",698,2,"0.00",0
5580,8120,"{""c"":[1],""m"":[[1.26,9,1,10]],""t"":[[0,0,0,0]],""g"":[[0,0,0,0]],""d"":20486}","w63060003",NULL,4,"0.00",0
5581,8121,"{""c"":[0.28,0,0.86],""m"":[[17.48,115,10,125],[0,0,0,0],[0,0,0,0,0]],""t"":[[0,0,0,0],[0,0,0,0],[0,0,0,0,0]],""g"":[[0,0,0,0],[0,0,0,0],[0,0,0,0,0]],""d"":20500}","068163093",770,1,"0.00",0
5582,8123,"{""c"":[1],""m"":[[4.64,29,1,30]],""t"":[[0,0,0,0]],""g"":[[0,0,0,0]],""d"":20486}","w63060003",NULL,1,"0.00",0
5583,8124,"{""c"":[0.57],""m"":[[17.65,135,24,150,0.38]],""t"":[[6.6,9.75,20,15,1.04]],""g"":[[3.16,79,14,91,0.04]],""d"":20499}","068183793",832,4,"0.00",1
5584,8125,"{""c"":[0,0.57,0.86],""m"":[[0,0,0,0],[16.13,339,1,340,0.14],[5.02,94,7,100,0.06]],""t"":[[0,0,0,0],[0,0,0,0],[0,0,0,0,0]],""g"":[[0,0,0,0],[0,0,0,0],[0,0,0,0,0]],""d"":20501}","e630640a3",770,1,"0.00",0
5585,8126,"{""c"":[1],""m"":[[4.2,60,0,60]],""t"":[[4.15,5,0,5]],""g"":[[0,0,0,0]],""d"":20486}","w63060003",NULL,2,"0.00",0
5586,8127,"{""c"":[0.29,0.14,0.86],""m"":[[31.8,60,0,60],[13.25,25,0,25],[20.14,38,2,40,0.53]],""t"":[[0,0,0,0],[0,0,0,0],[0,0,0,0,0]],""g"":[[0,0,0,0],[0,0,0,0],[0,0,0,0,0]],""d"":20501}","w63060003",NULL,0,"0.00",0
5587,8128,"{""c"":[0,0,0.86],""m"":[[0,0,0,0],[0,0,0,0],[0,0,0,0,0]],""t"":[[0,0,0,0],[0,0,0,0],[0,0,0,0,0]],""g"":[[0,0,0,0],[0,0,0,0],[0,0,0,0,0]],""d"":20500}","028066716",770,1,"0.00",0
5588,8129,"{""c"":[0.86],""m"":[[2.96,205,16,220]],""t"":[[11.61,16.5,14,20]],""g"":[[4.51,41,3,44]],""d"":20489}","o60064c03",823,2,"0.00",0
5589,8130,"{""c"":[1],""m"":[[15.59,99,1,100]],""t"":[[0,0,0,0]],""g"":[[6.5,25,5,27]],""d"":20486}","w63060003",NULL,1,"0.00",0
5591,8133,"{""c"":[0.28],""m"":[[8.9,159,1,160]],""t"":[[3.16,2,0,2]],""g"":[[0,0,0,0]],""d"":20492}","w63060003",669,2,"0.00",0
5592,8134,"{""c"":[0,0.57,1],""m"":[[13.79,173,6,179],[14.85,125,7,132,0.11],[4.86,138,1,139,0.04]],""t"":[[17.05,16.75,17,21],[37.03,27.25,19,32,2.43],[0,0,0,0,0]],""g"":[[16.9,65,26,76],[43.94,169,48,203,0.26],[28.34,109,22,123,0.26]],""d"":20501}","8610620b3",770,1,"7.00",0
5593,8135,"{""c"": [], ""m"": [], ""t"": [], ""g"": [], ""d"": null}","w63060003",NULL,2,"0.00",0
5594,8137,"{""c"":[0,0.15,0.86],""m"":[[36.9,395,7,402],[3.77,29,1,30],[0,0,0,0,0]],""t"":[[0,0,0,0],[0,0,0,0],[0,0,0,0,0]],""g"":[[0,0,0,0],[0,0,0,0],[0,0,0,0,0]],""d"":20500}","w63060003",770,1,"0.00",0
5595,8138,"{""c"":[0,0.15,0.57],""m"":[[0,0,0,0],[6.15,15,10,22],[0,0,0,0]],""t"":[[0,0,0,0],[0,0,0,0],[0,0,0,0]],""g"":[[0,0,0,0],[0,0,0,0],[0,0,0,0]],""d"":20495}","w63060003",828,4,"0.00",0
5596,8139,"{""c"":[0,0,0.86],""m"":[[4.67,59,1,60],[0,0,0,0],[0,0,0,0,0]],""t"":[[0,0,0,0],[0,0,0,0],[0,0,0,0,0]],""g"":[[0,0,0,0],[0,0,0,0],[0,0,0,0,0]],""d"":20500}","w63060003",770,1,"0.00",0
5597,8140,"{""c"":[0,0.01,0.86],""m"":[[0,0,0,0],[0,0,0,0],[26.21,81,17,89]],""t"":[[0,0,0,0],[0,0,0,0],[0,0,0,0]],""g"":[[0,0,0,0],[0,0,0,0],[0,0,0,0]],""d"":20495}","618180003",828,4,"0.00",0
5598,8142,"{""c"":[0,0.57],""m"":[[0,0,0,0],[0,0,0,0]],""t"":[[0,0,0,0],[0,0,0,0]],""g"":[[0,0,0,0],[0,0,0,0]],""d"":20495}","w63060003",828,4,"0.00",0
5599,8143,"{""c"":[1],""m"":[[10.47,99,1,100]],""t"":[[0,0,0,0]],""g"":[[0,0,0,0]],""d"":20486}","w63060003",NULL,2,"0.00",0
5600,8144,"{""c"":[1],""m"":[[0.34,34,27,40]],""t"":[[0,0,0,0]],""g"":[[0,0,0,0]],""d"":20486}","w63060003",NULL,2,"0.00",0
5601,8145,"{""c"":[1],""m"":[[0.78,78,2,80]],""t"":[[0,0,0,0]],""g"":[[0,0,0,0]],""d"":20486}","w63060003",NULL,2,"0.00",0
5602,8147,"{""c"":[0,0.15,0.71],""m"":[[0,0,0,0],[3.15,15,0,15],[2.1,15,0,15]],""t"":[[0,0,0,0],[0,0,0,0],[0,0,0,0]],""g"":[[0,0,0,0],[0,0,0,0],[0,0,0,0]],""d"":20495}","608581053",828,4,"0.00",0
5603,8148,"{""c"":[1],""m"":[[5,50,2,52]],""t"":[[0,0,0,0]],""g"":[[0,0,0,0]],""d"":20486}","w63060003",NULL,3,"0.00",0
5604,8149,"{""c"":[0.29,0.43,1],""m"":[[16.36,172,8,180],[27.99,282,6,288],[12.8,95,0,95,0.14]],""t"":[[0,0,0,0],[10.32,7.75,1,8],[0,0,0,0,0]],""g"":[[0,0,0,0],[17.68,68,2,70],[1.82,7,0,7,0.26]],""d"":20500}","w63060003",770,1,"5.50",3
5605,8150,"{""c"":[1],""m"":[[0,19,1,20]],""t"":[[0,0,0,0]],""g"":[[0,0,0,0]],""d"":20486}","o63064003",781,4,"0.00",0
5606,8151,"{""c"":[0,0.15,0.86],""m"":[[2.08,13,2,15],[2.6,35,0,35],[0,0,0,0,0]],""t"":[[0,0,0,0],[0,0,0,0],[0,0,0,0,0]],""g"":[[0,0,0,0],[0,0,0,0],[0,0,0,0,0]],""d"":20500}","064163096",770,1,"0.00",2
5608,8156,"{""c"":[0,0,0.86],""m"":[[0.2,20,0,20],[0,0,0,0],[8.19,99,1,100,0.08]],""t"":[[0,0,0,0],[0,0,0,0],[12.15,5,0,5,2.43]],""g"":[[0,0,0,0],[0,0,0,0],[30.16,116,16,126,0.26]],""d"":20501}","k13360166",770,1,"5.50",0
5609,8157,"{""c"":[1],""m"":[[2.82,108,2,110]],""t"":[[0,0,0,0]],""g"":[[0,0,0,0]],""d"":20487}","w63060003",NULL,2,"0.00",0
5610,8158,"{""c"": [], ""m"": [], ""t"": [], ""g"": [], ""d"": null}","p88071723",801,4,"0.00",0
5611,8159,"{""c"":[1],""m"":[[3.84,48,2,50]],""t"":[[0,0,0,0]],""g"":[[0,0,0,0]],""d"":20487}","w63060003",NULL,1,"0.00",0
5612,8160,"{""c"":[0.86],""m"":[[6.66,59,1,60]],""t"":[[0,0,0,0]],""g"":[[3.52,32,5,36]],""d"":20488}","w63060003",NULL,2,"0.00",0
5613,8161,"{""c"":[0.72,0.28],""m"":[[46.21,602,9,610],[20,226,8,231,0.01]],""t"":[[6.88,6,4,7],[19.34,18.25,7,20]],""g"":[[21.78,198,5,203],[8.69,79,1,80]],""d"":20499}","0251620a3",822,2,"0.00",0
5614,8162,"{""c"": [], ""m"": [], ""t"": [], ""g"": [], ""d"": null}","w63060003",NULL,3,"0.00",0
5615,8165,"{""c"":[0,0.15,1],""m"":[[0.19,19,1,20],[0.4,40,0,40,0.01],[0.4,40,0,40,0.01]],""t"":[[0,0,0,0],[0,0,0,0],[0,0,0,0,0]],""g"":[[0,0,0,0],[0,0,0,0],[0,0,0,0,0]],""d"":20500}","w63060003",770,1,"0.00",0
5617,8167,"{""c"":[0,0,0.86],""m"":[[0,0,0,0],[0,0,0,0],[0,0,0,0,0]],""t"":[[0,0,0,0],[0,0,0,0],[0,0,0,0,0]],""g"":[[0,0,0,0],[0,0,0,0],[0,0,0,0,0]],""d"":20500}","w63060003",770,1,"0.00",0
5618,8168,"{""c"":[1],""m"":[[0.91,13,10,20]],""t"":[[0,0,0,0]],""g"":[[6.16,56,59,89]],""d"":20487}","w63060003",NULL,2,"0.00",0
5619,8169,"{""c"":[0],""m"":[[0,0,0,0]],""t"":[[0,0,0,0]],""g"":[[0,0,0,0]],""d"":20492}","644761026",822,2,"0.00",0
5620,8170,"{""c"":[0.29,0,0.86],""m"":[[0.2,20,0,20],[0,0,0,0,0],[0,0,0,0,0]],""t"":[[0,0,0,0],[0,0,0,0,0],[0,0,0,0,0]],""g"":[[0,0,0,0],[0,0,0,0,0],[0,0,0,0,0]],""d"":20500}","u63060cc0",770,1,"2.00",0
5621,8171,"{""c"":[0,0.71],""m"":[[0,0,0,0],[5.13,19,2,20]],""t"":[[0,0,0,0],[0,0,0,0]],""g"":[[0,0,0,0],[0,0,0,0]],""d"":20495}","0230860a2",828,4,"0.00",0
5622,8172,"{""c"":[0,0.43,0.86],""m"":[[215.84,1939,59,1990],[46.08,328,7,335,0.13],[0,0,0,0,0]],""t"":[[1.05,1.5,20,5],[0,0,0,0],[0,0,0,0,0]],""g"":[[4.42,17,2,18],[0,0,0,0],[0,0,0,0,0]],""d"":20500}","603160003",770,1,"0.00",0
5623,8176,"{""c"":[0,0.86],""m"":[[4.76,27,6,30],[4.24,102,10,110]],""t"":[[0,0,0,0],[0,0,0,0]],""g"":[[0,0,0,0],[0,0,0,0]],""d"":20494}","w63060003",NULL,4,"0.00",0
5624,8177,"{""c"":[0.43,0.29,0.86],""m"":[[2.1,15,0,15],[46.61,382,13,395],[0,0,0,0,0]],""t"":[[0,0,0,0],[0,0,0,0],[0,0,0,0,0]],""g"":[[0,0,0,0],[0,0,0,0],[0,0,0,0,0]],""d"":20500}","g63066703",770,1,"0.00",0
5625,8178,"{""c"":[0,0.72],""m"":[[0,0,0,0],[0,20,0,20]],""t"":[[0,0,0,0],[0,0,0,0]],""g"":[[0,0,0,0],[0,0,0,0]],""d"":20495}","w63060003",828,4,"0.00",0
5627,8181,"{""c"": [], ""m"": [], ""t"": [], ""g"": [], ""d"": null}","w63060003",NULL,1,"0.00",0
5628,2675,"{""c"":[1],""m"":[[19.55,107,3,110]],""t"":[[0,0,0,0]],""g"":[[0,0,0,0]],""d"":20488}","c48310933",775,4,"0.00",1
5631,2672,"{""c"":[0.72,1],""m"":[[38.68,634,23,651],[6,58,2,60]],""t"":[[0,0,0,0],[0,0.25,60,7]],""g"":[[0,0,0,0],[0,0,0,0]],""d"":20493}","w63060003",775,4,"0.00",0
5632,8183,"{""c"":[0,0.57],""m"":[[0,0,0,0],[0,0,0,0]],""t"":[[0,0,0,0],[0,0,0,0]],""g"":[[0,0,0,0],[0,0,0,0]],""d"":20495}","w63060003",828,4,"0.00",0
5633,8184,"{""c"":[0],""m"":[[0,0,0,0]],""t"":[[0,0,0,0]],""g"":[[0,0,0,0]],""d"":20487}","p25452043",775,4,"0.00",0
5634,2671,"{""c"":[0],""m"":[[0,20,0,20]],""t"":[[0,0,0,0]],""g"":[[0,0,0,0]],""d"":20487}","w63068000",775,4,"0.00",0
5637,2677,"{""c"":[0],""m"":[[2.87,27,4,30]],""t"":[[0,0,0,0]],""g"":[[0,0,0,0]],""d"":20490}","w63060003",624,4,"0.00",0
5640,8185,"{""c"":[0.43,0.86],""m"":[[5.84,119,7,126],[15.49,228,45,254]],""t"":[[0,0,0,0],[0,0,0,0]],""g"":[[2.86,11,0,11],[0.26,1,61,5]],""d"":20495}","w63060003",NULL,1,"0.00",0
5641,8186,"{""c"":[0],""m"":[[5.13,19,1,20]],""t"":[[0,0,0,0]],""g"":[[0,0,0,0]],""d"":20490}","o28783003",775,4,"0.00",0
5646,8191,"{""c"": [], ""m"": [], ""t"": [], ""g"": [], ""d"": null}","w63060003",NULL,4,"0.00",0
5647,8192,"{""c"":[0.86],""m"":[[2.34,49,1,50]],""t"":[[0,3.25,7,5]],""g"":[[0,0,0,0]],""d"":20496}","w63060003",NULL,4,"0.00",0
5648,8193,"{""c"": [], ""m"": [], ""t"": [], ""g"": [], ""d"": null}","w63060003",NULL,4,"0.00",0
5649,8194,"{""c"": [], ""m"": [], ""t"": [], ""g"": [], ""d"": null}","w63060003",NULL,4,"0.00",0
5650,8195,"{""c"":[0.86,0.58,0.86],""m"":[[135.29,962,14,975],[27.71,225,5,230,0.02],[0,0,0,0,0]],""t"":[[0,0,0,0],[0,0,0,0],[0,0,0,0,0]],""g"":[[0,0,0,0],[0,0,0,0],[0,0,0,0,0]],""d"":20500}","r17380902",770,1,"7.00",1
5651,8198,"{""c"":[1],""m"":[[0,0,0,0]],""t"":[[3.72,2.75,10,5]],""g"":[[0,0,0,0]],""d"":20494}","w63060003",NULL,4,"0.00",0
5653,8200,"{""c"":[0.29,0.71],""m"":[[28.69,266,30,290],[0,0,0,0]],""t"":[[0,0,0,0],[0,0,0,0]],""g"":[[0,0,0,0],[0,0,0,0]],""d"":20494}","w63060486",803,2,"0.00",0
5654,8201,"{""c"":[1],""m"":[[0,119,1,120]],""t"":[[0,0,0,0]],""g"":[[0,0,0,0]],""d"":20494}","w63060003",NULL,4,"0.00",0
5655,2361,"{""c"":[0],""m"":[[0,0,0,0]],""t"":[[0,0,0,0]],""g"":[[0,0,0,0]],""d"":20486}","w63060003",NULL,1,"0.00",0
5657,8202,"{""c"":[1],""m"":[[5.12,73,7,80]],""t"":[[0,0,0,0]],""g"":[[0,0,0,0]],""d"":20487}","w63060003",NULL,2,"0.00",0
5658,8203,"{""c"":[0.44,0.71],""m"":[[11.22,42,5,45],[18.04,44,1,45,0.41]],""t"":[[0,0,0,0],[0,0,0,0]],""g"":[[0,0,0,0],[0,0,0,0]],""d"":20497}","w63060003",774,4,"0.00",0
5659,8122,"{""c"":[0,0.57],""m"":[[0,0,0,0],[0,0,0,0]],""t"":[[0,0,0,0],[0,0,0,0]],""g"":[[0,0,0,0],[0,0,0,0]],""d"":20495}","165064026",828,4,"0.00",0
5661,8204,"{""c"":[0.72,0.57],""m"":[[3.06,42,3,45],[0,0,0,0]],""t"":[[22.64,16.5,2,17],[0,0,0,0]],""g"":[[6.76,26,1,27],[11.96,46,3,49]],""d"":20496}","o01064946",826,1,"0.00",0
5662,8205,"{""c"":[0.71,0.71],""m"":[[40.5,700,7,706],[5.22,61,6,65]],""t"":[[8.34,12.5,15,16],[0,0,0,0]],""g"":[[0,0,0,0],[0,0,0,0]],""d"":20495}","001462203",816,4,"0.00",0
5663,8206,"{""c"":[1],""m"":[[3.53,119,3,122]],""t"":[[0,0,0,0]],""g"":[[0,0,0,0]],""d"":20488}","w63060003",NULL,1,"0.00",0
5665,8209,"{""c"":[1],""m"":[[2.72,34,6,40]],""t"":[[0,0,0,0]],""g"":[[0,0,0,0]],""d"":20496}","w63060003",NULL,2,"0.00",0
5667,8211,"{""c"":[0.29,0.86],""m"":[[0.58,58,2,60],[3.98,96,7,100]],""t"":[[0,0,0,0],[0,0,0,0]],""g"":[[0,0,0,0],[0,0,0,0]],""d"":20494}","w63060003",803,2,"0.00",0
5668,8212,"{""c"":[1],""m"":[[0,0,0,0]],""t"":[[0,0,0,0]],""g"":[[7.04,64,30,76]],""d"":20487}","w63060003",NULL,2,"0.00",0
5669,8213,"{""c"":[1],""m"":[[3.2,40,41,50]],""t"":[[4.56,6.25,56,12]],""g"":[[0,0,0,0]],""d"":20487}","w63060003",NULL,2,"0.00",0
5670,8214,"{""c"":[1],""m"":[[2.92,58,2,60]],""t"":[[0,0,0,0]],""g"":[[0,0,0,0]],""d"":20488}","w63060003",NULL,1,"0.00",0
5671,8215,"{""c"":[1],""m"":[[1.79,179,2,180]],""t"":[[0,0,0,0]],""g"":[[0,0,0,0]],""d"":20487}","w63060003",NULL,1,"0.00",0
5672,2030,"{""c"":[1],""m"":[[0.19,19,1,20]],""t"":[[0,0,0,0]],""g"":[[0,0,0,0]],""d"":20487}","w63060003",NULL,2,"0.00",0
5674,8216,"{""c"": [], ""m"": [], ""t"": [], ""g"": [], ""d"": null}","w63060003",568,4,"1.00",0
5675,8217,"{""c"":[0.43],""m"":[[6.58,103,2,105]],""t"":[[0,0,0,0]],""g"":[[0,0,0,0]],""d"":20492}","k28068c83",625,1,"0.00",2
5676,8218,"{""c"":[0.43],""m"":[[1.8,40,0,40]],""t"":[[0,0,0,0]],""g"":[[26.73,243,47,272]],""d"":20492}","w63060003",NULL,2,"0.00",0
5678,8220,"{""c"":[0.43,0.57],""m"":[[4.55,26,4,30],[0,15,0,15]],""t"":[[0,0,0,0],[0,0,0,0]],""g"":[[0,0,0,0],[0,0,0,0]],""d"":20496}","163064396",828,4,"0.00",0
5679,8222,"{""c"":[1],""m"":[[20.01,240,10,250]],""t"":[[0,0,0,0]],""g"":[[2.64,24,8,28]],""d"":20488}","w63060003",NULL,2,"0.00",0
5680,8223,"{""c"":[0.29,0.71],""m"":[[4,40,0,40],[0,0,0,0]],""t"":[[0,0,0,0],[0,0,0,0]],""g"":[[0,0,0,0],[0,0,0,0]],""d"":20494}","w63060003",803,2,"0.00",0
5682,8224,"{""c"":[1],""m"":[[2.2,220,1,221]],""t"":[[0,0,0,0]],""g"":[[0,0,0,0]],""d"":20487}","w63060003",NULL,2,"0.00",0
5685,8227,"{""c"":[1],""m"":[[0,0,0,0]],""t"":[[0,0,0,0]],""g"":[[11.18,43,9,48]],""d"":20487}","w63060003",NULL,1,"0.00",0
5687,8229,"{""c"":[1],""m"":[[8.74,119,15,130]],""t"":[[0,0,0,0]],""g"":[[0,0,0,0]],""d"":20487}","w63060003",NULL,1,"0.00",0
5689,8231,"{""c"":[0,0.71],""m"":[[5.08,48,2,50],[0,0,0,0]],""t"":[[0,0,0,0],[0,0,0,0]],""g"":[[3.52,32,10,40],[0,0,0,0]],""d"":20494}","w63060003",803,2,"0.00",0
5691,1185,"{""c"": [], ""m"": [], ""t"": [], ""g"": [], ""d"": null}","w63060003",810,-1,"0.00",0
5694,8235,"{""c"":[0.29,0.43],""m"":[[2.38,17,4,20],[0,0,0,0]],""t"":[[0,0,0,0],[0,0,0,0]],""g"":[[0,0,0,0],[0,0,0,0]],""d"":20496}","w63060003",832,4,"0.00",0
5695,8236,"{""c"":[0.29,0.43],""m"":[[7.64,66,5,70],[0,0,0,0]],""t"":[[0,0,0,0],[0,0,0,0]],""g"":[[0,0,0,0],[0,0,0,0]],""d"":20496}","w63060003",832,4,"0.00",0
5696,8237,"{""c"":[1],""m"":[[1.52,56,4,60]],""t"":[[0,0,0,0]],""g"":[[0,0,0,0]],""d"":20492}","w63060003",NULL,4,"0.00",0
5697,8238,"{""c"":[0.42,0.57],""m"":[[10.75,75,0,75],[2.87,7,6,10]],""t"":[[0,0,20,2],[0,0,0,0]],""g"":[[0,0,0,0],[0,0,0,0]],""d"":20496}","648160023",832,4,"0.00",0
5698,8239,"{""c"":[0.29,0.43],""m"":[[4.2,149,1,150],[0,0,0,0]],""t"":[[0,0,0,0],[0,0,0,0]],""g"":[[0,0,0,0],[0,0,0,0]],""d"":20496}","w63060003",832,4,"0.00",0
5700,8241,"{""c"":[0.29,0.57],""m"":[[35.47,191,4,195],[3.28,8,3,10]],""t"":[[0,0,0,0],[0,0,0,0]],""g"":[[0,0,0,0],[0,0,0,0]],""d"":20496}","068061713",832,4,"0.00",0
5701,8242,"{""c"":[1],""m"":[[0.3,30,0,30]],""t"":[[0,0,0,0]],""g"":[[0,0,0,0]],""d"":20487}","w63060003",NULL,2,"0.00",0
5702,8243,"{""c"":[0.29,0.43],""m"":[[0,30,7,36],[0,0,0,0]],""t"":[[0,0,0,0],[0,0,0,0]],""g"":[[0,0,0,0],[0,0,0,0]],""d"":20496}","w63060003",832,4,"0.00",0
5703,8244,"{""c"":[0,0.43],""m"":[[0,0,0,0],[0,0,0,0]],""t"":[[0,0,0,0],[0,0,0,0]],""g"":[[0,0,0,0],[0,0,0,0]],""d"":20496}","w63060003",832,4,"0.00",0
5704,8246,"{""c"":[1],""m"":[[0,0,0,0]],""t"":[[3.48,2.5,2,3]],""g"":[[0,0,0,0]],""d"":20487}","w63060003",NULL,3,"0.00",0
5708,8250,"{""c"": [], ""m"": [], ""t"": [], ""g"": [], ""d"": null}","w63060003",NULL,3,"0.00",0
5709,8251,"{""c"":[1],""m"":[[1.56,37,4,41]],""t"":[[0,0,0,0]],""g"":[[0,0,0,0]],""d"":20487}","w63060003",NULL,2,"0.00",0
5710,8252,"{""c"":[0.43,1],""m"":[[16.57,214,7,220],[0.58,58,2,60]],""t"":[[0,0,0,0],[0,0,0,0]],""g"":[[5.72,22,2,24],[0,0,0,0]],""d"":20493}","w63060003",NULL,1,"0.00",0
5711,8253,"{""c"":[0.43,0.57],""m"":[[4.12,44,6,50],[0,0,0,0]],""t"":[[0,0,0,0],[0,0,0,0]],""g"":[[0,0,0,0],[0,0,0,0]],""d"":20495}","w63060003",826,1,"0.00",0
5713,8255,"{""c"":[0.43,0.86],""m"":[[131.27,238,2,240],[25.97,29,1,30]],""t"":[[0,0,0,0],[0,0,0,0]],""g"":[[0,0,0,0],[0,0,0,0]],""d"":20494}","w63060003",NULL,0,"0.00",0
5714,8257,"{""c"":[0.29,0,0.86],""m"":[[5.7,57,3,60],[0,0,0,0,0],[7,70,0,70,0.1]],""t"":[[0,0,0,0],[0,0,0,0,0],[0,0,0,0,0]],""g"":[[0,0,0,0],[0,0,0,0,0],[0,0,0,0,0]],""d"":20501}","w63060003",NULL,3,"0.00",0
5716,8259,"{""c"": [], ""m"": [], ""t"": [], ""g"": [], ""d"": null}","w63060003",NULL,3,"0.00",0
5717,8260,"{""c"":[0.72,0.14],""m"":[[3.72,84,1,85],[0.19,19,1,20,0.01]],""t"":[[0,0,0,0],[0,0,0,0]],""g"":[[6.24,24,7,27],[11.44,44,12,49,0.26]],""d"":20499}","w63060003",826,1,"0.00",0
5718,8261,"{""c"": [], ""m"": [], ""t"": [], ""g"": [], ""d"": null}","w63060003",NULL,3,"0.00",0
5719,8262,"{""c"": [], ""m"": [], ""t"": [], ""g"": [], ""d"": null}","w63060003",NULL,1,"0.00",0
5720,8263,"{""c"":[1],""m"":[[11.32,46,7,50]],""t"":[[0,0,0,0]],""g"":[[0,0,0,0]],""d"":20488}","w63060003",NULL,3,"0.00",0
5721,8264,"{""c"":[0.29,0,0.86],""m"":[[11.15,107,3,110],[0,0,0,0],[1.96,14,1,15,0.14]],""t"":[[0,0,0,0],[0,0,0,0],[0,0,0,0,0]],""g"":[[0,0,0,0],[0,0,0,0],[0,0,0,0,0]],""d"":20501}","w63060003",770,1,"0.00",0
5722,8265,"{""c"":[0.29,0.72],""m"":[[1.64,4,1,5],[0,59,1,60]],""t"":[[0,0,0,0],[0,0,0,0]],""g"":[[0,0,0,0],[0,0,0,0]],""d"":20495}","w63060003",816,4,"0.00",0
5724,8267,"{""c"":[1],""m"":[[7.79,87,10,93]],""t"":[[0,0,0,0]],""g"":[[0,0,0,0]],""d"":20487}","w63060003",NULL,1,"0.00",0
5725,8268,"{""c"":[0.43,1],""m"":[[5.42,72,10,80],[10.16,127,16,140]],""t"":[[0,0,0,0],[0,0,0,0]],""g"":[[0,0,0,0],[0,0,0,0]],""d"":20494}","w63060003",NULL,2,"0.00",0
5726,8269,"{""c"":[0.43,0.86],""m"":[[2.09,56,6,60],[0.2,20,0,20]],""t"":[[0,0,0,0],[0,0,0,0]],""g"":[[0,0,0,0],[0,0,0,0]],""d"":20494}","w63060003",722,2,"0.00",0
5727,8270,"{""c"":[1],""m"":[[0.95,95,5,100]],""t"":[[0,0,0,0]],""g"":[[0,0,0,0]],""d"":20487}","w63060003",NULL,2,"0.00",0
5729,8272,"{""c"":[1],""m"":[[3.28,41,13,50]],""t"":[[0,0,0,0]],""g"":[[0,0,0,0]],""d"":20487}","w63060003",NULL,3,"0.00",0
5731,8273,"{""c"":[1],""m"":[[1.89,57,3,60]],""t"":[[0,0,0,0]],""g"":[[4.16,16,22,27]],""d"":20487}","w63060003",NULL,1,"0.00",0
5732,8274,"{""c"": [], ""m"": [], ""t"": [], ""g"": [], ""d"": null}","w63060003",NULL,3,"0.00",0
5733,8275,"{""c"":[0.86,0.43,1],""m"":[[58.14,329,59,366],[28.2,84,12,95,0.41],[13.94,34,2,35,0.41]],""t"":[[0,0,0,0],[0,0,0,0],[0,0,0,0,0]],""g"":[[0,0,0,0],[0,0,0,0],[0,0,0,0,0]],""d"":20501}","c18760025",774,4,"0.00",2
5735,8277,"{""c"": [], ""m"": [], ""t"": [], ""g"": [], ""d"": null}","w63060003",NULL,3,"0.00",0
5736,8278,"{""c"": [], ""m"": [], ""t"": [], ""g"": [], ""d"": null}","w63060003",NULL,3,"0.00",0
5737,8279,"{""c"":[1],""m"":[[9.68,72,8,80]],""t"":[[0,0,0,0]],""g"":[[0,0,0,0]],""d"":20487}","w63060003",NULL,3,"0.00",0
5738,8280,"{""c"":[1],""m"":[[0.2,20,0,20]],""t"":[[0,0,0,0]],""g"":[[0,0,0,0]],""d"":20487}","w63060003",NULL,1,"0.00",0
5739,8281,"{""c"":[1],""m"":[[14.14,189,8,197]],""t"":[[2.9,3.75,1,4]],""g"":[[0,0,0,0]],""d"":20488}","w63060003",NULL,2,"0.00",0
5740,8282,"{""c"":[0.57,0.29,1],""m"":[[78.46,1060,49,1086],[25.39,361,26,380],[2.24,14,1,15,0.16]],""t"":[[0,0,0,0],[0,0,0,0],[0,0,0,0,0]],""g"":[[9.1,35,19,45],[6.76,26,8,28],[0,0,0,0,0]],""d"":20500}","o634630a3",797,1,"0.00",3
5741,8283,"{""c"":[0],""m"":[[0,0,0,0]],""t"":[[0,0,0,0]],""g"":[[0,0,0,0]],""d"":20494}","w63060003",797,1,"0.00",0
5742,8285,"{""c"":[1],""m"":[[98.05,185,23,200]],""t"":[[0,0,0,0]],""g"":[[0,0,0,0]],""d"":20487}","w63060003",NULL,0,"0.00",0
5743,8287,"{""c"":[0.29,0.43,0.86],""m"":[[3.22,23,11,30],[3.42,19,1,20],[0,0,0,0,0]],""t"":[[0.36,1.25,34,7],[0,1.5,92,15],[0,0,0,0,0]],""g"":[[2.2,55,13,63],[2.8,70,9,77],[0,0,0,0,0]],""d"":20500}","w63060003",715,4,"0.00",0
5744,8288,"{""c"":[0,0.57],""m"":[[0.19,19,1,20],[0,0,0,0]],""t"":[[0,0,0,0],[0,0,0,0]],""g"":[[0,0,0,0],[0,0,0,0]],""d"":20495}","k05076802",826,1,"0.00",0
5746,8290,"{""c"":[0,0.15],""m"":[[0,0,0,0],[0,0,0,0,0]],""t"":[[0,0,0,0],[0,0,0,0,0]],""g"":[[0,0,0,0],[0,0,0,0,0]],""d"":20498}","w63060003",615,2,"0.00",0
5747,8291,"{""c"":[0.86,0.57],""m"":[[132.8,1312,199,1432],[7.77,37,4,40,0.21]],""t"":[[0,0,0,0],[0,0,0,0]],""g"":[[0,0,0,0],[0,0,0,0]],""d"":20497}","g15084906",797,1,"0.00",0
5748,8292,"{""c"":[1],""m"":[[1.69,13,21,20]],""t"":[[0,0,0,0]],""g"":[[0,0,0,0]],""d"":20487}","w63060003",NULL,2,"0.00",0
5749,8293,"{""c"":[0.58,0.58],""m"":[[38.12,185,5,189],[9.35,35,0,35]],""t"":[[5.1,4.5,8,6],[0,0,0,0]],""g"":[[0,0,0,0],[0,0,0,0]],""d"":20496}","w63060003",799,4,"0.00",0
5750,8294,"{""c"":[0.57,0.57,0.86],""m"":[[285.99,1395,20,1415],[114.52,549,6,554,0.02],[33,100,0,100,0.33]],""t"":[[0,0,0,0],[0,0,0,0],[0,0,0,0,0]],""g"":[[0,0,0,0],[0,0,0,0],[0,0,0,0,0]],""d"":20501}","w63060003",NULL,1,"0.00",0
5752,8296,"{""c"":[1],""m"":[[0.34,34,1,35]],""t"":[[0,0,0,0]],""g"":[[0,0,0,0]],""d"":20487}","w63060003",NULL,2,"0.00",0
5753,8297,"{""c"":[1],""m"":[[10.42,121,15,130]],""t"":[[0,0,0,0]],""g"":[[0,0,0,0]],""d"":20489}","w63060003",NULL,2,"0.00",0
5754,8298,"{""c"":[0.57,0.43],""m"":[[71.69,985,36,1018],[18,230,11,240,0.08]],""t"":[[0,0,0,0],[0,0,0,0]],""g"":[[0,0,0,0],[0,0,0,0]],""d"":20499}","w63060003",NULL,2,"0.00",0
5755,8299,"{""c"":[1],""m"":[[0.4,40,0,40]],""t"":[[0,0,0,0]],""g"":[[0,0,0,0]],""d"":20487}","w63060003",NULL,2,"0.00",0
5756,8301,"{""c"":[1],""m"":[[3.8,38,2,40]],""t"":[[0,0,0,0]],""g"":[[0,0,0,0]],""d"":20487}","w63060003",NULL,2,"0.00",0
5757,8302,"{""c"":[0.57,1],""m"":[[8.79,99,11,110],[3.98,38,2,40]],""t"":[[0,0,0,0],[0,0,0,0]],""g"":[[3.74,34,3,36],[4.73,43,3,46]],""d"":20493}","w63060022",669,2,"0.00",0
5759,8305,"{""c"":[1],""m"":[[0.2,20,0,20]],""t"":[[0,0,0,0]],""g"":[[0,0,0,0]],""d"":20487}","w63060003",NULL,1,"0.00",0
5760,8306,"{""c"": [], ""m"": [], ""t"": [], ""g"": [], ""d"": null}","w63060003",NULL,1,"0.00",0
5761,8307,"{""c"":[1],""m"":[[5.2,70,0,70]],""t"":[[0,0,0,0]],""g"":[[0,0,0,0]],""d"":20487}","w63060003",NULL,1,"0.00",0
5762,8308,"{""c"": [], ""m"": [], ""t"": [], ""g"": [], ""d"": null}","w63060003",NULL,3,"0.00",0
5764,8310,"{""c"": [], ""m"": [], ""t"": [], ""g"": [], ""d"": null}","w63060003",NULL,3,"0.00",0
5765,8311,"{""c"": [], ""m"": [], ""t"": [], ""g"": [], ""d"": null}","w63060003",NULL,3,"0.00",0
5766,8312,"{""c"": [], ""m"": [], ""t"": [], ""g"": [], ""d"": null}","w63060003",NULL,1,"0.00",0
5767,8313,"{""c"":[0],""m"":[[0,20,0,20]],""t"":[[4.5,3.5,8,5]],""g"":[[0,0,0,0]],""d"":20495}","q28079503",718,4,"4.00",0
5768,8314,"{""c"": [], ""m"": [], ""t"": [], ""g"": [], ""d"": null}","w63060003",585,1,"0.00",0
5769,8315,"{""c"":[0.43,1],""m"":[[7.3,88,32,110],[3.24,162,53,200]],""t"":[[0,0,0,0],[0,0,0,0]],""g"":[[6.49,59,6,64],[0,0,0,0]],""d"":20493}","w63060003",NULL,2,"0.00",0
5771,8317,"{""c"":[0.57,0.72],""m"":[[13.02,97,8,102],[4.77,18,2,20]],""t"":[[1.08,7.25,23,10],[0,0,0,0]],""g"":[[0,0,0,0],[0.72,18,43,39]],""d"":20496}","w45100033",799,4,"0.00",0
5773,8320,"{""c"":[1],""m"":[[0.2,20,0,20]],""t"":[[0,0,0,0]],""g"":[[0,0,0,0]],""d"":20487}","w63060003",NULL,1,"0.00",0
5774,8321,"{""c"":[0,0.72],""m"":[[15.54,410,2,412],[9.9,198,2,200]],""t"":[[0,0,0,0],[0,0,0,0]],""g"":[[0,0,0,0],[0,0,0,0]],""d"":20495}","p70068023",816,4,"0.00",3
5776,8323,"{""c"":[1],""m"":[[15.9,30,0,30]],""t"":[[0,0,0,0]],""g"":[[0,0,0,0]],""d"":20488}","w63060003",NULL,0,"0.00",0
5778,8326,"{""c"":[1],""m"":[[0,20,0,20]],""t"":[[0,0,0,0]],""g"":[[0,0,0,0]],""d"":20493}","w63060003",NULL,3,"0.00",0
5779,8331,"{""c"":[0.57,0.57],""m"":[[6.76,52,3,55],[0,0,0,0]],""t"":[[0,0,0,0],[0,0,0,0]],""g"":[[10.4,40,1,41],[0,0,0,0]],""d"":20495}","p63064096",826,1,"0.00",0
5781,8336,"{""c"":[0],""m"":[[0,0,0,0]],""t"":[[0,0,0,0]],""g"":[[0,0,0,0]],""d"":20494}","w63060003",803,2,"0.00",0
5782,8337,"{""c"": [], ""m"": [], ""t"": [], ""g"": [], ""d"": null}","w63060003",NULL,2,"0.00",0
5784,2422,"{""c"": [], ""m"": [], ""t"": [], ""g"": [], ""d"": null}","w63060003",NULL,-1,"0.00",0
5785,8343,"{""c"":[0,0.86],""m"":[[15.42,121,6,124],[0,0,0,0,0]],""t"":[[6.9,7.5,36,15],[0,0,0,0,0]],""g"":[[3.24,81,4,84],[0,0,0,0,0]],""d"":20500}","o53088003",715,4,"0.00",0
5788,8346,"{""c"":[1],""m"":[[21.86,146,0,146]],""t"":[[0,0,0,0]],""g"":[[0,0,0,0]],""d"":20488}","w63060003",NULL,1,"0.00",0
5790,8349,"{""c"":[0,0.57],""m"":[[14.54,112,9,120],[0,0,0,0]],""t"":[[1.21,1.5,2,2],[0,0,0,0]],""g"":[[0,0,0,0],[11.96,46,3,49]],""d"":20496}","w63060003",826,1,"0.00",0
5791,8350,"{""c"":[1],""m"":[[2.04,57,3,60]],""t"":[[0,0,0,0]],""g"":[[0,0,0,0]],""d"":20488}","w63060003",NULL,4,"0.00",0
5792,8351,"{""c"":[1],""m"":[[0.4,20,0,20]],""t"":[[0,0,0,0]],""g"":[[0,0,0,0]],""d"":20488}","w63060003",NULL,2,"0.00",0
5793,8352,"{""c"":[0,0.71],""m"":[[32.57,277,3,280],[23.66,158,2,160]],""t"":[[9.35,5.5,14,8],[0,0,0,0]],""g"":[[6.5,25,2,27],[16.64,64,1,65]],""d"":20496}","w63060003",826,1,"0.00",1
5794,8353,"{""c"":[0.86,0.14,0.86],""m"":[[13.97,652,8,660],[14.61,268,9,277],[6.65,95,5,100,0.07]],""t"":[[0,0,0,0],[0,0,0,0],[0,0,0,0,0]],""g"":[[65.23,593,42,628],[7.15,65,12,75],[3.19,29,5,32,0.11]],""d"":20501}","o23164aa3",822,2,"0.00",0
5795,8354,"{""c"": [], ""m"": [], ""t"": [], ""g"": [], ""d"": null}","w63060003",NULL,1,"0.00",0
5796,8355,"{""c"":[1],""m"":[[58.3,110,10,120]],""t"":[[0,0,0,0]],""g"":[[0,0,0,0]],""d"":20489}","w63060003",NULL,0,"0.00",0
5797,8356,"{""c"": [], ""m"": [], ""t"": [], ""g"": [], ""d"": null}","w63060003",NULL,4,"0.00",0
5798,8357,"{""c"":[0.57],""m"":[[33.7,369,21,390]],""t"":[[0,0,0,0]],""g"":[[0,0,0,0]],""d"":20492}","w63060003",NULL,2,"0.00",0
5799,8360,"{""c"":[0,1],""m"":[[3.96,48,2,50],[0.38,38,2,40]],""t"":[[0,0,0,0],[0,0,0,0]],""g"":[[0,0,0,0],[0,0,0,0]],""d"":20493}","w63060003",654,1,"0.00",0
5800,8361,"{""c"":[0],""m"":[[0,0,0,0,0]],""t"":[[0,0,0,0,0]],""g"":[[0,0,0,0,0]],""d"":20500}","w63060003",NULL,2,"0.00",0
5801,8362,"{""c"": [], ""m"": [], ""t"": [], ""g"": [], ""d"": null}","w63060003",NULL,3,"0.00",0
5802,8366,"{""c"": [], ""m"": [], ""t"": [], ""g"": [], ""d"": null}","w63060003",NULL,2,"0.00",0
5803,8367,"{""c"":[1],""m"":[[2,20,0,20]],""t"":[[0,0,0,0]],""g"":[[12.24,68,17,71]],""d"":20488}","w63060003",NULL,3,"0.00",0
5804,8378,"{""c"": [], ""m"": [], ""t"": [], ""g"": [], ""d"": null}","w63060003",NULL,3,"0.00",0
5805,8379,"{""c"":[1],""m"":[[7.67,167,3,170]],""t"":[[0,0,0,0]],""g"":[[0,0,0,0]],""d"":20488}","w63060003",NULL,1,"0.00",0
5806,8381,"{""c"":[1],""m"":[[0.19,19,1,20]],""t"":[[0,0,0,0]],""g"":[[0,0,0,0]],""d"":20488}","w63060003",NULL,1,"0.00",0
5808,8392,"{""c"": [], ""m"": [], ""t"": [], ""g"": [], ""d"": null}","w63060003",NULL,3,"0.00",0
5809,8393,"{""c"":[1],""m"":[[2.25,45,6,50]],""t"":[[0,0,0,0]],""g"":[[0,0,0,0]],""d"":20491}","s41462042",781,4,"0.00",0
5810,8397,"{""c"":[1],""m"":[[1.52,59,2,60]],""t"":[[0,0,0,0]],""g"":[[0,0,0,0]],""d"":20489}","w63060003",NULL,3,"0.00",0
5811,8400,"{""c"":[0.43,0,0.86],""m"":[[9.69,176,4,180],[0,0,0,0,0],[0,0,0,0,0]],""t"":[[2.9,4.25,3,5],[0,0,0,0,0],[0,0,0,0,0]],""g"":[[0,0,0,0],[0,0,0,0,0],[0,0,0,0,0]],""d"":20500}","r41070003",778,2,"0.00",0
5812,8407,"{""c"":[1,0.86],""m"":[[0,2,0,2,0],[0,20,0,20,0]],""t"":[[0,0,0,0,0],[0,0,0,0,0]],""g"":[[0,0,0,0,0],[0,0,0,0,0]],""d"":20501}","w63060003",NULL,3,"0.00",0
5814,8409,"{""c"":[1],""m"":[[0,34,1,35]],""t"":[[0,0,0,0]],""g"":[[0,0,0,0]],""d"":20488}","w63060003",NULL,3,"0.00",0
5815,8414,"{""c"":[0.86],""m"":[[2.75,29,6,35]],""t"":[[0,0,0,0]],""g"":[[0,0,0,0]],""d"":20490}","w63060003",NULL,2,"0.00",0
5816,8415,"{""c"":[0,0.57],""m"":[[0,0,0,0],[0,0,0,0]],""t"":[[0,0,0,0],[0,0,0,0]],""g"":[[0,0,0,0],[0,0,0,0]],""d"":20495}","w63060003",816,4,"0.00",0
5818,2461,"{""c"": [], ""m"": [], ""t"": [], ""g"": [], ""d"": null}","w63060003",NULL,-1,"0.00",0
5819,8423,"{""c"": [], ""m"": [], ""t"": [], ""g"": [], ""d"": null}","w63060003",NULL,0,"0.00",0
5820,8424,"{""c"":[0.57,0.72],""m"":[[0,38,2,40],[0,0,0,0]],""t"":[[0,0,0,0],[0,3.5,7,5]],""g"":[[0,0,0,0],[0,0,0,0]],""d"":20495}","e680338c6",816,4,"0.00",0
5821,8428,"{""c"": [], ""m"": [], ""t"": [], ""g"": [], ""d"": null}","w63060003",NULL,2,"0.00",0
5822,8436,"{""c"": [], ""m"": [], ""t"": [], ""g"": [], ""d"": null}","w63060003",NULL,4,"0.00",0
5823,8439,"{""c"":[1],""m"":[[5.22,54,8,60]],""t"":[[1.66,3.5,6,5]],""g"":[[3.52,32,31,42]],""d"":20488}","w63060003",NULL,2,"0.00",0
5824,8440,"{""c"": [], ""m"": [], ""t"": [], ""g"": [], ""d"": null}","w63060003",NULL,3,"0.00",0
5825,8442,"{""c"":[0.86,0.57,1],""m"":[[39.65,392,9,401],[30.79,269,1,270,0.1],[18.1,190,0,190,0.1]],""t"":[[0,0,0,0],[0,0,0,0],[0,0,0,0,0]],""g"":[[0,0,0,0],[0,0,0,0],[0,0,0,0,0]],""d"":20502}","w63060003",773,2,"0.00",0
5826,8447,"{""c"":[0,0.16,0.72],""m"":[[45.36,169,6,171],[0,0,0,0],[0,0,0,0,0]],""t"":[[0,0,0,0],[0.36,2,12,5],[0,0,28,5,1.2]],""g"":[[0,0,0,0],[0,0,0,0],[0,0,0,0,0]],""d"":20502}","w63060003",806,4,"0.00",1
5827,8448,"{""c"":[0.86],""m"":[[4.2,50,0,50]],""t"":[[0,0,0,0]],""g"":[[7.92,72,17,79]],""d"":20490}","w63060003",NULL,2,"0.00",0
5828,8454,"{""c"":[0.72,0,1],""m"":[[4,60,11,65],[0,0,0,0,0],[1.65,15,0,15,0.11]],""t"":[[0,0,0,0],[0,0,0,0,0],[0,0,0,0,0]],""g"":[[3.85,35,7,41],[0,0,0,0,0],[0,0,0,0,0]],""d"":20500}","w63060003",NULL,2,"0.00",0
5830,8458,"{""c"": [], ""m"": [], ""t"": [], ""g"": [], ""d"": null}","w63060003",NULL,1,"0.00",0
5832,8464,"{""c"": [], ""m"": [], ""t"": [], ""g"": [], ""d"": null}","w63060003",NULL,3,"0.00",0
5833,8465,"{""c"":[0.57,1],""m"":[[29.15,55,5,60],[12.36,20,5,25]],""t"":[[25.9,5,0,5],[0,0,0,0]],""g"":[[0,0,0,0],[0,0,0,0]],""d"":20493}","w63060003",NULL,0,"0.00",0
5834,8466,"{""c"":[1],""m"":[[6.84,38,2,40]],""t"":[[0,0,0,0]],""g"":[[0,0,0,0]],""d"":20489}","w63060003",NULL,1,"0.00",0
5835,8470,"{""c"": [], ""m"": [], ""t"": [], ""g"": [], ""d"": null}","w63060003",NULL,4,"0.00",0
5837,8480,"{""c"": [], ""m"": [], ""t"": [], ""g"": [], ""d"": null}","w63060003",NULL,4,"0.00",0
5838,8481,"{""c"":[1],""m"":[[0,19,1,20]],""t"":[[0,0,0,0]],""g"":[[0,0,0,0]],""d"":20493}","w63060003",NULL,3,"0.00",0
5839,8483,"{""c"":[0.43,0.71],""m"":[[3.12,39,1,40],[1.44,18,8,20]],""t"":[[0,0,0,0],[0,0,0,0]],""g"":[[0,0,0,0],[0,0,0,0]],""d"":20495}","w63060003",NULL,2,"0.00",0
5840,8491,"{""c"":[1],""m"":[[3.52,44,1,45]],""t"":[[0,0,0,0]],""g"":[[0,0,0,0]],""d"":20488}","w63060003",NULL,3,"0.00",0
5841,8492,"{""c"":[1],""m"":[[50.52,75,6,80]],""t"":[[0,0,0,0]],""g"":[[0,0,0,0]],""d"":20488}","w63060003",NULL,0,"0.00",0
5842,8495,"{""c"":[1],""m"":[[2.72,34,7,40]],""t"":[[0,0,0,0]],""g"":[[0,0,0,0]],""d"":20488}","w63060003",NULL,3,"0.00",0
5843,8497,"{""c"":[1],""m"":[[22.05,441,4,445]],""t"":[[0,0,0,0]],""g"":[[0,0,0,0]],""d"":20489}","w63060003",817,4,"0.00",0
5844,8499,"{""c"":[1],""m"":[[1.6,20,0,20]],""t"":[[0,0,0,0]],""g"":[[0,0,0,0]],""d"":20488}","w63060003",NULL,2,"0.00",0
5845,8503,"{""c"":[0],""m"":[[0,0,0,0]],""t"":[[0,0,0,0]],""g"":[[0,0,0,0]],""d"":20487}","w63060003",591,2,"0.00",0
5847,8513,"{""c"":[1],""m"":[[0.75,75,12,80]],""t"":[[0,0,0,0]],""g"":[[0,0,0,0]],""d"":20488}","w63060003",NULL,1,"0.00",0
5849,8519,"{""c"":[1],""m"":[[1.44,127,3,130]],""t"":[[0,0,0,0]],""g"":[[0,0,0,0]],""d"":20488}","w63060003",NULL,3,"0.00",0
5850,8521,"{""c"":[1],""m"":[[2,20,0,20]],""t"":[[0,0,0,0]],""g"":[[0,0,0,0]],""d"":20488}","w63060003",NULL,2,"0.00",0
5851,8526,"{""c"":[1],""m"":[[7.12,89,1,90]],""t"":[[3.32,4,4,5]],""g"":[[3.96,36,2,38]],""d"":20492}","w63060003",NULL,2,"0.00",0
5852,8528,"{""c"": [], ""m"": [], ""t"": [], ""g"": [], ""d"": null}","w63060003",NULL,3,"0.00",0
5853,8538,"{""c"":[0,1],""m"":[[2.52,12,6,15],[5.22,71,4,75]],""t"":[[0,0,0,0],[0,0,0,0]],""g"":[[3.52,88,47,114],[0,0,0,0]],""d"":20495}","w63060003",677,4,"0.00",0
5854,8540,"{""c"":[1],""m"":[[6.09,29,1,30]],""t"":[[0,0,0,0]],""g"":[[0,0,0,0]],""d"":20490}","w63060003",NULL,4,"0.00",0
5855,8550,"{""c"":[0.43,0.71],""m"":[[0.8,80,0,80],[0.4,40,0,40]],""t"":[[0,0,0,0],[0,0,0,0]],""g"":[[0,0,0,0],[0,0,0,0]],""d"":20495}","w63060003",NULL,1,"0.00",0
5856,8557,"{""c"": [], ""m"": [], ""t"": [], ""g"": [], ""d"": null}","w63060003",NULL,2,"0.00",0
5857,8570,"{""c"": [], ""m"": [], ""t"": [], ""g"": [], ""d"": null}","w63060003",NULL,2,"0.00",0
5858,8575,"{""c"":[0.57,0.14],""m"":[[0,119,2,120],[0,154,7,160,0]],""t"":[[0,0,0,0],[0,0,0,0,0]],""g"":[[0,0,0,0],[0,0,0,0,0]],""d"":20499}","w63060003",NULL,3,"0.00",0
5859,8585,"{""c"": [], ""m"": [], ""t"": [], ""g"": [], ""d"": null}","w63060003",NULL,3,"0.00",0
5860,8586,"{""c"":[1],""m"":[[10.6,20,0,20]],""t"":[[0,0,0,0]],""g"":[[0,0,0,0]],""d"":20489}","w63060003",NULL,0,"0.00",0
5862,8596,"{""c"": [], ""m"": [], ""t"": [], ""g"": [], ""d"": null}","w63060003",NULL,3,"0.00",0
5863,8602,"{""c"":[1],""m"":[[0.2,20,0,20]],""t"":[[0,0,0,0]],""g"":[[0,0,0,0]],""d"":20489}","w63060003",NULL,1,"0.00",0
5864,8604,"{""c"": [], ""m"": [], ""t"": [], ""g"": [], ""d"": null}","w63060003",NULL,3,"0.00",0
5865,8606,"{""c"":[0,0.57],""m"":[[0,0,0,0],[0,0,0,0]],""t"":[[2.43,1,4,2],[0,0,0,0]],""g"":[[0,0,0,0],[0,0,0,0]],""d"":20495}","q26164746",826,1,"0.00",0
5866,8608,"{""c"": [], ""m"": [], ""t"": [], ""g"": [], ""d"": null}","w63060003",NULL,1,"0.00",0
5870,8624,"{""c"":[1],""m"":[[0.4,20,0,20]],""t"":[[0,0,0,0]],""g"":[[0,0,0,0]],""d"":20489}","w63060003",NULL,2,"0.00",0
5873,8641,"{""c"": [], ""m"": [], ""t"": [], ""g"": [], ""d"": null}","w63060003",NULL,1,"0.00",0
5874,8642,"{""c"":[1],""m"":[[15.67,120,5,125]],""t"":[[0,0,0,0]],""g"":[[12.74,49,12,55]],""d"":20490}","w63060003",NULL,1,"0.00",0
5875,8643,"{""c"": [], ""m"": [], ""t"": [], ""g"": [], ""d"": null}","w63060003",NULL,1,"0.00",0
5876,8650,"{""c"":[0.58,0.57],""m"":[[10.3,25,0,25],[65.11,199,13,210,0.34]],""t"":[[0,0,0,0],[6.27,22.5,2,23,0.27]],""g"":[[12.78,71,5,74],[18,100,9,107]],""d"":20497}","4611830a6",796,3,"0.00",2
5878,8664,"{""c"": [], ""m"": [], ""t"": [], ""g"": [], ""d"": null}","w63060003",NULL,3,"0.00",0
5879,8665,"{""c"":[1],""m"":[[0,20,0,20]],""t"":[[0,0,0,0]],""g"":[[0,41,10,46]],""d"":20489}","w63060003",NULL,4,"0.00",0
5880,8667,"{""c"":[1],""m"":[[0,20,0,20]],""t"":[[0,0,0,0]],""g"":[[0,0,0,0]],""d"":20489}","w63060003",NULL,4,"0.00",0
5881,8669,"{""c"":[0,0.72],""m"":[[0,0,0,0],[19.66,101,13,110]],""t"":[[0,0,0,0],[0,12.25,12,15]],""g"":[[0,0,0,0],[0,0,0,0]],""d"":20495}","o63066713",796,3,"0.00",0
5882,8670,"{""c"": [], ""m"": [], ""t"": [], ""g"": [], ""d"": null}","w63060003",NULL,0,"0.00",0
5883,8671,"{""c"":[1],""m"":[[0,20,0,20]],""t"":[[0,0,0,0]],""g"":[[0,0,0,0]],""d"":20489}","w63060003",NULL,3,"0.00",0
5885,8673,"{""c"": [], ""m"": [], ""t"": [], ""g"": [], ""d"": null}","w63060003",NULL,2,"0.00",0
5886,8674,"{""c"": [], ""m"": [], ""t"": [], ""g"": [], ""d"": null}","w63060003",NULL,2,"0.00",0
5887,8676,"{""c"":[1],""m"":[[4.05,9,3,12]],""t"":[[0,0,0,0]],""g"":[[0,0,0,0]],""d"":20496}","w63060003",NULL,3,"0.00",0
5888,8677,"{""c"": [], ""m"": [], ""t"": [], ""g"": [], ""d"": null}","w63060003",NULL,3,"0.00",0
5889,8678,"{""c"":[1],""m"":[[5.85,13,4,16]],""t"":[[0,0,0,0]],""g"":[[0,0,0,0]],""d"":20496}","w63060003",NULL,3,"0.00",0
5890,8679,"{""c"": [], ""m"": [], ""t"": [], ""g"": [], ""d"": null}","w63060003",NULL,3,"0.00",0
5891,8680,"{""c"":[1],""m"":[[11.9,35,9,40]],""t"":[[0,0,0,0]],""g"":[[0,0,0,0]],""d"":20490}","w63060003",NULL,3,"0.00",0
5893,8682,"{""c"":[1],""m"":[[4.5,10,4,12]],""t"":[[0,0,0,0]],""g"":[[0,0,0,0]],""d"":20496}","w63060003",NULL,3,"0.00",0
5894,8683,"{""c"":[1],""m"":[[9.45,21,7,25]],""t"":[[0,0,0,0]],""g"":[[0,0,0,0]],""d"":20496}","w63060003",NULL,3,"0.00",0
5895,8684,"{""c"":[0.71,0.57],""m"":[[5.78,17,4,20],[4.05,9,3,11]],""t"":[[0,0,0,0],[0,0,0,0]],""g"":[[0,0,0,0],[0,0,0,0]],""d"":20496}","w63060003",NULL,3,"0.00",0
5896,8685,"{""c"":[1],""m"":[[2.7,6,3,8]],""t"":[[0,0,0,0]],""g"":[[0,0,0,0]],""d"":20496}","w63060003",NULL,3,"0.00",0
5897,8686,"{""c"":[1],""m"":[[1.35,3,200,6]],""t"":[[0,0,0,0]],""g"":[[0,0,0,0]],""d"":20496}","w63060003",NULL,3,"0.00",0
5898,8687,"{""c"":[1],""m"":[[4.05,9,0,9]],""t"":[[0,0,0,0]],""g"":[[0,0,0,0]],""d"":20496}","w63060003",NULL,3,"0.00",0
5899,8688,"{""c"": [], ""m"": [], ""t"": [], ""g"": [], ""d"": null}","w63060003",NULL,3,"0.00",0
5900,8689,"{""c"": [], ""m"": [], ""t"": [], ""g"": [], ""d"": null}","w63060003",NULL,3,"0.00",0
5901,8690,"{""c"":[0.71,0.57],""m"":[[11.9,35,7,40],[6.3,14,8,19]],""t"":[[0,0,0,0],[0,0,0,0]],""g"":[[0,0,0,0],[0,0,0,0]],""d"":20496}","w63060003",NULL,3,"0.00",0
5902,8691,"{""c"":[0.71,0.57],""m"":[[11.22,33,8,40],[5.4,12,8,15]],""t"":[[0,0,0,0],[0,0,0,0]],""g"":[[0,0,0,0],[0,0,0,0]],""d"":20496}","w63060003",NULL,3,"0.00",0
5903,8692,"{""c"":[0.71,0.57],""m"":[[6.46,19,3,20],[6.75,15,43,17]],""t"":[[0,0,0,0],[0,0,0,0]],""g"":[[0,0,0,0],[0,0,0,0]],""d"":20496}","w63060003",NULL,3,"0.00",0
5904,8693,"{""c"":[1],""m"":[[7.2,16,10,20]],""t"":[[0,0,0,0]],""g"":[[0,0,0,0]],""d"":20496}","w63060003",NULL,3,"0.00",0
5905,8694,"{""c"":[1],""m"":[[3.6,8,8,11]],""t"":[[0,0,0,0]],""g"":[[0,0,0,0]],""d"":20496}","w63060003",NULL,3,"0.00",0
5907,8696,"{""c"": [], ""m"": [], ""t"": [], ""g"": [], ""d"": null}","w63060003",NULL,3,"0.00",0
5908,8697,"{""c"":[1],""m"":[[0,0,12,2]],""t"":[[0,0,0,0]],""g"":[[0,0,0,0]],""d"":20496}","w63060003",NULL,3,"0.00",0
5910,8700,"{""c"":[0.71,0.57],""m"":[[87.55,254,48,282],[21.56,55,16,61]],""t"":[[0,0,0,0],[0,0,0,0]],""g"":[[0,0,0,0],[0,0,0,0]],""d"":20496}","w63060003",NULL,3,"0.00",0
5911,8702,"{""c"":[0.86,0.57],""m"":[[18.24,228,5,233],[9.44,118,2,120,0.04]],""t"":[[0,0,0,0],[0,0,0,0]],""g"":[[0,0,0,0],[0,0,0,0]],""d"":20497}","w63060003",NULL,2,"0.00",0
5912,8704,"{""c"":[1],""m"":[[0.55,55,5,60]],""t"":[[0,0,0,0]],""g"":[[4.94,19,5,24]],""d"":20489}","w63060003",NULL,1,"0.00",0
5914,8711,"{""c"":[0.86,0.29,0.86],""m"":[[41.14,508,20,525],[3.99,57,3,60],[1.41,33,7,40,0.04]],""t"":[[30.36,23.5,23,27],[18.97,15.5,32,22],[0,0,0,0,0]],""g"":[[3.38,13,0,13],[3.12,12,1,13],[0,0,0,0,0]],""d"":20501}","j651627c3",797,1,"0.00",2
5915,8716,"{""c"":[1],""m"":[[20.67,39,1,40]],""t"":[[0,0,0,0]],""g"":[[0,0,0,0]],""d"":20489}","w63060003",NULL,0,"0.00",0
5917,8727,"{""c"":[1],""m"":[[32.3,703,12,715]],""t"":[[184.44,261.5,55,275]],""g"":[[3.72,93,8,99]],""d"":20496}","p730667a3",816,4,"0.00",0
5918,8730,"{""c"": [], ""m"": [], ""t"": [], ""g"": [], ""d"": null}","w63060003",NULL,1,"0.00",0
5919,8734,"{""c"":[1],""m"":[[1.6,40,0,40]],""t"":[[0,0,0,0]],""g"":[[0,0,0,0]],""d"":20489}","063064003",797,1,"0.00",0
5924,8741,"{""c"":[0,0.86],""m"":[[43.7,165,11,175],[112.66,416,32,435,0.26]],""t"":[[2.1,2.75,13,6],[2.61,2.75,38,10,1.2]],""g"":[[0,0,0,0],[0.8,20,39,39]],""d"":20498}","e241840a3",799,4,"0.00",0
5925,8744,"{""c"": [], ""m"": [], ""t"": [], ""g"": [], ""d"": null}","w63060003",NULL,4,"0.00",0
5926,8745,"{""c"":[1],""m"":[[0,20,0,20]],""t"":[[0,0,0,0]],""g"":[[0,0,0,0]],""d"":20489}","w63060003",NULL,4,"0.00",0
5928,8748,"{""c"":[0.71,0.29],""m"":[[4.56,34,2,35],[1.46,38,2,40,0.04]],""t"":[[0,0,0,0],[0,0,0,0,0]],""g"":[[5.72,22,1,23],[5.46,21,7,26,0.26]],""d"":20499}","w63060003",NULL,1,"0.00",0
5929,8749,"{""c"": [], ""m"": [], ""t"": [], ""g"": [], ""d"": null}","w63060003",NULL,0,"0.00",0
5932,8765,"{""c"":[1],""m"":[[124.03,71,14,80]],""t"":[[0,0,0,0]],""g"":[[0,0,0,0]],""d"":20494}","w63060003",NULL,0,"0.00",0
5936,8773,"{""c"": [], ""m"": [], ""t"": [], ""g"": [], ""d"": null}","w63060003",NULL,2,"0.00",0
5938,8779,"{""c"":[0.43,1],""m"":[[6.09,93,3,95,0.07],[57.84,1163,24,1187,0.05]],""t"":[[0.72,7,20,11],[1.44,6,30,15,0.48]],""g"":[[0,0,0,0],[0,0,0,0,0]],""d"":20501}","w63060003",NULL,4,"0.00",0
5940,8782,"{""c"":[0.72,0.58],""m"":[[9.24,62,0,62],[1.68,8,2,10]],""t"":[[0,0,68,7],[0,0,21,2]],""g"":[[0,0,0,0],[0,0,0,0]],""d"":20496}","w63060003",799,4,"0.00",0
5941,8783,"{""c"":[0.57],""m"":[[4.2,59,1,60,0]],""t"":[[0,0,0,0]],""g"":[[0,0,0,0]],""d"":20497}","w63060003",796,3,"0.00",0
5948,8791,"{""c"":[1],""m"":[[7.2,16,34,40]],""t"":[[0,0,0,0]],""g"":[[0,0,0,0]],""d"":20495}","w63060003",NULL,3,"0.00",0
5949,8792,"{""c"":[1],""m"":[[5.26,96,4,100]],""t"":[[0,0,0,0]],""g"":[[0,35,1,36]],""d"":20489}","w63060003",NULL,3,"0.00",0
5950,8793,"{""c"":[1],""m"":[[5.52,111,5,116]],""t"":[[0,0,0,0]],""g"":[[0,0,0,0]],""d"":20490}","w63060003",NULL,1,"0.00",0
5951,8794,"{""c"":[0.57,0.57],""m"":[[9.08,53,13,60],[5.55,82,22,95]],""t"":[[0,0,0,0],[0,0,0,0]],""g"":[[0,0,0,0],[0,0,0,0]],""d"":20496}","w63060003",701,4,"0.00",0
5952,8799,"{""c"":[1],""m"":[[0.4,40,0,40]],""t"":[[0,0,0,0]],""g"":[[0,0,0,0]],""d"":20489}","w63060003",NULL,1,"0.00",0
5953,8802,"{""c"": [], ""m"": [], ""t"": [], ""g"": [], ""d"": null}","w63060003",NULL,0,"0.00",0
5954,8803,"{""c"":[0.71],""m"":[[13.68,171,13,180]],""t"":[[0,0,0,0]],""g"":[[0,0,0,0]],""d"":20492}","w63060003",NULL,2,"0.00",0
5956,8805,"{""c"":[1],""m"":[[6.1,34,7,40]],""t"":[[0,0,0,0]],""g"":[[0,0,0,0]],""d"":20489}","w63060003",NULL,3,"0.00",0
5957,8807,"{""c"": [], ""m"": [], ""t"": [], ""g"": [], ""d"": null}","w63060003",NULL,4,"0.00",0
5958,8809,"{""c"":[1],""m"":[[2.38,164,10,171]],""t"":[[0,0,0,0]],""g"":[[0,0,0,0]],""d"":20490}","w63060003",791,3,"0.00",0
5959,8811,"{""c"":[0.71,1],""m"":[[9.8,72,1,73],[53.14,335,14,346,0.14]],""t"":[[0,0,0,0],[9,17.5,30,25]],""g"":[[0,0,0,0],[0,0,0,0]],""d"":20497}","p28062763",816,4,"8.00",1
5960,8813,"{""c"":[0.72,0.86],""m"":[[4.91,25,23,37],[9.63,48,11,55,0.14]],""t"":[[1.8,1.75,5,3],[5.7,4.75,23,8,1.31]],""g"":[[0,0,0,0],[2.84,71,8,76,0.04]],""d"":20499}","w63060003",799,4,"0.00",0
5961,8815,"{""c"":[1],""m"":[[0,39,1,40]],""t"":[[0,0,0,0]],""g"":[[0,0,0,0]],""d"":20489}","w63060003",NULL,3,"0.00",0
5962,8816,"{""c"":[1,0.43],""m"":[[10.43,149,1,150],[12.69,120,16,130,0.13]],""t"":[[23.43,15,4,16],[13.1,10,0,10]],""g"":[[8.06,31,0,31],[14.04,54,1,55,0.26]],""d"":20499}","w63060003",831,1,"0.00",3
5963,8817,"{""c"":[1],""m"":[[21.98,266,16,280]],""t"":[[0,0,0,0]],""g"":[[0,0,0,0]],""d"":20490}","w63060003",NULL,1,"0.00",0
5964,8818,"{""c"":[1],""m"":[[4.56,57,0,57]],""t"":[[0,0,0,0]],""g"":[[0,0,0,0]],""d"":20489}","w63060003",NULL,3,"0.00",0
5965,8822,"{""c"":[0,0.15,0.86],""m"":[[2.19,44,7,50],[0.2,20,0,20],[0,0,0,0,0]],""t"":[[0,0,0,0],[2.9,4.5,6,6],[0,0,0,0,0]],""g"":[[0,0,0,0],[0,0,0,0],[0,0,0,0,0]],""d"":20500}","k68170113",782,2,"0.00",0
5966,8824,"{""c"":[0,0.29,0.86],""m"":[[0,0,0,0],[2,120,0,120,0.01],[0,0,0,0,0]],""t"":[[0.83,1,0,1],[0,0,0,0],[0,0,0,0,0]],""g"":[[0,0,0,0],[0,0,0,0],[0,0,0,0,0]],""d"":20500}","w63060003",782,2,"0.00",0
5967,8825,"{""c"":[0,0.72,0.86],""m"":[[0.2,20,0,20],[65.75,758,24,781,0.1],[0,0,0,0,0]],""t"":[[0,0,0,0],[7.47,9,4,11,0.83],[0,0,0,0,0]],""g"":[[0,0,0,0],[0,0,0,0],[0,0,0,0,0]],""d"":20500}","668072063",782,2,"0.00",0
5968,8826,"{""c"":[0,0.15,1],""m"":[[0.39,39,1,40],[1.58,118,2,120],[4.24,37,6,40,0.12]],""t"":[[0,0,0,0],[0.83,1,0,1],[0,0,0,0,0]],""g"":[[0,0,0,0],[0,0,0,0],[0,0,0,0,0]],""d"":20501}","w63060003",782,2,"31.00",0
5969,8827,"{""c"":[0,0.43,0.86],""m"":[[0.23,23,3,26],[6.29,277,16,292],[0,0,0,0,0]],""t"":[[0,0,0,0],[0,0,0,0],[0,0,0,0,0]],""g"":[[0,0,0,0],[0,0,0,0],[0,0,0,0,0]],""d"":20500}","o68074733",782,2,"0.00",0
5971,8833,"{""c"":[1,0.14,0.86],""m"":[[1.21,121,0,121],[14.23,409,1,410],[0,0,0,0,0]],""t"":[[0,0,0,0],[2.49,3,6,4],[0,0,0,0,0]],""g"":[[0,0,0,0],[0,0,0,0],[0,0,0,0,0]],""d"":20500}","w63060003",782,2,"0.00",0
5972,8834,"{""c"":[0,0.29,0.86],""m"":[[0,0,0,0],[12,125,7,130],[0,0,0,0,0]],""t"":[[0,0,0,0],[1.84,2,19,3],[0,0,0,0,0]],""g"":[[0,0,0,0],[0,0,0,0],[0,0,0,0,0]],""d"":20500}","w63060003",782,2,"0.00",0
5973,8836,"{""c"":[0,0.72],""m"":[[0,0,0,0],[0,0,0,0]],""t"":[[0,0,0,0],[0,0,0,0]],""g"":[[0,0,0,0],[0,0,0,0]],""d"":20494}","610280986",808,2,"0.00",0
5974,8837,"{""c"":[0,0.72],""m"":[[0,0,0,0],[0,0,0,0]],""t"":[[0,0,0,0],[0,0,0,0]],""g"":[[0,0,0,0],[0,0,0,0]],""d"":20494}","o78162086",808,2,"0.00",0
5975,8838,"{""c"":[0,0.58,1],""m"":[[5.6,56,2,57],[7.73,80,6,85,0.03],[2.95,35,0,35,0.09]],""t"":[[0.95,1.25,3,2],[0.88,1.5,22,6],[0,0,0,0,0]],""g"":[[0.88,8,10,14],[6.27,57,37,82,0.11],[3.19,29,79,62,0.11]],""d"":20501}","x85150863",808,2,"0.00",0
5977,8840,"{""c"":[1],""m"":[[0.2,20,0,20]],""t"":[[0,0,0,0]],""g"":[[42.66,121,32,136]],""d"":20489}","w63060003",NULL,1,"0.00",0
5978,8841,"{""c"":[0,0.72],""m"":[[0.1,1,3,2],[0.19,19,1,20]],""t"":[[0,0,12,2],[0,0,0,0]],""g"":[[0,0,0,0],[0,0,0,0]],""d"":20495}","965270223",808,2,"0.00",0
5979,8842,"{""c"":[0,0.43,1],""m"":[[0,0,0,0],[20.34,251,19,266,0.02],[1.89,27,3,30,0.07]],""t"":[[0,0,0,0],[14.78,11.5,57,20,1.58],[0,0,0,0,0]],""g"":[[0,0,0,0],[13.97,127,11,136],[0,0,0,0,0]],""d"":20500}","o63060003",808,2,"0.00",0
5980,8844,"{""c"":[0],""m"":[[7.86,81,4,85]],""t"":[[0,0,0,0]],""g"":[[0,0,0,0]],""d"":20489}","w63060003",599,1,"0.00",0
5981,8845,"{""c"":[0,1],""m"":[[0,0,0,0],[9.63,161,25,179]],""t"":[[0,0,0,0],[8.63,15.75,83,30]],""g"":[[0,0,0,0],[0,0,0,0]],""d"":20496}","o53012823",808,2,"0.00",0
5982,8847,"{""c"":[0,1],""m"":[[0,0,0,0],[9.42,114,9,121]],""t"":[[0,0,0,0],[4.43,5,24,10]],""g"":[[0,0,0,0],[4.18,38,10,46]],""d"":20496}","p28063426",808,2,"0.00",0
5983,8849,"{""c"":[0,0.58],""m"":[[18.2,182,27,200],[3.25,34,6,40]],""t"":[[6.32,5.5,2,6],[12.58,12,17,16]],""g"":[[0,0,0,0],[3.63,33,23,45]],""d"":20496}","w63060003",808,2,"0.00",0
5984,8850,"{""c"":[0,1],""m"":[[27.4,274,0,274],[103.21,1141,40,1173]],""t"":[[1.9,1.75,1,2],[8.48,11.5,14,15]],""g"":[[0,0,0,0],[8.58,78,24,90]],""d"":20496}","668372026",808,2,"0.00",0
5985,8852,"{""c"":[1],""m"":[[1.08,18,3,20]],""t"":[[0,0,0,0]],""g"":[[0,0,0,0]],""d"":20489}","w63060003",NULL,5,"0.00",0
5986,8853,"{""c"":[0,1],""m"":[[3.3,33,21,43],[5.4,54,27,69]],""t"":[[0,0,0,0],[15.65,17.5,10,20]],""g"":[[0,0,0,0],[10.45,95,24,110]],""d"":20495}","p58088062",808,2,"0.00",0
5987,8854,"{""c"":[0,0.86],""m"":[[12.5,125,1,126],[5.44,56,5,60]],""t"":[[2.84,3,4,4],[3.42,3.5,2,4]],""g"":[[0,0,0,0],[4.07,37,20,46]],""d"":20496}","o53112722",808,2,"0.00",3
5988,8855,"{""c"":[0,0.57,1],""m"":[[1.4,50,8,51],[19.25,198,48,222],[4.72,55,17,60,0.09]],""t"":[[3.14,4.5,12,7],[4.49,4.75,5,6],[0,0,0,0,0]],""g"":[[0,0,0,0],[12.21,111,36,128],[0,0,0,0,0]],""d"":20501}","661752223",808,2,"0.00",0
5989,8856,"{""c"":[0,0.86],""m"":[[2.1,21,5,25],[6.3,63,7,68]],""t"":[[1.26,1,14,4],[3.16,3,23,8]],""g"":[[0,0,0,0],[0,0,0,0]],""d"":20495}","o53162026",808,2,"0.00",0
5990,8857,"{""c"":[0,0.57,1],""m"":[[39.12,441,16,454],[12.31,129,1,130,0.08],[1.52,19,1,20,0.08]],""t"":[[2.53,2,0,2],[2.53,4,13,6,null],[0,0,0,0,0]],""g"":[[0,0,0,0],[9.46,86,5,89],[0,0,0,0,0]],""d"":20500}","o58064093",808,2,"0.00",1
5991,8858,"{""c"":[0,1],""m"":[[0,0,0,0],[16.15,346,23,365]],""t"":[[0,0,0,0],[1.26,1.75,12,4]],""g"":[[0,0,0,0],[0,0,0,0]],""d"":20496}","w63060003",808,2,"0.00",0
5992,8860,"{""c"":[0,0.86],""m"":[[8.9,89,0,89],[14.52,169,1,170]],""t"":[[0.95,1.75,20,6],[0,0,8,2]],""g"":[[0,0,0,0],[4.62,42,3,45]],""d"":20496}","x63060440",808,2,"0.00",0
5993,8862,"{""c"": [], ""m"": [], ""t"": [], ""g"": [], ""d"": null}","w63060003",NULL,3,"0.00",0
5994,8865,"{""c"":[0,0.29,0.86],""m"":[[0,0,0,0],[0.78,78,2,80],[0,0,0,0,0]],""t"":[[0,0,0,0],[0,0,0,0],[0,0,0,0,0]],""g"":[[0,0,0,0],[0,0,0,0],[0,0,0,0,0]],""d"":20500}","w63060003",782,2,"0.00",0
5996,8871,"{""c"":[0,0.44],""m"":[[2.73,33,7,35],[9.92,45,13,52,0.14]],""t"":[[0,0,0,0],[0,1.25,48,6,1.2]],""g"":[[0,0,0,0],[1.2,30,17,39]],""d"":20498}","p68079ca3",799,4,"0.00",0
5999,8875,"{""c"": [], ""m"": [], ""t"": [], ""g"": [], ""d"": null}","w63060003",NULL,2,"0.00",0
6004,8890,"{""c"": [], ""m"": [], ""t"": [], ""g"": [], ""d"": null}","w63060003",NULL,4,"0.00",0
6005,8891,"{""c"":[0,0.44],""m"":[[0,0,0,0],[2.94,14,1,15,0.21]],""t"":[[0,0,0,0],[0,0,0,0]],""g"":[[0,0,0,0],[0,0,0,0]],""d"":20497}","w63060003",737,4,"0.00",0
6006,8894,"{""c"":[1,0.86],""m"":[[3.95,80,42,95,0.06],[0.4,20,0,20,0.02]],""t"":[[0,0,0,0,0],[0,0,0,0,0]],""g"":[[0,0,0,0,0],[0,0,0,0,0]],""d"":20501}","w63060003",NULL,1,"0.00",0
6007,8895,"{""c"":[1],""m"":[[0,0,48,1]],""t"":[[0,0,0,0]],""g"":[[0,0,0,0]],""d"":20496}","w63060003",NULL,3,"0.00",0
6008,8897,"{""c"": [], ""m"": [], ""t"": [], ""g"": [], ""d"": null}","w63060003",NULL,5,"0.00",0
6009,8898,"{""c"": [], ""m"": [], ""t"": [], ""g"": [], ""d"": null}","w63060003",NULL,5,"0.00",0
6011,8905,"{""c"": [], ""m"": [], ""t"": [], ""g"": [], ""d"": null}","w63060003",NULL,4,"0.00",0
6013,8907,"{""c"":[1],""m"":[[1.75,25,9,30]],""t"":[[0,0,0,0]],""g"":[[0,0,0,0]],""d"":20491}","w63060003",NULL,2,"0.00",0
6015,8913,"{""c"":[1],""m"":[[0.1,10,0,10]],""t"":[[0,0,0,0]],""g"":[[0,0,0,0]],""d"":20490}","w63060003",NULL,1,"0.00",0
6016,8918,"{""c"":[1,0.71],""m"":[[93.28,635,33,666],[47.65,323,18,338]],""t"":[[0,0,0,0],[0,0,0,0]],""g"":[[0,0,0,0],[0,0,0,0]],""d"":20496}","g48062036",832,4,"0.00",0
6017,8920,"{""c"":[1,0.71],""m"":[[0,20,0,20],[3.61,17,5,20]],""t"":[[0,0,0,0],[0,0,0,0]],""g"":[[0,0,0,0],[0,0,0,0]],""d"":20495}","w63060003",816,4,"0.00",0
6018,8922,"{""c"": [], ""m"": [], ""t"": [], ""g"": [], ""d"": null}","w63060003",619,2,"0.00",0
6019,8923,"{""c"":[1],""m"":[[3.02,42,5,45]],""t"":[[0,0,0,0]],""g"":[[0,0,0,0]],""d"":20490}","w63060003",NULL,4,"0.00",0
6020,8926,"{""c"":[0,1],""m"":[[0,0,0,0],[274.94,652,41,687]],""t"":[[0,0,0,0],[1.08,2.25,12,5]],""g"":[[0,0,0,0],[16.2,90,9,97]],""d"":20496}","960065903",674,3,"0.00",0
6021,8927,"{""c"": [], ""m"": [], ""t"": [], ""g"": [], ""d"": null}","w63060003",NULL,2,"0.00",0
6022,8928,"{""c"":[0.86,0.71,1],""m"":[[72,210,0,210],[693.7,2048,52,2081,0.34],[150.22,519,12,530,0.29]],""t"":[[13.16,6.5,33,12],[4.54,19.75,8,22,3.63],[0,0,0,0,0]],""g"":[[127.62,709,55,738],[7.38,41,4,43],[0,0,0,0,0]],""d"":20500}","k13061003",796,3,"0.00",1
6023,8931,"{""c"": [], ""m"": [], ""t"": [], ""g"": [], ""d"": null}","404462093",619,2,"0.00",0
6025,8933,"{""c"":[0.86,1],""m"":[[13.91,71,4,72],[4.2,20,0,20]],""t"":[[0,0,0,0],[0,0,0,0]],""g"":[[0,0,0,0],[0,0,0,0]],""d"":20493}","w63060003",NULL,1,"0.00",0
6026,8934,"{""c"":[0.72,0.44,0.86],""m"":[[1.39,139,1,140],[4.43,252,8,260,0.07],[0,0,0,0,0]],""t"":[[1.66,2,0,2],[11.19,14,8,17,0.83],[0,0,0,0,0]],""g"":[[0,0,0,0],[0,0,0,0],[0,0,0,0,0]],""d"":20500}","w63060003",782,2,"0.00",0
6027,8937,"{""c"":[0.86,0.58],""m"":[[9.16,115,6,120],[0,0,0,0]],""t"":[[0,0,0,0],[0,0,0,0]],""g"":[[0,0,0,0],[0,0,0,0]],""d"":20495}","w63060003",771,2,"0.00",0
6028,8939,"{""c"":[1],""m"":[[2.76,90,24,100]],""t"":[[0,0,0,0]],""g"":[[0,0,0,0]],""d"":20490}","w63060003",NULL,1,"0.00",0
6029,8940,"{""c"": [], ""m"": [], ""t"": [], ""g"": [], ""d"": null}","w63060003",NULL,4,"0.00",0
6030,8941,"{""c"":[1],""m"":[[0.24,3,0,3]],""t"":[[0,0,0,0]],""g"":[[0,0,0,0]],""d"":20490}","w63060003",NULL,2,"0.00",0
6031,8942,"{""c"":[1],""m"":[[0,0,0,0]],""t"":[[0,0,0,0]],""g"":[[3.19,29,5,33]],""d"":20490}","w63060003",NULL,2,"0.00",0
6032,8944,"{""c"": [], ""m"": [], ""t"": [], ""g"": [], ""d"": null}","w63060003",NULL,3,"0.00",0
6033,8945,"{""c"":[1,1],""m"":[[846.8,6464,133,6583],[563.34,4197,90,4284,0.13]],""t"":[[3.93,4,71,10],[0,0,0,0]],""g"":[[0,0,0,0],[0,0,0,0]],""d"":20497}","567040011",810,1,"0.00",0
6034,8946,"{""c"":[1],""m"":[[5.71,65,5,70]],""t"":[[0,0,0,0]],""g"":[[0,0,0,0]],""d"":20491}","w63060003",619,2,"25.00",0
6035,8947,"{""c"": [], ""m"": [], ""t"": [], ""g"": [], ""d"": null}","p58072073",781,4,"0.00",0
6036,8948,"{""c"":[0.71,0,0.86],""m"":[[5.54,85,13,94],[0,0,0,0,0],[5.87,131,9,140,0.04]],""t"":[[0,0,0,0],[0,0,0,0,0],[0,0,0,0,0]],""g"":[[0,0,0,0],[0,0,0,0,0],[0,0,0,0,0]],""d"":20501}","w63060003",NULL,2,"0.00",0
6037,8949,"{""c"":[0,0,0.86],""m"":[[0,0,0,0],[0,0,0,0],[0,0,0,0,0]],""t"":[[0,0,0,0],[0,0,0,0],[0,0,0,0,0]],""g"":[[0,0,0,0],[0,0,0,0],[0,0,0,0,0]],""d"":20500}","w63060003",782,2,"0.00",0
6038,8950,"{""c"":[0.86,0.58],""m"":[[13.01,173,7,180],[0,0,0,0]],""t"":[[0,0,0,0],[0,0,0,0]],""g"":[[0,0,0,0],[0,0,0,0]],""d"":20495}","w63060003",771,2,"0.00",0
6039,8951,"{""c"":[0.71,0.58],""m"":[[0.35,35,7,40],[0,0,0,0]],""t"":[[0,0,0,0],[0,0,0,0]],""g"":[[0,0,0,0],[0,0,0,0]],""d"":20495}","p530637b3",771,2,"0.00",0
6040,8952,"{""c"":[1],""m"":[[13.65,248,17,264]],""t"":[[0,0,0,0]],""g"":[[0,0,0,0]],""d"":20491}","w63060003",NULL,2,"0.00",0
6042,8954,"{""c"":[1],""m"":[[6.4,80,0,80]],""t"":[[0,0,0,0]],""g"":[[0,0,0,0]],""d"":20490}","w63060003",NULL,3,"0.00",0
6043,8955,"{""c"":[1],""m"":[[28.84,39,1,40]],""t"":[[0,0,0,0]],""g"":[[0,0,0,0]],""d"":20490}","w63060003",NULL,0,"0.00",0
6044,8956,"{""c"":[1],""m"":[[6.16,77,3,80]],""t"":[[0,0,0,0]],""g"":[[0,0,0,0]],""d"":20492}","w63060003",NULL,3,"0.00",0
6045,260,"{""c"": [], ""m"": [], ""t"": [], ""g"": [], ""d"": null}","w63060003",NULL,5,"0.00",0
6047,8960,"{""c"":[1],""m"":[[4.35,82,9,90]],""t"":[[0,0,0,0]],""g"":[[2.86,26,2,28]],""d"":20491}","w63060003",NULL,2,"0.00",0
6048,8961,"{""c"":[0,0.72],""m"":[[4.36,64,6,70],[65.7,830,8,838]],""t"":[[0,0,0,0],[0,0,0,0]],""g"":[[3.96,36,5,39],[0,0,0,0]],""d"":20496}","g43050003",771,2,"0.00",0
6049,8963,"{""c"":[0.86],""m"":[[1.03,26,7,32]],""t"":[[0,0,0,0]],""g"":[[0,0,0,0]],""d"":20492}","w63060003",NULL,1,"0.00",0
6050,8964,"{""c"":[0],""m"":[[0,0,0,0]],""t"":[[0,0,0,0]],""g"":[[0,0,0,0]],""d"":20489}","w63060003",609,4,"0.00",0
6051,8957,"{""c"":[0],""m"":[[0,0,0,0]],""t"":[[0,0,0,0]],""g"":[[0,0,0,0]],""d"":20489}","w63060003",NULL,-1,"0.00",0
6055,8972,"{""c"":[1],""m"":[[0.57,57,3,60]],""t"":[[0,0,0,0]],""g"":[[0,0,0,0]],""d"":20491}","w63060003",NULL,1,"0.00",0
6056,8973,"{""c"":[1],""m"":[[1.82,111,0,111]],""t"":[[0,0,0,0]],""g"":[[0,0,0,0]],""d"":20491}","w63060003",NULL,2,"0.00",0
6057,8976,"{""c"": [], ""m"": [], ""t"": [], ""g"": [], ""d"": null}","w63060003",619,2,"0.00",0
6058,8977,"{""c"": [], ""m"": [], ""t"": [], ""g"": [], ""d"": null}","w63060003",619,2,"0.00",0
6059,8978,"{""c"":[0,0.01,1],""m"":[[0,0,0,0],[0,0,0,0],[2.21,17,3,20,0.13]],""t"":[[0,0,0,0],[0,0,0,0],[0,0,0,0,0]],""g"":[[0,0,0,0],[0,0,0,0],[0,0,0,0,0]],""d"":20500}","w63060003",771,2,"10.00",0
6060,8979,"{""c"":[0.86],""m"":[[4,60,0,60]],""t"":[[0,0,0,0]],""g"":[[8.58,33,34,54]],""d"":20492}","w63060003",NULL,1,"0.00",0
6062,8981,"{""c"":[0.71,0.86],""m"":[[3.59,159,1,160],[1.6,20,0,20]],""t"":[[0,0,0,0],[0,0,0,0]],""g"":[[0,0,0,0],[0,0,0,0]],""d"":20494}","0230610a3",619,2,"0.00",0
6063,8982,"{""c"": [], ""m"": [], ""t"": [], ""g"": [], ""d"": null}","w63060003",NULL,0,"0.00",0
6064,8983,"{""c"":[1],""m"":[[0.4,40,0,40]],""t"":[[0,0,0,0]],""g"":[[0,0,0,0]],""d"":20491}","w63060003",NULL,1,"0.00",0
6065,8984,"{""c"":[1,0.42],""m"":[[5.9,59,2,60],[1.97,57,3,60]],""t"":[[0,0,0,0],[0,0,0,0]],""g"":[[24.09,219,40,248],[4.62,42,11,48,0.11]],""d"":20498}","k410766b3",619,2,"0.00",0
6066,8986,"{""c"":[1],""m"":[[0.2,20,0,20]],""t"":[[0,0,0,0]],""g"":[[0,0,0,0]],""d"":20490}","w63060003",NULL,2,"0.00",0
6067,8987,"{""c"":[0.86,1],""m"":[[41.97,1087,37,1107],[21.14,311,30,330]],""t"":[[0,0,0,0],[0,0,0,0]],""g"":[[0,0,0,0],[0,0,0,0]],""d"":20493}","645062033",619,2,"0.00",0
6069,8990,"{""c"":[1],""m"":[[1.6,20,0,20]],""t"":[[0,0,0,0]],""g"":[[14.53,95,36,111]],""d"":20490}","w63060003",NULL,2,"0.00",0
6070,8991,"{""c"":[1,1],""m"":[[1.68,48,8,55,0.04],[13.16,97,9,104,0.13]],""t"":[[0,0,0,0,0],[0,0,0,0,0]],""g"":[[0,0,0,0,0],[0,16,0,16,0]],""d"":20501}","w63060003",NULL,4,"0.00",0
6073,8994,"{""c"":[1],""m"":[[4.14,23,2,25]],""t"":[[0,0,0,0]],""g"":[[0,0,0,0]],""d"":20490}","w63060003",NULL,3,"0.00",0
6074,8996,"{""c"": [], ""m"": [], ""t"": [], ""g"": [], ""d"": null}","w63060003",619,2,"0.00",0
6075,8997,"{""c"":[0.86,0.57],""m"":[[3.86,47,4,50],[19.1,191,13,200,0.1]],""t"":[[0,0,0,0],[0,0,0,0]],""g"":[[0,0,0,0],[0,0,0,0]],""d"":20499}","w63060003",NULL,2,"0.00",0
6076,8998,"{""c"":[1,1],""m"":[[3.6,120,16,130],[5.06,124,19,140]],""t"":[[0,0,0,0],[0,0,0,0]],""g"":[[2.86,26,20,39],[0,0,0,0]],""d"":20493}","p610840c3",619,2,"0.00",0
6077,9000,"{""c"":[1],""m"":[[1.33,95,6,100]],""t"":[[0,0,0,0]],""g"":[[0,0,0,0]],""d"":20491}","w63060003",NULL,2,"0.00",0
6078,9005,"{""c"": [], ""m"": [], ""t"": [], ""g"": [], ""d"": null}","w63060003",619,2,"0.00",0
6079,9007,"{""c"": [], ""m"": [], ""t"": [], ""g"": [], ""d"": null}","w63060003",NULL,1,"0.00",0
6082,9010,"{""c"":[1],""m"":[[8.3,149,7,155]],""t"":[[0,0,0,0]],""g"":[[0,0,0,0]],""d"":20491}","w63060003",NULL,4,"0.00",0
6083,9011,"{""c"":[1],""m"":[[23.1,410,30,429]],""t"":[[0,0,0,0]],""g"":[[1.04,4,2,6]],""d"":20492}","w63060003",NULL,1,"0.00",0
6084,9012,"{""c"":[0.86,0,1],""m"":[[3.58,358,2,360],[0,0,0,0],[10.49,194,8,200,0.06]],""t"":[[0,0,0,0],[0,0,0,0],[0,0,3,1,0.83]],""g"":[[0,0,0,0],[0,0,0,0],[0,0,0,0,0]],""d"":20501}","w63060003",782,2,"0.00",0
6086,9016,"{""c"": [], ""m"": [], ""t"": [], ""g"": [], ""d"": null}","w63060003",NULL,1,"0.00",0
6087,9017,"{""c"":[1],""m"":[[1.09,109,1,110]],""t"":[[0,0,0,0]],""g"":[[0,0,0,0]],""d"":20491}","063030b93",619,2,"0.00",0
6091,9023,"{""c"":[1,1],""m"":[[961.51,6656,136,6789],[252.32,1577,27,1600]],""t"":[[0,0,0,0],[7.7,8.5,27,15]],""g"":[[0,0,0,0],[0.46,1,14,6]],""d"":20496}","d24070021",810,1,"0.00",0
6092,9024,"{""c"":[1],""m"":[[3.15,15,0,15]],""t"":[[0,0,0,0]],""g"":[[0,0,0,0]],""d"":20493}","w63060003",781,4,"0.00",0
6095,9027,"{""c"":[1],""m"":[[7.34,100,60,120]],""t"":[[0,0,0,0]],""g"":[[0,0,0,0]],""d"":20491}","w63060003",NULL,3,"0.00",0
6096,9029,"{""c"":[0,1],""m"":[[5.05,65,0,65],[11.76,204,6,210]],""t"":[[0,0,0,0],[0,0,0,0]],""g"":[[0,0,0,0],[0,0,0,0]],""d"":20496}","d31416026",786,2,"0.00",0
6097,1973,"{""c"":[1],""m"":[[105.69,813,7,820]],""t"":[[0,0,0,0]],""g"":[[0,0,0,0]],""d"":20491}","w63060003",612,1,"0.00",0
6099,9032,"{""c"":[1],""m"":[[5.37,87,3,90]],""t"":[[0,0,0,0]],""g"":[[0,0,0,0]],""d"":20491}","w63060003",NULL,2,"0.00",0
6100,9033,"{""c"":[1],""m"":[[5.89,76,4,80]],""t"":[[0,0,0,0]],""g"":[[0,0,0,0]],""d"":20492}","w63060003",NULL,2,"0.00",0
6101,9034,"{""c"":[1],""m"":[[0.9,10,0,10]],""t"":[[0,0,0,0]],""g"":[[0,0,0,0]],""d"":20491}","w63060003",NULL,1,"0.00",0
6102,9035,"{""c"":[0.86,1],""m"":[[0,0,0,0],[0,0,0,0]],""t"":[[0,0,0,0],[0,0,0,0]],""g"":[[3.54,59,15,69],[12.66,211,47,242]],""d"":20493}","w63060003",NULL,5,"0.00",0
6103,9037,"{""c"":[0,0.86],""m"":[[11.14,132,3,135],[12.93,147,8,155]],""t"":[[0,0,0,0],[0,0,0,0]],""g"":[[0,0,0,0],[0,0,0,0]],""d"":20496}","w63060003",786,2,"0.00",0
6106,9043,"{""c"": [], ""m"": [], ""t"": [], ""g"": [], ""d"": null}","w63060003",NULL,3,"0.00",0
6107,9044,"{""c"":[1],""m"":[[0,29,3,32]],""t"":[[0,0,0,0]],""g"":[[0,0,0,0]],""d"":20496}","w63060003",NULL,5,"0.00",0
6108,9045,"{""c"":[1,1],""m"":[[160.78,415,90,470],[32.24,62,8,70]],""t"":[[0,0,0,0],[0,3.75,5,5]],""g"":[[0,0,0,0],[0,0,0,0]],""d"":20495}","l38872b23",796,3,"0.00",0
6109,9046,"{""c"":[1,0.58],""m"":[[44.24,464,16,480],[0,0,0,0]],""t"":[[9.12,12.5,10,15],[0,0,0,0]],""g"":[[0,0,0,0],[0,0,0,0]],""d"":20495}","w63060003",771,2,"0.00",0
6110,9047,"{""c"":[0],""m"":[[0,0,0,0]],""t"":[[0,0,0,0]],""g"":[[0,0,0,0]],""d"":20495}","w63060003",771,2,"0.00",0
6111,9049,"{""c"":[0,0.29,0.86],""m"":[[0,0,0,0],[2,20,0,20],[0,0,0,0,0]],""t"":[[0,0,0,0],[0.41,0.75,1,1],[0,0,0,0,0]],""g"":[[0,0,0,0],[0,0,0,0],[0,0,0,0,0]],""d"":20500}","w63060003",782,2,"0.00",0
6112,9050,"{""c"":[1,1],""m"":[[4.9,49,1,50],[12.94,28,3,30]],""t"":[[0,0,0,0],[0,0,0,0]],""g"":[[0,0,0,0],[0,0,0,0]],""d"":20494}","w63060003",NULL,3,"0.00",0
6113,9052,"{""c"":[0,0.14],""m"":[[0,0,0,0],[7.92,36,6,40,0.23]],""t"":[[0,0,0,0],[0,0,0,0]],""g"":[[0,0,0,0],[0,0,0,0]],""d"":20499}","e63066003",774,4,"0.00",0
6114,9053,"{""c"": [], ""m"": [], ""t"": [], ""g"": [], ""d"": null}","w63060003",NULL,0,"0.00",0
6115,9055,"{""c"": [], ""m"": [], ""t"": [], ""g"": [], ""d"": null}","w63060003",NULL,1,"0.00",0
6117,9059,"{""c"":[1],""m"":[[0.2,20,0,20]],""t"":[[0,0,0,0]],""g"":[[0,0,0,0]],""d"":20492}","w63060003",NULL,2,"0.00",0
6118,9061,"{""c"":[0],""m"":[[0,0,0,0]],""t"":[[0,0,0,0]],""g"":[[0,0,0,0]],""d"":20494}","w63060003",797,1,"0.00",0
6120,9063,"{""c"":[0,0.58],""m"":[[0,0,0,0],[0,0,0,0]],""t"":[[0,0,0,0],[0.36,1.5,12,4]],""g"":[[0,0,0,0],[0,0,0,0]],""d"":20496}","p140890a3",799,4,"0.00",0
6121,9069,"{""c"":[1],""m"":[[0.4,40,0,40]],""t"":[[0,0,0,0]],""g"":[[0,0,0,0]],""d"":20492}","w63060003",NULL,1,"0.00",0
6123,9071,"{""c"": [], ""m"": [], ""t"": [], ""g"": [], ""d"": null}","w63060003",NULL,2,"0.00",0
6124,9072,"{""c"":[0,0.86],""m"":[[0,0,0,0],[37.89,369,371,420]],""t"":[[0,0,0,0],[9.17,14.5,136,35]],""g"":[[0,0,0,0],[4.07,37,2,39]],""d"":20495}","g19060926",786,2,"0.00",1
6126,9075,"{""c"":[1],""m"":[[4.72,108,2,110]],""t"":[[0,0,0,0]],""g"":[[0,0,0,0]],""d"":20492}","w63060003",661,1,"0.00",0
6127,9076,"{""c"": [], ""m"": [], ""t"": [], ""g"": [], ""d"": null}","w63060003",NULL,2,"0.00",0
6128,9077,"{""c"":[1],""m"":[[1.36,17,3,20]],""t"":[[0,0,0,0]],""g"":[[0,0,0,0]],""d"":20492}","w63060003",NULL,3,"0.00",0
6129,9079,"{""c"":[0,1],""m"":[[0,0,0,0],[0.2,20,0,20]],""t"":[[0,0,0,0],[0,0,0,0]],""g"":[[0,0,0,0],[0,0,0,0]],""d"":20493}","w63060003",654,1,"0.00",0
6130,9082,"{""c"":[0,1],""m"":[[0,0,0,0],[0.89,89,3,91]],""t"":[[0,0,0,0],[0,0,0,0]],""g"":[[0,0,0,0],[0,0,0,0]],""d"":20493}","w63060003",654,1,"0.00",0
6131,9081,"{""c"":[1],""m"":[[2.23,49,1,50]],""t"":[[0,0,0,0]],""g"":[[0,0,0,0]],""d"":20492}","w63060003",619,2,"0.00",1
6132,9083,"{""c"":[0,1],""m"":[[0,0,0,0],[8.9,215,1,216]],""t"":[[0,0,0,0],[11.79,9,0,9]],""g"":[[0,0,0,0],[1.04,4,4,6]],""d"":20495}","w63060003",654,1,"11.00",0
6133,9084,"{""c"":[0],""m"":[[0,0,0,0]],""t"":[[0,0,0,0]],""g"":[[0,0,0,0]],""d"":20492}","w63060003",654,1,"0.00",0
6134,9085,"{""c"":[0,1],""m"":[[0,0,0,0],[4.87,80,1,81]],""t"":[[0,0,0,0],[0,0,0,0]],""g"":[[0,0,0,0],[0,0,0,0]],""d"":20493}","w63060003",654,1,"10.00",0
6135,9086,"{""c"":[0,1],""m"":[[0,0,0,0],[0.58,58,2,60]],""t"":[[0,0,0,0],[0,0,0,0]],""g"":[[0,0,0,0],[0,0,0,0]],""d"":20493}","w63060003",654,1,"0.00",0
6136,9087,"{""c"":[0,1],""m"":[[0,0,0,0],[0.2,20,0,20]],""t"":[[0,0,0,0],[0,0,0,0]],""g"":[[0,0,0,0],[0,0,0,0]],""d"":20493}","w63060003",654,1,"0.00",0
6137,9088,"{""c"":[0],""m"":[[0,0,0,0]],""t"":[[0,0,0,0]],""g"":[[0,0,0,0]],""d"":20492}","w63060003",654,1,"0.00",0
6138,9089,"{""c"":[0,1],""m"":[[0,0,0,0],[0.39,39,1,40]],""t"":[[0,0,0,0],[0,0,0,0]],""g"":[[0,0,0,0],[0,0,0,0]],""d"":20493}","w63060003",654,1,"0.00",0
6139,9090,"{""c"":[0,1],""m"":[[0,0,0,0],[0.59,59,2,60]],""t"":[[0,0,0,0],[0,0,0,0]],""g"":[[0,0,0,0],[0,0,0,0]],""d"":20493}","w63060003",654,1,"0.00",0
6140,9091,"{""c"":[0,1],""m"":[[0,0,0,0],[0.51,51,0,51]],""t"":[[0,0,0,0],[0,0,0,0]],""g"":[[0,0,0,0],[0,0,0,0]],""d"":20493}","w63060003",654,1,"0.00",0
6142,9093,"{""c"":[0,1],""m"":[[0,0,0,0],[0.51,51,0,51]],""t"":[[0,0,0,0],[0,0,0,0]],""g"":[[0,0,0,0],[0,0,0,0]],""d"":20493}","w63060003",654,1,"0.00",0
6144,9095,"{""c"":[0,1],""m"":[[0,0,0,0],[0.78,78,2,80]],""t"":[[0,0,0,0],[0,0,0,0]],""g"":[[0,0,0,0],[0,0,0,0]],""d"":20493}","w63060003",654,1,"0.00",0
6146,9097,"{""c"": [], ""m"": [], ""t"": [], ""g"": [], ""d"": null}","p68716c13",619,2,"0.00",0
6147,9098,"{""c"":[1],""m"":[[8.7,87,15,100]],""t"":[[0,0,0,0]],""g"":[[0,0,0,0]],""d"":20492}","w63060003",NULL,2,"0.00",0
6148,9099,"{""c"":[0,0,1],""m"":[[0,0,0,0],[0,0,0,0,0],[0,126,6,130,0]],""t"":[[0,0,0,0],[0,0,0,0,0],[0,0,14,1,null]],""g"":[[0,0,0,0],[0,0,0,0,0],[0,0,6,24,null]],""d"":20500}","w63060003",802,4,"0.00",0
6149,9100,"{""c"":[1],""m"":[[1.26,6,5,10]],""t"":[[0,0,0,0]],""g"":[[0,0,0,0]],""d"":20492}","w63060003",NULL,2,"0.00",0
6150,9101,"{""c"":[0.86],""m"":[[23.42,132,8,140]],""t"":[[0,8.5,6,10]],""g"":[[0,0,0,0]],""d"":20496}","w63060003",NULL,3,"0.00",0
6151,9104,"{""c"":[1,0.57],""m"":[[5.03,68,6,70],[0.36,36,1,37]],""t"":[[0,0,0,0],[0,0,0,0]],""g"":[[0,0,0,0],[0,0,0,0]],""d"":20496}","w63060003",NULL,1,"0.00",0
6152,9105,"{""c"":[1],""m"":[[0.19,19,1,20]],""t"":[[0,0,0,0]],""g"":[[0,0,0,0]],""d"":20492}","w63060003",NULL,1,"0.00",0
6153,9106,"{""c"":[0,0.86],""m"":[[0,0,0,0],[15.79,196,13,205]],""t"":[[0,0,0,0],[0,0,0,0]],""g"":[[0,0,0,0],[0,0,0,0]],""d"":20496}","w63060003",786,2,"0.00",0
6154,9107,"{""c"":[1,0.57,0.86],""m"":[[2,20,0,20],[15.24,184,12,195],[5.72,63,2,65,0.09]],""t"":[[0,0,0,0],[0,0,0,0],[0,0,0,0,0]],""g"":[[0,0,0,0],[0,0,0,0],[0,0,0,0,0]],""d"":20501}","068076c93",786,2,"0.00",0
6156,9109,"{""c"":[1,1],""m"":[[0,19,1,20],[0,19,1,20]],""t"":[[0,0,0,0],[0,0,0,0]],""g"":[[0,0,0,0],[0,0,0,0]],""d"":20493}","w63060003",NULL,3,"0.00",0
6157,9110,"{""c"": [], ""m"": [], ""t"": [], ""g"": [], ""d"": null}","p13062073",781,4,"0.00",0
6158,9111,"{""c"":[1],""m"":[[0,40,0,40]],""t"":[[0,0,0,0]],""g"":[[0,0,0,0]],""d"":20492}","w63060382",781,4,"0.00",0
6159,9112,"{""c"": [], ""m"": [], ""t"": [], ""g"": [], ""d"": null}","w63060003",781,4,"0.00",0
6160,9113,"{""c"":[1],""m"":[[0,0,0,0]],""t"":[[0,0,0,0]],""g"":[[2.24,56,15,63]],""d"":20492}","w63060003",NULL,4,"0.00",0
6161,9115,"{""c"":[1,0.72],""m"":[[0.17,17,3,20],[0,0,0,0]],""t"":[[52.67,71.5,34,80],[3.32,4.5,2,5]],""g"":[[0,0,0,0],[0,0,0,0]],""d"":20495}","o43004756",771,2,"0.00",2
6162,9116,"{""c"":[0,0.58],""m"":[[0,0,0,0],[2.1,39,4,43]],""t"":[[0,0,0,0],[0,0,0,0]],""g"":[[0,0,0,0],[0,0,0,0]],""d"":20496}","618770003",799,4,"0.00",0
6163,9119,"{""c"": [], ""m"": [], ""t"": [], ""g"": [], ""d"": null}","w63060003",NULL,4,"0.00",0
6164,9121,"{""c"":[1],""m"":[[4.7,50,0,50]],""t"":[[0,0,0,0]],""g"":[[0,0,0,0]],""d"":20492}","w63060003",NULL,2,"0.00",0
6165,9122,"{""c"":[1,1,0.86],""m"":[[11.83,168,2,170],[62.27,741,4,745,0.1],[3.6,40,0,40,0.09]],""t"":[[0,0,0,0],[1.93,1,0,1],[0,0,0,0,0]],""g"":[[11.99,109,10,117],[19.36,176,1,177],[0,0,0,0,0]],""d"":20501}","o21064783",786,2,"0.00",0
6166,9123,"{""c"":[1,0.43,0.86],""m"":[[33.98,613,16,628],[28.32,456,27,478],[1.2,20,0,20,0.06]],""t"":[[0,0.25,57,3],[0,0,0,0],[0,0,0,0,0]],""g"":[[0,0,0,0],[0,0,0,0],[0,0,0,0,0]],""d"":20501}","2506340a5",828,4,"0.00",0
6167,2323,"{""c"":[1,0.71],""m"":[[1.72,4,1,5],[3.46,27,5,31]],""t"":[[0,0.25,33,6],[0,0,0,0]],""g"":[[0,0,0,0],[0,0,0,0]],""d"":20495}","w63060003",NULL,3,"0.00",0
6169,9125,"{""c"": [], ""m"": [], ""t"": [], ""g"": [], ""d"": null}","w63060003",NULL,3,"0.00",0
6170,9126,"{""c"":[1],""m"":[[0.59,59,1,60]],""t"":[[0,0,0,0]],""g"":[[0,0,0,0]],""d"":20492}","w63060003",NULL,1,"0.00",0
6171,9127,"{""c"": [], ""m"": [], ""t"": [], ""g"": [], ""d"": null}","w63060003",NULL,1,"0.00",0
6172,9128,"{""c"": [], ""m"": [], ""t"": [], ""g"": [], ""d"": null}","w63060003",NULL,0,"0.00",0
6173,9130,"{""c"":[1],""m"":[[3.52,64,161,80]],""t"":[[0,0,0,0]],""g"":[[0,0,0,0]],""d"":20492}","w63060003",NULL,3,"0.00",0
6174,9131,"{""c"":[1],""m"":[[2.55,15,0,15]],""t"":[[0,0,0,0]],""g"":[[0,0,0,0]],""d"":20492}","p037727c6",781,4,"0.00",0
6175,9132,"{""c"":[1],""m"":[[0.2,20,0,20]],""t"":[[0,0,0,0]],""g"":[[0,0,0,0]],""d"":20492}","w63060003",NULL,1,"0.00",0
6176,9133,"{""c"":[1,0.86],""m"":[[10.08,126,7,133],[26.32,364,9,373]],""t"":[[0,0,0,0],[0,0,0,0]],""g"":[[0,0,0,0],[0,0,0,0]],""d"":20495}","w63060003",NULL,2,"0.00",0
6178,9135,"{""c"":[1],""m"":[[4.2,42,3,45]],""t"":[[0,0,0,0]],""g"":[[0,0,0,0]],""d"":20492}","w63060003",NULL,3,"0.00",0
6179,9137,"{""c"": [], ""m"": [], ""t"": [], ""g"": [], ""d"": null}","w63060003",NULL,2,"0.00",0
6181,9139,"{""c"":[1,1],""m"":[[20.59,477,4,480],[13.43,178,4,182]],""t"":[[0,0,0,0],[0,0,0,0]],""g"":[[0,0,0,0],[0,0,0,0]],""d"":20494}","w63060003",619,2,"0.00",0
6182,9141,"{""c"":[0,0.58],""m"":[[0,0,0,0],[2.56,8,0,8]],""t"":[[0,0,0,0],[0,0,0,0]],""g"":[[0,0,0,0],[0,0,0,0]],""d"":20496}","p63060003",799,4,"0.00",0
6184,9143,"{""c"": [], ""m"": [], ""t"": [], ""g"": [], ""d"": null}","w63060003",NULL,0,"0.00",0
6185,9144,"{""c"":[1,0.57],""m"":[[1.25,25,0,25],[5.4,20,0,20]],""t"":[[0,0,0,0],[0,0,0,0]],""g"":[[0,0,0,0],[0,0,0,0]],""d"":20496}","p15066003",781,4,"0.00",1
6186,9145,"{""c"":[1,0.58],""m"":[[0.39,39,1,40],[0,0,0,0]],""t"":[[0,0,0,0],[0,0,0,0]],""g"":[[0,0,0,0],[0,0,0,0]],""d"":20495}","o63064c13",771,2,"0.00",0
6187,9146,"{""c"":[0.86],""m"":[[4.24,55,12,60]],""t"":[[0,0.25,8,2]],""g"":[[0,0,0,0]],""d"":20496}","w60210773",799,4,"0.00",0
6188,9148,"{""c"":[1,0.86],""m"":[[1.52,19,2,20],[6.76,115,6,120]],""t"":[[0,0,0,0],[0,0,0,0]],""g"":[[0,0,0,0],[0,0,0,0]],""d"":20495}","w63060003",NULL,3,"0.00",0
6189,9150,"{""c"": [], ""m"": [], ""t"": [], ""g"": [], ""d"": null}","w63060003",NULL,3,"0.00",0
6190,9151,"{""c"": [], ""m"": [], ""t"": [], ""g"": [], ""d"": null}","w63060003",619,2,"0.00",0
6191,9152,"{""c"":[1],""m"":[[5.68,71,22,80]],""t"":[[0,0,0,0]],""g"":[[0,0,0,0]],""d"":20492}","w63060003",NULL,3,"0.00",0
6192,9153,"{""c"": [], ""m"": [], ""t"": [], ""g"": [], ""d"": null}","w63060003",NULL,2,"0.00",0
6193,9154,"{""c"": [], ""m"": [], ""t"": [], ""g"": [], ""d"": null}","p75074bc3",619,2,"0.00",0
6194,9156,"{""c"":[0],""m"":[[0,0,0,0]],""t"":[[0,0,0,0]],""g"":[[0,0,0,0]],""d"":20492}","w63060003",654,1,"0.00",0
6195,9157,"{""c"":[0,1],""m"":[[0,0,0,0],[7.37,182,5,187]],""t"":[[0,0,0,0],[0,0,0,0]],""g"":[[0,0,0,0],[1.82,7,1,8]],""d"":20494}","w63060003",654,1,"4.00",0
6196,9158,"{""c"":[0,1],""m"":[[0,0,0,0],[0.79,79,1,80]],""t"":[[0,0,0,0],[0,0,0,0]],""g"":[[0,0,0,0],[0,0,0,0]],""d"":20493}","w63060003",654,1,"0.00",0
6197,9160,"{""c"":[0,1],""m"":[[0,0,0,0],[0.16,16,10,20]],""t"":[[0,0,0,0],[0,0,0,0]],""g"":[[0,0,0,0],[0,0,0,0]],""d"":20493}","w63060003",NULL,1,"0.00",0
6198,9161,"{""c"": [], ""m"": [], ""t"": [], ""g"": [], ""d"": null}","w63060003",NULL,1,"0.00",0
6199,9163,"{""c"":[1],""m"":[[0.4,40,0,40]],""t"":[[0,0,0,0]],""g"":[[0,0,0,0]],""d"":20493}","w63060003",654,1,"0.00",0
6200,9164,"{""c"":[0,1],""m"":[[0,0,0,0],[1.77,177,3,180]],""t"":[[0,0,0,0],[0,0,0,0]],""g"":[[0,0,0,0],[0,0,0,0]],""d"":20493}","w63060003",654,1,"12.00",0
6201,9165,"{""c"":[0,1],""m"":[[0,0,0,0],[13.89,210,5,213]],""t"":[[0,0,0,0],[0,0,0,0]],""g"":[[0,0,0,0],[0,0,0,0]],""d"":20496}","063068c93",786,2,"0.00",0
6202,9166,"{""c"": [], ""m"": [], ""t"": [], ""g"": [], ""d"": null}","w63060003",NULL,1,"0.00",0
6203,9167,"{""c"":[1,0.29,0.86],""m"":[[0,0,0,0],[7.4,50,0,50],[0,0,0,0,0]],""t"":[[2.9,4.25,3,5],[3.32,4.25,3,5],[0,0,0,0,0]],""g"":[[0,0,0,0],[0,0,0,0],[0,0,0,0,0]],""d"":20500}","640380423",782,2,"0.00",0
6204,9168,"{""c"":[1],""m"":[[4.59,56,10,65]],""t"":[[0,0,0,0]],""g"":[[0,0,0,0]],""d"":20493}","w63060003",699,1,"12.00",0
6205,9171,"{""c"": [], ""m"": [], ""t"": [], ""g"": [], ""d"": null}","049562246",781,4,"0.00",0
6206,9172,"{""c"": [], ""m"": [], ""t"": [], ""g"": [], ""d"": null}","w63060003",781,4,"0.00",0
6207,9173,"{""c"":[1],""m"":[[2.59,37,3,40]],""t"":[[0,0,0,0]],""g"":[[0,0,0,0]],""d"":20492}","w63060003",NULL,1,"0.00",0
6208,9175,"{""c"":[1],""m"":[[3.2,40,0,40]],""t"":[[0,0,0,0]],""g"":[[0,0,0,0]],""d"":20492}","w63060003",NULL,2,"0.00",0
6209,9180,"{""c"":[1,1],""m"":[[9.62,65,5,70],[64.95,609,18,625]],""t"":[[0,0,0,0],[23.31,16.5,17,19]],""g"":[[0,0,0,0],[20.79,189,5,194]],""d"":20496}","0680807b6",808,2,"0.00",2
6210,9181,"{""c"":[1,1],""m"":[[3.84,48,5,50],[4,50,0,50]],""t"":[[0,0,0,0],[0,0,0,0]],""g"":[[0,0,0,0],[0,0,0,0]],""d"":20493}","w63060003",NULL,3,"0.00",0
6211,9184,"{""c"":[1],""m"":[[0,0,0,0]],""t"":[[0,0,0,0]],""g"":[[5.2,20,18,25]],""d"":20493}","w63060003",NULL,1,"0.00",0
6212,9186,"{""c"": [], ""m"": [], ""t"": [], ""g"": [], ""d"": null}","w63060003",NULL,2,"0.00",0
6213,9187,"{""c"":[0],""m"":[[0,0,0,0]],""t"":[[0,0,0,0]],""g"":[[0,0,0,0]],""d"":20495}","w63060003",771,2,"0.00",0
6214,9190,"{""c"":[0],""m"":[[0,0,0,0,0]],""t"":[[0,0.25,11,2,null]],""g"":[[0,0,0,0,0]],""d"":20497}","n16477030",802,4,"0.00",0
6215,9191,"{""c"":[0,0.57],""m"":[[0,0,0,0],[0.9,18,3,20]],""t"":[[0,0,0,0],[0,0,0,0]],""g"":[[0,0,0,0],[0,0,0,0]],""d"":20496}","068072413",802,4,"0.00",0
6219,9195,"{""c"":[0,0.42],""m"":[[0,0,0,0],[0,0,0,0]],""t"":[[0,0,0,0],[0,0,0,0]],""g"":[[0,0,0,0],[0,0,0,0]],""d"":20496}","w63060003",802,4,"0.00",0
6220,9196,"{""c"":[0,0.71],""m"":[[0,0,0,0],[3.75,75,6,80]],""t"":[[0,0,0,0],[0,0,0,0]],""g"":[[0,0,0,0],[0,0,0,0]],""d"":20496}","w63060003",802,4,"0.00",0
6221,9197,"{""c"":[0,0.57],""m"":[[0,0,0,0],[0.95,28,2,30]],""t"":[[0,0,0,0],[0,0,0,0]],""g"":[[0,0,0,0],[0,0,0,0]],""d"":20496}","w63060003",802,4,"0.00",0
6222,9198,"{""c"":[0,0.57],""m"":[[0,0,0,0],[1,20,0,20]],""t"":[[0,0,0,0],[0,0,10,1,null]],""g"":[[0,0,0,0],[0,0,0,0]],""d"":20497}","663062303",802,4,"0.00",0
6224,9200,"{""c"":[0,0.71],""m"":[[0,0,0,0],[1,40,0,40]],""t"":[[0,0,0,0],[0,0,5,1,null]],""g"":[[0,0,0,0],[0,0,0,0]],""d"":20497}","005160023",802,4,"0.00",0
6225,9201,"{""c"":[0,0.71],""m"":[[0,0,0,0],[4.89,53,2,55]],""t"":[[0,0,0,0],[0,0,0,0]],""g"":[[0,0,0,0],[0,0,0,0]],""d"":20496}","088482763",802,4,"0.00",0
6226,9202,"{""c"": [], ""m"": [], ""t"": [], ""g"": [], ""d"": null}","w63060003",NULL,2,"0.00",0
6227,9203,"{""c"":[0],""m"":[[0,0,0,0]],""t"":[[0,0,0,0]],""g"":[[0,0,0,0]],""d"":20496}","n57039094",802,4,"0.00",0
6228,9204,"{""c"":[0],""m"":[[0.9,18,2,20]],""t"":[[0,0,21,3,null]],""g"":[[0,0,0,0]],""d"":20497}","u65060981",802,4,"0.00",0
6229,9205,"{""c"": [], ""m"": [], ""t"": [], ""g"": [], ""d"": null}","o630667c3",619,2,"0.00",0
6230,9206,"{""c"":[0,0.57],""m"":[[0,0,0,0],[1.95,39,1,40]],""t"":[[0,0,0,0],[0,0,0,0]],""g"":[[0,0,0,0],[0,0,0,0]],""d"":20496}","w63060003",802,4,"0.00",0
6231,9208,"{""c"":[1],""m"":[[190.44,1278,41,1315]],""t"":[[0,0.5,2,1]],""g"":[[0.26,1,0,1]],""d"":20496}","n11010003",810,1,"0.00",0
6233,9210,"{""c"":[0,1],""m"":[[0,0,0,0],[30.21,783,53,824]],""t"":[[0,0,0,0],[6.63,9,4,10]],""g"":[[0,0,0,0],[0,0,0,0]],""d"":20496}","485481003",786,2,"0.00",0
6236,9214,"{""c"":[1],""m"":[[25.34,410,5,415]],""t"":[[0,0,0,0]],""g"":[[8.25,75,7,82]],""d"":20496}","453060043",786,2,"0.00",0
6249,9219,"{""c"":[0],""m"":[[0,0,0,0]],""t"":[[0,0,0,0]],""g"":[[0,0,0,0]],""d"":20492}","w63060003",760,4,"0.00",0
6250,9220,"{""c"":[0,0.29,0.86],""m"":[[0,0,0,0],[19.9,210,8,215],[1.68,12,6,15,0.14]],""t"":[[0,0,0,0],[0,0,8,1],[0,0,0,0,0]],""g"":[[0,0,0,0],[0,0,0,0],[0,0,0,0,0]],""d"":20501}","p230820a3",760,4,"0.00",0
6251,9221,"{""c"":[0],""m"":[[0,0,0,0]],""t"":[[0,0,0,0]],""g"":[[0,0,0,0]],""d"":20492}","w63060003",760,4,"0.00",0
6252,9222,"{""c"": [], ""m"": [], ""t"": [], ""g"": [], ""d"": null}","w63060003",NULL,4,"0.00",0
6253,9224,"{""c"": [], ""m"": [], ""t"": [], ""g"": [], ""d"": null}","w63060003",NULL,0,"0.00",0
6254,9226,"{""c"":[0,0.57,1],""m"":[[0,0,0,0],[125.33,1616,27,1641],[45.68,571,12,581,0.08]],""t"":[[0,0,0,0],[1.58,1.25,3,2],[0,0,0,0,0]],""g"":[[0,0,0,0],[0,0,0,0],[0,0,0,0,0]],""d"":20501}","p550640b3",786,2,"0.00",0
6255,9227,"{""c"":[0.71,0.86],""m"":[[52.37,947,22,967,0.05],[71.62,1301,24,1325,0.06]],""t"":[[0,0,0,0],[0,0,0,0,0]],""g"":[[0,0,0,0],[0,0,0,0,0]],""d"":20502}","602070006",760,4,"0.00",1
6257,9231,"{""c"":[0],""m"":[[0,0,0,0]],""t"":[[0,0,0,0]],""g"":[[0,0,0,0]],""d"":20494}","w63060003",797,1,"0.00",0
6258,3095,"{""c"":[0.57,1],""m"":[[17.96,102,4,105,0.21],[3.6,20,0,20,0.18]],""t"":[[0,0,0,0],[0,0,0,0,0]],""g"":[[0,0,0,0],[0,0,0,0,0]],""d"":20500}","w63060003",661,1,"0.00",0
6259,9232,"{""c"": [], ""m"": [], ""t"": [], ""g"": [], ""d"": null}","w63060003",619,2,"0.00",0
6261,9234,"{""c"":[1],""m"":[[0,40,0,40]],""t"":[[0,0,0,0]],""g"":[[0,0,0,0]],""d"":20493}","w63060003",NULL,5,"0.00",0
6264,9237,"{""c"": [], ""m"": [], ""t"": [], ""g"": [], ""d"": null}","w63060003",760,4,"0.00",0
6265,9238,"{""c"": [], ""m"": [], ""t"": [], ""g"": [], ""d"": null}","w63060003",NULL,4,"0.00",0
6266,9239,"{""c"":[1],""m"":[[2.05,98,2,100]],""t"":[[0,0,0,0]],""g"":[[0,0,0,0]],""d"":20493}","w63060003",NULL,4,"0.00",0
6267,9241,"{""c"": [], ""m"": [], ""t"": [], ""g"": [], ""d"": null}","w63060003",NULL,1,"0.00",0
6269,9245,"{""c"": [], ""m"": [], ""t"": [], ""g"": [], ""d"": null}","w63060003",760,4,"0.00",0
6272,9248,"{""c"": [], ""m"": [], ""t"": [], ""g"": [], ""d"": null}","w63060003",NULL,1,"0.00",0
6273,9249,"{""c"":[0],""m"":[[7.77,109,0,109]],""t"":[[0,0,0,0]],""g"":[[9.24,84,5,89]],""d"":20495}","w63060303",814,2,"0.00",3
6275,9253,"{""c"": [], ""m"": [], ""t"": [], ""g"": [], ""d"": null}","w63060003",NULL,3,"0.00",0
6276,9255,"{""c"":[0],""m"":[[1,20,0,20,0.05]],""t"":[[0,0,0,0]],""g"":[[0,0,0,0]],""d"":20497}","n58129090",802,4,"0.00",3
6277,9256,"{""c"":[1],""m"":[[6.62,60,9,65]],""t"":[[0,0,0,0]],""g"":[[0,0,0,0]],""d"":20493}","w63060003",661,1,"0.00",0
6279,9261,"{""c"":[0.57,0.86],""m"":[[6.01,96,6,100],[0,0,0,0,0]],""t"":[[3.36,4.75,58,15],[0,0,0,0,0]],""g"":[[2.44,61,29,77],[0,0,0,0,0]],""d"":20500}","w63060003",715,4,"0.00",0
6280,9262,"{""c"":[0.71],""m"":[[3.61,39,1,40]],""t"":[[1.08,2,4,3]],""g"":[[0,0,0,0]],""d"":20496}","o630610b3",790,4,"0.00",0
6281,9264,"{""c"":[0,0.43,0.86],""m"":[[0,0,0,0],[7.48,106,50,135],[1.36,17,3,20,0.08]],""t"":[[0,0,0,0],[0,0,0,0],[0,0,0,0,0]],""g"":[[0,0,0,0],[0,0,0,0],[0,0,0,0,0]],""d"":20501}","055765a63",786,2,"0.00",0
6290,9273,"{""c"":[0.57,1],""m"":[[5.4,39,1,40],[4.59,17,4,20,0.27]],""t"":[[1.5,2.5,133,15],[0,0,0,0,0]],""g"":[[0,0,0,0],[0,0,0,0,0]],""d"":20500}","063060203",652,4,"0.00",0
6292,9275,"{""c"": [], ""m"": [], ""t"": [], ""g"": [], ""d"": null}","w63060003",NULL,4,"0.00",0
6293,9277,"{""c"": [], ""m"": [], ""t"": [], ""g"": [], ""d"": null}","w63060003",NULL,3,"0.00",0
6294,9278,"{""c"":[1],""m"":[[3.74,19,3,20]],""t"":[[2.7,2.5,19,5]],""g"":[[3.76,94,12,104]],""d"":20496}","m11414006",760,4,"0.00",2
6295,9279,"{""c"":[1],""m"":[[0.98,98,2,100]],""t"":[[0,0,0,0]],""g"":[[0,0,0,0]],""d"":20495}","o63069003",661,1,"0.00",0
6297,9281,"{""c"":[1],""m"":[[2.88,36,5,40]],""t"":[[0,0,0,0]],""g"":[[0,0,0,0]],""d"":20493}","w63060003",NULL,2,"0.00",0
6298,9282,"{""c"":[1],""m"":[[3.49,67,3,70]],""t"":[[0,0,0,0]],""g"":[[0,0,0,0]],""d"":20493}","w63060003",NULL,2,"0.00",0
6299,9285,"{""c"":[1],""m"":[[55.75,859,138,945,0.01]],""t"":[[0,0,0,0]],""g"":[[0,0,0,0]],""d"":20499}","051765a63",786,2,"0.00",0
6300,9286,"{""c"":[1],""m"":[[65.54,192,10,200]],""t"":[[0,4.5,54,13]],""g"":[[0,0,0,0]],""d"":20496}","o58010b93",796,3,"0.00",3
6301,9287,"{""c"":[1],""m"":[[8.14,112,3,115]],""t"":[[0,0,0,0]],""g"":[[0,0,0,0]],""d"":20496}","w63060003",NULL,2,"0.00",0
6303,9289,"{""c"":[0.57,1],""m"":[[21.3,292,10,300,0.07],[5.22,278,13,288,0.03]],""t"":[[0,0,0,0],[0,0,0,0,0]],""g"":[[0,0,0,0],[0,0,0,0,0]],""d"":20501}","w63060003",NULL,3,"0.00",0
6304,9290,"{""c"":[0.71],""m"":[[0,119,1,120,0]],""t"":[[0,0,0,0]],""g"":[[0,0,0,0]],""d"":20497}","w63060003",802,4,"0.00",0
6305,9291,"{""c"":[0,0.57],""m"":[[0,0,0,0],[0,0,0,0]],""t"":[[0,0,0,0],[0,0,0,0]],""g"":[[0,0,0,0],[0,0,0,0]],""d"":20495}","w63060003",826,1,"0.00",0
6306,9294,"{""c"":[1],""m"":[[0,0,0,0]],""t"":[[0,0,0,0]],""g"":[[0.9,5,1,6]],""d"":20493}","w63060003",NULL,3,"0.00",0
6307,9295,"{""c"":[1],""m"":[[9.6,144,6,150]],""t"":[[0,0,0,0]],""g"":[[0,0,0,0]],""d"":20493}","w63060003",NULL,2,"0.00",0
6309,9297,"{""c"":[1],""m"":[[10.07,19,1,20]],""t"":[[20.72,4.5,2,5]],""g"":[[0,0,0,0]],""d"":20493}","w63060003",NULL,0,"0.00",0
6310,9298,"{""c"":[1],""m"":[[1.28,16,6,20]],""t"":[[0,0,0,0]],""g"":[[0,0,0,0]],""d"":20493}","w63060003",NULL,2,"0.00",0
6311,9300,"{""c"":[1],""m"":[[4.48,56,4,60]],""t"":[[0,0,0,0]],""g"":[[0,0,0,0]],""d"":20493}","w63060003",NULL,2,"0.00",0
6312,9301,"{""c"": [], ""m"": [], ""t"": [], ""g"": [], ""d"": null}","w63060003",NULL,3,"0.00",0
6313,9302,"{""c"":[1],""m"":[[17.9,40,0,40]],""t"":[[0,0,0,0]],""g"":[[0,0,0,0]],""d"":20494}","w63060003",NULL,3,"0.00",0
6314,9303,"{""c"": [], ""m"": [], ""t"": [], ""g"": [], ""d"": null}","w63060003",NULL,2,"0.00",0
6315,9305,"{""c"":[0.86],""m"":[[4.86,46,5,50]],""t"":[[0,0,0,0]],""g"":[[0,0,0,0]],""d"":20495}","g43063333",796,3,"0.00",0
6317,9307,"{""c"":[1],""m"":[[2.32,29,1,30]],""t"":[[0,0,0,0]],""g"":[[0,0,0,0]],""d"":20493}","w63060003",NULL,3,"0.00",0
6318,9308,"{""c"": [], ""m"": [], ""t"": [], ""g"": [], ""d"": null}","w63060003",NULL,0,"0.00",0
6319,9309,"{""c"":[1],""m"":[[3.08,68,2,70]],""t"":[[0,0,0,0]],""g"":[[0,0,0,0]],""d"":20493}","w63060003",NULL,2,"0.00",0
6320,9310,"{""c"":[0.86,1],""m"":[[58.48,590,23,609,0.1],[1.66,19,5,23,0.09]],""t"":[[12.68,17.75,19,25,0.76],[2.48,2.75,9,6,1.1]],""g"":[[0,0,0,0],[0,0,0,0,0]],""d"":20501}","w63060003",786,2,"0.00",0
6321,9311,"{""c"":[0.86],""m"":[[42.49,481,17,494,0.12]],""t"":[[0.94,1.5,21,6,0.65]],""g"":[[3,75,16,85,0.04]],""d"":20497}","w63060303",802,4,"0.00",1
6323,9313,"{""c"":[0],""m"":[[0,0,0,0]],""t"":[[0,0,0,0]],""g"":[[0,0,0,0]],""d"":20493}","065064063",645,4,"1.00",0
6324,9314,"{""c"":[0],""m"":[[0,0,0,0]],""t"":[[0,0,0,0]],""g"":[[0,0,0,0]],""d"":20493}","w63060003",645,4,"0.00",0
6325,9315,"{""c"":[0,0.86],""m"":[[2.88,16,6,20],[0,0,0,0,0]],""t"":[[10.98,12.25,13,15],[0,0,0,0,0]],""g"":[[2.6,65,14,77],[0,0,0,0,0]],""d"":20500}","g417800c1",715,4,"1.50",0
6326,9316,"{""c"": [], ""m"": [], ""t"": [], ""g"": [], ""d"": null}","w63060003",NULL,2,"0.00",0
6327,9317,"{""c"":[0.86],""m"":[[4.15,55,0,55]],""t"":[[0,0,0,0]],""g"":[[0,0,0,0]],""d"":20496}","o187860a3",760,4,"0.00",0
6329,9319,"{""c"": [], ""m"": [], ""t"": [], ""g"": [], ""d"": null}","w63060003",NULL,3,"0.00",0
6330,9320,"{""c"": [], ""m"": [], ""t"": [], ""g"": [], ""d"": null}","q08064043",760,4,"0.00",3
6331,9323,"{""c"":[0],""m"":[[7.79,19,2,20]],""t"":[[0,0,0,0]],""g"":[[0,0,0,0]],""d"":20495}","w63060003",828,4,"0.00",0
6332,9324,"{""c"":[1],""m"":[[14.2,229,21,245]],""t"":[[0,0,0,0]],""g"":[[0,0,0,0]],""d"":20496}","w63060003",786,2,"0.00",0
6333,9325,"{""c"":[0.86],""m"":[[4.57,177,3,180]],""t"":[[0,0,0,0]],""g"":[[20.46,186,54,228]],""d"":20496}","u18771023",786,2,"0.00",0
6334,9326,"{""c"":[0,0.86],""m"":[[0,0,0,0],[0,0,0,0,0]],""t"":[[0,0,0,0],[0,0,0,0,0]],""g"":[[1.92,48,112,95],[0,0,0,0,0]],""d"":20500}","o75052343",806,4,"0.00",0
6335,9327,"{""c"":[0],""m"":[[1,40,0,40,0]],""t"":[[0,0,9,1,null]],""g"":[[0,0,0,0]],""d"":20497}","p23060043",802,4,"0.00",0
6338,9333,"{""c"": [], ""m"": [], ""t"": [], ""g"": [], ""d"": null}","w63060003",NULL,3,"0.00",0
6339,9334,"{""c"":[0,0.71],""m"":[[0,0,0,0],[5.2,30,0,30]],""t"":[[0,0,0,0],[0,0,0,0]],""g"":[[0,0,0,0],[0,0,0,0]],""d"":20495}","073052023",796,3,"0.00",0
6340,9335,"{""c"":[0,0.86],""m"":[[3.42,19,1,20],[0,0,0,0,0]],""t"":[[0,0,0,0],[0,0,0,0,0]],""g"":[[0.8,20,3,23],[0,0,0,0,0]],""d"":20500}","k41070052",715,4,"0.50",0
6341,9336,"{""c"":[0,0.29],""m"":[[0,0,0,0],[8.5,79,1,80,0.1]],""t"":[[0,0,0,0],[2.02,2,0,2]],""g"":[[0,0,0,0],[5.28,48,2,50,0.11]],""d"":20499}","014119a93",792,2,"0.00",0
6342,9337,"{""c"":[1],""m"":[[0,80,0,80]],""t"":[[0,0,0,0]],""g"":[[0,0,0,0]],""d"":20495}","e68060bc3",760,4,"0.00",0
6343,9338,"{""c"": [], ""m"": [], ""t"": [], ""g"": [], ""d"": null}","w63060003",712,3,"0.00",0
6344,9329,"{""c"":[0,0.71],""m"":[[0,0,0,0],[0,0,0,0]],""t"":[[0,0,0,0],[0,0,0,0]],""g"":[[0,0,0,0],[0,0,0,0]],""d"":20494}","w63060003",NULL,-1,"0.00",0
6345,9339,"{""c"":[0.57,0.86],""m"":[[5.06,104,8,112],[0,0,0,0,0]],""t"":[[7.44,9.75,21,15],[0,0,0,0,0]],""g"":[[4.2,105,60,131],[0,0,0,0,0]],""d"":20500}","6494500c6",715,4,"0.00",0
6346,9341,"{""c"": [], ""m"": [], ""t"": [], ""g"": [], ""d"": null}","w63060003",760,4,"0.00",0
6348,9343,"{""c"":[0,0.15,1],""m"":[[0,0,0,0],[7.3,73,7,80,0.1],[3.36,36,4,40,0.1]],""t"":[[0,0,0,0],[1.26,1.25,2,2,1.01],[0,0,0,0,0]],""g"":[[0,0,0,0],[2.75,25,0,25,0.11],[11.22,102,3,104,0.11]],""d"":20500}","w63060003",792,2,"0.00",0
6349,9344,"{""c"":[0,0.86],""m"":[[3.24,18,6,20],[0,0,0,0,0]],""t"":[[0,0,0,0],[0,0,0,0,0]],""g"":[[2.16,54,46,77],[0,0,0,0,0]],""d"":20500}","408772033",715,4,"0.50",0
6350,9345,"{""c"":[1],""m"":[[0.4,40,0,40]],""t"":[[0,0,0,0]],""g"":[[0,0,0,0]],""d"":20493}","w63060003",NULL,1,"0.00",0
6352,9348,"{""c"":[0,0.15],""m"":[[0,0,0,0],[3.5,35,8,40]],""t"":[[0,0,0,0],[2.02,2,0,2]],""g"":[[0,0,0,0],[12.65,115,33,129]],""d"":20499}","q48173a93",792,2,"0.00",0
6353,9350,"{""c"":[0,0.29],""m"":[[0,0,0,0],[6.22,164,1,165,0.07]],""t"":[[0,0,0,0],[1.01,1,13,2,1.01]],""g"":[[0,0,0,0],[1.65,15,22,25,0.11]],""d"":20499}","w63060003",792,2,"0.00",0
6354,9351,"{""c"":[1],""m"":[[67.73,1028,27,1054]],""t"":[[1.26,1.5,8,3]],""g"":[[0,0,0,0]],""d"":20496}","p45062063",786,2,"0.00",0
6356,9353,"{""c"": [], ""m"": [], ""t"": [], ""g"": [], ""d"": null}","w63060003",NULL,3,"0.00",0
6357,9354,"{""c"":[1],""m"":[[2.05,5,0,5,0.41]],""t"":[[0,0,0,0,0]],""g"":[[0,0,0,0,0]],""d"":20501}","618440976",760,4,"0.00",0
6358,9355,"{""c"":[0],""m"":[[1,38,2,40]],""t"":[[0,0,0,0]],""g"":[[0,0,0,0]],""d"":20496}","w63060003",802,4,"0.00",0
6359,9359,"{""c"":[1],""m"":[[72.54,1183,21,1203]],""t"":[[0,0,0,0]],""g"":[[0,0,0,0]],""d"":20496}","p51066886",786,2,"0.00",2
6360,9360,"{""c"":[0,0.86],""m"":[[3.06,17,3,20],[0,0,0,0,0]],""t"":[[1.32,3.5,82,15],[0,0,0,0,0]],""g"":[[2.92,73,51,100],[0,0,0,0,0]],""d"":20500}","n572401c4",715,4,"0.00",0
6361,9362,"{""c"":[1],""m"":[[0,79,1,80]],""t"":[[0,0,0,0]],""g"":[[0,0,0,0]],""d"":20496}","4690660a3",760,4,"0.00",0
6362,9364,"{""c"":[1],""m"":[[1.8,18,2,20]],""t"":[[0,0,0,0]],""g"":[[0,0,0,0]],""d"":20494}","w63060cb3",791,3,"0.00",0
6363,9366,"{""c"":[1],""m"":[[0,60,0,60]],""t"":[[0,0,0,0]],""g"":[[0,0,0,0]],""d"":20495}","j02465396",760,4,"0.00",0
6364,9369,"{""c"":[1],""m"":[[4.68,9,1,10]],""t"":[[0,0,0,0]],""g"":[[0,0,0,0]],""d"":20495}","w63060003",NULL,3,"0.00",0
6365,9370,"{""c"":[0,0.86],""m"":[[3.67,32,12,40],[0,0,0,0,0]],""t"":[[2.64,3.75,110,15],[0,0,0,0,0]],""g"":[[2.56,64,25,78],[0,0,0,0,0]],""d"":20500}","o151820b3",715,4,"1.25",0
6367,9372,"{""c"":[0,0.86],""m"":[[0,0,0,0],[0,0,0,0,0]],""t"":[[1.08,2.25,11,5],[0,0,0,0,0]],""g"":[[0.56,14,21,23],[0,0,0,0,0]],""d"":20500}","g45100023",715,4,"0.00",0
6368,9374,"{""c"":[1],""m"":[[32.9,329,8,337]],""t"":[[0,0,0,0]],""g"":[[0,0,0,0]],""d"":20496}","w63060003",NULL,3,"0.00",0
6370,9377,"{""c"":[0,0.86],""m"":[[0,0,0,0],[1.7,17,3,20,0.1]],""t"":[[0,0,0,0],[0,0,0,0,0]],""g"":[[0,0,0,0],[0,0,0,0,0]],""d"":20501}","w63060003",792,2,"0.00",0
6373,9381,"{""c"": [], ""m"": [], ""t"": [], ""g"": [], ""d"": null}","w63060003",NULL,4,"0.00",0
6374,9382,"{""c"":[0.86],""m"":[[0,0,0,0]],""t"":[[0,0.75,67,6]],""g"":[[0,0,0,0]],""d"":20496}","w63060003",NULL,4,"0.00",0
6376,9384,"{""c"": [], ""m"": [], ""t"": [], ""g"": [], ""d"": null}","w63060003",NULL,4,"0.00",0
6377,9385,"{""c"": [], ""m"": [], ""t"": [], ""g"": [], ""d"": null}","w63060003",NULL,4,"0.00",0
6378,9386,"{""c"": [], ""m"": [], ""t"": [], ""g"": [], ""d"": null}","w63060003",NULL,4,"0.00",0
6379,9387,"{""c"":[1],""m"":[[0,0,0,0]],""t"":[[0,0,0,0]],""g"":[[0,48,18,64]],""d"":20494}","w63060003",NULL,4,"0.00",0
6380,9388,"{""c"":[1],""m"":[[0,0,0,0]],""t"":[[0,3.25,12,5]],""g"":[[0,0,0,0]],""d"":20496}","w63060003",NULL,4,"0.00",0
6382,9390,"{""c"":[0,0.86],""m"":[[2.7,55,5,60],[0,0,0,0,0]],""t"":[[10.26,12.25,11,15],[0,0,0,0,0]],""g"":[[1.96,49,60,77],[0,0,0,0,0]],""d"":20500}","p28532023",715,4,"0.00",0
6383,9391,"{""c"":[0,0.86],""m"":[[11.34,48,2,50],[0,0,0,0,0]],""t"":[[6.6,12.75,10,15],[0,0,0,0,0]],""g"":[[1.24,31,22,46],[0,0,0,0,0]],""d"":20500}","q250680a3",715,4,"0.00",0
6385,9393,"{""c"":[0,0.86],""m"":[[0,0,0,0],[0,0,0,0,0]],""t"":[[0,0,0,0],[0,0,0,0,0]],""g"":[[0,0,0,0],[0,0,0,0,0]],""d"":20500}","063062003",715,4,"0.00",0
6389,9398,"{""c"":[0,0.86],""m"":[[3.6,20,0,20],[0,0,0,0,0]],""t"":[[11.63,8.25,167,22],[0,0,0,0,0]],""g"":[[8.84,221,23,240],[0,0,0,0,0]],""d"":20500}","q41151023",715,4,"1.25",0
6391,9401,"{""c"": [], ""m"": [], ""t"": [], ""g"": [], ""d"": null}","w63060003",712,3,"0.00",0
6392,9402,"{""c"":[0,0.86],""m"":[[3.88,46,11,50],[0,0,0,0,0]],""t"":[[6.72,8.5,29,15],[0,0,0,0,0]],""g"":[[3.2,80,36,100],[0,0,0,0,0]],""d"":20500}","o887644a3",715,4,"0.00",0
6393,9403,"{""c"": [], ""m"": [], ""t"": [], ""g"": [], ""d"": null}","w63060003",NULL,1,"0.00",0
6395,9405,"{""c"":[1],""m"":[[58.82,1003,14,1017,0.07]],""t"":[[0,0,0,0]],""g"":[[0,0,0,0]],""d"":20497}","w63060003",NULL,2,"0.00",0
6396,3186,"{""c"":[1],""m"":[[1.9,19,1,20]],""t"":[[0,0,0,0]],""g"":[[6.49,59,21,71]],""d"":20494}","w63060003",NULL,2,"0.00",0
6398,9407,"{""c"":[1],""m"":[[34.82,694,181,715,0.06]],""t"":[[0,0,0,0]],""g"":[[0,0,0,0]],""d"":20497}","w63060003",NULL,4,"0.00",0
6399,9408,"{""c"":[1],""m"":[[16.15,115,6,120]],""t"":[[11.79,9.5,2,10]],""g"":[[0,0,0,0]],""d"":20495}","w63060003",NULL,1,"0.00",0
6400,9409,"{""c"":[0,0.86],""m"":[[0,0,0,0],[0,0,0,0,0]],""t"":[[0,0,0,0],[0,0,0,0,0]],""g"":[[0,0,0,0],[0,0,0,0,0]],""d"":20500}","w63060003",812,4,"0.00",0
6401,9411,"{""c"":[0,0.86],""m"":[[3.06,17,6,20],[0,0,0,0,0]],""t"":[[0,0,0,0],[0,0,0,0,0]],""g"":[[0,0,0,0],[0,0,0,0,0]],""d"":20500}","q285187a3",806,4,"0.00",0
6402,9413,"{""c"": [], ""m"": [], ""t"": [], ""g"": [], ""d"": null}","w63060003",NULL,0,"0.00",0
6403,9414,"{""c"": [], ""m"": [], ""t"": [], ""g"": [], ""d"": null}","w63060003",NULL,3,"0.00",0
6404,9415,"{""c"":[1],""m"":[[22.05,182,34,200]],""t"":[[2.9,4.25,3,5]],""g"":[[0,0,0,0]],""d"":20495}","w63060003",NULL,2,"0.00",0
6407,9419,"{""c"":[1],""m"":[[17.8,221,11,231]],""t"":[[5.42,7,26,11]],""g"":[[0,0,0,0]],""d"":20495}","p58574833",771,2,"0.00",0
6408,9420,"{""c"":[0],""m"":[[0,0,0,0]],""t"":[[0,0,0,0]],""g"":[[0,0,0,0]],""d"":20494}","q851600a6",674,3,"0.00",0
6410,9422,"{""c"": [], ""m"": [], ""t"": [], ""g"": [], ""d"": null}","w63060003",NULL,5,"0.00",0
6413,9425,"{""c"": [], ""m"": [], ""t"": [], ""g"": [], ""d"": null}","w63060003",NULL,0,"0.00",0
6415,9431,"{""c"": [], ""m"": [], ""t"": [], ""g"": [], ""d"": null}","w63060003",NULL,2,"0.00",0
6417,9433,"{""c"": [], ""m"": [], ""t"": [], ""g"": [], ""d"": null}","w63060003",NULL,2,"0.00",0
6418,9434,"{""c"":[1],""m"":[[0.57,57,3,60]],""t"":[[0,0,0,0]],""g"":[[0,0,0,0]],""d"":20494}","w63060003",NULL,1,"0.00",0
6421,9437,"{""c"":[0.3],""m"":[[4.87,136,6,140]],""t"":[[0,0,0,0]],""g"":[[2.86,26,10,33]],""d"":20499}","w63060003",792,2,"0.00",0
6422,9438,"{""c"":[1],""m"":[[0.41,41,0,41]],""t"":[[0,0,0,0]],""g"":[[0,0,0,0]],""d"":20494}","w63060003",NULL,2,"0.00",0
6423,9439,"{""c"":[0.57,0.86],""m"":[[17.26,130,123,147],[0,0,0,0,0]],""t"":[[6.6,8.5,109,20],[0,0,0,0,0]],""g"":[[2.48,62,78,77],[0,0,0,0,0]],""d"":20500}","w63060003",NULL,4,"0.00",0
6424,9440,"{""c"":[1],""m"":[[55.29,720,22,739,0]],""t"":[[0,0,0,0]],""g"":[[0,0,0,0]],""d"":20497}","p53072093",771,2,"0.00",3
6425,9441,"{""c"": [], ""m"": [], ""t"": [], ""g"": [], ""d"": null}","w63060003",NULL,2,"0.00",0
6426,9442,"{""c"":[0.57,1],""m"":[[61.58,708,7,715,0.08],[55.68,696,4,700,0.08]],""t"":[[14.11,6.5,7,10,2.17],[2.17,1,0,1,2.17]],""g"":[[0,0,0,0],[0,0,0,0,0]],""d"":20501}","w63060003",779,3,"0.00",0
6427,9443,"{""c"":[0.86],""m"":[[72,1200,10,1210,0.06]],""t"":[[12.3,12,12,15]],""g"":[[0,0,0,0]],""d"":20498}","t32220023",NULL,5,"0.00",0
6429,9445,"{""c"":[0.72,1],""m"":[[90.72,389,21,405,0.23],[5.4,20,0,20,0.27]],""t"":[[0.6,0.75,5,2],[0,0,0,0,0]],""g"":[[0,0,0,0],[0,0,0,0,0]],""d"":20500}","c00160c63",760,4,"0.00",0
6430,9446,"{""c"":[1],""m"":[[3.06,92,7,95]],""t"":[[0,0,0,0]],""g"":[[0,0,0,0]],""d"":20494}","w63060003",NULL,3,"0.00",0
6432,9448,"{""c"":[0,0.86],""m"":[[3.6,20,0,20],[0,0,0,0,0]],""t"":[[11.4,12.25,11,15],[0,0,0,0,0]],""g"":[[2.88,72,11,77,0.04],[0,0,0,0,0]],""d"":20500}","w63060003",715,4,"1.00",0
6433,9449,"{""c"":[1],""m"":[[0.74,74,6,80]],""t"":[[0,0,0,0]],""g"":[[0,0,0,0]],""d"":20494}","w63060003",NULL,2,"0.00",0
6434,9450,"{""c"":[1],""m"":[[0.39,39,1,40]],""t"":[[0,0,0,0]],""g"":[[0,0,0,0]],""d"":20494}","w63060003",NULL,2,"0.00",0
6435,9451,"{""c"":[1,1],""m"":[[24.09,283,72,315,0.02],[0.22,4,3,7,0.06]],""t"":[[21.98,26.5,54,50,0.83],[0,0,0,0,0]],""g"":[[32.45,295,67,341,0.11],[1.32,12,9,16,0.11]],""d"":20500}","m11070423",786,2,"0.00",3
6437,9455,"{""c"":[0.86],""m"":[[0.38,38,2,40]],""t"":[[0,0,0,0]],""g"":[[0,0,0,0]],""d"":20496}","w63060003",NULL,2,"0.00",0
6438,9458,"{""c"":[1],""m"":[[0.2,20,0,20]],""t"":[[0,0,0,0]],""g"":[[0,0,0,0]],""d"":20494}","w63060003",NULL,1,"0.00",0
6439,9459,"{""c"":[1],""m"":[[1.4,20,0,20]],""t"":[[0,0,0,0]],""g"":[[0,0,0,0]],""d"":20494}","w63060003",NULL,1,"0.00",0
6440,9460,"{""c"":[1],""m"":[[5.1,59,1,60]],""t"":[[0,0,0,0]],""g"":[[0,0,0,0]],""d"":20494}","w63060003",NULL,2,"0.00",0
6441,9461,"{""c"":[0.43],""m"":[[5.3,194,6,200,0.11]],""t"":[[0,0,0,0]],""g"":[[0,0,0,0]],""d"":20499}","w63060003",NULL,1,"0.00",0
6442,9462,"{""c"":[1],""m"":[[0,88,2,90]],""t"":[[0,0,0,0]],""g"":[[0,0,0,0]],""d"":20495}","p230620a3",760,4,"0.00",0
6443,9465,"{""c"": [], ""m"": [], ""t"": [], ""g"": [], ""d"": null}","w63060003",NULL,4,"0.00",0
6444,9466,"{""c"":[0],""m"":[[4.26,66,4,70]],""t"":[[0,0,0,0]],""g"":[[0,0,0,0]],""d"":20496}","w63060003",807,2,"0.00",2
6445,9467,"{""c"":[1],""m"":[[2.96,37,3,40]],""t"":[[0,0,0,0]],""g"":[[0,0,0,0]],""d"":20494}","w63060003",NULL,2,"0.00",0
6446,9468,"{""c"":[0.86,0.86],""m"":[[2.05,45,0,45,0.05],[3.15,15,0,15,0.21]],""t"":[[0,0,0,0,0],[0,0,0,0,0]],""g"":[[0,0,0,0,0],[0,0,0,0,0]],""d"":20501}","478762b03",760,4,"3.00",0
6448,9472,"{""c"":[0.86],""m"":[[18.43,551,28,569]],""t"":[[0,0,0,0]],""g"":[[0,0,0,0]],""d"":20496}","w63060003",807,2,"0.00",1
6449,9473,"{""c"":[0],""m"":[[0,0,0,0]],""t"":[[0,0,0,0]],""g"":[[0,0,0,0]],""d"":20499}","w63060003",792,2,"0.00",0
6450,9474,"{""c"": [], ""m"": [], ""t"": [], ""g"": [], ""d"": null}","w63060003",NULL,2,"0.00",0
6451,9475,"{""c"":[1],""m"":[[0,20,0,20]],""t"":[[0,0,0,0]],""g"":[[0,0,0,0]],""d"":20494}","w63060003",NULL,3,"0.00",0
6452,9476,"{""c"":[1],""m"":[[3.42,19,1,20,0.18]],""t"":[[0,0,0,0,0]],""g"":[[0,0,0,0,0]],""d"":20501}","w63060003",NULL,1,"0.00",0
6453,9477,"{""c"": [], ""m"": [], ""t"": [], ""g"": [], ""d"": null}","w63060003",760,4,"0.00",0
6454,9480,"{""c"": [], ""m"": [], ""t"": [], ""g"": [], ""d"": null}","w63060003",NULL,2,"0.00",0
6459,9488,"{""c"":[0],""m"":[[5.4,20,0,20]],""t"":[[0,0,0,0]],""g"":[[3.42,19,4,21]],""d"":20495}","w63060003",736,3,"0.00",0
6460,9489,"{""c"":[0,1],""m"":[[11.06,64,21,77,0.27],[9.55,36,11,43,0.26]],""t"":[[4.96,6.25,21,14,0.77],[3.9,3.25,6,6,1.2]],""g"":[[4.28,107,36,128,0.04],[0,0,0,0,0]],""d"":20500}","c68080003",802,4,"1.00",2
6462,9491,"{""c"":[0],""m"":[[0.8,16,8,20]],""t"":[[0,0,0,0]],""g"":[[0,0,0,0]],""d"":20496}","c14772312",802,4,"0.00",3
6464,9494,"{""c"": [], ""m"": [], ""t"": [], ""g"": [], ""d"": null}","w63060003",NULL,4,"0.00",0
6465,9495,"{""c"": [], ""m"": [], ""t"": [], ""g"": [], ""d"": null}","w63060003",NULL,4,"0.00",0
6466,9496,"{""c"":[0],""m"":[[0,0,0,0]],""t"":[[7.2,6.5,17,10]],""g"":[[0,0,0,0]],""d"":20496}","p73072043",790,4,"0.00",0
6467,9497,"{""c"":[0],""m"":[[0,5,0,5]],""t"":[[0,0,0,0]],""g"":[[0,0,0,0]],""d"":20495}","w63060003",736,3,"0.00",0
6468,9498,"{""c"":[0],""m"":[[0,0,0,0]],""t"":[[0,0,0,0]],""g"":[[0,0,0,0]],""d"":20494}","w63060003",NULL,3,"0.00",0
6469,9499,"{""c"":[0],""m"":[[48.9,489,53,536]],""t"":[[0,0,0,0]],""g"":[[0,0,0,0]],""d"":20496}","463066c03",736,3,"0.00",0
6470,9500,"{""c"":[1],""m"":[[27.86,112,18,120]],""t"":[[0,0,0,0]],""g"":[[0,0,0,0]],""d"":20495}","q43166263",736,3,"0.00",0
6471,9501,"{""c"":[0,1],""m"":[[0,0,0,0],[12.76,28,2,30,0.46]],""t"":[[0,0,0,0],[0,0,0,0,0]],""g"":[[0,0,0,0],[0,0,0,0,0]],""d"":20500}","001048c23",NULL,3,"0.00",0
6472,9502,"{""c"":[0],""m"":[[137.52,1357,11,1368]],""t"":[[0,0,0,0]],""g"":[[0,0,0,0]],""d"":20496}","o250840a3",736,3,"0.00",0
6474,9504,"{""c"":[1],""m"":[[5.78,17,4,20]],""t"":[[0,0,0,0]],""g"":[[0,0,0,0]],""d"":20495}","488160a93",736,3,"0.00",0
6475,9505,"{""c"":[1],""m"":[[0,20,0,20]],""t"":[[6.51,3.5,8,5]],""g"":[[0,0,0,0]],""d"":20495}","068082713",736,3,"0.00",0
6476,9506,"{""c"":[0],""m"":[[0,0,0,0]],""t"":[[0,0,0,0]],""g"":[[0,0,0,0]],""d"":20494}","p11181703",736,3,"0.00",0
6477,9507,"{""c"":[0],""m"":[[11.9,35,0,35]],""t"":[[0,0,0,0]],""g"":[[0,0,0,0]],""d"":20495}","n55670004",736,3,"0.00",0
6478,9508,"{""c"": [], ""m"": [], ""t"": [], ""g"": [], ""d"": null}","w63060003",735,1,"0.00",0
6481,9511,"{""c"": [], ""m"": [], ""t"": [], ""g"": [], ""d"": null}","065764093",736,3,"0.00",0
6483,9513,"{""c"": [], ""m"": [], ""t"": [], ""g"": [], ""d"": null}","w63060003",NULL,3,"0.00",0
6498,9528,"{""c"":[1],""m"":[[14.04,27,4,30]],""t"":[[0,0,0,0]],""g"":[[0,36,3,39]],""d"":20495}","w63060003",736,3,"0.00",0
6500,9532,"{""c"":[1],""m"":[[2.9,29,0,29]],""t"":[[0,0,0,0]],""g"":[[0,0,0,0]],""d"":20496}","w63060003",NULL,2,"0.00",0
6502,9534,"{""c"": [], ""m"": [], ""t"": [], ""g"": [], ""d"": null}","605186703",736,3,"0.00",0
6503,9535,"{""c"": [], ""m"": [], ""t"": [], ""g"": [], ""d"": null}","w63060003",NULL,3,"0.00",0
6505,9538,"{""c"": [], ""m"": [], ""t"": [], ""g"": [], ""d"": null}","w63060003",NULL,4,"0.00",0
6507,9541,"{""c"":[1],""m"":[[11.04,114,1,115]],""t"":[[0,0,0,0]],""g"":[[0,0,0,0]],""d"":20496}","w63060003",NULL,1,"0.00",0
6508,9543,"{""c"":[0.71,0.86],""m"":[[11.24,108,19,120,0.34],[0,0,0,0,0]],""t"":[[0,0,0,0],[0,0,0,0,0]],""g"":[[0,0,0,0],[0,0,0,0,0]],""d"":20500}","608865446",765,3,"0.00",0
6509,9545,"{""c"":[1],""m"":[[1.12,33,2,35]],""t"":[[0,0,0,0]],""g"":[[0,0,0,0]],""d"":20495}","w63060003",NULL,3,"0.00",0
6510,9546,"{""c"":[0.71,1],""m"":[[99.04,1412,141,1525,0.08],[77.16,926,63,980,0.11]],""t"":[[0,0,0,0],[0,0,0,0,0]],""g"":[[0,0,0,0],[0,34,1,35,0]],""d"":20502}","c01256023",765,3,"0.00",0
6511,9547,"{""c"":[0.71,1],""m"":[[84.36,743,53,788,0.34],[8.2,20,0,20,0.41]],""t"":[[0,0,0,0],[0,0,0,0,0]],""g"":[[0,0,0,0],[0,0,0,0,0]],""d"":20500}","g28711223",765,3,"0.00",0
6512,9549,"{""c"":[1],""m"":[[1.52,19,2,20]],""t"":[[0,0,0,0]],""g"":[[0,0,0,0]],""d"":20495}","w63060003",NULL,3,"0.00",0
6515,9552,"{""c"":[0],""m"":[[44.08,559,58,600,0.1]],""t"":[[0,0,0,0]],""g"":[[0,0,0,0]],""d"":20499}","w63060003",792,2,"0.00",0
6517,9554,"{""c"":[0.71,0.86],""m"":[[42.04,615,56,660,0.08],[0,0,0,0,0]],""t"":[[0,0,0,0],[0,0,0,0,0]],""g"":[[0,0,0,0],[0,0,0,0,0]],""d"":20500}","p70076966",765,3,"0.00",0
6518,9555,"{""c"":[1,1],""m"":[[12.8,194,31,210,0.09],[1.8,18,5,20,0.1]],""t"":[[7.69,6.5,5,8,1.2],[0,0,0,0,0]],""g"":[[15.07,137,50,168,0.11],[0,0,0,0,0]],""d"":20500}","0831820b6",792,2,"0.00",0
6519,9557,"{""c"":[1],""m"":[[1.4,20,0,20]],""t"":[[0,0,0,0]],""g"":[[0,0,0,0]],""d"":20495}","w63060003",NULL,1,"0.00",0
6520,9558,"{""c"": [], ""m"": [], ""t"": [], ""g"": [], ""d"": null}","w63060003",NULL,2,"0.00",0
6521,9562,"{""c"":[1],""m"":[[0.2,20,0,20]],""t"":[[0,0,0,0]],""g"":[[0,0,0,0]],""d"":20495}","w63060003",NULL,1,"0.00",0
6523,9565,"{""c"":[0,0.86],""m"":[[0,0,0,0],[0,0,0,0,0]],""t"":[[0,0,0,0],[0,0,0,0,0]],""g"":[[0,0,0,0],[0,0,0,0,0]],""d"":20500}","p13062ca3",812,4,"0.00",0
6524,9566,"{""c"": [], ""m"": [], ""t"": [], ""g"": [], ""d"": null}","w63060003",NULL,4,"0.00",0
6525,8179,"{""c"":[0],""m"":[[2.24,28,2,30]],""t"":[[0,0,0,0]],""g"":[[4.36,109,56,126]],""d"":20496}","008412763",828,4,"0.00",0
6527,9569,"{""c"":[1],""m"":[[0.59,59,1,60]],""t"":[[0,0,0,0]],""g"":[[0,0,0,0]],""d"":20496}","w63060003",NULL,2,"0.00",0
6528,9570,"{""c"":[0.72,1],""m"":[[16.94,404,16,420],[0,140,0,140,0]],""t"":[[0,1,92,10],[0,0,0,0,0]],""g"":[[0,25,15,35,0],[0,0,0,0,0]],""d"":20500}","461082093",765,3,"0.00",0
6529,9571,"{""c"":[1],""m"":[[11.19,194,11,200]],""t"":[[0,0,0,0]],""g"":[[0,0,0,0]],""d"":20495}","o28774073",771,2,"0.00",1
6530,9573,"{""c"":[1],""m"":[[6.73,99,1,100]],""t"":[[0,0,0,0]],""g"":[[0,0,0,0]],""d"":20495}","w63060003",NULL,1,"0.00",0
6533,9576,"{""c"":[0.43,1],""m"":[[11.8,118,56,150],[10.9,109,16,120,0.1]],""t"":[[0,0,0,0],[5.04,4,2,5,1.26]],""g"":[[0,0,0,0],[0,0,0,0,0]],""d"":20501}","w63060003",NULL,2,"0.00",0
6535,9578,"{""c"":[0.86],""m"":[[9.68,170,15,180,0.07]],""t"":[[0,0,0,0]],""g"":[[0,0,0,0]],""d"":20497}","k05161043",797,1,"0.00",0
6536,9579,"{""c"":[1],""m"":[[3.4,34,7,40]],""t"":[[0,0,12,0]],""g"":[[0,0,0,0]],""d"":20495}","w63060003",NULL,3,"0.00",0
6539,9582,"{""c"":[1],""m"":[[0.2,20,0,20]],""t"":[[0,0,0,0]],""g"":[[0,0,0,0]],""d"":20495}","w63060003",NULL,1,"0.00",0
6540,9583,"{""c"":[0.43,0.86],""m"":[[3.4,10,0,10],[0,0,0,0,0]],""t"":[[0,0,0,0],[0,0,0,0,0]],""g"":[[0,0,0,0],[0,0,0,0,0]],""d"":20500}","b60054793",765,3,"0.00",0
6541,9584,"{""c"": [], ""m"": [], ""t"": [], ""g"": [], ""d"": null}","w63060003",NULL,4,"0.00",0
6542,9585,"{""c"":[1],""m"":[[7.52,94,8,100]],""t"":[[0,0,0,0]],""g"":[[0,0,0,0]],""d"":20495}","w63060003",NULL,3,"0.00",0
6543,9586,"{""c"": [], ""m"": [], ""t"": [], ""g"": [], ""d"": null}","w63060003",830,4,"0.00",0
6544,9587,"{""c"":[0],""m"":[[0,0,0,0,0]],""t"":[[0,0,0,0,0]],""g"":[[0,0,0,0,0]],""d"":20499}","w63060003",792,2,"0.00",0
6546,9589,"{""c"": [], ""m"": [], ""t"": [], ""g"": [], ""d"": null}","w63060003",NULL,4,"0.00",0
6547,9591,"{""c"":[0],""m"":[[0,0,0,0]],""t"":[[0.3,0.5,18,5]],""g"":[[0,0,0,0]],""d"":20496}","p680766b3",790,4,"0.00",0
6548,9592,"{""c"":[0],""m"":[[0,0,0,0]],""t"":[[0,0,0,0]],""g"":[[0,0,0,0]],""d"":20499}","w63060003",NULL,4,"0.00",0
6549,9593,"{""c"":[0.58,0.86],""m"":[[34.88,363,11,370,0.09],[0,0,0,0,0]],""t"":[[0,0,0,0],[0,0,0,0,0]],""g"":[[0,0,0,0],[0,0,0,0,0]],""d"":20500}","p68064093",765,3,"0.00",0
6550,9594,"{""c"":[1],""m"":[[0,0,0,0]],""t"":[[0,0,0,0]],""g"":[[1.8,45,118,95]],""d"":20495}","w63060003",NULL,4,"0.00",0
6551,9596,"{""c"":[0],""m"":[[0,0,0,0]],""t"":[[0,0,0,0]],""g"":[[0,0,0,0]],""d"":20495}","p63061003",790,4,"0.00",0
6552,9597,"{""c"":[0.57],""m"":[[1.95,69,1,70,0.03]],""t"":[[0,0,0,0]],""g"":[[0,0,0,0]],""d"":20499}","w63060003",NULL,4,"0.00",0
6553,9598,"{""c"":[1],""m"":[[221.94,600,19,616,0.38]],""t"":[[0,0,0,0]],""g"":[[0,0,0,0]],""d"":20499}","643070523",796,3,"0.00",0
6554,9600,"{""c"":[0],""m"":[[0,0,0,0]],""t"":[[0,0,0,0]],""g"":[[0,0,0,0]],""d"":20495}","p63066003",790,4,"0.00",0
6555,9601,"{""c"":[0],""m"":[[0,20,0,20,0]],""t"":[[0,0,0,0]],""g"":[[0,0,0,0]],""d"":20497}","o140630a3",799,4,"0.00",0
6556,9602,"{""c"":[1],""m"":[[1.6,20,0,20]],""t"":[[0,0,0,0]],""g"":[[0,0,0,0]],""d"":20495}","w63060003",NULL,3,"0.00",0
6557,9603,"{""c"":[1],""m"":[[44.87,278,13,290]],""t"":[[0,0,0,0]],""g"":[[13.86,77,21,91]],""d"":20496}","615287026",736,3,"0.00",0
6558,9604,"{""c"":[1],""m"":[[0,0,0,0]],""t"":[[0,0,11,2]],""g"":[[0,0,0,0]],""d"":20496}","w63060003",790,4,"0.00",0
6559,9605,"{""c"":[0,0.86],""m"":[[3.9,39,1,40],[1.91,20,1,21,0.1]],""t"":[[0,0,0,0],[2.02,2,0,2,1.01]],""g"":[[0,0,0,0],[0,0,0,0,0]],""d"":20501}","m48572523",792,2,"23.00",2
6560,9606,"{""c"":[1],""m"":[[4.46,52,9,60]],""t"":[[0,0,0,0]],""g"":[[0,0,0,0]],""d"":20495}","w63060003",NULL,2,"0.00",0
6561,9607,"{""c"":[1],""m"":[[2.71,55,6,60]],""t"":[[0,0,0,0]],""g"":[[0,0,0,0]],""d"":20495}","w63060003",NULL,1,"0.00",0
6562,9608,"{""c"":[0],""m"":[[0,0,0,0]],""t"":[[0,0,0,0]],""g"":[[0,0,0,0]],""d"":20495}","w63060003",790,4,"0.00",0
6563,9609,"{""c"":[0.72,0.86],""m"":[[17.94,199,26,218,0.34],[0,0,0,0,0]],""t"":[[0,0,0,0],[0,0,0,0,0]],""g"":[[0,29,9,35,0],[0,0,0,0,0]],""d"":20500}","055181003",765,3,"0.00",0
6564,9610,"{""c"":[1],""m"":[[0.9,9,1,10]],""t"":[[0,0,0,0]],""g"":[[0,0,0,0]],""d"":20495}","w63060003",NULL,3,"0.00",0
6565,9611,"{""c"":[0.57,0.86],""m"":[[5.1,15,6,20],[7.74,34,9,40,0.23]],""t"":[[0,0,0,0],[0,0,0,0,0]],""g"":[[0,0,0,0],[0,0,0,0,0]],""d"":20501}","w63060003",765,3,"0.00",0
6567,9613,"{""c"":[0.86,0.86],""m"":[[58.54,1216,91,1290,0],[0,0,0,0,0]],""t"":[[0,0,0,0],[0,0,0,0,0]],""g"":[[0,29,10,35,0],[0,0,0,0,0]],""d"":20500}","o680600a3",765,3,"0.00",0
6568,9614,"{""c"":[1],""m"":[[0.95,19,1,20]],""t"":[[0,0,0,0]],""g"":[[0,0,0,0]],""d"":20495}","o28064ca3",816,4,"0.00",0
6570,9616,"{""c"": [], ""m"": [], ""t"": [], ""g"": [], ""d"": null}","w63060003",NULL,0,"0.00",0
6573,9620,"{""c"":[0],""m"":[[0,0,0,0]],""t"":[[2.1,2.5,11,5]],""g"":[[0,0,0,0]],""d"":20496}","w63060003",790,4,"0.00",0
6574,9622,"{""c"":[0,0.86],""m"":[[8.68,91,13,100,0.1],[6.09,29,1,30,0.21]],""t"":[[0.36,1.75,19,5],[0,0,0,0,0]],""g"":[[0,0,0,0],[0,0,0,0,0]],""d"":20501}","023060623",790,4,"0.00",0
6575,9624,"{""c"":[1],""m"":[[1.11,111,5,116]],""t"":[[0,0,0,0]],""g"":[[0,0,0,0]],""d"":20495}","w63060003",NULL,2,"0.00",0
6576,9625,"{""c"":[0.86],""m"":[[0,20,0,20]],""t"":[[0,0,0,0]],""g"":[[0,0,0,0]],""d"":20496}","e23066053",802,4,"0.00",0
6577,9626,"{""c"":[0.57,1],""m"":[[0,0,0,0],[0,10,0,10,0]],""t"":[[0.72,1.5,2,2],[0,0,0,0,0]],""g"":[[0,0,0,0],[0.32,16,7,20,0.02]],""d"":20501}","w63060003",NULL,4,"0.00",0
6578,9627,"{""c"": [], ""m"": [], ""t"": [], ""g"": [], ""d"": null}","w63060003",NULL,3,"0.00",0
6580,9629,"{""c"":[1],""m"":[[0.58,58,2,60]],""t"":[[0,0,0,0]],""g"":[[0,0,0,0]],""d"":20495}","w63060003",NULL,1,"0.00",0
6581,9630,"{""c"":[1],""m"":[[1.52,19,1,20]],""t"":[[0,0,0,0]],""g"":[[0,0,0,0]],""d"":20495}","w63060003",NULL,3,"0.00",0
6583,9632,"{""c"":[0.57],""m"":[[4.16,52,13,60,0.08]],""t"":[[0,0,0,0]],""g"":[[4.86,27,10,31]],""d"":20499}","w63060003",NULL,3,"0.00",0
6584,9633,"{""c"":[0,1],""m"":[[0,0,0,0],[6.2,25,0,25,0.25]],""t"":[[0,0,0,0],[0,0,0,0,0]],""g"":[[0,0,0,0],[0,0,0,0,0]],""d"":20500}","646168833",790,4,"0.00",0
6585,9634,"{""c"": [], ""m"": [], ""t"": [], ""g"": [], ""d"": null}","w63060003",NULL,1,"0.00",0
6586,9636,"{""c"":[0],""m"":[[0,19,1,20]],""t"":[[0,0,0,0]],""g"":[[0,0,0,0]],""d"":20498}","w63060003",744,4,"0.00",0
6587,9637,"{""c"":[0],""m"":[[0,0,0,0]],""t"":[[0,0,0,0]],""g"":[[0,0,0,0]],""d"":20498}","w63060003",744,4,"0.00",0
6588,9640,"{""c"":[1],""m"":[[5.6,20,0,20]],""t"":[[0,0,0,0]],""g"":[[0,0,0,0]],""d"":20495}","w63060003",NULL,4,"0.00",0
6589,9642,"{""c"":[0,0.86],""m"":[[32.08,438,31,466,0.08],[0,0,0,0,0]],""t"":[[0,0,0,0],[0,0,0,0,0]],""g"":[[0,0,0,0],[0,0,0,0,0]],""d"":20500}","o680600a3",765,3,"0.00",0
6591,9644,"{""c"": [], ""m"": [], ""t"": [], ""g"": [], ""d"": null}","w63060003",NULL,3,"0.00",0
6598,9650,"{""c"":[1],""m"":[[73.14,138,2,140,0.53]],""t"":[[0,0,0,0]],""g"":[[0,0,0,0]],""d"":20497}","w63060003",NULL,0,"0.00",0
6600,9652,"{""c"":[1],""m"":[[0,0,0,0]],""t"":[[0,0,16,2]],""g"":[[0,0,0,0]],""d"":20496}","w63060003",NULL,4,"0.00",0
6601,9653,"{""c"": [], ""m"": [], ""t"": [], ""g"": [], ""d"": null}","w63060003",NULL,4,"0.00",0
6603,9655,"{""c"": [], ""m"": [], ""t"": [], ""g"": [], ""d"": null}","w63060003",NULL,3,"0.00",0
6605,9658,"{""c"":[0],""m"":[[0,0,0,0,0]],""t"":[[0,0,0,0,0]],""g"":[[0,0,0,0,0]],""d"":20497}","w63060003",767,4,"0.00",0
6606,9659,"{""c"":[0.57,0.86],""m"":[[0,5,0,5],[1.64,4,2,5,0.41]],""t"":[[0,0,0,0],[0,0,0,0,0]],""g"":[[0,0,0,0],[0,0,0,0,0]],""d"":20501}","w63060003",767,4,"0.00",0
6607,9660,"{""c"":[0,0.86],""m"":[[5.2,40,14,45,0.13],[0,0,0,0,0]],""t"":[[0,0,0,0],[0,0,0,0,0]],""g"":[[0,80,44,110,0],[0,0,0,0,0]],""d"":20500}","861561093",746,3,"0.00",0
6608,9662,"{""c"": [], ""m"": [], ""t"": [], ""g"": [], ""d"": null}","w63060003",NULL,4,"0.00",0
6609,9663,"{""c"":[0,1],""m"":[[25.08,134,0,134,0.25],[6.4,40,0,40,0.16]],""t"":[[0,0,0,0],[0,0,0,0,0]],""g"":[[0,0,0,0],[0,0,0,0,0]],""d"":20500}","616066022",783,4,"8.00",0
6610,9664,"{""c"":[1],""m"":[[27.11,122,3,125,0.29]],""t"":[[0,0,0,0]],""g"":[[0,0,0,0]],""d"":20497}","w63060003",NULL,4,"0.00",0
6611,9665,"{""c"":[0],""m"":[[31.6,143,15,155,0.23]],""t"":[[0,0,0,0]],""g"":[[0,0,0,0]],""d"":20499}","k48850000",783,4,"0.00",1
6612,9667,"{""c"":[0],""m"":[[0,38,2,40,0]],""t"":[[0,0.5,19,5,0]],""g"":[[0,0,0,0]],""d"":20497}","d38072c83",783,4,"0.00",0
6613,9668,"{""c"":[0],""m"":[[6.27,38,4,40]],""t"":[[0,0,0,0]],""g"":[[0,0,0,0]],""d"":20496}","668070023",783,4,"0.00",0
6615,9670,"{""c"": [], ""m"": [], ""t"": [], ""g"": [], ""d"": null}","w63060003",NULL,2,"0.00",0
6617,9673,"{""c"":[0],""m"":[[0,0,0,0]],""t"":[[0,0,0,0]],""g"":[[0,0,0,0]],""d"":20496}","w63060003",832,4,"0.00",0
6618,9674,"{""c"":[0],""m"":[[4.1,10,0,10]],""t"":[[0,0,0,0]],""g"":[[0,0,0,0]],""d"":20496}","w63060003",832,4,"0.00",0
6619,9675,"{""c"":[0],""m"":[[0,50,0,50,0]],""t"":[[0,0,0,0]],""g"":[[0,0,0,0]],""d"":20497}","w63060003",783,4,"0.00",0
6620,9676,"{""c"":[0],""m"":[[0,0,0,0]],""t"":[[0,0,0,0]],""g"":[[0,0,0,0]],""d"":20495}","u15030020",783,4,"0.00",0
6621,9677,"{""c"":[0],""m"":[[0,20,0,20]],""t"":[[0,0,0,0]],""g"":[[0,0,0,0]],""d"":20496}","0500800c2",783,4,"0.00",0
6622,9678,"{""c"":[0],""m"":[[4.51,11,6,15,0.41]],""t"":[[0,0,0,0]],""g"":[[0,0,0,0]],""d"":20497}","x01060a93",783,4,"0.00",0
6623,9679,"{""c"": [], ""m"": [], ""t"": [], ""g"": [], ""d"": null}","w63060003",783,4,"0.00",0
6643,9701,"{""c"": [], ""m"": [], ""t"": [], ""g"": [], ""d"": null}","w63060003",783,4,"0.00",0
6644,9703,"{""c"":[0],""m"":[[2,60,0,60,0.04]],""t"":[[0,0,0,0]],""g"":[[0,0,0,0]],""d"":20497}","p18760c93",783,4,"0.00",0
6648,9707,"{""c"":[1],""m"":[[2.94,14,8,15,0.21]],""t"":[[1.38,1.25,30,6,1.2]],""g"":[[0,0,0,0,0]],""d"":20497}","p65160123",783,4,"0.00",0
6651,9711,"{""c"":[1],""m"":[[0.19,19,1,20,0]],""t"":[[0,0,0,0,0]],""g"":[[0,0,0,0,0]],""d"":20496}","w63060003",NULL,1,"0.00",0
6656,9716,"{""c"":[1],""m"":[[0,0,0,0]],""t"":[[0,3.5,6,5]],""g"":[[0,0,0,0]],""d"":20496}","w63060003",NULL,4,"0.00",0
6657,9717,"{""c"":[0.72],""m"":[[14.94,342,27,368,0.08]],""t"":[[0,0,0,0]],""g"":[[3.52,32,0,32]],""d"":20499}","w63060003",792,2,"0.00",0
6659,9720,"{""c"":[0.86,0.86],""m"":[[91.09,991,19,1010,0.06],[0,0,0,0,0]],""t"":[[0,0,0,0],[0,0,0,0,0]],""g"":[[0,0,0,0],[0,0,0,0,0]],""d"":20500}","w63060003",782,2,"0.00",1
6660,9721,"{""c"":[0],""m"":[[0,0,0,0,0]],""t"":[[0,0,0,0,0]],""g"":[[0,0,0,0,0]],""d"":20497}","w63060003",767,4,"5.00",0
6661,9722,"{""c"": [], ""m"": [], ""t"": [], ""g"": [], ""d"": null}","w63060003",NULL,1,"0.00",0
6662,9723,"{""c"":[1],""m"":[[0,0,0,0]],""t"":[[0,0,20,2]],""g"":[[0,0,0,0]],""d"":20496}","w63060003",NULL,4,"0.00",0
6663,9725,"{""c"":[1],""m"":[[1.6,20,0,20]],""t"":[[0,0,0,0]],""g"":[[0,0,0,0]],""d"":20496}","w63060003",NULL,2,"0.00",0
6664,9726,"{""c"":[1],""m"":[[19.38,323,12,334,0.06]],""t"":[[0,0,0,0,0]],""g"":[[0,0,0,0,0]],""d"":20501}","025562723",828,4,"0.00",0
6665,9731,"{""c"":[1],""m"":[[10.48,120,4,124,0.1]],""t"":[[0,0,0,0]],""g"":[[0,0,0,0]],""d"":20497}","w63060003",NULL,2,"0.00",0
6666,9732,"{""c"":[0.58],""m"":[[0.2,20,0,20]],""t"":[[0,0,0,0]],""g"":[[0,0,0,0]],""d"":20499}","w63060003",792,2,"0.00",0
6668,9734,"{""c"":[1],""m"":[[12.16,19,2,20]],""t"":[[0,0,0,0]],""g"":[[0,0,0,0]],""d"":20496}","w63060003",NULL,0,"0.00",0
6669,9736,"{""c"":[0,0.86],""m"":[[1.96,28,3,30,0.07],[18.06,825,5,830,0.05]],""t"":[[0,0,0,0,0],[0,0,0,0,0]],""g"":[[0,0,0,0,0],[3.52,32,0,32,0.11]],""d"":20501}","w63060003",792,2,"32.00",0
6670,9737,"{""c"": [], ""m"": [], ""t"": [], ""g"": [], ""d"": null}","w63060003",NULL,4,"0.00",0
6672,9739,"{""c"":[1],""m"":[[6.24,108,9,115]],""t"":[[0,0,0,0]],""g"":[[0,0,0,0]],""d"":20496}","w63060003",NULL,3,"0.00",0
6673,9740,"{""c"": [], ""m"": [], ""t"": [], ""g"": [], ""d"": null}","w63060003",NULL,1,"0.00",0
6676,9743,"{""c"": [], ""m"": [], ""t"": [], ""g"": [], ""d"": null}","w63060003",NULL,2,"0.00",0
6677,9744,"{""c"":[1],""m"":[[1.44,37,3,40]],""t"":[[0,0,0,0]],""g"":[[0,0,0,0]],""d"":20496}","w63060003",NULL,3,"0.00",0
6681,9748,"{""c"":[0.86,0.86],""m"":[[62.38,780,80,840,0.09],[0,0,0,0,0]],""t"":[[0,0,0,0],[0,0,0,0,0]],""g"":[[0,23,23,35,0],[0,0,0,0,0]],""d"":20500}","083440003",765,3,"0.00",0
6683,9750,"{""c"":[0.58],""m"":[[3.2,40,0,40]],""t"":[[0,0,0,0]],""g"":[[0,0,0,0]],""d"":20499}","w63060003",792,2,"0.00",1
6684,9751,"{""c"": [], ""m"": [], ""t"": [], ""g"": [], ""d"": null}","w63060003",NULL,5,"0.00",0
6685,9752,"{""c"":[1],""m"":[[16.73,69,9,75,0.23]],""t"":[[0,0,0,0]],""g"":[[0,0,0,0]],""d"":20497}","w63060003",NULL,4,"0.00",0
6686,9753,"{""c"":[0.86,1],""m"":[[11.72,182,21,200,0.07],[3.99,57,4,60,0.07]],""t"":[[0,0,0,0],[0,0,0,0,0]],""g"":[[0,0,0,0],[0,0,0,0,0]],""d"":20501}","w63060003",NULL,1,"0.00",0
6689,9756,"{""c"":[0.86],""m"":[[0.96,96,4,100,0.01]],""t"":[[0,0,0,0,0]],""g"":[[0,0,0,0,0]],""d"":20499}","w63060003",NULL,1,"0.00",0
6690,9757,"{""c"":[1],""m"":[[0.87,87,5,91]],""t"":[[0,0,0,0]],""g"":[[0,0,0,0]],""d"":20496}","f43168a96",797,1,"0.00",0
6691,9758,"{""c"":[0.57,0.86],""m"":[[0,6,133,7],[2.52,12,3,15,0.21]],""t"":[[0,0,0,0],[0,0,16,1,2.11]],""g"":[[0,0,0,0],[0,0,0,0,0]],""d"":20501}","k68070b36",767,4,"3.00",0
6692,9759,"{""c"":[1],""m"":[[5.83,11,11,20]],""t"":[[0,0,0,0]],""g"":[[0,0,0,0]],""d"":20496}","w63060003",NULL,0,"0.00",0
6694,9761,"{""c"":[0,1],""m"":[[0,0,0,0],[7.17,70,17,80,0.1]],""t"":[[0,0,0,0],[0,0,0,0,0]],""g"":[[0,0,0,0],[2.75,25,14,32,0.11]],""d"":20500}","w63060003",792,2,"0.00",0
6696,9763,"{""c"": [], ""m"": [], ""t"": [], ""g"": [], ""d"": null}","w63060003",NULL,4,"0.00",0
6697,9764,"{""c"":[1],""m"":[[0,18,2,20,0]],""t"":[[0,0,0,0,0]],""g"":[[0,0,0,0,0]],""d"":20497}","w63060003",NULL,3,"0.00",0
6698,9766,"{""c"": [], ""m"": [], ""t"": [], ""g"": [], ""d"": null}","w63060003",NULL,2,"0.00",0
6700,9768,"{""c"":[1],""m"":[[1.66,58,2,60]],""t"":[[0,0,0,0]],""g"":[[0,0,0,0]],""d"":20496}","w65080283",771,2,"0.00",0
6701,9770,"{""c"":[1],""m"":[[16.45,155,21,170]],""t"":[[0,0,0,0]],""g"":[[0,0,0,0]],""d"":20496}","w63060003",NULL,4,"0.00",0
6703,9774,"{""c"": [], ""m"": [], ""t"": [], ""g"": [], ""d"": null}","w63060003",790,4,"0.00",0
6704,9775,"{""c"":[1],""m"":[[0.78,13,18,20]],""t"":[[0,0,0,0]],""g"":[[0,0,0,0]],""d"":20496}","w63060003",NULL,4,"0.00",0
6707,9776,"{""c"":[1],""m"":[[0,19,1,20]],""t"":[[0,0,0,0]],""g"":[[0,0,0,0]],""d"":20496}","w63060003",790,4,"0.00",1
6708,9777,"{""c"":[1],""m"":[[29.75,35,6,40]],""t"":[[0,0,0,0]],""g"":[[0,0,0,0]],""d"":20496}","w63060003",NULL,0,"0.00",0
6712,9781,"{""c"":[1],""m"":[[5.76,247,18,261,0.02]],""t"":[[0,0,0,0]],""g"":[[0,0,0,0]],""d"":20497}","w63060003",NULL,3,"0.00",0
6713,9783,"{""c"":[1,1],""m"":[[27.8,354,10,364,0.07],[43.7,108,2,110,0.41]],""t"":[[0,0,0,0,0],[0,0,0,0,0]],""g"":[[0,0,0,0,0],[0,0,0,0,0]],""d"":20501}","w63060003",NULL,3,"0.00",0
6714,9784,"{""c"": [], ""m"": [], ""t"": [], ""g"": [], ""d"": null}","w63060003",NULL,3,"0.00",0
6715,1106,"{""c"": [], ""m"": [], ""t"": [], ""g"": [], ""d"": null}","w63060003",NULL,-1,"0.00",0
6716,9786,"{""c"": [], ""m"": [], ""t"": [], ""g"": [], ""d"": null}","w63060003",NULL,3,"0.00",0
6717,9787,"{""c"": [], ""m"": [], ""t"": [], ""g"": [], ""d"": null}","w63060003",NULL,4,"0.00",0
6718,9788,"{""c"":[1],""m"":[[18.6,222,3,225,0.09]],""t"":[[0,0,20,2,1.5]],""g"":[[0,0,0,0,0]],""d"":20498}","q38162ba3",783,4,"9.00",1
6719,9789,"{""c"":[1],""m"":[[14.72,73,9,80,0.21]],""t"":[[0.96,1,11,2,0.96]],""g"":[[0,0,0,0,0]],""d"":20499}","w63060003",NULL,4,"0.00",0
6720,9790,"{""c"": [], ""m"": [], ""t"": [], ""g"": [], ""d"": null}","w63060003",NULL,4,"0.00",0
6721,9791,"{""c"":[1],""m"":[[0.95,57,4,60,0.02]],""t"":[[0,0,0,0,0]],""g"":[[0,0,0,0,0]],""d"":20497}","083062083",783,4,"0.00",0
6722,9792,"{""c"":[1],""m"":[[0,39,1,40,0]],""t"":[[0,0,0,0,0]],""g"":[[0,0,0,0,0]],""d"":20497}","p33060063",783,4,"0.00",0
6723,9793,"{""c"": [], ""m"": [], ""t"": [], ""g"": [], ""d"": null}","w63060003",NULL,4,"0.00",0
6724,9794,"{""c"": [], ""m"": [], ""t"": [], ""g"": [], ""d"": null}","w63060003",NULL,4,"0.00",0
6725,9795,"{""c"": [], ""m"": [], ""t"": [], ""g"": [], ""d"": null}","w63060003",NULL,4,"0.00",0
6726,9796,"{""c"": [], ""m"": [], ""t"": [], ""g"": [], ""d"": null}","w63060003",NULL,4,"0.00",0
6727,9797,"{""c"": [], ""m"": [], ""t"": [], ""g"": [], ""d"": null}","w63060003",NULL,4,"0.00",0
6728,9798,"{""c"": [], ""m"": [], ""t"": [], ""g"": [], ""d"": null}","w63060003",783,4,"0.00",0
6729,9799,"{""c"": [], ""m"": [], ""t"": [], ""g"": [], ""d"": null}","w63060003",NULL,4,"0.00",0
6730,9800,"{""c"":[1],""m"":[[0,20,0,20,0]],""t"":[[0,0,0,0,0]],""g"":[[0,0,0,0,0]],""d"":20497}","w63060003",NULL,3,"0.00",0
6731,9802,"{""c"": [], ""m"": [], ""t"": [], ""g"": [], ""d"": null}","w63060003",NULL,4,"0.00",0
6732,9803,"{""c"": [], ""m"": [], ""t"": [], ""g"": [], ""d"": null}","w63060003",NULL,4,"0.00",0
6733,9804,"{""c"": [], ""m"": [], ""t"": [], ""g"": [], ""d"": null}","w63060003",NULL,4,"0.00",0
6734,9805,"{""c"": [], ""m"": [], ""t"": [], ""g"": [], ""d"": null}","w63060003",NULL,3,"0.00",0
6735,9806,"{""c"": [], ""m"": [], ""t"": [], ""g"": [], ""d"": null}","w63060003",NULL,3,"0.00",0
6736,9807,"{""c"":[1],""m"":[[1.6,20,0,20,0.08]],""t"":[[0,0,0,0,0]],""g"":[[0,0,0,0,0]],""d"":20497}","w63060003",NULL,3,"0.00",0
6737,9808,"{""c"": [], ""m"": [], ""t"": [], ""g"": [], ""d"": null}","w63060003",NULL,3,"0.00",0
6738,9810,"{""c"": [], ""m"": [], ""t"": [], ""g"": [], ""d"": null}","w63060003",NULL,2,"0.00",0
6739,9812,"{""c"":[1,0.86],""m"":[[0.9,90,10,100,0.01],[1.93,151,7,158,0.02]],""t"":[[0,0,0,0,0],[0,0,0,0,0]],""g"":[[0,0,0,0,0],[0,0,0,0,0]],""d"":20501}","w63060003",NULL,1,"0.00",0
6740,9814,"{""c"": [], ""m"": [], ""t"": [], ""g"": [], ""d"": null}","w63060003",752,3,"0.00",0
6741,9815,"{""c"": [], ""m"": [], ""t"": [], ""g"": [], ""d"": null}","w63060003",NULL,2,"0.00",0
6742,9816,"{""c"": [], ""m"": [], ""t"": [], ""g"": [], ""d"": null}","w63060003",NULL,3,"0.00",0
6743,9817,"{""c"": [], ""m"": [], ""t"": [], ""g"": [], ""d"": null}","p65062073",752,3,"0.00",0
6744,9818,"{""c"": [], ""m"": [], ""t"": [], ""g"": [], ""d"": null}","w63060003",NULL,3,"0.00",0
6745,9820,"{""c"": [], ""m"": [], ""t"": [], ""g"": [], ""d"": null}","p650680a3",NULL,3,"0.00",0
6746,9821,"{""c"": [], ""m"": [], ""t"": [], ""g"": [], ""d"": null}","w63060003",NULL,3,"0.00",0
6747,9822,"{""c"": [], ""m"": [], ""t"": [], ""g"": [], ""d"": null}","w63060003",NULL,3,"0.00",0
6748,9823,"{""c"": [], ""m"": [], ""t"": [], ""g"": [], ""d"": null}","w63060003",NULL,3,"0.00",0
6749,9824,"{""c"": [], ""m"": [], ""t"": [], ""g"": [], ""d"": null}","w63060003",NULL,3,"0.00",0
6750,9825,"{""c"": [], ""m"": [], ""t"": [], ""g"": [], ""d"": null}","w63060003",NULL,3,"0.00",0
6751,9826,"{""c"": [], ""m"": [], ""t"": [], ""g"": [], ""d"": null}","w63060003",NULL,0,"0.00",0
6752,9827,"{""c"": [], ""m"": [], ""t"": [], ""g"": [], ""d"": null}","w63060003",NULL,4,"0.00",0
6753,9828,"{""c"": [], ""m"": [], ""t"": [], ""g"": [], ""d"": null}","w63060003",NULL,1,"0.00",0
6754,9829,"{""c"": [], ""m"": [], ""t"": [], ""g"": [], ""d"": null}","w63060003",NULL,1,"0.00",0
6755,9830,"{""c"": [], ""m"": [], ""t"": [], ""g"": [], ""d"": null}","w63060003",NULL,1,"0.00",0
6756,9833,"{""c"": [], ""m"": [], ""t"": [], ""g"": [], ""d"": null}","w63060003",NULL,1,"0.00",0
6757,9836,"{""c"":[1],""m"":[[9.01,17,8,20,0.53]],""t"":[[0,0,0,0,0]],""g"":[[0,0,0,0,0]],""d"":20497}","w63060003",NULL,0,"0.00",0
6758,9837,"{""c"": [], ""m"": [], ""t"": [], ""g"": [], ""d"": null}","w63060003",NULL,3,"0.00",0
6759,9838,"{""c"": [], ""m"": [], ""t"": [], ""g"": [], ""d"": null}","w63060003",NULL,1,"0.00",0
6760,9839,"{""c"": [], ""m"": [], ""t"": [], ""g"": [], ""d"": null}","w63060003",NULL,4,"0.00",0
6761,9840,"{""c"": [], ""m"": [], ""t"": [], ""g"": [], ""d"": null}","w63060003",NULL,4,"0.00",0
6762,9842,"{""c"":[1],""m"":[[1.4,20,0,20,0.07]],""t"":[[0,0,0,0,0]],""g"":[[0,0,0,0,0]],""d"":20497}","w63060003",NULL,1,"0.00",0
6763,9844,"{""c"": [], ""m"": [], ""t"": [], ""g"": [], ""d"": null}","w63060003",NULL,3,"0.00",0
6764,9845,"{""c"":[1],""m"":[[0.21,21,0,21,0.01]],""t"":[[0,0,0,0,0]],""g"":[[0,0,0,0,0]],""d"":20497}","w63060003",NULL,1,"0.00",0
6765,9846,"{""c"": [], ""m"": [], ""t"": [], ""g"": [], ""d"": null}","w63060003",NULL,4,"0.00",0
6766,9847,"{""c"": [], ""m"": [], ""t"": [], ""g"": [], ""d"": null}","w63060003",NULL,1,"0.00",0
6767,9848,"{""c"":[1],""m"":[[10.07,19,1,20,0.53]],""t"":[[0,0,0,0,0]],""g"":[[0,0,0,0,0]],""d"":20497}","w63060003",NULL,0,"0.00",0
6768,9849,"{""c"":[0],""m"":[[0,0,0,0,0]],""t"":[[0,0,0,0,0]],""g"":[[0,0,0,0,0]],""d"":20497}","w63060003",767,4,"0.00",0
6769,9850,"{""c"":[0],""m"":[[0,0,0,0,0]],""t"":[[0,0,0,0,0]],""g"":[[0,0,0,0,0]],""d"":20497}","w63060003",767,4,"0.00",0
6770,9852,"{""c"": [], ""m"": [], ""t"": [], ""g"": [], ""d"": null}","w63060003",NULL,0,"0.00",0
6771,9853,"{""c"":[0],""m"":[[0,0,0,0,0]],""t"":[[0,0,0,0,0]],""g"":[[0,0,0,0,0]],""d"":20497}","w63060003",767,4,"0.00",0
6772,9854,"{""c"": [], ""m"": [], ""t"": [], ""g"": [], ""d"": null}","w63060003",NULL,4,"0.00",0
6773,9855,"{""c"":[1],""m"":[[36.86,645,23,667,0.05]],""t"":[[0,0,0,0,0]],""g"":[[0,0,0,0,0]],""d"":20497}","w63060003",NULL,4,"0.00",0
6774,9856,"{""c"":[0],""m"":[[0,0,0,0,0]],""t"":[[0,0,0,0,0]],""g"":[[0,0,0,0,0]],""d"":20497}","w63060003",767,4,"0.00",0
6775,9857,"{""c"": [], ""m"": [], ""t"": [], ""g"": [], ""d"": null}","w63060003",NULL,4,"0.00",0
6776,9858,"{""c"": [], ""m"": [], ""t"": [], ""g"": [], ""d"": null}","w63060003",NULL,4,"0.00",0
6777,9859,"{""c"": [], ""m"": [], ""t"": [], ""g"": [], ""d"": null}","w63060003",NULL,4,"0.00",0
6778,9860,"{""c"":[0,0.86],""m"":[[0,0,0,0,0],[15.72,80,34,99,0.21]],""t"":[[0,0,0,0,0],[3.78,4.5,22,12,0.82]],""g"":[[0,0,0,0,0],[2.08,52,51,79,0.04]],""d"":20501}","647151723",767,4,"0.00",0
6779,9861,"{""c"":[0.86],""m"":[[3.24,58,2,60,0.06]],""t"":[[0,0,0,0,0]],""g"":[[0,0,0,0,0]],""d"":20499}","063064ba3",792,2,"0.00",0
6780,9862,"{""c"": [], ""m"": [], ""t"": [], ""g"": [], ""d"": null}","w63060003",NULL,5,"0.00",0
6781,9863,"{""c"":[1],""m"":[[9.84,46,4,50,0.23]],""t"":[[0,0,0,0,0]],""g"":[[0,0,0,0,0]],""d"":20497}","w63060003",NULL,5,"0.00",0
6782,9864,"{""c"":[1],""m"":[[12.16,19,1,20,0.64]],""t"":[[0,0,0,0,0]],""g"":[[0,0,0,0,0]],""d"":20497}","w63060003",NULL,0,"0.00",0
6783,9865,"{""c"":[1],""m"":[[0,20,0,20,0]],""t"":[[0,0,0,0,0]],""g"":[[0,0,0,0,0]],""d"":20497}","w63060003",NULL,5,"0.00",0
6784,9866,"{""c"":[0.86],""m"":[[1.8,20,0,20,0.09]],""t"":[[2.49,3,11,5,0.83]],""g"":[[0,0,0,0,0]],""d"":20499}","663066003",792,2,"0.00",3
6785,9867,"{""c"": [], ""m"": [], ""t"": [], ""g"": [], ""d"": null}","w63060003",NULL,3,"0.00",0
6786,9868,"{""c"": [], ""m"": [], ""t"": [], ""g"": [], ""d"": null}","w63060003",NULL,2,"0.00",0
6787,9869,"{""c"":[1],""m"":[[0.38,38,2,40,0.01]],""t"":[[6.55,5,0,5,1.31]],""g"":[[5.98,23,1,24,0.26]],""d"":20498}","w63060003",NULL,1,"0.00",0
6788,9871,"{""c"": [], ""m"": [], ""t"": [], ""g"": [], ""d"": null}","w63060003",NULL,2,"0.00",0
6791,9873,"{""c"":[1],""m"":[[0.6,60,0,60,0.01]],""t"":[[0,0,0,0,0]],""g"":[[0,0,0,0,0]],""d"":20498}","w63060003",NULL,1,"0.00",0
6792,9874,"{""c"": [], ""m"": [], ""t"": [], ""g"": [], ""d"": null}","w63060003",NULL,3,"0.00",0
6793,9875,"{""c"": [], ""m"": [], ""t"": [], ""g"": [], ""d"": null}","w63060003",NULL,2,"0.00",0
6794,9877,"{""c"":[1],""m"":[[0,97,4,100,0]],""t"":[[0,0,0,0,0]],""g"":[[0,0,0,0,0]],""d"":20498}","w63060003",NULL,3,"0.00",0
6795,9878,"{""c"":[0.86,0.86],""m"":[[3.55,91,14,98,0.04],[0.75,15,2,17,0.05]],""t"":[[0,0,0,0,0],[0,0,0,0,0]],""g"":[[0,0,0,0,0],[0,0,0,0,0]],""d"":20501}","w63060003",NULL,4,"0.00",0
6796,9880,"{""c"": [], ""m"": [], ""t"": [], ""g"": [], ""d"": null}","w63060003",NULL,4,"0.00",0
6797,9881,"{""c"": [], ""m"": [], ""t"": [], ""g"": [], ""d"": null}","w63060003",NULL,4,"0.00",0
6798,9883,"{""c"": [], ""m"": [], ""t"": [], ""g"": [], ""d"": null}","w63060003",NULL,4,"0.00",0
6799,9884,"{""c"": [], ""m"": [], ""t"": [], ""g"": [], ""d"": null}","w63060003",NULL,4,"0.00",0
6800,9885,"{""c"":[0.86,0.86],""m"":[[3.64,24,0,24,0.15],[3.62,39,1,40,0.1]],""t"":[[0,0,0,0,0],[0,0,0,0,0]],""g"":[[4.42,17,9,23,0.26],[0,0,0,0,0]],""d"":20501}","w63060003",NULL,1,"0.00",0
6801,9886,"{""c"": [], ""m"": [], ""t"": [], ""g"": [], ""d"": null}","w63060003",NULL,2,"0.00",0
6802,9888,"{""c"":[1],""m"":[[3.36,108,2,110,0.03]],""t"":[[0,0,0,0,0]],""g"":[[0,0,0,0,0]],""d"":20501}","w63060003",NULL,2,"0.00",0
6803,9889,"{""c"": [], ""m"": [], ""t"": [], ""g"": [], ""d"": null}","w63060003",NULL,4,"0.00",0
6804,9890,"{""c"": [], ""m"": [], ""t"": [], ""g"": [], ""d"": null}","w63060003",NULL,4,"0.00",0
6805,9891,"{""c"": [], ""m"": [], ""t"": [], ""g"": [], ""d"": null}","w63060003",NULL,2,"0.00",0
6806,9892,"{""c"":[1],""m"":[[0,20,0,20,0]],""t"":[[5.42,2.5,9,5,2.17]],""g"":[[4.32,24,109,47,0.18]],""d"":20499}","w63060003",NULL,3,"0.00",0
6807,9894,"{""c"":[1],""m"":[[7.92,64,30,80,0.14]],""t"":[[0,0,0,0,0]],""g"":[[0,0,0,0,0]],""d"":20499}","w63060003",NULL,4,"0.00",0
6808,9895,"{""c"": [], ""m"": [], ""t"": [], ""g"": [], ""d"": null}","w63060003",NULL,3,"0.00",0
6809,9896,"{""c"":[1,1],""m"":[[14.3,46,3,48,0.32],[74.29,219,16,232,0.35]],""t"":[[0,0,0,0,0],[0,0,0,0,0]],""g"":[[0,0,0,0,0],[0,0,0,0,0]],""d"":20501}","x67060003",798,3,"0.00",0
6810,9899,"{""c"": [], ""m"": [], ""t"": [], ""g"": [], ""d"": null}","w63060003",NULL,3,"0.00",0
6811,9900,"{""c"": [], ""m"": [], ""t"": [], ""g"": [], ""d"": null}","w63060003",767,4,"0.00",1
6816,9901,"{""c"": [], ""m"": [], ""t"": [], ""g"": [], ""d"": null}","w63060003",NULL,2,"0.00",0
6817,9902,"{""c"":[1],""m"":[[12.18,124,14,135,0.1]],""t"":[[0,0,0,0,0]],""g"":[[0,0,0,0,0]],""d"":20499}","s65161b23",767,4,"0.00",0
6818,9904,"{""c"": [], ""m"": [], ""t"": [], ""g"": [], ""d"": null}","w63060003",NULL,4,"0.00",0
6819,9905,"{""c"":[1],""m"":[[2.16,4,1,5,0.54]],""t"":[[0,0,0,0,0]],""g"":[[0,0,0,0,0]],""d"":20499}","w63060003",NULL,3,"0.00",0
6820,9908,"{""c"":[1],""m"":[[0.19,19,1,20,0.01]],""t"":[[0,0,0,0,0]],""g"":[[0,0,0,0,0]],""d"":20499}","w63060003",NULL,1,"0.00",0
6821,9911,"{""c"": [], ""m"": [], ""t"": [], ""g"": [], ""d"": null}","w63060003",NULL,0,"0.00",0
6822,9912,"{""c"": [], ""m"": [], ""t"": [], ""g"": [], ""d"": null}","w63060003",NULL,5,"0.00",0
6823,9913,"{""c"": [], ""m"": [], ""t"": [], ""g"": [], ""d"": null}","w63060003",NULL,4,"0.00",0
6824,9914,"{""c"":[1],""m"":[[2,78,3,81,0.02]],""t"":[[0,0,0,0,0]],""g"":[[0,0,0,0,0]],""d"":20499}","w63060003",NULL,3,"0.00",0
6825,9915,"{""c"":[1,0.86],""m"":[[1.5,15,12,20,0.1],[3.53,107,21,114,0.04]],""t"":[[0,0,0,0,0],[0,0,0,0,0]],""g"":[[0,0,0,0,0],[0,0,0,0,0]],""d"":20501}","w63060003",NULL,2,"0.00",0
6826,9916,"{""c"": [], ""m"": [], ""t"": [], ""g"": [], ""d"": null}","w63060003",NULL,4,"0.00",0
6827,9919,"{""c"":[1],""m"":[[0.61,61,0,61,0.01]],""t"":[[0,0,0,0,0]],""g"":[[0,0,0,0,0]],""d"":20500}","w63060003",NULL,1,"0.00",0
6828,9920,"{""c"": [], ""m"": [], ""t"": [], ""g"": [], ""d"": null}","w63060003",NULL,2,"0.00",0
6829,9921,"{""c"": [], ""m"": [], ""t"": [], ""g"": [], ""d"": null}","w63060003",NULL,3,"0.00",0
6830,9922,"{""c"":[1],""m"":[[0.38,38,2,40,0.01]],""t"":[[2.9,3.5,10,5,0.83]],""g"":[[0,0,0,0,0]],""d"":20500}","w63060003",NULL,2,"0.00",0
6831,9925,"{""c"": [], ""m"": [], ""t"": [], ""g"": [], ""d"": null}","w63060003",NULL,4,"0.00",0
6832,9926,"{""c"": [], ""m"": [], ""t"": [], ""g"": [], ""d"": null}","c65760000",781,4,"0.00",0
6833,9927,"{""c"":[1],""m"":[[15.9,30,0,30,0.53]],""t"":[[0,0,0,0,0]],""g"":[[86.7,34,9,39,2.55]],""d"":20500}","w63060003",NULL,0,"0.00",0
6834,9928,"{""c"": [], ""m"": [], ""t"": [], ""g"": [], ""d"": null}","w63060003",790,4,"1.50",0
6835,9929,"{""c"": [], ""m"": [], ""t"": [], ""g"": [], ""d"": null}","w63060003",NULL,2,"0.00",0
6836,9932,"{""c"":[1],""m"":[[2.32,29,1,30,0.08]],""t"":[[4.41,3.5,3,5,1.26]],""g"":[[0,0,0,0,0]],""d"":20500}","w63060003",NULL,2,"0.00",0
6837,9934,"{""c"": [], ""m"": [], ""t"": [], ""g"": [], ""d"": null}","w63060003",NULL,4,"0.00",0
6838,9897,"{""c"":[0,1],""m"":[[0,0,0,0,0],[194.85,472,22,491,0.4]],""t"":[[0,0,0,0,0],[0,0,0,0,0]],""g"":[[0,0,0,0,0],[0,0,0,0,0]],""d"":20501}","w63060003",NULL,3,"0.00",0
6840,9935,"{""c"":[1],""m"":[[3.15,15,0,15,0.21]],""t"":[[0,0,0,0,0]],""g"":[[0,0,0,0,0]],""d"":20501}","q03462023",790,4,"0.00",0
6841,9937,"{""c"":[1],""m"":[[7.83,29,1,30,0.27]],""t"":[[0,0,0,0,0]],""g"":[[0,0,0,0,0]],""d"":20500}","w63060003",NULL,3,"0.00",0
6842,9939,"{""c"": [], ""m"": [], ""t"": [], ""g"": [], ""d"": null}","w63060003",NULL,3,"0.00",0
6843,9941,"{""c"": [], ""m"": [], ""t"": [], ""g"": [], ""d"": null}","w63060003",NULL,4,"0.00",0
6844,9943,"{""c"":[1],""m"":[[31.8,60,0,60,0.53]],""t"":[[0,0,0,0,0]],""g"":[[0,0,0,0,0]],""d"":20501}","w63060003",NULL,0,"0.00",0
6845,9944,"{""c"":[1],""m"":[[0,0,0,0,0]],""t"":[[0,0,0,0,0]],""g"":[[2.48,62,28,81,0.04]],""d"":20500}","w63060003",NULL,4,"0.00",0
6846,9945,"{""c"": [], ""m"": [], ""t"": [], ""g"": [], ""d"": null}","w63060003",NULL,1,"0.00",0
6847,9946,"{""c"": [], ""m"": [], ""t"": [], ""g"": [], ""d"": null}","w63060003",NULL,1,"0.00",0
6848,9947,"{""c"": [], ""m"": [], ""t"": [], ""g"": [], ""d"": null}","w63060003",NULL,4,"0.00",0
6849,9952,"{""c"":[1],""m"":[[0,0,0,0,0]],""t"":[[0,0,25,5,0.72]],""g"":[[0,0,0,0,0]],""d"":20501}","w63060003",NULL,4,"0.00",0
6850,9954,"{""c"":[1],""m"":[[1.96,14,1,15,0.14]],""t"":[[0,0,0,0,0]],""g"":[[0,0,0,0,0]],""d"":20501}","w63060003",NULL,4,"0.00",0
6851,9956,"{""c"": [], ""m"": [], ""t"": [], ""g"": [], ""d"": null}","w63060003",766,2,"6.00",0
6852,9957,"{""c"":[1],""m"":[[9.36,18,2,20,0.52]],""t"":[[0,0,0,0,0]],""g"":[[0,0,0,0,0]],""d"":20501}","w63060003",NULL,3,"0.00",0
6853,9960,"{""c"":[1],""m"":[[18.73,96,3,99,0.2]],""t"":[[1.31,1,0,1,1.31]],""g"":[[0,0,0,0,0]],""d"":20502}","w63060003",NULL,1,"0.00",0
6854,9961,"{""c"": [], ""m"": [], ""t"": [], ""g"": [], ""d"": null}","w63060003",NULL,3,"0.00",0
6855,9963,"{""c"":[1],""m"":[[0,0,0,0,0]],""t"":[[0,0,0,0,0]],""g"":[[1.2,30,32,48,0.04]],""d"":20501}","w63060003",NULL,4,"0.00",0
6856,9964,"{""c"":[1],""m"":[[8.96,112,9,120,0.08]],""t"":[[0,0,0,0,0]],""g"":[[0,0,0,0,0]],""d"":20501}","w63060003",NULL,3,"0.00",0
6857,9965,"{""c"":[1],""m"":[[11.94,97,3,100,0.12]],""t"":[[0,0,0,0,0]],""g"":[[1.82,7,0,7,0.26]],""d"":20501}","w63060003",NULL,1,"0.00",0
6858,9966,"{""c"": [], ""m"": [], ""t"": [], ""g"": [], ""d"": null}","w63060003",NULL,4,"0.00",0
6859,9967,"{""c"": [], ""m"": [], ""t"": [], ""g"": [], ""d"": null}","w63060003",NULL,4,"0.00",0
6860,9968,"{""c"": [], ""m"": [], ""t"": [], ""g"": [], ""d"": null}","w63060003",NULL,0,"0.00",0
6861,9969,"{""c"":[1],""m"":[[7.95,15,5,20,0.53]],""t"":[[0,0,0,0,0]],""g"":[[0,0,0,0,0]],""d"":20501}","w63060003",NULL,0,"0.00",0
6862,9970,"{""c"":[1],""m"":[[0.56,100,18,104,0.01]],""t"":[[0,5,20,10,0]],""g"":[[4.52,113,28,134,0.04]],""d"":20501}","k61062103",767,4,"0.00",0
6863,9972,"{""c"":[1],""m"":[[2.93,39,1,40,0.08]],""t"":[[0,0,0,0,0]],""g"":[[0,0,0,0,0]],""d"":20501}","w63060003",NULL,2,"0.00",0
6864,9974,"{""c"": [], ""m"": [], ""t"": [], ""g"": [], ""d"": null}","w63060003",NULL,2,"0.00",0
6865,9975,"{""c"": [], ""m"": [], ""t"": [], ""g"": [], ""d"": null}","w63060003",NULL,2,"0.00",0
6866,9976,"{""c"":[1],""m"":[[0,19,1,20,0]],""t"":[[0,0,0,0,0]],""g"":[[0,0,0,0,0]],""d"":20502}","w63060003",NULL,4,"0.00",0
6867,9977,"{""c"": [], ""m"": [], ""t"": [], ""g"": [], ""d"": null}","o63061003",831,1,"15.00",0
